transaction_id,date,product_id,customer_id,region,quantity,unit_price,discount,revenue
T108225,2025-02-14,P0009,C00202,central,5.0,11247.7,0.2,44990.8
T103133,2023-03-08,P0033,C00001,west,4.0,10082.29,0.2,32263.33
T101446,2023-08-03,P0039,C00018,central,3.0,14579.92,0.05,41552.77
T104568,2024-07-07,P0016,C00213,north,7.0,2604.21,0.15,15495.05
T106022,2024-01-09,P0020,C00238,west,1.0,4508.3,0.0,4508.3
T104855,2024-09-09,P0006,C00002,west,3.0,7884.39,0.0,23653.17
T104165,2024-08-25,P0035,C00008,south,2.0,8930.77,0.0,17861.54
T100764,2024-10-16,P0006,C00049,east,4.0,7884.388888888889,0.1,28383.8
T106049,2025-05-29,P0040,C00160,south,8.0,12756.37,0.0,102050.96
T103377,2023-06-18,P0012,C00233,west,3.0,14484.04,0.0,43452.12
T107222,2023-12-14,P0035,C00032,north,4.0,8930.77,0.1,32150.77
T102855,2023-01-22,P0029,C00233,west,3.0,12773.07,0.0,38319.21
T107048,2023-09-12,P0036,C00229,east,4.0,4229.62,0.0,16918.48
T106715,2024-07-14,P0040,C00113,east,3.0,12756.37,0.15,32528.74
T100927,2025-04-16,P0015,C00039,north,3.0,4549.66,0.05,12966.53
T104230,2025-02-26,P0027,C00127,south,5.0,9818.49,0.0,49092.45
T107807,2023-06-22,P0036,C00210,north,5.0,4229.62,0.0,21148.1
T100330,2024-06-19,P0026,C00178,west,4.0,13905.57,0.0,55622.28
T104429,2023-06-21,P0039,C00238,west,6.0,14579.92,0.15,74357.59
T104890,2024-06-04,P0020,C00177,central,3.0,4508.3,0.0,13524.9
T106889,2023-09-22,P0032,C00052,east,2.0,5656.65,0.15,9616.3
T104303,2025-04-09,P0022,C00228,east,3.0,3102.81,0.0,9308.43
T104794,2025-08-09,P0006,C00116,central,6.0,7884.39,0.0,47306.34
T105996,2025-03-03,P0012,C00118,central,7.0,14484.04,0.0,101388.28
T104818,2024-01-31,P0030,C00135,north,6.0,6824.34,0.0,40946.04
T101934,2023-03-04,P0031,C00158,east,4.0,1566.84,0.0,6267.36
T100567,2023-11-03,P0017,C00014,central,9.0,382.2,0.0,3439.8
T101084,2023-08-23,P0005,C00205,north,1.0,8621.09,0.0,8621.09
T103422,2023-10-12,P0029,C00245,central,3.0,12773.07,0.0,38319.21
T101426,2025-11-01,P0032,C00084,north,1.0,5656.65,0.05,5373.82
T106177,2023-03-21,P0032,C00123,north,5.0,5656.65,0.0,28283.25
T103686,2023-03-31,P0001,C00196,east,2.0,6017.98,0.0,12035.96
T101056,2025-05-20,P0026,C00184,east,4.0,13905.57,0.0,55622.28
T100653,2023-02-10,P0026,C00093,north,3.0,13905.57,0.0,41716.71
T102760,2025-09-07,P0014,C00225,south,4.0,500.0,0.0,2000.0
T100730,2025-03-27,P0040,C00005,east,6.0,12756.37,0.05,72711.31
T104253,2024-12-27,P0014,C00003,north,10.0,500.0,0.0,5000.0
T101156,2024-05-21,P0029,C00044,south,4.0,12773.07,0.0,51092.28
T104262,2025-07-11,P0039,C00210,north,1.0,14579.92,0.0,14579.92
T102152,2025-06-22,P0024,C00154,west,3.0,11884.11,0.0,35652.33
T102214,2025-07-08,P0040,C00209,east,6.0,12756.37,0.0,76538.22
T101568,2024-01-25,P0017,C00118,central,2.0,382.2,0.0,764.4
T106398,2024-08-01,P0034,C00039,north,1.0,10038.95,0.1,9035.06
T105550,2025-04-06,P0029,C00193,east,2.0,12773.07,0.0,25546.14
T103817,2025-07-15,P0017,C00194,east,3.0,382.2,20.0,917.28
T105266,2023-07-22,P0022,C00092,south,2.0,3102.81,0.05,5895.34
T107589,2024-08-11,P0036,C00012,east,1.0,4229.62,0.2,3383.7
T101002,2023-02-22,P0005,C00116,central,3.0,8621.09,0.05,24570.11
T106252,2023-10-02,P0016,C00182,north,8.0,2604.21,0.0,20833.68
T100994,2025-11-12,P0008,C00239,east,7.0,499.0,0.0,3493.0
T104630,2024-03-29,P0016,C00074,east,7.0,2604.21,0.0,18229.47
T105461,2025-06-18,P0033,C00063,north,7.0,10082.29,0.0,70576.03
T105428,2025-06-07,P0038,C00047,central,1.0,5836.46,0.1,5252.81
T105756,2024-07-28,P0003,C00079,south,3.0,10949.99,0.0,32849.97
T106995,2025-04-02,P0013,C00117,west,3.0,9164.46,0.0,27493.38
T103105,2023-11-21,P0006,C00242,east,6.0,7884.39,1.5380512663172473e-16,47306.34
T100286,2025-12-25,P0008,C00164,north,5.0,499.0,0.0,2495.0
T103870,2024-01-27,P0016,C00116,central,3.0,2604.21,0.05,7422.0
T105532,2024-07-21,P0031,C00244,south,4.0,1566.84,0.0,6267.36
T104687,2023-02-26,P0040,C00212,south,1.0,12756.37,0.05,12118.55
T101877,2025-07-05,P0004,C00180,central,4.0,4999.13,0.0,19996.52
T104180,2024-06-05,P0032,C00071,east,8.0,5656.65,0.0,45253.2
T100248,2023-08-24,P0034,C00056,south,3.0,10038.95,0.2,1204674.0
T108820,2024-07-10,P0026,C00249,west,3.0,13905.57,0.0,41716.71
T100093,2025-02-02,P0010,C00107,east,4.0,8164.43,0.0,32657.72
T104397,2024-04-05,P0015,C00056,south,4.0,4549.66,0.0,18198.64
T107798,2023-12-09,P0020,C00225,south,4.0,4508.3,0.0,18033.2
T104983,2025-04-03,P0026,C00200,north,8.0,13905.57,0.05,105682.33
T107273,2023-12-13,P0008,C00205,north,6.0,499.0,0.0,2994.0
T102715,2025-11-15,P0038,C00072,west,3.0,5836.46,0.0,17509.38
T105480,2025-09-18,P0027,C00209,east,11.0,9818.49,0.0,108003.39
T106448,2024-12-21,P0001,C00188,north,1.0,6017.98,0.0,6017.98
T100623,2023-06-03,P0035,C00015,south,3.0,8930.77,0.0,26792.31
T102446,2023-04-26,P0027,C00070,west,6.0,9818.49,0.05,55965.39
T104763,2024-03-08,P0021,C00162,north,7.0,359.09,0.0,2513.63
T106064,2024-03-24,P0005,C00197,south,8.0,8621.09,0.0,68968.72
T103123,2025-10-10,P0035,C00114,south,6.0,8930.77,0.1,48226.16
T105169,2023-02-04,P0012,C00024,south,5.0,14484.04,0.0,72420.2
T102495,2024-12-20,P0006,C00099,north,10.0,7884.39,0.2,63075.12
T107741,2023-04-14,P0027,C00150,east,4.0,9818.49,0.0,39273.96
T102870,2023-07-16,P0011,C00237,central,7.0,8863.25,0.0,62042.75
T107074,2024-07-23,P0036,C00212,south,8.0,4229.62,0.0,33836.96
T107001,2024-01-23,P0021,C00177,south,2.0,359.09,0.0,718.18
T102718,2023-05-17,P0009,C00097,west,4.0,11247.7,0.0,44990.8
T107787,2025-05-04,P0024,C00201,west,7.0,11884.11,0.0,83188.77
T101945,2024-04-10,P0002,C00028,central,10.0,13910.88,0.0,139108.8
T108659,2025-03-10,P0022,C00078,west,9.0,3102.81,0.0,27925.29
T107305,2025-11-28,P0029,C00193,east,11.0,12773.07,0.0,140503.77
T103656,2025-05-31,P0022,C00001,west,6.0,3102.81,0.0,18616.86
T105558,2024-03-14,P0032,C00099,north,3.0,5656.65,0.05,16121.45
T107923,2025-10-25,P0010,C00216,south,8.0,8164.43,0.0,65315.44
T104315,2025-10-22,P0010,C00020,north,13.0,8164.43,0.0,106137.59
T105430,2024-07-06,P0008,C00190,north,5.0,499.0,0.0,2495.0
T106203,2025-08-22,P0023,C00113,east,2.0,10713.43,0.05,20355.52
T106717,2023-12-28,P0033,C00206,north,7.0,10082.29,0.0,70576.03
T104830,2024-06-01,P0026,C00087,south,1.0,13905.57,0.0,13905.57
T102303,2023-01-22,P0013,C00168,north,3.0,9164.46,0.0,27493.38
T102867,2024-03-04,P0038,C00014,central,1.0,5836.46,0.0,5836.46
T104209,2023-02-16,P0030,C00028,central,4.0,6824.34,0.15,23202.76
T105908,2023-09-01,P0028,C00222,central,3.0,13737.15,0.05,39150.88
T101162,2025-05-12,P0017,C00096,central,6.0,382.2,0.1,2063.88
T100620,2024-02-28,P0022,C00220,central,1.0,3102.81,0.0,3102.81
T102002,2023-08-24,P0025,C00125,north,4.0,9148.51,0.0,36594.04
T106976,2024-06-29,P0035,C00231,north,6.0,8930.77,0.0,53584.62
T101780,2025-12-07,P0016,C00188,north,7.0,2604.21,0.0,18229.47
T103070,2025-07-26,P0012,C00215,east,1.0,14484.04,0.2,11587.23
T103497,2024-06-21,P0023,C00093,north,5.0,10713.43,0.0,53567.15
T103862,2023-02-24,P0040,C00175,east,1.0,12756.37,0.0,12756.37
T101623,2024-07-20,P0010,C00044,north,4.0,8164.43,0.2,26126.18
T102124,2025-05-20,P0028,C00070,west,4.0,13737.15,0.05,52201.17
T102498,2024-09-21,P0018,C00113,east,5.0,6437.51,0.0,32187.55
T106205,2023-05-12,P0011,C00128,south,1.0,8863.25,0.0,8863.25
T101038,2024-04-15,P0017,C00210,north,4.0,382.2,0.0,1528.8
T105847,2025-02-21,P0011,C00154,west,2.0,8863.25,0.0,17726.5
T101328,2023-08-12,P0029,C00215,east,6.0,12773.07,0.0,76638.42
T105766,2023-07-06,P0037,C00189,north,3.0,8484.46,0.0,25453.38
T108521,2023-02-22,P0036,C00225,south,3.0,4229.62,0.1,11419.97
T103846,2023-11-29,P0029,C00032,north,6.0,12773.07,0.0,76638.42
T103660,2023-03-29,P0032,C00161,west,4.0,5656.65,0.0,22626.6
T102246,2025-09-01,P0039,C00227,central,4.0,14579.92,0.2,46655.74
T101726,2024-09-21,P0026,C00130,east,4.0,13905.57,0.0,55622.28
T100360,2024-02-03,P0040,C00148,north,3.0,12756.37,0.15,32528.74
T108620,2024-09-25,P0036,C00221,west,2.0,4229.62,0.0,8459.24
T100318,2025-07-29,P0018,C00081,west,7.0,6437.51,0.0,45062.57
T104038,2024-12-17,P0019,C00034,east,8.0,6013.99,0.2,38489.54
T107122,2023-06-06,P0040,C00020,north,1.0,12756.37,0.2,10205.1
T102548,2024-09-09,P0032,C00150,east,4.0,5656.65,0.1,20363.94
T104269,2023-11-10,P0039,C00030,north,6.0,14579.92,0.1,78731.57
T107466,2024-12-06,P0015,C00022,north,3.0,4549.66,0.0,13648.98
T100095,2025-02-23,P0022,C00091,central,3.0,3102.81,0.0,9308.43
T100711,2025-05-16,P0024,C00152,north,6.0,11884.11,0.0,71304.66
T108287,2024-04-26,P0023,C00019,central,3.0,10713.43,0.05,30533.28
T106211,2025-06-15,P0035,C00108,west,4.0,8930.77,0.0,35723.08
T102227,2023-12-17,P0031,C00076,central,3.0,1566.84,0.0,4700.52
T102754,2024-03-04,P0035,C00007,central,10.0,8930.77,0.0,89307.7
T104905,2025-07-17,P0013,C00199,central,6.0,9164.46,0.0,54986.76
T100700,2025-08-08,P0029,C00237,central,4.0,12773.07,0.05,48537.67
T103154,2024-01-22,P0036,C00063,north,2.0,4229.62,0.0,8459.24
T106338,2023-12-11,P0015,C00146,central,4.0,4549.66,0.1,16378.78
T100267,2024-11-26,P0028,C00067,central,8.0,13737.15,0.05,104402.34
T100119,2023-06-03,P0015,C00068,north,8.0,4549.66,0.0,36397.28
T101614,2023-05-20,P0040,C00170,west,4.0,12756.37,0.0,51025.48
T104415,2024-04-18,P0015,C00050,east,4.0,4549.66,0.0,18198.64
T102375,2023-06-20,P0008,C00049,east,4.0,499.0,0.0,1996.0
T104336,2024-03-09,P0009,C00066,west,4.0,11247.7,0.0,44990.8
T108241,2023-06-17,P0005,C00210,north,3.0,8621.09,0.0,25863.27
T105851,2025-05-18,P0009,C00133,east,3.0,11247.7,0.0,33743.1
T107819,2025-05-04,p0037 ,C00202,west,6.0,8484.46,0.15,43270.75
T102312,2025-04-28,P0039,C00075,north,1.0,14579.92,0.0,14579.92
T101354,2025-09-03,P0003,C00063,north,4.0,10949.99,0.0,43799.96
T105639,2023-06-26,P0005,C00141,south,7.0,8621.09,0.1,54312.87
T105336,2023-05-29,P0036,C00179,north,6.0,4229.62,0.0,25377.72
T105955,2023-07-17,P0015,C00116,central,1.0,4549.66,0.0,4549.66
T108301,2024-11-27,P0016,C00127,south,8.0,2604.21,0.0,20833.68
T103777,2025-04-27,P0038,C00129,central,1.0,5836.46,0.0,5836.46
T100080,2023-12-11,P0037,C00112,south,6.0,8484.46,0.0,50906.76
T101483,2025-03-12,P0004,C00116,central,8.0,4999.13,0.0,39993.04
T104067,2024-03-14,P0026,C00238,west,3.0,13905.57,0.0,41716.71
T104880,2023-09-07,P0017,C00179,north,5.0,382.2,0.0,1911.0
T104700,2024-12-31,P0040,C00026,north,16.0,12756.37,0.2,163281.54
T100940,2024-11-26,P0003,C00098,east,3.0,10949.99,0.0,32849.97
T100509,2023-08-26,P0013,C00015,south,3.0,9164.46,0.0,27493.38
T103317,2023-06-28,P0033,C00017,east,1.0,10082.29,0.15,8569.95
T102478,2023-10-10,P0025,C00105,west,9.0,9148.51,0.0,82336.59
T101937,2024-03-09,P0021,C00209,east,3.0,359.09,0.0,1077.27
T102149,2025-08-31,P0014,C00207,central,2.0,500.0,0.0,1000.0
T102025,2023-07-11,P0035,C00231,north,5.0,8930.77,0.0,44653.85
T108318,2023-01-13,P0008,C00162,north,1.0,499.0,0.0,499.0
T107172,2025-05-19,P0017,C00189,north,11.0,382.2,0.05,3993.99
T101183,2024-03-21,P0001,C00232,west,4.0,6017.98,0.0,24071.92
T102691,2023-05-09,P0024,C00196,east,6.0,11884.11,0.0,71304.66
T105327,2024-08-28,P0030,C00085,central,5.0,6824.34,0.15,29003.44
T103244,2023-02-28,P0001,C00147,north,1.0,6017.98,0.0,6017.98
T108829,2025-12-12,P0008,C00155,west,11.0,499.0,0.2,4391.2
T100668,2025-09-10,P0019,C00001,west,8.0,6013.99,0.2,38489.54
T102354,2024-01-16,P0039,C00020,north,1.0,14579.92,0.0,14579.92
T100789,2023-10-04,P0022,C00205,north,4.0,3102.81,0.05,11790.68
T104587,2024-09-07,P0024,C00132,central,4.0,11884.11,0.15,40405.97
T106499,2025-04-12,P0006,C00027,south,3.0,7884.39,0.0,23653.17
T101452,2023-12-04,P0002,C00123,north,7.0,13910.88,0.0,97376.16
T104970,2023-07-14,P0002,C00075,west,3.0,13910.88,0.0,41732.64
T108757,2023-11-21,P0029,C00206,north,1.0,12773.07,0.0,12773.07
T106498,2025-11-11,P0016,C00040,north,11.0,2604.21,0.1,25781.68
T100511,2025-04-07,P0038,C00029,east,11.0,5836.46,0.05,60991.01
T108844,2024-05-07,P0015,C00042,central,2.0,4549.66,0.0,9099.32
T103534,2024-04-24,P0038,C00060,central,5.0,5836.46,0.0,29182.3
T102825,2023-09-14,P0003,C00210,north,4.0,10949.99,0.05,41609.96
T103960,2024-12-25,P0021,C00052,east,1.0,359.09,0.0,359.09
T107907,2023-10-17,P0002,C00137,south,1.0,13910.88,0.05,13215.34
T108235,2025-05-28,P0032,C00127,south,4.0,5656.65,0.0,22626.6
T103646,2024-07-29,P0005,C00211,west,2.0,8621.09,0.0,17242.18
T100169,2024-04-11,P0027,C00188,north,6.0,9818.49,0.2,47128.75
T107735,2024-06-07,P0017,C00190,north,3.0,382.2,0.1,1031.94
T107710,2024-07-09,P0017,C00069,central,3.0,382.2,0.05,1089.27
T102128,2023-08-26,P0017,C00229,east,5.0,382.2,0.0,1911.0
T105633,2023-09-21,P0010,C00106,west,7.0,8164.43,0.0,57151.01
T100554,2023-07-30,P0016,C00135,north,1.0,2604.21,0.0,2604.21
T107030,2024-12-14,P0027,C00188,north,5.0,9818.49,0.0,49092.45
T101022,2025-07-28,P0013,C00212,south,1.0,9164.46,0.0,9164.46
T100828,2023-09-19,P0014,C00058,east,6.0,500.0,0.0,3000.0
T105186,2025-07-28,P0005,C00195,east,6.0,8621.09,0.0,51726.54
T107475,2025-02-21,P0012,C00246,south,5.0,14484.04,0.0,72420.2
T104204,2023-09-28,P0003,C00104,south,1.0,10949.99,0.0,10949.99
T103685,2025-11-02,P0005,C00162,north,5.0,8621.09,0.0,43105.45
T106978,2023-12-31,P0006,C00028,central,3.0,7884.39,0.0,23653.17
T102006,2023-07-11,P0013,C00020,north,3.0,9164.46,0.05,26118.71
T100088,2023-05-29,P0040,C00120,west,2.0,12756.37,0.2,20410.19
T104899,2023-04-29,P0039,C00013,central,4.0,14579.92,0.05,55403.7
T103433,2025-03-28,P0005,C00230,east,7.0,8621.09,0.05,57330.25
T105018,2023-10-05,P0026,C00075,north,2.0,13905.57,0.05,26420.58
T107136,2023-12-14,P0009,C00013,central,7.0,11247.7,0.0,78733.9
T107039,2025-07-18,P0014,C00228,south,1.0,500.0,0.0,500.0
T107131,2025-06-18,P0032,C00001,west,1.0,5656.65,0.15,4808.15
T108764,2023-03-04,P0025,C00217,north,6.0,9148.51,0.0,54891.06
T101906,2025-09-20,P0012,C00245,central,1.0,14484.04,0.0,14484.04
T104775,2023-03-25,P0027,C00077,south,2.0,9818.49,0.0,19636.98
T103519,2023-05-10,P0004,C00178,west,4.0,4999.13,0.0,19996.52
T106334,2024-06-24,P0021,C00185,central,7.0,359.09,0.0,2513.63
T107137,2025-04-28,P0018,C00119,south,6.0,6437.51,0.2,30900.05
T102680,2024-12-31,P0007,C00096,central,8.0,14423.4,0.0,115387.2
T101737,2024-10-19,P0034,C00178,west,4.0,10038.95,0.05,38148.01
T101807,2024-01-21,P0001,C00018,central,1.0,6017.98,0.0,6017.98
T103333,2025-03-24,P0004,C00043,west,6.0,4999.13,0.0,29994.78
T104060,2025-02-08,P0027,C00092,south,5.0,9818.49,0.0,49092.45
T102864,2024-08-03,P0024,C00115,east,4.0,11884.11,0.05,45159.62
T104661,2025-05-29,P0001,C00181,south,6.0,6017.98,0.0,36107.88
T105471,2025-12-24,P0019,C00044,south,1.0,6013.99,0.2,4811.19
T102896,2023-11-23,P0015,C00058,east,6.0,4549.66,0.0,27297.96
T103884,2024-03-21,P0004,C00193,east,3.0,4999.13,0.0,14997.39
T102706,2024-10-14,P0029,C00036,north,3.0,12773.07,0.05,36403.25
T103593,2024-06-03,P0006,C00221,west,6.0,7884.39,0.05,44941.02
T106701,2025-01-31,P0032,C00233,west,3.0,5656.65,0.0,16969.95
T103745,2023-12-19,P0034,C00096,central,6.0,10038.95,0.0,60233.7
T105826,2025-03-13,P0028,C00077,south,4.0,13737.15,0.0,54948.6
T108182,2025-10-28,P0005,C00198,east,5.0,8621.09,0.0,43105.45
T107370,2023-09-12,P0021,C00236,east,1.0,359.09,0.0,359.09
T100076,2024-04-11,P0040,C00161,west,4.0,12756.37,0.05,48474.21
T107151,2025-07-08,P0029,C00057,east,1.0,12773.07,0.0,12773.07
T105013,2025-10-01,P0032,C00207,central,5.0,5656.65,0.0,28283.25
T106998,2023-02-28,P0034,C00067,north,1.0,10038.95,0.0,10038.95
T101670,2024-09-25,P0012,C00221,west,5.0,14484.04,0.0,72420.2
T107637,2023-05-13,P0007,C00086,west,6.0,14423.4,0.0,86540.4
T105814,2025-04-18,P0001,C00077,south,1.0,6017.98,0.1,5416.18
T108602,2025-05-17,P0031,C00037,south,3.0,1566.84,0.2,3760.42
T100315,2025-07-30,P0009,C00167,east,4.0,11247.7,0.0,44990.8
T105949,2023-05-21,P0020,C00123,north,5.0,4508.3,0.0,22541.5
T103574,2025-07-26,P0039,C00190,north,3.0,14579.92,0.0,43739.76
T105882,2024-06-22,P0004,C00170,west,5.0,4999.13,0.0,24995.65
T107898,2024-04-20,P0035,C00200,north,4.0,8930.77,0.0,35723.08
T107680,2025-07-21,P0006,C00217,north,9.0,7884.39,0.1,63863.56
T104823,2025-07-13,P0007,C00012,east,2.0,14423.4,0.0,28846.8
T107503,2025-10-15,P0008,C00199,central,5.0,499.0,0.0,2495.0
T107049,2024-11-06,P0026,C00239,east,3.0,13905.57,0.0,41716.71
T101765,2023-02-28,P0013,C00029,east,8.0,9164.46,0.0,73315.68
T106306,2025-10-28,P0001,C00124,west,1.0,6017.98,0.0,6017.98
T101470,2023-06-15,P0009,C00005,east,2.0,11247.7,0.0,22495.4
T103997,2023-03-09,P0019,C00044,south,2.0,6013.99,0.0,12027.98
T105130,2024-11-17,P0036,C00073,south,3.0,4229.62,0.0,12688.86
T103460,2024-06-14,P0004,C00131,west,3.0,4999.13,0.05,14247.52
T100747,2023-04-13,P0039,C00043,west,5.0,14579.920000000002,0.0,72899.6
T105304,2024-12-13,P0003,C00105,west,13.0,10949.99,0.0,142349.87
T102455,2025-04-23,P0019,C00080,north,1.0,6013.99,0.0,6013.99
T107359,2024-08-09,P0007,C00224,central,5.0,14423.4,0.0,72117.0
T105929,2025-10-22,P0001,C00226,west,13.0,6017.98,0.0,78233.74
T105058,2023-06-15,P0022,C00143,south,5.0,3102.81,0.0,15514.05
T107613,2025-03-01,P0013,C00090,south,2.0,9164.46,0.05,17412.47
T108430,2025-01-17,P0019,C00244,south,3.0,6013.99,0.0,18041.97
T104556,2023-11-29,P0024,C00002,west,4.0,11884.11,0.15,40405.97
T106547,2025-05-23,P0038,C00026,north,1.0,5836.46,0.0,5836.46
T100265,2023-10-05,P0005,C00177,south,5.0,8621.09,0.1,38794.9
T103971,2024-06-13,P0032,C00103,west,3.0,5656.65,0.0,16969.95
T101803,2024-07-09,P0015,C00245,central,6.0,4549.66,0.10000014653109607,24568.16
T101071,2024-09-12,P0012,C00024,south,3.0,14484.04,0.05,41279.51
T107757,2024-05-05,P0013,C00171,east,6.0,9164.46,0.0,54986.76
T100457,2023-08-04,P0007,C00221,west,4.0,14423.4,0.0,57693.6
T106984,2023-03-27,P0026,C00033,north,2.0,13905.57,0.2,22248.91
T104391,2025-11-08,P0025,C00073,south,4.0,9148.51,0.0,36594.04
T108437,2023-03-06,P0007,C00165,west,6.0,14423.4,0.0,86540.4
T108741,2023-04-17,P0028,C00166,central,2.0,13737.15,0.0,27474.3
T101791,2024-05-02,P0031,C00107,east,2.0,1566.84,0.0,3133.68
T108697,2025-12-15,P0005,C00148,north,9.0,8621.09,0.0,77589.81
T107716,2023-11-16,P0022,C00012,east,11.0,3102.81,0.0,34130.91
T101631,2023-05-17,P0001,C00091,central,2.0,6017.98,0.0,12035.96
T105527,2023-10-02,P0027,C00225,south,7.0,9818.49,0.0,68729.43
T108884,2023-01-14,P0011,C00135,north,5.0,8863.25,0.0,44316.25
T101559,2025-05-19,P0010,C00024,south,3.0,8164.43,0.05,23268.63
T101018,2023-07-28,P0036,C00162,north,9.0,4229.62,0.0,38066.58
T107252,2023-11-07,P0032,C00097,west,4.0,5656.65,0.0,22626.6
T103153,2024-01-14,P0001,C00245,central,4.0,6017.98,0.0,24071.92
T108279,2025-11-09,P0005,C00060,east,11.0,8621.09,0.0,94831.99
T106504,2024-11-05,P0011,C00219,west,1.0,8863.25,0.0,8863.25
T102531,2024-11-22,P0017,C00073,south,3.0,382.2,0.0,1146.6
T101413,2024-03-03,P0023,C00096,central,2.0,10713.43,0.0,21426.86
T107345,2025-02-09,P0010,C00030,north,4.0,8164.43,0.1,29391.95
T107193,2024-12-31,P0002,C00031,south,8.0,13910.88,0.0,111287.04
T100708,2024-03-16,P0034,C00236,east,6.0,10038.95,0.05,57222.02
T103107,2025-08-13,P0021,C00156,south,2.0,359.09,0.1,646.36
T102753,2024-06-06,P0026,C00016,west,1.0,13905.57,0.0,13905.57
T108221,2025-04-20,P0004,C00050,east,7.0,4999.13,0.15,29744.82
T104975,2023-06-26,P0001,C00109,north,2.0,6017.98,0.0,12035.96
T105310,2024-02-19,P0021,C00065,east,2.0,359.09,0.1,646.36
T108213,2023-02-26,P0008,C00160,south,4.0,499.0,0.0,1996.0
T108633,2023-11-27,P0038,C00025,south,3.0,5836.46,0.05,16633.91
T107885,2025-01-23,P0038,C00099,east,2.0,5836.46,0.0,11672.92
T108853,2023-03-16,P0004,C00117,west,5.0,4999.13,0.0,24995.65
T102846,2023-09-16,P0032,C00155,west,6.0,5656.65,0.0,33939.9
T108544,2023-01-21,P0017,C00146,central,1.0,382.2,0.0,382.2
T108051,2024-01-05,P0018,C00037,south,3.0,6437.51,0.0,19312.53
T105040,2025-04-18,P0032,C00106,south,4.0,5656.65,0.0,22626.6
T107664,2024-08-01,P0002,C00089,east,1.0,13910.88,0.0,13910.88
T108104,2024-10-19,P0002,C00048,south,10.0,13910.88,0.0,139108.8
T102698,2023-07-07,P0019,C00183,south,4.0,6013.99,0.15,20447.57
T103428,2025-04-04,P0040,C00111,north,6.0,12756.37,0.0,76538.22
T105193,2024-09-06,P0029,C00141,south,2.0,12773.07,0.05,24268.83
T106224,2025-04-12,P0001,C00089,east,6.0,6017.98,0.0,36107.88
T106360,2024-04-17,P0025,C00058,east,4.0,9148.51,0.2,29275.23
T106443,2024-03-25,P0008,C00023,west,4.0,499.0,0.0,1996.0
T100761,2024-02-16,P0039,C00172,central,6.0,14579.92,0.0,87479.52
T105440,2024-11-30,P0018,C00153,central,10.0,6437.51,0.05,61156.34
T106159,2023-08-01,P0001,C00240,south,3.0,6017.98,0.0,18053.94
T103680,2024-06-29,P0040,C00019,central,7.0,12756.37,0.0,89294.59
T100908,2025-01-30,P0029,C00241,south,1.0,12773.07,0.1,11495.76
T105340,2025-05-14,P0030,C00193,east,4.0,6824.34,0.0,27297.36
T101010,2025-02-14,P0016,C00018,central,1.0,2604.21,0.0,2604.21
T100624,2024-05-09,P0010,C00059,north,3.0,8164.43,0.05,23268.63
T101402,2025-09-19,P0024,C00184,east,1.0,11884.11,0.0,11884.11
T101603,2025-05-09,P0011,C00227,central,4.0,8863.25,0.1,31907.7
T106271,2024-05-07,P0005,C00120,west,2.0,8621.09,0.0,17242.18
T105350,2025-04-08,P0016,C00019,central,4.0,2604.21,0.1,9375.16
T107940,2024-10-25,P0028,C00131,west,3.0,13737.15,0.05,39150.88
T108031,2024-09-18,P0021,C00112,south,8.0,359.09,0.15,2441.81
T107895,2025-12-12,P0037,C00079,south,11.0,8484.46,0.0,93329.06
T108242,2023-11-02,P0002,C00113,east,1.0,13910.88,0.0,13910.88
T100106,2023-06-04,P0031,C00082,east,5.0,1566.84,0.0,7834.2
T108609,2023-05-06,P0030,C00151,east,2.0,6824.34,0.0,13648.68
T103614,2025-06-23,P0015,C00151,east,1.0,4549.66,0.0,4549.66
T103980,2024-12-13,P0004,C00152,north,6.0,4999.13,0.0,29994.78
T104682,2024-04-18,P0023,C00162,north,5.0,10713.43,0.0,53567.15
T105359,2025-10-03,P0004,C00037,south,6.0,4999.13,0.0,29994.78
T100582,2025-12-25,P0034,C00160,south,7.0,10038.95,0.1,63245.39
T108670,2023-06-01,P0040,C00217,north,6.0,12756.37,0.1,68884.4
T104296,2023-08-31,P0040,C00108,west,7.0,12756.37,0.0,89294.59
T107866,2025-01-18,P0019,C00086,west,5.0,6013.99,0.2,24055.96
T103166,2024-01-18,P0028,C00035,central,4.0,13737.15,0.0,54948.6
T105615,2023-09-02,P0009,C00197,south,5.0,11247.7,0.0,56238.5
T101543,2023-10-26,P0032,C00236,east,5.0,5656.65,0.1,25454.92
T100212,2024-05-01,P0030,C00014,central,2.0,6824.34,0.05,12966.25
T100592,2025-08-25,p0017 ,C00159,north,4.0,382.2,0.0,1528.8
T103819,2025-12-10,P0029,C00204,central,9.0,12773.07,0.0,114957.63
T102847,2024-02-26,P0016,C00008,south,4.0,2604.21,0.0,10416.84
T108088,2023-06-05,P0038,C00054,central,6.0,5836.46,0.05,33267.82
T104861,2023-10-13,P0005,C00038,west,5.0,8621.09,0.0,43105.45
T107975,2025-11-16,P0031,C00147,north,9.0,1566.84,0.0,14101.56
T105836,2024-02-16,P0022,C00163,south,2.0,3102.81,0.0,6205.62
T105244,2025-12-25,P0030,C00208,central,3.0,6824.34,0.0,20473.02
T105180,2023-07-15,P0035,C00113,east,3.0,8930.77,0.15,22773.46
T104032,2024-10-18,P0027,C00067,central,3.0,9818.49,0.0,29455.47
T108205,2024-08-23,P0008,C00046,south,3.0,499.0,0.2,1197.6
T101330,2025-11-27,P0001,C00172,central,9.0,6017.98,0.0,54161.82
T105492,2024-12-10,P0005,C00002,west,5.0,8621.09,0.0,43105.45
T100107,2023-04-02,P0021,C00167,east,5.0,359.09,0.0,1795.45
T100518,2023-09-16,P0020,C00018,central,4.0,4508.3,0.0,18033.2
T106749,2025-10-01,P0025,C00176,east,6.0,9148.51,0.05,52146.51
T106076,2023-03-12,P0003,C00207,central,9.0,10949.99,0.2,78839.93
T105014,2024-03-14,P0003,C00158,east,5.0,10949.99,0.0,54749.95
T107220,2023-07-26,P0009,C00154,south,3.0,11247.699999999999,0.0,33743.1
T102245,2025-08-05,P0030,C00021,central,1.0,6824.34,0.05,6483.12
T103784,2024-10-19,P0015,C00059,north,6.0,4549.66,0.0,27297.96
T102622,2024-06-07,P0036,C00099,north,3.0,4229.62,0.05,12054.42
T101606,2024-03-30,P0023,C00020,west,6.0,10713.43,0.0,64280.58
T108841,2023-07-21,P0036,C00143,south,6.0,4229.62,0.15,21571.06
T104598,2023-10-29,P0029,C00078,west,7.0,12773.07,0.0,89411.49
T106974,2024-07-23,P0013,C00014,central,6.0,9164.46,0.2,43989.41
T100447,2024-06-12,P0030,C00070,west,3.0,6824.34,0.0,20473.02
T107902,2024-12-06,P0023,C00159,north,6.0,10713.43,0.1,57852.52
T105484,2025-09-03,P0018,C00233,east,2.0,6437.51,0.0,12875.02
T103087,2025-03-01,P0024,C00117,west,4.0,11884.11,0.0,47536.44
T103080,2024-11-01,P0038,C00200,north,3.0,5836.46,0.0,17509.38
T108367,2025-01-21,P0038,C00025,north,1.0,5836.46,0.0,5836.46
T100239,2025-02-18,P0011,C00017,east,3.0,8863.25,0.0,26589.75
T102888,2023-06-24,P0027,C00037,south,5.0,9818.49,0.0,49092.45
T105190,2024-12-15,P0029,C00015,south,3.0,12773.07,0.0,38319.21
T104866,2025-10-27,P0016,C00128,south,10.0,2604.21,0.0,26042.1
T100222,2024-06-05,P0006,C00103,west,4.0,7884.39,0.2,25230.05
T102664,2025-02-06,P0036,C00099,north,2.0,4229.62,0.0,8459.24
T104210,2025-05-12,P0016,C00201,west,3.0,2604.21,0.0,7812.63
T108861,2025-09-08,P0018,C00067,east,6.0,6437.51,0.0,38625.06
T103017,2025-04-13,P0009,C00188,north,8.0,11247.7,0.0,89981.6
T103095,2023-07-28,P0018,C00164,north,4.0,6437.51,0.0,25750.04
T105716,2024-08-28,P0030,C00124,west,2.0,6824.34,0.0,13648.68
T102157,2023-05-19,P0012,C00017,east,6.0,14484.04,0.1,78213.82
T107332,2024-08-26,P0016,C00138,central,4.0,2604.21,0.0,10416.84
T100131,2024-11-30,P0023,C00222,central,16.0,10713.43,0.0,171414.88
T108504,2023-03-07,P0017,C00098,east,5.0,382.2,0.0,1911.0
T108615,2024-05-25,P0004,C00179,north,2.0,4999.13,0.0,9998.26
T102499,2023-03-17,P0011,C00143,south,4.0,8863.25,0.0,35453.0
T105940,2024-05-30,P0008,C00082,east,2.0,499.0,0.1,898.2
T108454,2024-07-31,P0001,C00009,central,5.0,6017.98,0.0,30089.9
T105648,2025-09-04,P0034,C00206,north,3.0,10038.95,0.2,24093.48
T106583,2024-11-27,P0010,C00112,south,7.0,8164.43,0.1,51435.91
T102663,2024-09-07,P0003,C00061,west,2.0,10949.99,0.0,21899.98
T108067,2025-08-07,P0019,C00200,north,11.0,6013.99,0.0,66153.89
T106876,2024-12-30,P0037,C00178,west,8.0,8484.46,0.0,67875.68
T104881,2024-01-15,P0030,C00046,south,5.0,6824.34,0.0,34121.7
T104625,2025-11-09,P0030,C00148,north,5.0,6824.34,0.0,34121.7
T108027,2025-08-09,P0012,C00033,north,6.0,14484.04,0.0,86904.24
T104323,2023-02-25,P0034,C00248,north,3.0,10038.95,0.2,24093.48
T108158,2025-08-29,P0033,C00144,west,4.0,10082.29,0.0,40329.16
T104870,2023-02-22,P0033,C00014,central,2.0,10082.29,0.1,18148.12
T106350,2025-11-06,P0032,C00078,west,7.0,5656.65,0.1,35636.89
T106516,2024-06-16,P0018,C00125,north,3.0,6437.51,0.0,19312.53
T100474,2023-02-08,P0011,C00203,west,5.0,8863.25,0.1,39884.62
T100866,2023-12-25,P0014,C00199,central,10.0,500.0,0.0,5000.0
T105638,2025-10-09,P0020,C00205,north,6.0,4508.3,0.0,27049.8
T106053,2023-12-02,P0033,C00120,west,4.0,10082.29,0.0,40329.16
T102321,2023-09-26,P0028,C00163,south,7.0,13737.15,0.0,96160.05
T107744,2024-12-29,P0032,C00082,east,10.0,5656.65,0.1,50909.85
T103653,2023-08-17,P0038,C00247,north,2.0,5836.46,0.0,11672.92
T103044,2023-02-17,P0039,C00240,south,4.0,14579.92,0.0,58319.68
T106997,2025-03-10,P0025,C00134,east,6.0,9148.51,0.05,52146.51
T101730,2025-08-19,P0028,C00095,central,4.0,13737.15,0.0,54948.6
T102626,2023-10-07,P0039,C00017,east,1.0,14579.92,0.0,14579.92
T103942,2024-12-28,P0039,C00095,central,5.0,14579.92,0.05,69254.62
T104001,2023-05-20,P0033,C00061,west,3.0,10082.29,0.1,27222.18
T105257,2024-04-06,P0023,C00147,north,6.0,10713.43,0.0,64280.58
T100092,2024-04-02,P0022,C00042,central,4.0,3102.81,0.0,12411.24
T107297,2023-07-06,P0023,C00247,north,4.0,10713.43,0.0,42853.72
T103254,2024-09-16,P0034,C00063,north,4.0,10038.95,0.05,38148.01
T101729,2024-10-20,P0011,C00169,south,6.0,8863.25,0.0,53179.5
T106576,2025-04-24,P0011,C00068,north,2.0,8863.25,0.0,17726.5
T105630,2024-03-25,P0010,C00149,north,4.0,8164.43,0.0,32657.72
T102083,2025-10-17,P0035,C00198,west,8.0,8930.77,0.0,71446.16
T104619,2023-04-11,P0009,C00079,south,2.0,11247.7,0.15,19121.09
T105846,2024-01-17,P0006,C00070,west,6.0,7884.39,0.0,47306.34
T106815,2024-06-11,P0036,C00115,east,2.0,4229.62,0.0,8459.24
T108686,2023-03-31,P0011,C00143,south,6.0,8863.25,0.0,53179.5
T106176,2023-11-21,P0015,C00139,south,4.0,4549.66,0.0,18198.64
T102213,2025-03-12,P0014,C00159,north,2.0,500.0,0.0,1000.0
T108043,2024-08-08,P0040,C00071,east,3.0,12756.37,0.0,38269.11
T103624,2023-03-11,P0026,C00055,south,3.0,13905.57,0.1,37545.04
T103272,2023-12-03,P0024,C00004,east,7.0,11884.11,0.1,74869.89
T100563,2023-07-09,P0020,C00146,central,4.0,4508.3,0.05,17131.54
T103037,2025-07-18,P0008,C00077,south,2.0,499.0,0.0,998.0
T107602,2024-11-16,P0024,C00167,east,3.0,11884.11,0.0,35652.33
T105942,2023-02-11,P0037,C00209,east,6.0,8484.46,0.0,50906.76
T103132,2025-07-02,P0037,C00025,south,3.0,8484.46,0.0,25453.38
T106191,2025-09-20,P0034,C00115,east,2.0,10038.95,0.1,18070.11
T108652,2025-05-04,P0023,C00079,south,7.0,10713.43,0.0,74994.01
T107076,2023-12-13,P0007,C00004,east,7.0,14423.4,0.0,100963.8
T104191,2023-03-26,P0030,C00162,north,4.0,6824.34,0.0,27297.36
T104879,2025-09-28,P0030,C00079,south,1.0,6824.34,0.05,6483.12
T106992,2025-03-02,P0022,C00099,north,4.0,3102.81,0.0,12411.24
T103000,2023-09-02,P0007,C00091,central,3.0,14423.4,0.15,36779.67
T105485,2024-04-01,P0021,C00021,central,6.0,359.09,0.1,1939.09
T100586,2023-05-06,P0029,C00109,north,4.0,12773.07,0.0,51092.28
T101393,2023-03-19,P0037,C00085,central,3.0,8484.46,0.0,25453.38
T101922,2025-05-06,P0011,C00131,west,8.0,8863.25,0.0,70906.0
T103145,2025-04-06,P0033,C00091,central,3.0,10082.289999999999,0.0,30246.87
T107864,2025-01-27,P0032,C00087,south,4.0,5656.65,0.0,22626.6
T103931,2024-07-27,P0034,C00123,north,6.0,10038.95,0.15,51198.64
T108129,2024-01-18,P0023,C00103,west,1.0,10713.43,0.05,10177.76
T106575,2023-08-22,P0014,C00052,west,4.0,500.0,0.15,1700.0
T105747,2024-05-11,P0013,C00007,central,8.0,9164.46,0.1,65984.11
T103312,2025-06-15,P0021,C00218,central,2.0,359.09,0.0,718.18
T106336,2024-10-08,P0028,C00036,north,6.0,13737.15,0.0,82422.9
T107232,2023-03-23,P0033,C00217,north,5.0,10082.29,1.4433144879156274e-16,50411.45
T105924,2025-06-17,P0014,C00155,west,3.0,500.0,0.0,1500.0
T102287,2025-01-01,P0016,C00134,east,1.0,2604.21,0.0,2604.21
T103728,2023-08-07,P0019,C00198,west,6.0,6013.99,0.0,36083.94
T108655,2023-02-19,P0033,C00070,west,4.0,10082.29,0.0,40329.16
T108977,2023-05-22,P0005,C00097,west,3.0,8621.09,0.2,20690.62
T100321,2024-08-05,P0032,C00118,central,5.0,5656.65,0.0,28283.25
T102276,2024-07-08,P0022,C00129,central,4.0,3102.81,0.0,12411.24
T105673,2024-05-09,P0034,C00096,central,5.0,10038.95,0.05,47685.01
T101835,2025-09-01,P0015,C00098,east,2.0,4549.66,0.0,9099.32
T104292,2024-06-19,P0040,C00067,central,2.0,12756.37,0.0,25512.74
T101153,2023-12-28,P0007,C00004,east,7.0,14423.4,0.0,100963.8
T105595,2025-07-28,P0024,C00108,west,3.0,11884.11,0.15,30304.48
T105736,2023-10-16,P0023,C00167,east,4.0,10713.43,0.0,42853.72
T101649,2024-01-04,P0013,C00079,south,3.0,9164.46,0.0,27493.38
T104896,2025-03-03,P0005,C00035,central,6.0,8621.09,0.0,51726.54
T107175,2025-07-08,P0004,C00039,north,1.0,4999.13,0.0,4999.13
T103881,2023-05-27,P0031,C00050,east,3.0,1566.84,0.0,4700.52
T107451,2025-11-02,P0011,C00194,east,7.0,8863.25,0.0,62042.75
T103677,2025-12-04,P0015,C00057,east,11.0,4549.66,0.0,50046.26
T102917,2023-05-17,P0011,C00096,central,3.0,8863.25,0.05,25260.26
T100856,2023-12-09,P0018,C00238,west,7.0,6437.51,0.0,45062.57
T107708,2023-04-07,P0037,C00222,central,7.0,8484.46,0.0,59391.22
T106820,2023-11-15,P0002,C00179,north,4.0,13910.88,0.0,55643.52
T102534,2025-07-10,P0015,C00121,east,5.0,4549.66,0.0,22748.3
T107216,2024-06-23,P0039,C00065,east,3.0,14579.92,0.0,43739.76
T102471,2023-08-27,P0025,C00141,south,6.0,9148.51,0.0,54891.06
T105852,2024-04-12,P0016,C00047,central,3.0,2604.21,0.05,7422.0
T104438,2025-06-02,P0036,C00130,east,2.0,4229.62,0.0,8459.24
T101569,2023-10-22,P0032,C00132,central,2.0,5656.65,0.1,10181.97
T107064,2024-12-07,P0040,C00225,south,8.0,12756.37,0.1,91845.86
T102221,2025-10-25,P0026,C00205,north,3.0,13905.57,0.0,41716.71
T102644,2023-07-14,P0016,C00171,east,5.0,2604.21,0.0,13021.05
T106299,2023-04-07,P0040,C00164,north,5.0,12756.37,0.0,63781.85
T102874,2025-07-13,P0022,C00174,central,6.0,3102.81,0.0,18616.86
T108436,2025-12-14,P0003,C00049,east,3.0,10949.99,0.05,31207.47
T105938,2023-07-26,P0024,C00160,south,5.0,11884.11,0.15,50507.47
T108030,2023-04-30,P0002,C00117,west,4.0,13910.88,0.0,55643.52
T108513,2023-07-21,P0016,C00089,east,8.0,2604.21,0.0,20833.68
T102133,2025-07-24,P0022,C00008,south,3.0,3102.81,0.1,8377.59
T107425,2023-08-08,P0016,C00208,central,3.0,2604.21,0.1,7031.37
T102995,2025-09-12,P0020,C00191,south,9.0,4508.3,0.05,38545.97
T101965,2024-06-02,P0034,C00056,south,5.0,10038.95,0.0,50194.75
T108888,2025-05-21,P0006,C00167,east,6.0,7884.39,1.5380512663172473e-16,47306.34
T101593,2025-04-02,P0008,C00227,central,2.0,499.0,0.0,998.0
T100047,2023-06-13,P0026,C00011,east,7.0,13905.57,0.0,97338.99
T107261,2025-10-14,P0002,C00098,east,1.0,13910.88,0.1,12519.79
T100014,2023-12-27,P0038,C00218,central,9.0,5836.46,0.0,52528.14
T105566,2024-04-08,P0025,C00141,south,3.0,9148.51,0.05,26073.25
T108467,2024-10-14,P0017,C00204,central,3.0,382.2,0.0,1146.6
T102392,2023-06-22,P0023,C00128,south,3.0,10713.43,0.05,30533.28
T101055,2025-01-07,P0006,C00177,south,7.0,7884.39,0.0,55190.73
T107598,2025-10-26,P0011,C00008,south,6.0,8863.25,0.0,53179.5
T108994,2023-04-26,P0021,C00092,south,5.0,359.09,0.05,1705.68
T101978,2025-04-04,P0031,C00013,central,6.0,1566.84,0.05,8930.99
T105164,2023-08-13,P0035,C00204,central,2.0,8930.77,0.0,17861.54
T106649,2024-03-04,P0027,C00085,central,5.0,9818.49,0.0,49092.45
T103071,2024-09-08,P0014,C00214,central,4.0,500.0,0.0,2000.0
T101090,2025-12-03,P0034,C00240,south,5.0,10038.95,0.2,40155.8
T108456,2025-02-24,P0004,C00095,central,2.0,4999.13,0.0,9998.26
T106739,2025-05-04,P0014,C00031,south,3.0,500.0,0.2,1200.0
T106794,2024-05-22,P0013,C00072,west,2.0,9164.46,0.15,15579.58
T108732,2025-09-27,P0004,C00199,central,4.0,4999.13,0.0,19996.52
T101222,2024-05-09,P0006,C00225,south,7.0,7884.39,0.1,49671.66
T103032,2025-11-14,P0039,C00180,central,13.0,14579.92,0.1,170585.06
T108727,2025-05-26,P0007,C00140,west,4.0,14423.4,0.05,54808.92
T103838,2023-07-26,P0035,C00227,central,3.0,8930.77,0.0,26792.31
T103007,2024-09-20,P0016,C00195,east,3.0,2604.21,0.0,7812.63
T103397,2023-02-25,P0038,C00162,north,2.0,5836.46,0.05,11089.27
T106217,2023-07-19,P0003,C00029,east,4.0,10949.99,0.0,43799.96
T106673,2023-01-29,P0004,C00239,east,1.0,4999.13,0.0,4999.13
T105992,2024-07-30,P0020,C00097,west,4.0,4508.3,0.0,18033.2
T108139,2025-12-07,P0007,C00019,central,5.0,14423.4,0.05,68511.15
T102909,2023-06-20,P0029,C00158,east,3.0,12773.07,0.0,38319.21
T101620,2023-02-21,P0005,C00053,west,3.0,8621.09,0.0,25863.27
T107170,2025-01-09,P0001,C00141,south,6.0,6017.98,0.0,36107.88
T105167,2023-11-01,P0040,C00017,east,3.0,12756.37,0.0,38269.11
T106239,2025-03-25,P0021,C00175,east,6.0,359.09,0.0,2154.54
T105074,2023-04-26,P0001,C00081,west,8.0,6017.98,0.0,48143.84
T105873,2024-12-08,P0030,C00119,south,1.0,6824.34,0.0,6824.34
T108394,2025-03-12,P0011,C00165,west,3.0,8863.25,0.0,26589.75
T102742,2023-02-15,P0040,C00106,west,6.0,12756.37,0.15,65057.49
T101918,2024-04-15,P0018,C00176,east,3.0,6437.51,0.2,15450.02
T105634,2025-10-23,P0007,C00001,west,8.0,14423.4,0.0,115387.2
T100063,2025-01-11,P0001,C00242,east,9.0,6017.98,0.15,46037.55
T105210,2023-12-06,P0007,C00084,north,6.0,14423.4,0.1,77886.36
T102602,2024-02-25,P0007,C00128,south,6.0,14423.4,0.1,77886.36
T103418,2023-06-25,P0021,C00200,north,5.0,359.09,0.05,1705.68
T102111,2025-06-29,P0039,C00087,central,1.0,14579.92,0.0,14579.92
T108381,2025-09-20,P0033,C00086,west,4.0,10082.29,0.2,32263.33
T105961,2025-05-31,P0038,C00049,east,6.0,5836.46,0.0,35018.76
T107507,2025-08-01,P0024,C00113,east,1.0,11884.11,0.1,10695.7
T104955,2025-09-02,P0009,C00081,west,6.0,11247.7,0.0,67486.2
T102865,2023-09-22,P0036,C00192,central,4.0,4229.62,0.05,16072.56
T105402,2024-12-30,P0032,C00024,south,6.0,5656.65,0.1,30545.91
T103527,2023-10-05,P0026,C00213,south,4.0,13905.57,0.0,55622.28
T105563,2023-09-27,P0029,C00111,north,2.0,12773.07,0.0,25546.14
T108827,2023-12-01,P0016,C00030,north,4.0,2604.21,0.0,10416.84
T101954,2025-10-28,P0014,C00234,east,8.0,500.0,0.0,4000.0
T100763,2023-11-28,P0021,C00052,east,8.0,359.09,0.0,2872.72
T102885,2024-06-03,P0030,C00201,west,3.0,6824.34,0.0,20473.02
T106908,2024-11-22,P0026,C00014,central,7.0,13905.57,0.0,97338.99
T103541,2024-10-08,P0019,C00034,east,4.0,6013.99,0.0,24055.96
T108065,2025-04-17,P0028,C00044,south,1.0,13737.15,0.0,13737.15
T106202,2025-02-13,P0018,C00191,south,2.0,6437.51,0.0,12875.02
T107829,2024-01-04,P0035,C00171,east,3.0,8930.77,0.0,26792.31
T101287,2024-09-02,P0034,C00176,east,4.0,10038.95,0.0,40155.8
T108186,2025-10-25,P0008,C00138,central,5.0,499.0,0.0,2495.0
T101195,2025-12-05,P0020,C00199,central,7.0,4508.3,0.0,31558.1
T108245,2023-10-09,P0019,C00011,east,5.0,6013.99,0.050000083139479665,28566.45
T105651,2023-05-03,P0005,C00168,north,7.0,8621.09,0.1,54312.87
T108908,2023-01-21,P0032,C00027,west,3.0,5656.65,0.1,15272.95
T100932,2024-04-24,P0014,C00188,north,2.0,500.0,0.05,950.0
T100733,2025-03-29,P0026,C00136,south,2.0,13905.57,0.0,27811.14
T103458,2025-09-23,P0018,C00243,west,2.0,6437.51,0.0,12875.02
T105011,2023-08-21,P0014,C00218,central,5.0,500.0,0.05,2375.0
T105119,2023-02-14,P0019,C00144,west,1.0,6013.99,0.0,6013.99
T103772,2023-11-03,P0026,C00080,north,1.0,13905.57,0.0,13905.57
T100743,2024-03-31,P0028,C00200,north,2.0,13737.15,0.0,27474.3
T101078,2025-07-28,P0003,C00172,central,3.0,10949.99,0.2,26279.98
T103161,2023-06-21,P0017,C00038,west,5.0,382.2,0.0,1911.0
T100736,2024-02-01,P0037,C00215,east,4.0,8484.46,0.0,33937.84
T104185,2023-09-15,P0032,C00059,north,3.0,5656.65,0.1,15272.95
T103365,2024-09-12,P0030,C00220,central,3.0,6824.34,0.0,20473.02
T103035,2025-12-01,P0026,C00006,east,13.0,13905.57,0.0,180772.41
T102816,2025-11-28,P0036,C00166,central,9.0,4229.62,0.05,36163.25
T108461,2024-01-13,P0021,C00036,north,2.0,359.09,0.0,718.18
T101558,2024-01-22,P0017,C00204,central,3.0,382.2,0.1,1031.94
T104490,2024-06-07,P0030,C00168,north,2.0,6824.34,0.0,13648.68
T104750,2023-10-15,P0021,C00191,south,7.0,359.09,0.1,2262.27
T104329,2024-09-10,P0025,C00247,north,4.0,9148.51,0.0,36594.04
T107347,2025-07-30,P0010,C00195,east,3.0,8164.43,0.0,24493.29
T107302,2024-07-16,P0009,C00113,east,6.0,11247.7,0.0,67486.2
T100221,2024-06-06,P0032,C00035,central,5.0,5656.65,0.0,28283.25
T102291,2024-11-28,P0018,C00014,central,1.0,6437.51,0.0,6437.51
T108872,2023-05-27,P0033,C00166,central,4.0,10082.29,0.0,40329.16
T106590,2023-05-26,P0018,C00023,west,6.0,6437.51,0.0,38625.06
T105277,2023-01-23,P0011,C00057,east,2.0,8863.25,0.0,17726.5
T108927,2024-08-31,P0032,C00201,west,3.0,5656.65,0.0,16969.95
T104762,2025-05-16,P0016,C00230,east,6.0,2604.21,0.0,15625.26
T105620,2025-06-11,P0012,C00157,central,2.0,14484.04,0.0,28968.08
T102252,2023-11-03,P0023,C00227,central,6.0,10713.43,0.0,64280.58
T101339,2025-06-12,P0022,C00063,north,11.0,3102.81,0.1,30717.82
T105064,2023-03-20,P0012,C00074,east,1.0,14484.04,0.2,11587.23
T105564,2024-01-31,P0005,C00080,north,8.0,8621.09,0.0,68968.72
T105599,2025-01-05,P0001,C00036,north,8.0,6017.98,0.1,43329.46
T101512,2025-03-27,P0020,C00133,east,8.0,4508.3,0.1,32459.76
T102812,2023-09-17,P0030,C00139,south,5.0,6824.34,0.0,34121.7
T101758,2024-06-15,P0004,C00048,south,4.0,4999.13,0.0,19996.52
T100465,2024-07-14,P0035,C00136,south,5.0,8930.77,0.0,44653.85
T100647,2025-03-30,P0026,C00101,east,3.0,13905.57,0.1,37545.04
T105255,2025-09-21,P0032,C00240,south,6.0,5656.65,0.0,33939.9
T105517,2025-04-29,P0025,C00175,east,4.0,9148.51,0.1,32934.64
T106911,2023-06-20,P0011,C00150,east,5.0,8863.25,0.0,44316.25
T106437,2023-06-14,P0009,C00112,south,4.0,11247.7,0.0,44990.8
T102166,2023-12-08,P0011,C00227,central,7.0,8863.25,0.15,52736.34
T103307,2023-09-30,P0016,C00140,west,5.0,2604.21,0.15,11067.89
T101963,2025-07-30,P0014,C00221,west,3.0,500.0,0.1,1350.0
T107767,2024-04-27,P0002,C00038,west,1.0,13910.88,0.0,13910.88
T107841,2023-09-26,P0008,C00223,central,7.0,499.0,0.0,3493.0
T103921,2024-03-12,P0005,C00104,south,8.0,8621.09,0.0,68968.72
T107379,2024-09-11,P0012,C00220,east,5.0,14484.04,0.0,72420.2
T101052,2024-06-16,P0005,C00087,west,6.0,8621.09,0.2,41381.23
T107518,2023-03-27,P0002,C00057,east,5.0,13910.88,0.0,69554.4
T104196,2024-01-22,P0017,C00059,north,6.0,382.2,0.0,2293.2
T103238,2025-08-18,P0001,C00040,north,6.0,6017.98,0.0,36107.88
T100879,2023-06-14,P0018,C00019,central,5.0,6437.51,0.0,32187.55
T102389,2024-02-27,P0016,C00112,south,3.0,2604.21,0.0,7812.63
T103274,2023-05-26,P0026,C00063,north,4.0,13905.57,0.2,44497.82
T101297,2023-04-22,P0017,C00103,west,3.0,382.2,0.0,1146.6
T108637,2025-07-23,P0011,C00158,east,4.0,8863.25,0.0,35453.0
T105224,2024-05-28,P0016,C00133,east,1.0,2604.21,0.15,2213.58
T105794,2023-04-11,P0015,C00229,east,7.0,4549.66,0.0,31847.62
T100304,2024-11-28,P0005,C00122,west,8.0,8621.09,0.0,68968.72
T104148,2024-09-28,P0032,C00070,west,4.0,5656.65,0.0,22626.6
T104745,2025-02-06,P0018,C00122,west,2.0,6437.51,0.0,12875.02
T108174,2024-01-30,P0009,C00208,central,2.0,11247.7,0.05,21370.63
T104668,2024-05-21,P0023,C00193,east,6.0,10713.43,0.0,64280.58
T104115,2024-01-08,P0009,C00056,south,2.0,11247.7,0.05,21370.63
T107764,2024-06-29,P0017,C00203,west,5.0,382.2,0.0,1911.0
T106977,2025-02-13,P0006,C00242,east,4.0,7884.39,0.0,31537.56
T103033,2024-06-11,P0005,C00036,north,5.0,8621.09,0.1,38794.9
T101941,2023-07-26,P0021,C00006,east,3.0,359.09,0.0,1077.27
T101076,2025-11-17,P0001,C00146,central,17.0,6017.98,0.05,97190.38
T106223,2023-12-01,P0034,C00222,central,4.0,10038.95,0.0,40155.8
T103698,2024-09-30,P0018,C00247,north,3.0,6437.51,0.0,19312.53
T108712,2023-12-11,P0019,C00222,central,1.0,6013.99,0.2,4811.19
T105894,2025-03-08,P0029,C00243,west,2.0,12773.07,0.0,25546.14
T101862,2023-01-27,P0039,C00179,north,1.0,14579.92,0.0,14579.92
T101253,2024-02-08,P0004,C00037,south,8.0,4999.13,0.0,39993.04
T101595,2025-08-31,P0035,C00160,south,3.0,8930.77,0.0,26792.31
T108178,2025-07-08,P0003,C00028,central,6.0,10949.99,0.0,65699.94
T106561,2025-01-10,P0021,C00216,south,1.0,359.09,0.0,359.09
T108679,2025-12-16,P0003,C00175,east,5.0,10949.99,0.0,54749.95
T104949,2025-04-01,P0007,C00059,north,2.0,14423.4,0.0,28846.8
T100211,2025-05-02,P0012,C00019,central,5.0,14484.04,0.15,61557.17
T104995,2023-01-22,P0022,C00243,west,4.0,3102.81,0.0,12411.24
T102770,2024-05-14,P0035,C00160,south,5.0,8930.77,0.0,44653.85
T101739,2024-01-19,P0039,C00101,east,1.0,14579.92,0.0,14579.92
T106584,2024-07-10,P0034,C00080,north,1.0,10038.95,0.05,9537.0
T108105,2023-06-08,P0005,C00165,west,8.0,8621.09,0.0,68968.72
T103131,2024-06-01,P0014,C00041,east,3.0,500.0,0.0,1500.0
T104170,2024-11-01,P0029,C00010,south,16.0,12773.07,0.0,204369.12
T102820,2023-09-25,P0022,C00125,north,4.0,3102.81,0.05,11790.68
T107335,2024-08-18,P0024,C00198,west,2.0,11884.11,0.1,21391.4
T104525,2023-08-21,P0018,C00120,west,5.0,6437.51,0.0,32187.55
T108331,2024-12-31,P0027,C00210,north,8.0,9818.49,0.0,78547.92
T102008,2025-05-11,P0008,C00039,north,1.0,499.0,0.1,449.1
T101430,2024-05-31,P0003,C00177,south,4.0,10949.99,0.1,39419.96
T105769,2025-02-16,P0008,C00014,central,3.0,499.0,0.0,1497.0
T101199,2024-11-26,P0025,C00024,north,7.0,9148.51,0.0,64039.57
T107950,2025-08-20,P0025,C00033,north,3.0,9148.51,0.0,27445.53
T107878,2024-04-20,P0002,C00222,central,2.0,13910.88,0.0,27821.76
T105964,2023-11-21,P0017,C00178,west,9.0,382.2,0.05,3267.81
T105019,2023-05-21,P0005,C00097,west,3.0,8621.09,0.0,25863.27
T105900,2023-10-23,P0032,C00230,east,2.0,5656.65,0.1,10181.97
T106214,2024-07-19,P0020,C00075,central,5.0,4508.3,0.0,22541.5
T106740,2024-05-12,P0007,C00051,east,4.0,14423.4,0.1,51924.24
T106125,2025-09-01,P0003,C00078,west,6.0,10949.99,0.1,59129.95
T101864,2025-08-14,P0032,C00224,central,7.0,5656.65,0.0,39596.55
T103918,2023-10-02,P0010,C00046,south,11.0,8164.43,0.0,89808.73
T100037,2023-03-14,P0033,C00214,central,1.0,10082.29,0.15,8569.95
T107596,2024-06-07,P0029,C00216,south,3.0,12773.07,0.1,34487.29
T101981,2024-01-01,P0034,C00193,east,5.0,10038.95,0.05,47685.01
T100019,2024-03-24,P0016,C00039,north,1.0,2604.21,0.05,2474.0
T103346,2024-10-13,P0010,C00124,west,7.0,8164.43,0.0,57151.01
T105444,2025-12-21,P0025,C00106,west,3.0,9148.51,0.0,27445.53
T100960,2024-12-03,P0018,C00205,north,11.0,6437.51,0.0,70812.61
T104651,2024-05-22,P0007,C00159,north,4.0,14423.4,0.0,57693.6
T101068,2024-10-10,P0008,C00223,central,4.0,499.0,0.0,1996.0
T102614,2025-02-26,P0020,C00047,central,3.0,4508.3,0.0,13524.9
T100538,2024-07-28,P0008,C00190,north,5.0,499.0,0.0,2495.0
T107171,2024-01-06,P0008,C00245,central,3.0,499.0,0.05,1422.15
T104376,2024-09-23,P0002,C00215,east,4.0,13910.88,0.0,55643.52
T104827,2024-03-03,P0016,C00024,south,3.0,2604.21,0.0,7812.63
T102142,2024-02-21,P0002,C00224,central,4.0,13910.88,0.0,55643.52
T101513,2023-03-24,P0012,C00107,east,1.0,14484.04,0.1,13035.64
T103945,2023-03-11,P0032,C00222,central,6.0,5656.65,0.15,28848.91
T105775,2024-07-30,P0019,C00157,central,5.0,6013.99,0.0,30069.95
T108283,2025-02-08,P0032,C00157,central,2.0,5656.65,0.05,10747.63
T100676,2023-09-12,P0024,C00013,central,6.0,11884.11,0.0,71304.66
T100765,2023-02-10,P0005,C00072,west,1.0,8621.09,0.0,8621.09
T102199,2024-04-04,P0016,C00220,central,2.0,2604.21,0.0,5208.42
T104264,2025-08-05,P0014,C00010,south,4.0,500.0,0.1,1800.0
T103643,2023-08-20,P0016,C00228,south,6.0,2604.21,0.0,15625.26
T100346,2023-07-02,P0021,C00065,east,4.0,359.09,0.0,1436.36
T101626,2025-03-17,P0008,C00035,central,1.0,499.0,0.0,499.0
T102569,2025-06-05,P0010,C00211,west,3.0,8164.43,0.0,24493.29
T108393,2025-04-04,P0023,C00164,north,6.0,10713.43,0.1,57852.52
T102678,2025-04-16,P0036,C00174,central,4.0,4229.62,0.0,16918.48
T105537,2025-12-06,P0001,C00224,central,5.0,6017.98,0.0,30089.9
T107117,2025-04-17,P0027,C00199,central,4.0,9818.49,0.0,39273.96
T105365,2023-04-16,P0008,C00097,west,5.0,499.0,0.05,2370.25
T104680,2024-06-11,P0003,C00071,east,1.0,10949.99,0.15,9307.49
T106378,2024-12-28,P0004,C00004,east,1.0,4999.13,0.0,4999.13
T105032,2024-09-12,P0005,C00205,north,4.0,8621.09,0.0,34484.36
T104024,2024-07-09,P0031,C00048,south,5.0,1566.84,0.1,7050.78
T104554,2023-01-29,P0012,C00173,central,2.0,14484.04,0.0,28968.08
T103457,2025-09-14,P0006,C00135,north,3.0,7884.39,0.1,21287.85
T104796,2023-10-22,P0020,C00165,west,5.0,4508.3,0.2,18033.2
T102726,2024-10-27,P0029,C00056,south,4.0,12773.07,0.0,51092.28
T103761,2025-04-15,P0014,C00065,east,6.0,500.0,0.0,3000.0
T108528,2025-06-08,P0002,C00127,south,12.0,13910.88,0.0,166930.56
T104053,2024-04-17,P0008,C00061,west,2.0,499.0,0.0,998.0
T101557,2024-05-18,P0019,C00245,central,2.0,6013.99,0.0,12027.98
T101123,2024-04-28,P0005,C00124,west,2.0,8621.09,0.0,17242.18
T106842,2025-09-12,P0035,C00071,east,4.0,8930.77,0.0,35723.08
T105072,2024-09-25,P0040,C00115,east,2.0,12756.37,0.0,25512.74
T103031,2024-12-23,P0036,C00042,central,1.0,4229.62,0.0,4229.62
T105339,2025-02-28,P0017,C00105,west,12.0,382.2,0.0,4586.4
T101095,2024-05-11,P0015,C00003,north,10.0,4549.66,0.0,45496.6
T108147,2025-09-01,P0038,C00098,east,6.0,5836.46,0.2,28015.01
T102458,2025-09-04,P0036,C00097,west,3.0,4229.62,0.0,12688.86
T107856,2023-07-15,P0030,C00247,north,7.0,6824.34,0.1,42993.34
T102288,2024-08-28,P0031,C00162,north,1.0,1566.84,0.0,1566.84
T108822,2025-11-28,P0003,C00098,east,5.0,10949.99,0.15,46537.46
T102075,2023-04-30,P0022,C00188,north,6.0,3102.81,0.15,15824.33
T104982,2025-09-25,P0037,C00009,central,8.0,8484.46,0.0,67875.68
T105466,2023-04-20,P0018,C00243,west,6.0,6437.51,0.0,38625.06
T105412,2023-07-21,P0005,C00058,east,2.0,8621.09,0.0,17242.18
T100333,2023-08-06,P0002,C00003,north,6.0,13910.88,0.05,79292.02
T105570,2024-02-22,P0011,C00061,west,1.0,8863.25,0.0,8863.25
T107007,2025-06-17,P0021,C00150,east,1.0,359.09,0.05,341.14
T101057,2024-06-23,P0008,C00014,central,4.0,499.0,0.0,1996.0
T108952,2024-12-19,P0035,C00220,west,5.0,8930.77,0.0,44653.85
T104593,2024-05-20,P0033,C00065,east,1.0,10082.29,0.0,10082.29
T106450,2025-02-14,P0010,C00011,east,5.0,8164.43,0.0,40822.15
T104087,2025-04-18,P0016,C00139,south,6.0,2604.21,0.0,15625.26
T106340,2023-09-25,P0016,C00096,central,3.0,2604.21,0.15,6640.74
T108845,2023-12-04,P0034,C00133,east,6.0,10038.95,0.0,60233.7
T101496,2023-09-23,P0039,C00069,central,2.0,14579.92,0.0,29159.84
T106126,2025-12-27,P0015,C00221,west,14.0,4549.66,0.05,60510.48
T102127,2024-05-12,P0028,C00216,south,5.0,13737.15,0.0,68685.75
T101701,2025-07-13,P0002,C00059,north,4.0,13910.88,0.0,55643.52
T104469,2025-05-28,P0030,C00198,west,1.0,6824.34,0.0,6824.34
T105538,2024-06-08,P0031,C00099,north,4.0,1566.84,0.0,6267.36
T107653,2025-04-27,P0014,C00093,north,2.0,500.0,0.0,1000.0
T108019,2023-03-11,P0036,C00034,east,8.0,4229.62,0.0,33836.96
T108892,2025-11-26,P0015,C00105,west,9.0,4549.66,0.0,40946.94
T107692,2023-01-03,P0029,C00023,west,4.0,12773.07,0.05,48537.67
T108778,2025-10-29,P0011,C00232,west,5.0,8863.25,0.0,44316.25
T104161,2023-01-21,P0017,C00027,east,1.0,382.2,0.0,382.2
T103100,2025-01-01,P0013,C00004,east,1.0,9164.46,0.0,9164.46
T105234,2023-08-16,P0032,C00041,east,4.0,5656.65,0.0,22626.6
T104139,2024-04-15,P0016,C00012,east,4.0,2604.21,0.0,10416.84
T108236,2025-12-25,P0033,C00095,central,1.0,10082.29,0.0,10082.29
T100023,2024-02-10,P0032,C00031,south,4.0,5656.65,0.0,22626.6
T103182,2024-07-15,P0010,C00236,east,2.0,8164.43,0.0,16328.86
T104373,2024-04-06,P0021,C00012,east,6.0,359.09,0.0,2154.54
T108502,2023-05-03,P0025,C00068,north,4.0,9148.51,0.0,36594.04
T100965,2023-07-07,P0021,C00109,north,4.0,359.09,0.1,1292.72
T101112,2023-06-24,P0008,C00128,south,3.0,499.0,0.0,1497.0
T101699,2023-09-02,P0013,C00156,south,3.0,9164.46,0.0,27493.38
T104842,2025-04-23,P0022,C00004,east,3.0,3102.81,0.0,9308.43
T102919,2025-09-18,P0023,C00146,central,3.0,10713.43,0.0,32140.29
T104110,2023-02-18,P0024,C00195,east,3.0,11884.11,0.0,35652.33
T101570,2025-03-06,P0018,C00128,south,6.0,6437.51,0.0,38625.06
T101662,2023-10-16,P0018,C00076,central,11.0,6437.51,0.05,67271.98
T106963,2024-12-24,P0035,C00180,central,5.0,8930.77,0.05,42421.16
T106178,2025-11-20,P0020,C00236,east,5.0,4508.3,0.0,22541.5
T104773,2024-04-07,P0009,C00220,east,3.0,11247.7,0.05,32055.95
T103540,2025-03-26,P0035,C00115,east,8.0,8930.77,0.0,71446.16
T104614,2024-09-08,P0006,C00013,central,1.0,7884.39,0.1,7095.95
T107540,2025-02-08,P0039,C00222,central,4.0,14579.92,0.0,58319.68
T101691,2025-03-08,P0031,C00139,south,1.0,1566.84,0.0,1566.84
T105307,2024-01-21,P0039,C00176,east,3.0,14579.92,0.0,43739.76
T108417,2025-12-24,P0035,C00176,east,7.0,8930.77,0.0,62515.39
T107132,2024-04-26,P0022,C00151,east,8.0,3102.81,0.0,24822.48
T105676,2023-01-10,P0006,C00054,central,4.0,7884.39,0.0,31537.56
T104156,2023-03-05,P0025,C00049,east,4.0,9148.51,0.0,36594.04
T106263,2023-03-28,P0008,C00118,central,6.0,499.0,0.0,2994.0
T106985,2025-01-02,P0012,C00022,north,2.0,14484.04,0.0,28968.08
T100496,2024-12-09,P0005,C00146,central,5.0,8621.09,0.1,38794.9
T102707,2023-07-07,P0011,C00222,central,8.0,8863.25,0.05,67360.7
T108709,2023-06-23,P0007,C00020,north,7.0,14423.4,0.0,100963.8
T108518,2023-01-29,P0019,C00013,central,2.0,6013.99,0.0,12027.98
T107562,2024-04-04,P0034,C00090,south,2.0,10038.95,0.0,20077.9
T107349,2023-12-29,P0025,C00228,south,3.0,9148.51,0.0,27445.53
T108749,2025-01-01,P0036,C00122,west,4.0,4229.62,0.0,16918.48
T103018,2025-02-09,P0012,C00004,east,7.0,14484.04,0.0,101388.28
T103448,2025-03-11,P0013,C00157,central,13.0,9164.46,0.1,107224.18
T100033,2023-05-14,P0036,C00009,central,3.0,4229.62,0.2,10151.09
T104013,2023-05-02,P0031,C00153,central,1.0,1566.84,0.0,1566.84
T100050,2023-02-12,P0037,C00007,central,12.0,8484.46,0.0,101813.52
T101794,2025-06-17,P0022,C00031,south,8.0,3102.81,0.0,24822.48
T106421,2023-03-25,P0024,C00014,central,10.0,11884.11,0.1,106956.99
T106058,2024-11-15,P0018,C00155,west,12.0,6437.51,0.15,65662.6
T106343,2024-01-12,P0009,C00185,central,2.0,11247.7,0.0,22495.4
T107054,2025-05-16,P0004,C00227,central,6.0,4999.13,0.0,29994.78
T108636,2025-07-04,P0011,C00118,central,1.0,8863.25,0.0,8863.25
T102228,2024-03-09,P0001,C00214,central,1.0,6017.98,0.05,5717.08
T100500,2023-09-25,P0007,C00097,west,2.0,14423.4,0.0,28846.8
T108159,2024-04-28,P0030,C00136,south,4.0,6824.34,0.2,21837.89
T105332,2024-11-01,P0022,C00247,north,3.0,3102.81,0.15,7912.17
T107177,2024-03-13,P0032,C00155,west,1.0,5656.65,0.0,5656.65
T102609,2023-12-01,P0024,C00045,west,4.0,11884.11,0.1,42782.8
T106899,2023-07-10,P0008,C00197,south,3.0,499.0,0.15,1272.45
T103994,2024-02-08,P0008,C00207,central,3.0,499.0,0.05,1422.15
T107082,2023-05-12,P0040,C00236,east,3.0,12756.37,0.0,38269.11
T108768,2023-11-30,P0005,C00163,north,4.0,8621.09,0.0,34484.36
T104190,2024-05-16,P0034,C00238,west,4.0,10038.95,0.0,40155.8
T102145,2025-10-21,P0030,C00230,east,6.0,6824.34,0.0,40946.04
T101851,2024-11-20,P0015,C00205,north,10.0,4549.66,0.0,45496.6
T106426,2023-04-14,P0027,C00021,central,1.0,9818.49,0.0,9818.49
T108368,2023-01-12,P0024,C00116,central,4.0,11884.11,0.0,47536.44
T106304,2023-09-30,P0001,C00074,east,4.0,6017.98,0.0,24071.92
T100245,2023-08-26,P0001,C00244,south,5.0,6017.9800000000005,0.0,30089.9
T100149,2023-01-17,P0026,C00028,central,2.0,13905.57,0.14999996404318552,23639.47
T103065,2025-02-26,P0017,C00049,east,1.0,382.2,0.0,382.2
T100185,2024-01-01,P0033,C00055,south,2.0,10082.29,0.0,20164.58
T107769,2025-11-11,P0007,C00065,east,5.0,14423.4,0.0,72117.0
T100758,2024-02-24,P0039,C00120,west,1.0,14579.92,0.0,14579.92
T105128,2024-05-03,P0034,C00169,central,5.0,10038.95,0.0,50194.75
T104891,2023-07-29,P0037,C00076,central,7.0,8484.46,0.0,59391.22
T107482,2023-02-24,P0006,C00040,north,1.0,7884.39,0.0,7884.39
T101728,2023-05-12,P0030,C00123,north,1.0,6824.34,0.0,6824.34
T104241,2024-02-16,P0009,C00007,central,1.0,11247.7,0.0,11247.7
T103384,2025-12-02,P0016,C00156,south,5.0,2604.21,0.1,11718.94
T101180,2023-10-04,P0036,C00143,south,4.0,4229.62,0.0,16918.48
T105009,2023-08-20,P0026,C00047,central,3.0,13905.57,0.0,41716.71
T101880,2024-05-22,P0008,C00202,central,5.0,499.0,0.05,2370.25
T104793,2025-07-23,P0032,C00110,east,3.0,5656.65,0.0,16969.95
T108699,2024-05-31,P0021,C00118,central,1.0,359.09,0.0,359.09
T106929,2025-10-06,P0034,C00035,central,6.0,10038.95,0.1,54210.33
T102464,2025-10-09,P0018,C00134,east,6.0,6437.51,0.05,36693.81
T101318,2023-09-11,P0027,C00071,central,4.0,9818.49,0.0,39273.96
T108286,2025-03-23,P0007,C00215,east,8.0,14423.4,0.2,92309.76
T100550,2023-08-15,P0022,C00006,east,4.0,3102.81,0.0,12411.24
T101417,2025-04-19,P0003,C00148,north,9.0,10949.99,0.0,98549.91
T102183,2023-03-07,P0029,C00002,west,3.0,12773.07,0.0,38319.21
T108246,2025-12-02,P0007,C00202,south,9.0,14423.4,0.0,129810.6
T104740,2024-09-25,P0030,C00149,north,10.0,6824.34,0.0,68243.4
T106232,2024-01-22,P0039,C00062,south,1.0,14579.92,0.0,14579.92
T102110,2024-04-25,P0017,C00021,central,7.0,382.2,0.0,2675.4
T100017,2025-01-30,P0033,C00223,central,1.0,10082.29,0.05,9578.18
T104813,2024-08-07,P0018,C00027,south,5.0,6437.51,0.0,32187.55
T107174,2023-09-08,P0023,C00244,south,1.0,10713.43,0.0,10713.43
T101087,2023-04-28,P0022,C00116,central,1.0,3102.81,0.0,3102.81
T106967,2024-05-02,P0004,C00054,central,3.0,4999.13,15.0,12747.78
T101479,2023-05-28,P0009,C00007,central,4.0,11247.7,0.05000000000000002,42741.26
T107580,2024-07-12,P0008,C00076,central,2.0,499.0,0.0,998.0
T101383,2023-04-19,P0001,C00066,west,9.0,6017.98,0.0,54161.82
T104764,2025-09-25,P0018,C00221,west,6.0,6437.51,0.0,38625.06
T107656,2023-07-17,P0012,C00186,north,3.0,14484.04,0.0,43452.12
T103767,2024-10-16,P0036,C00075,east,10.0,4229.62,0.0,42296.2
T102586,2024-05-04,P0014,C00061,west,4.0,500.0,0.1,1800.0
T101832,2025-05-17,P0029,C00197,south,3.0,12773.07,0.0,38319.21
T107229,2023-06-25,P0038,C00144,west,4.0,5836.46,0.0,23345.84
T103742,2023-12-23,P0040,C00158,east,4.0,12756.37,0.0,51025.48
T102922,2024-04-25,P0021,C00200,north,6.0,359.09,0.0,2154.54
T106120,2023-10-27,P0026,C00118,central,2.0,13905.57,0.0,27811.14
T106697,2023-04-05,P0016,C00025,south,6.0,2604.21,0.0,15625.26
T106377,2023-01-07,P0013,C00145,north,1.0,9164.46,0.0,9164.46
T104157,2023-01-29,P0037,C00176,east,1.0,8484.46,0.0,8484.46
T104294,2024-06-23,P0002,C00019,central,6.0,13910.88,0.1,75118.75
T107093,2024-04-03,P0006,C00044,south,3.0,7884.39,0.1,21287.85
T102114,2023-11-24,P0004,C00247,north,6.0,4999.13,0.0,29994.78
T105590,2025-10-24,P0010,C00111,central,1.0,8164.43,0.0,8164.43
T108398,2024-10-30,P0026,C00205,north,4.0,13905.57,0.1,50060.05
T100168,2025-05-05,P0022,C00074,east,4.0,3102.81,0.15,10549.55
T105438,2025-06-11,P0030,C00139,south,3.0,6824.34,0.0,20473.02
T101488,2025-01-14,P0022,C00239,east,2.0,3102.81,0.0,6205.62
T108688,2024-08-30,P0033,C00153,central,4.0,10082.29,0.0,40329.16
T104385,2024-09-17,P0025,C00079,south,1.0,9148.51,0.0,9148.51
T106539,2023-08-05,P0039,C00233,west,5.0,14579.92,0.0,72899.6
T107045,2023-05-19,P0014,C00155,west,4.0,500.0,0.0,2000.0
T106135,2025-11-12,P0006,C00099,north,3.0,7884.39,0.2,18922.54
T105400,2023-06-14,P0010,C00012,east,4.0,8164.43,0.0,32657.72
T105820,2025-01-16,P0014,C00014,central,2.0,500.0,0.0,1000.0
T105457,2025-04-29,P0031,C00075,east,6.0,1566.84,0.05,8930.99
T108990,2024-07-14,P0016,C00054,central,3.0,2604.21,0.0,7812.63
T108671,2024-05-10,P0005,C00030,north,6.0,8621.09,0.0,51726.54
T105927,2024-03-17,P0026,C00052,east,3.0,13905.57,0.05,39630.87
T100718,2025-05-30,P0038,C00067,central,7.0,5836.46,0.0,40855.22
T108938,2023-07-19,P0037,C00212,south,4.0,8484.46,0.0,33937.84
T106458,2023-01-24,P0034,C00119,south,1.0,10038.947368421053,0.05,9537.0
T102513,2025-10-08,P0018,C00101,east,5.0,6437.51,0.0,32187.55
T104248,2024-05-25,P0016,C00088,south,7.0,2604.21,0.0,18229.47
T100487,2024-03-22,P0037,C00246,south,2.0,8484.46,0.0,16968.92
T105571,2025-11-20,P0017,C00127,south,3.0,382.2,0.0,1146.6
T102232,2023-07-02,P0032,C00048,south,8.0,5656.65,0.2,36202.56
T101575,2025-05-02,P0007,C00076,central,4.0,14423.4,0.0,57693.6
T105441,2024-08-04,P0006,C00066,west,4.0,7884.39,0.05,29960.68
T108903,2024-01-30,P0017,C00034,east,5.0,382.2,0.0,1911.0
T103204,2023-11-06,P0037,C00176,east,11.0,8484.46,0.0,93329.06
T104078,2023-12-19,P0039,C00015,south,3.0,14579.92,0.0,43739.76
T105516,2025-02-27,P0033,C00023,west,1.0,10082.29,0.0,10082.29
T101516,2025-07-16,P0017,C00127,south,3.0,382.2,0.0,1146.6
T107966,2025-06-11,P0018,C00094,central,3.0,6437.51,0.0,19312.53
T105221,2025-03-31,P0008,C00124,west,3.0,499.0,0.0,1497.0
T103122,2023-04-21,P0020,C00062,south,3.0,4508.3,0.2,10819.92
T101034,2023-07-17,P0005,C00035,central,4.0,8621.09,0.0,34484.36
T104231,2023-09-21,P0006,C00004,east,1.0,7884.39,0.0,7884.39
T101373,2023-09-11,P0001,C00047,central,3.0,6017.98,0.1,16248.55
T106888,2023-09-10,P0001,C00148,north,3.0,6017.98,0.0,18053.94
T104801,2025-03-28,P0005,C00056,south,3.0,8621.09,0.1,23276.94
T107988,2025-09-25,P0020,C00080,north,2.0,4508.3,0.0,9016.6
T107243,2024-07-05,P0023,C00143,south,1.0,10713.43,0.0,10713.43
T104071,2024-01-31,P0026,C00023,west,2.0,13905.57,0.2,22248.91
T102436,2025-07-12,P0029,C00020,north,7.0,12773.07,0.15,75999.77
T108729,2025-05-18,P0029,C00011,east,4.0,12773.07,0.0,51092.28
T100353,2025-08-28,P0019,C00153,central,6.0,6013.99,0.2,28867.15
T108460,2024-12-27,P0039,C00119,south,6.0,14579.92,0.0,87479.52
T106157,2024-03-27,P0001,C00010,south,4.0,6017.98,0.05,22868.32
T107156,2025-12-04,P0007,C00158,east,7.0,14423.4,0.0,100963.8
T100483,2024-11-10,P0015,C00075,central,1.0,4549.66,0.2,3639.73
T107304,2025-08-09,P0035,C00013,central,4.0,8930.77,0.0,35723.08
T103601,2025-05-23,P0012,C00198,west,1.0,14484.04,0.0,14484.04
T103114,2023-05-08,P0005,C00187,north,4.0,8621.09,0.0,34484.36
T106470,2025-08-18,P0002,C00129,central,6.0,13910.88,0.05,79292.02
T105376,2023-12-06,P0014,C00217,north,7.0,500.0,0.0,3500.0
T105681,2025-08-28,P0033,C00176,east,1.0,10082.29,0.0,10082.29
T105300,2025-10-06,P0039,C00242,east,6.0,14579.92,0.0,87479.52
T101149,2024-09-03,P0039,C00219,west,3.0,14579.92,0.0,43739.76
T105303,2023-07-03,P0022,C00218,central,6.0,3102.81,0.05,17686.02
T107296,2025-01-02,P0031,C00123,north,2.0,1566.84,0.0,3133.68
T105271,2024-03-29,P0040,C00065,east,1.0,12756.37,0.0,12756.37
T103413,2025-09-19,P0024,C00126,west,2.0,11884.11,0.15,20202.99
T105608,2024-02-14,P0026,C00065,east,5.0,13905.57,0.0,69527.85
T103424,2024-08-31,P0029,C00097,west,5.0,12773.07,0.1,57478.82
T107563,2025-04-11,P0031,C00221,west,7.0,1566.84,0.0,10967.88
T104295,2023-01-16,P0009,C00157,central,5.0,11247.7,0.19999999999999996,44990.8
T101188,2025-09-16,P0015,C00247,north,6.0,4549.66,0.0,27297.96
T100453,2023-01-22,P0032,C00192,central,3.0,5656.65,0.0,16969.95
T100766,2025-08-16,P0038,C00071,east,2.0,5836.46,0.0,11672.92
T102992,2024-10-11,P0024,C00045,west,8.0,11884.11,0.0,95072.88
T105843,2024-08-12,P0023,C00005,east,1.0,10713.43,0.0,10713.43
T107453,2023-04-08,P0010,C00077,south,3.0,8164.43,0.05,23268.63
T104354,2025-05-20,P0035,C00227,central,2.0,8930.77,0.2,14289.23
T100682,2024-10-20,P0004,C00230,east,3.0,4999.13,0.0,14997.39
T108590,2023-11-23,P0009,C00009,central,9.0,11247.7,0.0,101229.3
T107669,2024-12-06,P0003,C00091,north,6.0,10949.99,0.0,65699.94
T102302,2024-02-09,P0005,C00125,north,2.0,8621.09,0.0,17242.18
T107205,2024-10-11,P0017,C00064,north,14.0,382.2,0.0,5350.8
T106903,2025-10-17,P0014,C00004,east,3.0,500.0,0.0,1500.0
T105669,2024-09-19,P0039,C00230,east,1.0,14579.92,0.0,14579.92
T108900,2025-08-12,P0004,C00177,south,1.0,4999.13,0.15,4249.26
T105216,2024-02-05,P0025,C00163,north,1.0,9148.51,0.0,9148.51
T101127,2024-04-01,P0018,C00114,west,3.0,6437.51,0.0,19312.53
T104736,2025-11-15,P0008,C00100,east,9.0,499.0,0.0,4491.0
T107427,2024-07-17,P0015,C00040,north,5.0,4549.66,0.1,20473.47
T103910,2023-02-24,P0014,C00164,north,1.0,500.0,0.0,500.0
T107771,2025-11-29,P0032,C00012,east,9.0,5656.65,0.1,45818.86
T106282,2024-01-16,P0012,C00013,central,1.0,14484.04,0.1,13035.64
T102510,2023-03-05,P0020,C00059,west,2.0,4508.3,0.0,9016.6
T106013,2025-09-03,P0007,C00205,north,2.0,14423.4,0.1,25962.12
T101561,2025-10-11,P0039,C00131,west,3.0,14579.92,0.0,43739.76
T104634,2023-01-13,P0003,C00072,west,1.0,10949.99,0.1,9854.99
T102913,2024-10-19,P0029,C00216,south,4.0,12773.07,0.2,40873.82
T107855,2025-01-07,P0002,C00151,east,5.0,13910.88,0.09999999999999994,62598.96
T102304,2024-11-08,P0033,C00086,west,8.0,10082.29,0.0,80658.32
T105021,2024-09-17,P0024,C00182,north,2.0,11884.11,0.0,23768.22
T105214,2025-03-09,P0024,C00001,west,7.0,11884.11,0.0,83188.77
T102063,2023-08-12,P0037,C00043,west,6.0,8484.46,0.0,50906.76
T102991,2025-07-28,P0039,C00181,south,3.0,14579.92,0.0,43739.76
T104280,2025-02-01,P0015,C00117,west,5.0,4549.66,0.0,22748.3
T108770,2024-02-15,P0017,C00168,north,1.0,382.2,0.0,382.2
T104299,2024-12-05,P0033,C00118,central,10.0,10082.29,0.05,95781.76
T107446,2024-01-30,P0018,C00197,south,5.0,6437.51,0.0,32187.55
T100429,2024-03-20,P0024,C00055,south,7.0,11884.11,0.0,83188.77
T104657,2025-07-30,P0009,C00091,east,7.0,11247.7,0.0,78733.9
T104332,2023-09-03,P0001,C00228,south,7.0,6017.98,0.0,42125.86
T100385,2025-10-06,P0023,C00002,west,8.0,10713.43,0.0,85707.44
T100921,2023-12-03,P0031,C00126,west,6.0,1566.84,0.05,8930.99
T102945,2025-03-11,P0036,C00200,north,13.0,4229.62,0.1,49486.55
T102516,2025-04-17,P0031,C00167,east,3.0,1566.84,0.0,4700.52
T104339,2025-11-10,P0009,C00042,central,1.0,11247.7,0.15,9560.54
T102484,2025-06-10,P0026,C00145,north,2.0,13905.57,0.0,27811.14
T104742,2024-09-09,P0019,C00220,south,4.0,6013.99,0.0,24055.96
T105396,2025-02-22,P0016,C00053,west,2.0,2604.2105263157896,0.05,4948.0
T101277,2024-10-22,P0017,C00136,south,3.0,382.2,0.15,974.61
T101144,2024-05-30,P0028,C00015,south,5.0,13737.15,0.1,61817.18
T106472,2024-10-10,P0004,C00223,central,9.0,4999.13,0.0,44992.17
T107028,2025-07-04,P0029,C00216,south,3.0,12773.07,0.0,38319.21
T108728,2025-08-23,P0021,C00073,south,7.0,359.09,0.0,2513.63
T100637,2025-10-08,P0036,C00056,south,8.0,4229.62,0.0,33836.96
T105121,2024-03-18,P0018,C00169,central,4.0,6437.51,0.0,25750.04
T105114,2025-05-25,P0029,C00198,west,3.0,12773.07,0.0,38319.21
T100233,2024-11-16,P0001,C00189,north,5.0,6017.98,0.05,28585.4
T102716,2023-10-26,P0021,C00175,east,5.0,359.09,0.2,1436.36
T102554,2023-12-06,P0003,C00152,north,6.0,10949.99,0.0,65699.94
T105621,2023-12-18,P0014,C00168,north,7.0,500.0,0.0,3500.0
T107532,2025-07-05,P0032,C00183,south,1.0,5656.65,0.0,5656.65
T105261,2024-05-02,P0022,C00187,north,7.0,3102.81,0.15,18461.72
T106553,2023-01-25,P0005,C00037,south,2.0,8621.09,0.05,16380.07
T103605,2025-07-09,P0034,C00008,south,3.0,10038.95,0.2,24093.48
T107736,2025-09-24,P0022,C00129,central,2.0,3102.81,0.0,6205.62
T100811,2025-10-03,P0018,C00071,east,10.0,6437.51,0.0,64375.1
T107148,2024-09-01,P0020,C00102,central,1.0,4508.3,0.15,3832.06
T101142,2024-02-16,P0026,C00250,north,4.0,13905.57,0.0,55622.28
T102373,2023-05-16,P0029,C00213,south,6.0,12773.07,0.0,76638.42
T107065,2023-12-09,P0023,C00037,south,6.0,10713.43,0.05,61066.55
T103194,2024-06-29,P0035,C00213,south,2.0,8930.77,0.0,17861.54
T101046,2023-08-23,P0040,C00106,west,7.0,12756.37,0.0,89294.59
T104347,2024-07-14,P0014,C00192,central,2.0,500.0,0.0,1000.0
T107301,2023-12-07,P0001,C00116,central,6.0,6017.98,0.0,36107.88
T104252,2025-04-19,P0016,C00041,east,7.0,2604.21,0.2,14583.58
T103094,2025-01-17,P0012,C00142,west,5.0,14484.04,0.1,65178.18
T108823,2023-08-28,P0007,C00064,north,4.0,14423.4,0.0,57693.6
T102344,2025-06-05,P0016,C00208,central,1.0,2604.21,0.0,2604.21
T101962,2024-03-14,P0027,C00209,east,3.0,9818.49,0.0,29455.47
T108793,2024-11-08,P0002,C00202,south,10.0,13910.88,0.2,111287.04
T106153,2023-06-25,P0005,C00162,north,5.0,8621.09,0.0,43105.45
T108389,2025-09-05,P0025,C00188,north,6.0,9148.51,0.0,54891.06
T102122,2024-12-22,P0020,C00001,west,1.0,4508.3,0.0,4508.3
T100101,2024-02-26,P0014,C00084,north,3.0,500.0,0.0,1500.0
T100319,2025-11-09,P0039,C00091,central,9.0,14579.92,0.2,104975.42
T108580,2024-10-01,P0013,C00132,central,6.0,9164.46,0.05,52237.42
T105819,2023-03-27,P0025,C00036,north,2.0,9148.51,0.0,18297.02
T100625,2024-10-23,P0005,C00031,south,10.0,8621.09,0.0,86210.9
T106210,2024-09-25,P0028,C00016,west,1.0,13737.15,0.0,13737.15
T103027,2024-05-22,P0028,C00083,south,3.0,13737.15,0.0,41211.45
T101720,2024-09-23,P0039,C00044,south,7.0,14579.92,0.0,102059.44
T102067,2025-04-28,P0036,C00030,north,3.0,4229.62,0.0,12688.86
T108351,2024-04-20,P0011,C00196,east,2.0,8863.25,0.05,16840.18
T100334,2023-03-01,P0040,C00181,south,5.0,12756.37,0.0,63781.85
T106310,2024-06-01,P0001,C00008,south,5.0,6017.98,0.0,30089.9
T101400,2025-06-20,P0007,C00128,south,4.0,14423.4,0.0,57693.6
T101617,2025-01-15,P0032,C00225,south,4.0,5656.65,0.1,20363.94
T103721,2023-01-11,P0016,C00049,east,1.0,2604.21,0.0,2604.21
T102453,2025-12-06,P0037,C00183,south,3.0,8484.46,0.0,25453.38
T100461,2023-12-10,P0007,C00037,south,4.0,14423.4,0.0,57693.6
T108995,2024-06-18,P0007,C00248,north,2.0,14423.4,0.0,28846.8
T100008,2024-04-04,P0025,C00051,east,5.0,9148.51,0.0,45742.55
T100099,2024-02-24,P0007,C00198,west,5.0,14423.4,0.0,72117.0
T106041,2025-03-30,P0036,C00239,east,11.0,4229.62,0.0,46525.82
T106513,2024-03-06,P0024,C00213,south,3.0,11884.11,0.1,32087.1
T102729,2025-03-16,P0017,C00183,south,3.0,382.2,0.0,1146.6
T100031,2024-11-08,P0029,C00037,south,3.0,12773.07,0.05,36403.25
T101147,2024-08-30,P0001,C00227,central,5.0,6017.98,0.0,30089.9
T105328,2025-03-20,P0009,C00084,north,2.0,11247.7,0.0,22495.4
T105544,2025-03-09,P0004,C00170,west,3.0,4999.13,0.1,13497.65
T100540,2024-10-31,P0038,C00132,central,4.0,5836.46,0.0,23345.84
T103091,2023-03-30,P0021,C00172,central,5.0,359.09,0.0,1795.45
T105663,2023-03-14,P0002,C00222,central,4.0,13910.88,0.0,55643.52
T107247,2023-05-11,P0001,C00098,central,3.0,6017.98,0.0,18053.94
T104522,2024-08-23,P0036,C00157,central,5.0,4229.62,0.0,21148.1
T108649,2025-05-17,P0040,C00195,east,2.0,12756.37,0.0,25512.74
T103165,2023-06-14,P0010,C00164,north,8.0,8164.43,0.15,55518.12
T105377,2025-09-05,P0001,C00210,north,3.0,6017.98,0.15,15345.85
T105547,2024-11-24,P0016,C00034,east,1.0,2604.21,0.0,2604.21
T102407,2024-03-22,P0018,C00130,east,3.0,6437.51,0.0,19312.53
T105501,2025-09-08,p0038 ,C00150,east,4.0,5836.46,0.0,23345.84
T106781,2024-04-17,P0030,C00054,central,5.0,6824.34,0.0,34121.7
T102748,2023-04-26,P0012,C00003,north,2.0,14484.04,0.1,26071.27
T101322,2024-11-30,P0026,C00067,central,3.0,13905.57,0.0,41716.71
T104726,2025-07-22,P0008,C00125,north,3.0,499.0,0.0,1497.0
T104362,2025-01-11,P0009,C00121,east,11.0,11247.7,0.0,123724.7
T100601,2025-08-06,P0020,C00075,east,1.0,4508.3,0.0,4508.3
T101313,2024-09-19,P0020,C00032,north,2.0,4508.3,0.0,9016.6
T106387,2023-11-29,P0035,C00184,east,8.0,8930.77,0.15,60729.24
T108014,2024-05-05,P0014,C00149,north,3.0,500.0,0.1,1350.0
T101044,2023-06-24,P0033,C00250,north,5.0,10082.29,0.1,45370.31
T104454,2024-06-06,P0026,C00137,south,10.0,13905.57,0.0,139055.7
T105925,2025-04-06,P0021,C00156,south,1.0,359.09,0.05,341.14
T105666,2023-03-02,P0013,C00028,central,2.0,9164.46,0.0,18328.92
T104450,2024-11-28,P0033,C00222,central,10.0,10082.29,0.1,90740.61
T105952,2023-03-11,P0035,C00040,north,2.0,8930.77,0.0,17861.54
T100291,2025-07-20,P0022,C00216,south,2.0,3102.81,0.0,6205.62
T101472,2023-06-03,P0038,C00169,central,7.0,5836.46,0.15,34726.94
T103206,2025-08-31,P0021,C00105,west,4.0,359.09,0.0,1436.36
T108950,2023-07-02,P0039,C00159,north,4.0,14579.92,0.0,58319.68
T100618,2024-08-18,P0012,C00214,central,7.0,14484.04,0.0,101388.28
T101550,2025-08-20,P0039,C00014,central,2.0,14579.92,0.0,29159.84
T100594,2024-10-01,P0015,C00066,west,9.0,4549.66,0.0,40946.94
T107862,2023-01-26,P0008,C00021,central,2.0,499.0,0.2,798.4
T103245,2023-06-10,P0037,C00004,east,2.0,8484.46,0.0,16968.92
T103892,2023-05-07,P0013,C00017,east,3.0,9164.46,0.05,26118.71
T107812,2023-11-01,P0029,C00041,east,4.0,12773.07,0.0,51092.28
T102894,2023-11-30,P0038,C00026,north,1.0,5836.46,0.05,5544.64
T107910,2024-11-07,P0031,C00194,east,7.0,1566.84,0.0,10967.88
T105957,2024-07-21,P0031,C00077,south,4.0,1566.84,0.0,6267.36
T105262,2025-03-18,P0006,C00022,north,3.0,7884.39,0.0,23653.17
T103142,2024-11-18,P0030,C00120,west,1.0,6824.34,0.0,6824.34
T102022,2023-11-01,P0024,C00127,south,4.0,11884.11,0.0,47536.44
T108486,2023-03-03,P0030,C00047,central,2.0,6824.34,0.2,10918.94
T101145,2024-01-28,P0035,C00083,south,4.0,8930.77,0.0,35723.08
T104705,2024-08-18,P0005,C00131,west,3.0,8621.09,0.0,25863.27
T106658,2025-12-26,P0006,C00008,south,5.0,7884.39,0.0,39421.95
T107615,2024-02-23,P0016,C00207,central,1.0,2604.21,0.2,2083.37
T108809,2024-06-11,P0033,C00015,south,2.0,10082.29,0.0,20164.58
T107567,2024-08-01,P0017,C00022,north,2.0,382.2,0.0,764.4
T103003,2023-10-23,P0003,C00124,west,7.0,10949.99,0.0,76649.93
T108145,2023-02-13,P0011,C00097,west,1.0,8863.25,0.15,7533.76
T104885,2025-07-07,P0017,C00123,north,7.0,382.2,0.0,2675.4
T105573,2023-09-10,P0033,C00209,east,1.0,10082.29,0.0,10082.29
T102650,2024-10-22,P0010,C00011,east,1.0,8164.43,0.0,8164.43
T108219,2024-09-07,P0038,C00245,north,4.0,5836.46,0.0,23345.84
T103514,2025-09-22,P0040,C00084,north,8.0,12756.37,0.0,102050.96
T101840,2023-07-23,P0020,C00088,south,4.0,4508.3,0.15,15328.22
T101671,2025-10-16,P0001,C00033,north,1.0,6017.98,0.0,6017.98
T105260,2025-07-27,P0006,C00116,central,9.0,7884.39,0.0,70959.51
T105170,2024-03-22,P0032,C00086,west,5.0,5656.65,0.0,28283.25
T106000,2025-01-15,P0024,C00191,south,6.0,11884.11,0.0,71304.66
T103774,2025-10-10,P0040,C00164,north,3.0,12756.37,0.05,36355.65
T107930,2024-10-25,P0013,C00144,west,4.0,9164.46,0.0,36657.84
T103139,2025-06-17,P0038,C00192,central,4.0,5836.46,0.1,21011.26
T101314,2023-10-06,P0009,C00231,north,9.0,11247.7,0.0,101229.3
T107046,2024-12-16,P0004,C00174,central,10.0,4999.13,0.0,49991.3
T101928,2025-04-18,P0006,C00135,north,6.0,7884.39,0.2,37845.07
T107644,2025-05-28,P0019,C00012,east,11.0,6013.99,0.05,62846.2
T104534,2025-11-23,P0039,C00136,south,11.0,14579.92,0.0,160379.12
T101915,2025-02-07,P0015,C00084,central,6.0,4549.66,0.0,27297.96
T104502,2025-03-08,P0013,C00081,west,7.0,9164.46,0.0,64151.22
T108062,2025-09-24,P0033,C00098,east,2.0,10082.29,0.0,20164.58
T104617,2025-10-22,P0025,C00007,central,3.0,9148.51,0.0,27445.53
T103078,2023-09-24,P0024,C00086,west,4.0,11884.11,0.0,47536.44
T108403,2024-09-08,P0006,C00139,south,3.0,7884.39,0.2,18922.54
T101793,2025-09-17,P0039,C00085,central,6.0,14579.92,0.0,87479.52
T100748,2025-09-14,P0016,C00090,south,3.0,2604.21,0.0,7812.63
T108232,2025-02-02,P0006,C00238,west,4.0,7884.39,0.0,31537.56
T107991,2023-11-06,P0011,C00129,central,7.0,8863.25,0.0,62042.75
T103502,2024-04-03,P0012,C00149,north,6.0,14484.04,0.0,86904.24
T103689,2024-11-28,P0034,C00055,south,1.0,10038.95,0.15,8533.11
T101414,2025-11-11,P0023,C00101,east,7.0,10713.43,0.0,74994.01
T101126,2023-11-03,P0017,C00105,west,3.0,382.2,0.0,1146.6
T104821,2025-02-08,P0008,C00120,west,4.0,499.0,0.0,1996.0
T104267,2023-01-06,P0007,C00163,west,2.0,14423.4,0.0,28846.8
T106266,2025-01-09,P0038,C00105,west,1.0,5836.46,0.0,5836.46
T108042,2024-11-16,P0023,C00103,west,3.0,10713.43,0.0,32140.29
T102087,2023-03-13,P0012,C00084,north,10.0,14484.04,0.0,144840.4
T101509,2023-10-28,P0026,C00003,north,8.0,13905.57,0.0,111244.56
T106569,2023-10-25,P0027,C00096,central,2.0,9818.49,0.0,19636.98
T107595,2024-07-19,P0037,C00062,south,3.0,8484.46,0.05,24180.71
T106868,2024-08-19,P0028,C00110,east,4.0,13737.15,0.0,54948.6
T107212,2025-06-08,P0037,C00168,north,3.0,8484.46,0.1,22908.04
T108201,2024-03-02,P0028,C00090,south,7.0,13737.15,0.0,96160.05
T107499,2023-12-19,P0040,C00049,east,4.0,12756.37,0.15,43371.66
T105708,2024-09-12,P0030,C00125,north,2.0,6824.34,0.0,13648.68
T103639,2025-03-01,P0008,C00021,central,6.0,499.0,0.0,2994.0
T100664,2025-11-24,P0010,C00074,east,11.0,8164.43,0.0,89808.73
T102835,2023-02-02,P0021,C00207,central,2.0,359.09,0.05,34113.5
T100841,2023-07-20,P0033,C00050,east,3.0,10082.29,0.2,24197.5
T106424,2024-04-29,P0025,C00142,central,3.0,9148.51,0.0,27445.53
T105199,2025-08-03,P0013,C00111,north,4.0,9164.46,0.0,36657.84
T101175,2023-09-05,P0004,C00096,central,4.0,4999.13,0.0,19996.52
T107163,2023-06-21,P0005,C00179,north,5.0,8621.09,0.0,43105.45
T100833,2024-04-29,P0018,C00067,central,3.0,6437.51,0.0,19312.53
T102036,2025-02-15,P0003,C00113,east,2.0,10949.99,0.0,21899.98
T103405,2024-05-12,P0030,C00046,south,8.0,6824.34,0.0,54594.72
T100872,2025-09-22,P0004,C00147,north,1.0,4999.13,0.0,4999.13
T105357,2024-03-06,P0019,C00200,north,5.0,6013.99,0.0,30069.95
T106091,2024-01-26,P0014,C00141,south,3.0,500.0,0.1,1350.0
T104306,2023-06-27,P0028,C00075,central,1.0,13737.15,0.0,13737.15
T105687,2023-09-28,P0018,C00208,central,4.0,6437.51,0.0,25750.04
T102404,2025-10-26,P0022,C00105,west,3.0,3102.81,0.05,8843.01
T101295,2023-08-09,P0031,C00194,east,7.0,1566.84,0.15,9322.7
T107433,2025-08-25,P0034,C00017,east,3.0,10038.95,0.0,30116.85
T103396,2023-03-15,P0036,C00145,north,4.0,4229.62,0.2,13534.78
T101501,2025-07-05,P0037,C00085,central,2.0,8484.46,0.0,16968.92
T108989,2025-02-23,P0020,C00173,central,3.0,4508.3,0.1,12172.41
T101315,2025-05-26,P0023,C00070,west,8.0,10713.43,0.1,77136.7
T101888,2025-09-18,P0030,C00166,central,7.0,6824.34,0.1,42993.34
T107542,2025-06-25,P0032,C00244,south,4.0,5656.65,0.2,18101.28
T108406,2025-02-15,P0028,C00185,central,4.0,13737.15,0.1,49453.74
T104341,2023-02-08,P0009,C00075,north,4.0,11247.7,0.15,38242.18
T105705,2025-12-11,P0038,C00064,north,3.0,5836.46,0.15,14882.97
T100411,2023-07-15,P0040,C00061,west,5.0,12756.37,0.0,63781.85
T104012,2025-09-16,P0029,C00135,north,2.0,12773.07,0.0,25546.14
T102818,2025-12-25,P0029,C00224,central,1.0,12773.07,0.0,12773.07
T101429,2025-06-20,P0019,C00110,east,3.0,6013.99,0.0,18041.97
T102614,2025-02-26,P0020,C00047,central,3.0,4508.3,0.0,13524.9
T106062,2024-05-18,P0032,C00153,central,4.0,5656.65,0.0,22626.6
T106861,2023-01-19,P0018,C00007,central,5.0,6437.51,0.1,28968.8
T101770,2024-09-10,P0039,C00203,west,5.0,14579.92,0.05,69254.62
T103857,2025-10-27,P0012,C00189,north,8.0,14484.04,0.1,104285.09
T100604,2024-01-28,P0024,C00197,south,4.0,11884.109375,0.2,38029.15
T100030,2023-11-02,P0034,C00240,south,5.0,10038.95,0.0,50194.75
T107872,2025-07-14,P0033,C00099,north,7.0,10082.29,0.0,70576.03
T100263,2025-12-03,P0026,C00008,south,5.0,13905.57,0.2000000000000001,55622.28
T106152,2024-02-21,P0019,C00187,north,1.0,6013.99,0.0,6013.99
T100247,2024-10-24,P0005,C00137,south,6.0,8621.09,0.0,51726.54
T100852,2023-11-01,P0008,C00119,south,4.0,499.0,0.0,1996.0
T104372,2025-11-18,P0022,C00030,north,3.0,3102.81,0.0,9308.43
T104394,2023-04-22,P0038,C00035,central,6.0,5836.46,0.1,31516.88
T100199,2025-09-07,P0018,C00182,north,2.0,6437.51,0.1,11587.52
T100532,2025-08-23,P0001,C00230,east,8.0,6017.98,0.0,48143.84
T104992,2025-04-24,P0028,C00182,north,6.0,13737.15,0.0,82422.9
T103872,2025-05-30,P0022,C00170,west,4.0,3102.81,0.1,11170.12
T106188,2024-08-21,P0022,C00077,south,8.0,3102.81,0.2,19857.98
T105369,2025-12-01,P0002,C00173,south,2.0,13910.88,0.15,23648.5
T100455,2025-12-25,P0021,C00225,south,9.0,359.09,0.0,3231.81
T101197,2024-08-02,P0001,C00159,north,2.0,6017.98,0.0,12035.96
T105368,2024-01-11,P0029,C00068,north,2.0,12773.07,0.1,22991.53
T101768,2024-05-10,P0033,C00183,west,3.0,10082.29,0.05,28734.53
T102210,2024-10-15,P0013,C00027,north,6.0,9164.46,0.0,54986.76
T102982,2024-09-18,P0034,C00217,north,3.0,10038.95,0.0,30116.85
T103880,2025-03-30,P0033,C00058,east,3.0,10082.29,0.0,30246.87
T106870,2025-11-28,P0027,C00208,central,9.0,9818.49,0.1,79529.77
T104751,2023-12-04,P0010,C00223,central,6.0,8164.43,0.2,39189.26
T104782,2025-06-01,P0017,C00030,north,4.0,382.2,0.05,1452.36
T107659,2024-11-26,P0016,C00042,central,3.0,2604.21,0.0,7812.63
T106921,2023-12-15,P0030,C00048,south,4.0,6824.34,0.0,27297.36
T107846,2024-02-11,P0037,C00214,central,5.0,8484.46,0.0,42422.3
T105969,2025-12-23,P0035,C00032,north,9.0,8930.77,0.15,68320.39
T106127,2023-01-28,P0025,C00165,west,5.0,9148.51,0.0,45742.55
T103316,2023-11-17,P0003,C00162,north,4.0,10949.99,0.0,43799.96
T101263,2025-08-18,P0010,C00238,west,8.0,8164.43,0.0,65315.44
T102132,2025-04-28,P0010,C00114,south,3.0,8164.43,0.0,24493.29
T103396,2023-03-15,P0036,C00145,north,4.0,4229.62,0.2,13534.78
T108317,2024-01-17,P0031,C00045,west,1.0,1566.84,0.15,1331.81
T102483,2025-09-26,P0020,C00232,west,4.0,4508.3,0.0,18033.2
T102319,2023-03-13,P0007,C00031,south,5.0,14423.4,0.0,72117.0
T100217,2025-02-19,P0002,C00054,central,6.0,13910.88,0.0,83465.28
T101005,2025-11-11,P0028,C00234,east,7.0,13737.15,0.0,96160.05
T102688,2024-09-02,P0001,C00144,west,2.0,6017.98,0.0,12035.96
T108512,2023-10-23,P0009,C00075,west,5.0,11247.7,0.0,56238.5
T106615,2025-05-28,P0023,C00242,east,6.0,10713.429629629629,0.1,57852.52
T102310,2024-10-18,P0005,C00136,south,7.0,8621.09,0.0,60347.63
T103916,2025-04-28,P0037,C00201,west,1.0,8484.46,0.1,7636.01
T102191,2023-03-24,P0001,C00114,south,3.0,6017.98,0.0,18053.94
T101718,2023-01-25,P0034,C00119,south,2.0,10038.95,0.1,18070.11
T107591,2025-06-23,P0012,C00219,west,4.0,14484.04,0.15,49245.74
T100675,2025-10-28,P0039,C00184,east,8.0,14579.92,0.1,104975.42
T101527,2023-03-14,P0023,C00187,north,6.0,10713.43,0.0,64280.58
T102150,2025-10-13,P0003,C00022,north,5.0,10949.99,0.0,54749.95
T106862,2023-03-07,P0027,C00195,east,2.0,9818.49,0.0,19636.98
T103963,2024-02-10,P0034,C00196,east,3.0,10038.95,0.0,30116.85
T100229,2023-04-05,P0007,C00174,central,5.0,14423.4,0.0,72117.0
T104427,2024-04-15,P0006,C00025,south,4.0,7884.39,0.0,31537.56
T105815,2025-01-23,P0038,C00004,east,2.0,5836.46,0.05,11089.27
T108603,2023-01-03,P0017,C00043,west,3.0,382.2,0.0,1146.6
T108041,2024-03-11,P0004,C00124,west,7.0,4999.13,0.0,34993.91
T101369,2025-10-03,P0026,C00056,south,1.0,13905.57,0.0,13905.57
T101732,2025-06-17,P0021,C00171,east,6.0,359.09,0.0,2154.54
T102515,2023-08-10,P0012,C00074,east,4.0,14484.038888888888,0.1,52142.54
T107080,2024-06-04,P0028,C00056,south,4.0,13737.15,0.0,54948.6
T107436,2023-04-21,P0040,C00200,north,3.0,12756.37,0.2,30615.29
T103284,2024-04-18,P0025,C00101,east,5.0,9148.51,0.0,45742.55
T103647,2024-03-30,P0033,C00213,south,4.0,10082.29,0.0,40329.16
T107558,2025-03-13,P0003,C00054,central,6.0,10949.99,0.0,65699.94
T103126,2023-06-22,P0026,C00043,west,4.0,13905.57,0.0,55622.28
T107676,2025-11-26,P0036,C00152,north,11.0,4229.62,0.0,46525.82
T107321,2025-08-26,P0016,C00120,west,3.0,2604.21,0.0,7812.63
T105781,2025-08-31,P0020,C00016,west,3.0,4508.3,0.2,10819.92
T103263,2023-07-08,P0039,C00072,west,3.0,14579.92,0.0,43739.76
T102358,2025-12-24,P0026,C00237,central,9.0,13905.57,0.0,125150.13
T106577,2024-05-05,P0023,C00165,west,2.0,10713.43,0.2,17141.49
T108646,2023-11-23,P0007,C00183,south,4.0,14423.4,0.0,57693.6
T100337,2024-02-10,P0018,C00176,east,1.0,6437.51,0.05,6115.63
T104104,2023-11-22,P0029,C00062,south,11.0,12773.07,0.0,140503.77
T104304,2023-10-24,P0022,C00042,central,7.0,3102.81,0.1,19547.7
T105737,2023-01-14,P0003,C00181,south,3.0,10949.99,0.05,31207.47
T102034,2023-07-03,P0014,C00053,west,4.0,500.0,0.05,1900.0
T102189,2025-09-03,P0029,C00129,central,4.0,12773.07,0.0,51092.28
T106425,2025-02-20,P0017,C00145,north,1.0,382.2,0.0,382.2
T102215,2024-05-24,P0022,C00139,south,2.0,3102.81,0.2,4964.5
T106934,2024-05-05,P0007,C00022,north,10.0,14423.4,0.0,144234.0
T105404,2024-07-27,P0012,C00045,west,2.0,14484.04,0.0,28968.08
T101226,2023-07-06,P0025,C00027,north,4.0,9148.51,0.0,36594.04
T100096,2023-04-11,P0026,C00150,east,1.0,13905.57,0.0,13905.57
T105034,2023-08-28,P0028,C00103,west,2.0,13737.15,0.0,27474.3
T102880,2023-02-04,P0009,C00031,south,1.0,11247.7,0.0,11247.7
T103314,2025-05-02,P0013,C00169,central,4.0,9164.46,0.0,36657.84
T101642,2024-09-04,P0020,C00196,east,3.0,4508.3,0.05,12848.66
T106962,2023-09-23,P0035,C00083,south,7.0,8930.77,0.05,59389.62
T102576,2023-11-17,P0037,C00112,south,6.0,8484.46,0.0,50906.76
T108098,2025-05-31,P0015,C00099,north,4.0,4549.66,0.0,18198.64
T108390,2024-07-09,P0035,C00226,west,7.0,8930.77,0.2,50012.31
T107259,2025-08-12,P0006,C00088,south,8.0,7884.39,0.05,59921.36
T101017,2023-10-21,P0035,C00027,west,12.0,8930.77,0.15,91093.85
T102088,2023-07-04,P0002,C00061,west,2.0,13910.88,0.0,27821.76
T108694,2025-11-05,P0025,C00049,east,1.0,9148.51,0.05,8691.08
T104129,2024-11-11,P0023,C00111,north,3.0,10713.43,0.05,30533.28
T102794,2025-07-01,P0032,C00202,west,7.0,5656.65,0.0,39596.55
T100350,2025-02-01,P0040,C00054,central,2.0,12756.37,0.0,25512.74
T101745,2025-01-20,P0023,C00015,south,5.0,10713.43,0.0,53567.15
T105157,2023-11-07,P0030,C00027,south,9.0,6824.34,0.0,61419.06
T106618,2025-04-09,P0015,C00084,north,4.0,4549.66,0.0,18198.64
T104273,2025-10-22,P0018,C00190,north,5.0,6437.51,0.1,28968.8
T107954,2023-03-03,P0011,C00235,east,6.0,8863.25,0.1,47861.55
T108500,2023-06-22,P0040,C00059,north,2.0,12756.37,0.0,25512.74
T101672,2023-04-25,P0003,C00092,south,4.0,10949.99,0.05,41609.96
T107535,2025-05-25,P0012,C00249,west,7.0,14484.04,0.0,101388.28
T101210,2025-06-01,P0024,C00064,north,6.0,11884.11,0.0,71304.66
T105007,2023-08-28,P0028,C00234,east,2.0,13737.15,0.0,27474.3
T104767,2024-08-21,P0026,C00100,east,5.0,13905.57,0.0,69527.85
T103269,2025-01-31,P0037,C00192,central,3.0,8484.46,0.0,25453.38
T101372,2024-05-23,P0034,C00057,east,7.0,10038.95,0.0,70272.65
T104046,2025-10-13,P0018,C00149,north,8.0,6437.51,0.0,51500.08
T105337,2023-03-29,P0003,C00247,north,5.0,10949.99,0.1,49274.96
T100742,2024-08-06,P0037,C00122,west,5.0,8484.46,0.0,42422.3
T100180,2024-10-25,P0019,C00118,central,4.0,6013.99,0.0,24055.96
T101115,2023-02-02,P0018,C00135,north,4.0,6437.51,0.04999992233021774,24462.54
T103208,2024-08-19,P0002,C00160,south,3.0,13910.88,0.0,41732.64
T100349,2025-04-10,P0012,C00068,north,7.0,14484.04,0.1,91249.45
T108055,2024-06-05,P0028,C00171,east,4.0,13737.15,0.0,54948.6
T104201,2023-09-12,P0034,C00032,north,5.0,10038.95,0.0,50194.75
T103001,2023-04-19,P0023,C00026,north,4.0,10713.43,0.0,42853.72
T108383,2024-09-19,P0002,C00004,east,5.0,13910.88,0.0,69554.4
T107890,2025-01-26,P0007,C00250,north,1.0,14423.4,0.05,13702.23
T100147,2023-04-15,P0025,C00005,east,7.0,9148.51,0.15,54433.63
T100081,2024-10-03,P0003,C00109,north,7.0,10949.99,0.0,76649.93
T101406,2024-01-25,P0031,C00014,central,5.0,1566.84,0.0,7834.2
T107921,2025-08-30,P0037,C00123,north,3.0,8484.46,0.0,25453.38
T105425,2024-01-28,P0019,C00182,north,1.0,6013.99,0.0,6013.99
T100831,2023-02-09,P0026,C00069,central,2.0,13905.57,0.2,22248.91
T103813,2024-04-16,P0028,C00038,west,4.0,13737.15,0.0,54948.6
T105041,2024-02-26,P0001,C00008,south,2.0,6017.98,0.0,12035.96
T108583,2025-06-27,P0005,C00045,west,1.0,8621.09,0.0,8621.09
T106676,2024-04-08,P0036,C00055,south,6.0,4229.62,0.0,25377.72
T108555,2025-08-31,P0035,C00198,west,1.0,8930.77,0.0,8930.77
T106400,2023-06-12,P0021,C00247,north,1.0,359.09,0.0,359.09
T102579,2024-12-11,P0012,C00249,west,16.0,14484.04,0.05,220157.41
T107918,2025-05-04,P0029,C00147,north,4.0,12773.07,0.0,51092.28
T106074,2023-03-13,P0037,C00104,east,5.0,8484.46,0.0,42422.3
T103146,2023-06-28,P0003,C00221,west,4.0,10949.99,0.0,43799.96
T107534,2025-09-03,P0033,C00113,east,4.0,10082.29,0.0,40329.16
T106366,2025-06-04,P0007,C00233,west,4.0,14423.4,0.0,57693.6
T102094,2023-12-15,P0015,C00150,east,7.0,4549.66,0.0,31847.62
T106119,2025-12-26,P0031,C00155,west,5.0,1566.84,0.0,7834.2
T101349,2024-03-18,P0028,C00229,east,1.0,13737.15,0.0,13737.15
T107267,2023-03-18,P0001,C00055,south,4.0,6017.98,0.0,24071.92
T104343,2024-08-24,P0037,C00232,west,8.0,8484.46,0.2,54300.54
T104716,2024-06-07,P0037,C00127,south,2.0,8484.46,0.0,16968.92
T107380,2024-03-28,P0004,C00243,west,5.0,4999.13,0.0,24995.65
T100710,2025-01-22,P0014,C00002,west,5.0,500.0,0.1,2250.0
T105528,2024-05-23,P0018,C00166,central,5.0,6437.51,0.15,27359.42
T104574,2023-06-15,P0003,C00011,east,2.0,10949.99,0.1,19709.98
T108489,2024-09-24,P0034,C00106,west,5.0,10038.95,0.15,42665.54
T106818,2025-07-17,P0012,C00012,east,8.0,14484.04,0.0,115872.32
T108765,2023-10-31,P0033,C00134,east,7.0,10082.29,0.0,70576.03
T108961,2023-11-06,P0008,C00223,south,4.0,499.0,0.0,1996.0
T106460,2025-12-15,P0009,C00047,central,9.0,11247.7,0.0,101229.3
T104366,2025-03-23,P0012,C00014,central,6.0,14484.04,0.0,86904.24
T102802,2023-07-08,P0013,C00104,south,6.0,9164.46,0.0,54986.76
T102167,2025-08-03,P0004,C00002,west,7.0,4999.13,0.0,34993.91
T103459,2023-09-04,P0014,C00159,north,5.0,500.0,0.15,2125.0
T106630,2025-09-09,P0029,C00208,central,4.0,12773.07,0.0,51092.28
T105245,2024-08-20,P0022,C00198,west,6.0,3102.81,0.0,18616.86
T101139,2024-05-03,P0010,C00189,north,8.0,8164.43,0.1,58783.9
T105059,2025-05-10,P0013,C00141,central,6.0,9164.46,0.0,54986.76
T102233,2024-01-03,P0021,C00167,east,1.0,359.09,0.0,359.09
T102858,2025-11-14,P0014,C00150,east,5.0,500.0,0.0,2500.0
T105282,2023-05-14,P0029,C00176,east,2.0,12773.072222222221,0.1,22991.53
T107609,2024-06-21,P0025,C00234,east,3.0,9148.51,0.0,27445.53
T108525,2023-04-27,P0027,C00181,south,4.0,9818.49,0.0,39273.96
T103367,2024-12-04,P0007,C00193,east,3.0,14423.4,0.0,43270.2
T100172,2024-03-24,P0035,C00134,south,2.0,8930.77,0.0,17861.54
T106661,2025-01-26,P0033,C00050,east,1.0,10082.29,0.0,10082.29
T102795,2024-10-05,P0036,C00226,west,6.0,4229.62,0.0,25377.72
T100039,2024-07-31,P0009,C00188,north,1.0,11247.7,0.1,10122.93
T102948,2023-08-21,P0032,C00236,east,2.0,5656.65,0.0,11313.3
T103465,2023-04-02,P0034,C00195,east,3.0,10038.95,0.0,30116.85
T103626,2023-02-08,P0037,C00011,east,5.0,8484.46,0.0,42422.3
T105848,2024-01-25,P0020,C00116,central,4.0,4508.3,0.0,18033.2
T107618,2023-05-07,P0012,C00116,central,9.0,14484.04,1.1163180092146522e-16,130356.36
T102588,2025-05-30,P0038,C00096,central,7.0,5836.46,0.05,38812.46
T107960,2023-06-09,P0035,C00145,north,5.0,8930.77,0.0,44653.85
T101957,2025-09-12,P0039,C00215,east,11.0,14579.92,0.05,152360.16
T108196,2023-08-09,P0005,C00147,north,5.0,8621.09,0.0,43105.45
T101616,2023-11-08,P0012,C00054,central,6.0,14484.04,0.15,73868.6
T108660,2025-10-13,P0040,C00249,west,10.0,12756.37,0.2,102050.96
T104771,2025-07-27,P0034,C00071,east,3.0,10038.95,0.0,30116.85
T104003,2023-05-13,P0020,C00107,east,6.0,4508.3,0.1,24344.82
T104906,2025-01-21,P0035,C00225,south,3.0,8930.77,0.0,26792.31
T104808,2025-08-25,P0006,C00130,east,2.0,7884.39,0.1,14191.9
T105875,2025-09-17,P0015,C00178,west,3.0,4549.66,0.0,13648.98
T100533,2024-01-01,P0006,C00139,central,5.0,7884.39,0.0,39421.95
T101740,2024-07-13,P0013,C00074,east,6.0,9164.46,0.0,54986.76
T108428,2023-06-08,P0023,C00069,central,5.0,10713.43,0.0,53567.15
T105698,2023-10-06,P0010,C00237,central,2.0,8164.43,0.1,14695.97
T101650,2024-10-14,P0007,C00247,north,1.0,14423.4,0.0,14423.4
T100065,2023-04-02,P0030,C00203,west,5.0,6824.34,0.2,27297.36
T102029,2025-01-04,P0038,C00142,central,3.0,5836.46,0.0,17509.38
T102935,2025-12-25,P0038,C00045,west,5.0,5836.46,0.0,29182.3
T100354,2025-10-16,P0020,C00086,west,3.0,4508.3,0.15,11496.16
T102684,2024-08-30,P0006,C00189,north,6.0,7884.39,0.0,47306.34
T106307,2023-07-27,P0019,C00205,north,4.0,6013.99,0.15,20447.57
T103482,2025-06-30,P0024,C00181,south,1.0,11884.11,0.0,11884.11
T102833,2023-01-19,P0011,C00089,east,4.0,8863.25,0.0,35453.0
T106629,2023-02-24,P0019,C00220,north,5.0,6013.99,0.15,25559.46
T104635,2025-07-03,P0005,C00019,central,1.0,8621.09,0.0,8621.09
T107237,2024-11-27,P0013,C00075,central,10.0,9164.46,0.0,91644.6
T104963,2023-06-03,P0032,C00008,south,4.0,5656.65,0.1,20363.94
T108891,2024-01-07,P0025,C00038,west,3.0,9148.51,0.0,27445.53
T100472,2025-12-27,P0001,C00227,central,3.0,6017.98,0.0,18053.94
T102165,2024-01-25,P0037,C00199,central,2.0,8484.46,0.1999997642749214,13575.14
T108048,2024-12-18,P0005,C00066,west,8.0,8621.09,0.0,68968.72
T107219,2024-01-10,P0018,C00237,central,4.0,6437.51,0.0,25750.04
T104903,2023-11-10,P0002,C00177,south,8.0,13910.88,0.1,100158.34
T101665,2023-08-23,P0023,C00110,east,5.0,10713.43,0.15,45532.08
T101746,2023-07-04,P0023,C00153,central,3.0,10713.43,0.049999859988817834,30533.28
T100868,2024-04-27,P0010,C00194,east,1.0,8164.43,0.0,8164.43
T101721,2024-05-19,P0022,C00129,central,5.0,3102.81,0.0,15514.05
T100323,2024-06-09,P0012,C00157,central,2.0,14484.04,0.0,28968.08
T106008,2025-07-04,P0035,C00076,central,11.0,8930.77,0.0,98238.47
T106774,2025-05-01,P0025,C00057,east,1.0,9148.51,0.1,8233.66
T107794,2023-04-23,P0007,C00137,south,1.0,14423.4,0.0,14423.4
T103933,2025-11-08,P0003,C00132,central,5.0,10949.99,0.0,54749.95
T101608,2024-09-12,P0026,C00204,central,4.0,13905.57,0.0,55622.28
T103528,2025-11-07,P0004,C00056,south,9.0,4999.13,0.0,44992.17
T108505,2024-04-02,P0009,C00230,east,4.0,11247.7,0.0,44990.8
T107429,2023-04-06,P0001,C00222,central,6.0,6017.98,0.0,36107.88
T107351,2023-09-28,P0015,C00034,east,8.0,4549.66,0.1,32757.55
T101075,2025-10-23,P0034,C00034,east,8.0,10038.95,0.0,80311.6
T103077,2025-09-16,P0024,C00179,north,2.0,11884.11,0.0,23768.22
T101254,2024-09-20,P0027,C00032,north,5.0,9818.49,0.1,44183.2
T105598,2024-11-03,P0007,C00204,central,4.0,14423.4,0.0,57693.6
T105171,2024-03-16,P0019,C00197,south,6.0,6013.99,0.15,30671.35
T108276,2024-04-14,P0034,C00121,east,7.0,10038.95,0.0,70272.65
T106864,2025-10-16,P0036,C00109,north,1.0,4229.62,0.0,4229.62
T103753,2025-05-27,P0015,C00250,north,6.0,4549.66,0.1,24568.16
T107663,2025-08-17,P0017,C00015,south,7.0,382.2,0.05,2541.63
T105100,2025-12-13,P0011,C00024,south,9.0,8863.25,0.0,79769.25
T104395,2025-09-11,P0040,C00040,north,1.0,12756.37,0.0,12756.37
T103950,2024-06-12,P0038,C00009,central,3.0,5836.46,0.0,17509.38
T100073,2023-11-09,P0005,C00109,north,4.0,8621.09,0.0,34484.36
T105229,2024-10-27,P0009,C00151,east,12.0,11247.7,0.0,134972.4
T107695,2025-05-04,P0001,C00119,south,7.0,6017.98,0.0,42125.86
T103455,2023-09-22,P0017,C00216,south,8.0,382.2,0.0,3057.6
T103181,2023-09-28,P0031,C00100,east,9.0,1566.84,0.0,14101.56
T106858,2024-09-04,P0019,C00110,east,2.0,6013.99,0.1,10825.18
T104791,2024-01-30,P0023,C00178,west,5.0,10713.43,0.0,53567.15
T108695,2025-08-18,P0025,C00035,central,1.0,9148.51,0.0,9148.51
T108968,2025-01-09,P0029,C00084,north,2.0,12773.07,0.0,25546.14
T106308,2025-11-22,P0031,C00024,south,9.0,1566.84,0.0,14101.56
T108474,2025-04-26,P0039,C00180,central,3.0,14579.92,0.1,39365.78
T107348,2025-07-07,P0019,C00052,east,6.0,6013.99,0.0,36083.94
T100118,2025-06-19,P0024,C00186,north,9.0,11884.11,0.0,106956.99
T105857,2025-09-05,P0036,C00230,east,3.0,4229.62,0.0,12688.86
T107524,2023-04-27,P0006,C00182,north,3.0,7884.39,0.0,23653.17
T103590,2024-10-13,P0029,C00023,west,1.0,12773.07,0.0,12773.07
T107611,2025-11-08,P0023,C00221,west,9.0,10713.43,0.0,96420.87
T102316,2025-02-12,P0009,C00159,north,6.0,11247.7,0.0,67486.2
T101219,2023-12-28,P0002,C00020,north,4.0,13910.88,0.0,55643.52
T103473,2025-04-10,P0031,C00014,central,4.0,1566.84,0.2,5013.89
T102348,2025-09-30,P0002,C00068,north,3.0,13910.88,0.0,41732.64
T107817,2025-07-19,P0008,C00127,south,7.0,499.0,0.15,2969.05
T105685,2024-11-01,P0036,C00180,central,4.0,4229.62,0.2,13534.78
T107249,2023-04-06,P0037,C00035,central,6.0,8484.46,0.0,50906.76
T102225,2023-04-15,P0031,C00098,east,3.0,1566.84,0.0,4700.52
T100449,2023-07-17,P0014,C00210,north,1.0,500.0,0.0,500.0
T106681,2024-05-11,P0011,C00074,east,3.0,8863.25,0.0,26589.75
T104696,2024-03-21,P0017,C00240,south,4.0,382.2,0.0,1528.8
T101741,2023-07-13,P0019,C00163,west,3.0,6013.99,0.0,18041.97
T108734,2023-09-01,P0029,C00146,central,3.0,12773.07,0.0,38319.21
T104601,2023-03-10,P0020,C00012,east,3.0,4508.3,0.0,13524.9
T100177,2023-03-28,P0025,C00196,east,6.0,9148.51,0.2,43912.85
T100132,2024-01-30,P0033,C00050,east,4.0,10082.29,0.0,40329.16
T105488,2025-07-05,P0015,C00060,central,6.0,4549.66,0.0,27297.96
T108499,2024-01-14,P0012,C00145,north,3.0,14484.04,0.0,43452.12
T101374,2025-02-01,P0011,C00198,west,2.0,8863.25,0.0,17726.5
T105845,2023-04-17,P0033,C00235,east,4.0,10082.29,0.0,40329.16
T100000,2023-10-13,P0029,C00010,south,1.0,12773.07,0.0,12773.07
T107957,2025-08-12,P0021,C00172,central,3.0,359.09,0.0,1077.27
T105006,2024-07-27,P0013,C00200,north,1.0,9164.46,0.0,9164.46
T106386,2023-10-20,P0013,C00249,west,4.0,9164.46,0.0,36657.84
T103706,2024-06-27,P0006,C00244,south,3.0,7884.39,0.0,23653.17
T103210,2025-11-11,P0015,C00117,west,7.0,4549.66,0.05,30255.24
T107661,2023-11-14,P0030,C00043,west,4.0,6824.34,0.0,27297.36
T107231,2024-08-14,P0010,C00010,south,3.0,8164.43,0.1,22043.96
T103962,2023-04-19,P0037,C00129,central,4.0,8484.46,0.15,28847.16
T105196,2023-12-25,P0020,C00009,central,4.0,4508.3,0.0,18033.2
T103375,2024-02-17,P0002,C00023,west,3.0,13910.88,0.0,41732.64
T106896,2023-11-14,P0029,C00232,west,8.0,12773.07,0.1,91966.1
T102481,2024-12-03,P0029,C00230,east,1.0,12773.07,0.05,12134.42
T105231,2023-06-10,P0034,C00089,east,3.0,10038.95,0.0,30116.85
T101992,2025-02-01,P0009,C00121,east,4.0,11247.7,0.0,44990.8
T108933,2024-11-16,P0037,C00080,north,5.0,8484.46,0.1,38180.07
T108448,2023-01-27,P0030,C00128,south,4.0,6824.34,0.0,27297.36
T100408,2024-08-18,P0007,C00245,central,5.0,14423.4,0.0,72117.0
T101731,2024-04-03,P0013,C00247,north,3.0,9164.46,0.0,27493.38
T104868,2025-07-24,P0032,C00205,north,4.0,5656.65,0.05,21495.27
T101027,2023-05-17,P0020,C00233,west,1.0,4508.3,0.0,4508.3
T100157,2023-08-20,P0035,C00140,west,1.0,8930.77,0.0,8930.77
T101421,2025-10-11,P0040,C00104,south,5.0,12756.37,0.0,63781.85
T100388,2025-03-02,P0023,C00149,north,3.0,10713.43,0.0,32140.29
T104606,2025-05-10,P0025,C00223,central,8.0,9148.51,0.0,73188.08
T106879,2024-01-28,P0028,C00193,east,2.0,13737.15,0.0,27474.3
T108278,2023-06-11,P0012,C00030,north,6.0,14484.04,0.0,86904.24
T101790,2025-07-13,P0039,C00038,west,6.0,14579.92,0.0,87479.52
T104704,2024-06-29,P0024,C00211,west,4.0,11884.11,0.0,47536.44
T104977,2025-10-31,P0025,C00031,south,6.0,9148.51,0.15,46657.4
T100712,2023-05-22,P0013,C00212,south,4.0,9164.46,0.0,36657.84
T105151,2025-05-27,P0033,C00150,east,2.0,10082.29,0.0,20164.58
T100510,2024-07-07,P0002,C00167,east,1.0,13910.88,0.0,13910.88
T101061,2025-06-10,P0038,C00108,west,7.0,5836.46,0.0,40855.22
T102989,2025-07-07,P0034,C00189,north,6.0,10038.95,0.15,51198.64
T104084,2024-05-31,P0035,C00056,south,4.0,8930.77,0.1,32150.77
T105771,2025-08-13,P0039,C00093,north,2.0,14579.92,0.0,29159.84
T101502,2025-06-09,P0017,C00167,east,4.0,382.2,0.2,1223.04
T104007,2025-06-26,P0040,C00102,central,2.0,12756.37,0.0,25512.74
T101684,2025-08-15,P0019,C00192,central,4.0,6013.99,0.0,24055.96
T108329,2023-01-31,P0008,C00140,west,5.0,499.0,0.0,2495.0
T102605,2025-01-23,P0031,C00209,east,4.0,1566.84,0.0,6267.36
T100678,2024-03-13,P0034,C00087,central,2.0,10038.95,0.0,20077.9
T103550,2025-10-29,P0007,C00085,central,8.0,14423.4,0.0,115387.2
T105353,2025-07-27,P0016,C00032,north,3.0,2604.21,0.0,7812.63
T106337,2024-10-18,P0032,C00018,central,6.0,5656.65,0.0,33939.9
T107288,2023-12-10,P0033,C00010,south,6.0,10082.29,0.0,60493.74
T104122,2023-03-28,P0038,C00175,east,7.0,5836.46,0.0,40855.22
T104229,2023-09-05,P0001,C00109,north,4.0,6017.98,0.0,24071.92
T100957,2023-09-14,P0007,C00101,east,2.0,14423.4,0.1,25962.12
T106361,2024-07-06,P0029,C00027,north,3.0,12773.07,0.05,36403.25
T106322,2025-06-03,P0008,C00125,north,6.0,499.0,0.0,2994.0
T108987,2023-06-29,P0020,C00222,central,4.0,4508.3,0.15,15328.22
T106268,2025-09-03,P0016,C00171,east,4.0,2604.21,0.05,9896.0
T104317,2024-03-30,P0015,C00073,south,3.0,4549.66,0.0,13648.98
T106802,2025-11-14,P0015,C00061,west,9.0,4549.66,0.0,40946.94
T100724,2023-12-07,P0006,C00047,central,7.0,7884.39,10.0,49671.66
T104035,2025-11-12,P0016,C00088,south,9.0,2604.21,0.1,21094.1
T104851,2025-12-01,P0026,C00022,north,9.0,13905.57,0.1,112635.12
T105866,2023-03-23,P0003,C00148,north,5.0,10949.99,0.15,46537.46
T104169,2024-09-02,P0027,C00201,west,7.0,9818.49,0.0,68729.43
T100794,2025-11-19,P0023,C00160,south,3.0,10713.43,0.0,32140.29
T102755,2025-03-01,P0008,C00037,south,3.0,499.0000000000001,0.05,1422.15
T102057,2023-08-15,P0040,C00012,east,3.0,12756.37,0.0,38269.11
T106275,2023-06-22,P0040,C00191,south,2.0,12756.37,0.0,25512.74
T108328,2025-12-19,P0021,C00052,east,5.0,359.09,0.0,1795.45
T100251,2024-08-20,P0006,C00163,north,1.0,7884.39,0.0,7884.39
T103684,2023-01-05,P0040,C00105,west,2.0,12756.37,0.0,25512.74
T105325,2025-02-12,P0039,C00168,north,1.0,14579.92,0.0,14579.92
T103172,2023-04-26,P0011,C00168,north,5.0,8863.25,0.2,35453.0
T102648,2024-11-29,P0012,C00029,east,1.0,14484.04,0.0,14484.04
T103621,2025-07-08,P0040,C00025,south,3.0,12756.37,0.0,38269.11
T105970,2025-08-24,P0020,C00168,north,3.0,4508.3,0.1000000000000001,12172.41
T104685,2024-08-03,P0023,C00225,south,7.0,10713.43,0.0,74994.01
T108959,2023-05-27,P0001,C00227,central,3.0,6017.98,0.0,18053.94
T101233,2023-03-15,P0020,C00171,east,4.0,4508.3,0.0,18033.2
T107605,2025-07-28,P0008,C00205,north,6.0,499.0,0.2,2395.2
T108554,2025-09-04,P0031,C00018,central,6.0,1566.84,0.0,9401.04
T101615,2023-10-10,P0029,C00179,north,9.0,12773.07,0.0,114957.63
T107344,2024-03-07,P0027,C00105,west,5.0,9818.49,0.15,41728.58
T107173,2025-10-15,P0006,C00188,north,6.0,7884.39,0.0,47306.34
T107025,2024-08-08,P0032,C00077,south,1.0,5656.65,0.0,5656.65
T104519,2025-08-01,P0028,C00122,west,11.0,13737.15,0.0,151108.65
T103434,2024-01-03,P0027,C00118,central,2.0,9818.49,0.0,19636.98
T103350,2024-03-13,P0036,C00065,east,5.0,4229.62,0.0,21148.1
T104603,2023-09-24,P0035,C00100,east,6.0,8930.77,0.0,53584.62
T104371,2024-11-27,P0009,C00109,north,12.0,11247.7,0.0,134972.4
T106300,2024-05-10,P0023,C00161,west,3.0,10713.43,0.2,25712.23
T103790,2024-03-04,P0024,C00142,central,7.0,11884.11,0.0,83188.77
T108281,2023-09-26,P0032,C00242,east,4.0,5656.65,0.0,22626.6
T104706,2025-07-09,P0026,C00138,central,2.0,13905.57,0.2,22248.91
T108825,2024-08-12,P0037,C00060,east,5.0,8484.46,0.0,42422.3
T104753,2023-05-17,P0002,C00124,west,3.0,13910.88,0.0,41732.64
T101396,2024-12-01,P0028,C00137,south,5.0,13737.15,0.0,68685.75
T102728,2024-02-15,P0035,C00154,west,3.0,8930.77,0.0,26792.31
T108045,2023-05-23,P0014,C00218,central,8.0,500.0,0.0,4000.0
T107438,2024-02-21,P0016,C00178,west,2.0,2604.21,0.05,4948.0
T104233,2023-01-31,P0002,C00052,east,6.0,13910.88,0.0,83465.28
T101042,2025-08-08,P0027,C00085,central,6.0,9818.49,0.05,55965.39
T100611,2024-07-11,P0010,C00231,north,3.0,8164.43,0.0,24493.29
T102549,2023-05-15,P0025,C00083,south,2.0,9148.51,0.1,16467.32
T103479,2025-12-05,P0031,C00015,south,7.0,1566.84,0.0,10967.88
T102018,2023-06-15,P0016,C00030,north,1.0,2604.21,0.0,2604.21
T108869,2024-11-24,P0025,C00211,west,1.0,9148.51,0.0,9148.51
T102999,2024-10-10,P0012,C00127,south,10.0,14484.04,0.0,144840.4
T107514,2023-04-18,P0019,C00199,central,1.0,6013.99,0.0,6013.99
T104789,2023-04-28,P0034,C00072,west,6.0,10038.95,0.0,60233.7
T103785,2025-07-27,P0035,C00049,east,7.0,8930.77,0.0,62515.39
T107888,2024-10-16,P0014,C00099,north,6.0,500.0,0.0,3000.0
T107775,2023-03-25,P0026,C00080,north,2.0,13905.57,0.0,27811.14
T108422,2024-05-31,P0008,C00065,east,1.0,499.0,0.0,499.0
T106347,2025-08-03,P0024,C00039,north,6.0,11884.11,0.0,71304.66
T106011,2023-02-26,P0026,C00065,east,5.0,13905.57,0.1,62575.07
T100503,2024-04-20,P0004,C00033,north,5.0,4999.13,0.0,24995.65
T107763,2024-03-06,P0007,C00053,west,4.0,14423.4,0.0,57693.6
T100274,2023-04-18,P0022,C00199,central,3.0,3102.81,0.0,9308.43
T101345,2025-01-22,P0032,C00017,east,2.0,5656.65,0.0,11313.3
T107705,2023-04-23,P0027,C00139,south,1.0,9818.49,0.05,9327.57
T106070,2025-06-30,P0014,C00158,east,7.0,500.0,0.0,3500.0
T103281,2025-05-31,P0028,C00048,south,2.0,13737.15,0.0,27474.3
T104102,2024-11-12,P0010,C00167,east,3.0,8164.43,0.05,23268.63
T102473,2023-10-25,P0036,C00067,central,4.0,4229.62,0.1,15226.63
T106912,2025-02-22,P0031,C00106,west,5.0,1566.84,0.0,7834.2
T104002,2024-09-09,P0021,C00024,south,3.0,359.09,0.0,1077.27
T103518,2023-10-31,P0007,C00195,east,7.0,14423.4,0.0,100963.8
T105696,2024-10-03,P0022,C00237,central,7.0,3102.81,0.1,19547.7
T102533,2025-04-20,P0018,C00132,central,3.0,6437.509999999999,0.0,19312.53
T100108,2025-08-09,P0002,C00053,west,3.0,13910.88,0.0,41732.64
T100683,2023-01-26,P0032,C00011,east,1.0,5656.65,0.05,5373.82
T104695,2024-04-10,P0023,C00150,east,4.0,10713.43,0.0,42853.72
T108629,2025-12-18,P0017,C00096,central,7.0,382.2,0.0,2675.4
T100997,2024-10-21,P0011,C00220,north,3.0,8863.25,0.15,22601.29
T106955,2025-09-06,P0021,C00073,south,8.0,359.09,0.0,2872.72
T102465,2023-07-06,P0034,C00213,south,6.0,10038.95,0.0,60233.7
T101176,2025-08-03,P0008,C00102,central,6.0,499.0,0.0,2994.0
T101346,2023-09-29,P0013,C00018,central,7.0,9164.46,0.0,64151.22
T107146,2023-09-04,P0003,C00228,south,3.0,10949.99,0.0,32849.97
T100744,2025-08-14,P0029,C00063,north,2.0,12773.07,0.1,22991.53
T107932,2024-09-14,P0021,C00150,east,6.0,359.09,0.0,2154.54
T104597,2025-08-19,P0015,C00195,east,4.0,4549.66,0.0,18198.64
T104694,2024-11-08,P0008,C00102,central,5.0,499.0,0.0,2495.0
T102249,2025-09-10,P0037,C00215,east,6.0,8484.46,0.0,50906.76
T102777,2024-05-21,p0002 ,C00121,east,7.0,13910.88,0.0,97376.16
T108983,2025-11-28,P0038,C00207,central,11.0,5836.46,0.0,64201.06
T102362,2024-02-02,P0011,C00232,west,5.0,8863.25,0.2,35453.0
T101688,2023-06-24,P0030,C00078,west,4.0,6824.34,0.0,27297.36
T107135,2025-07-25,P0032,C00209,east,7.0,5656.65,0.15,33657.07
T108917,2024-12-16,P0019,C00050,east,10.0,6013.99,0.05,57132.9
T108299,2025-09-25,P0011,C00201,west,6.0,8863.25,0.0,53179.5
T101919,2023-10-04,P0008,C00144,west,1.0,499.0,0.0,499.0
T104101,2024-01-31,P0030,C00077,south,2.0,6824.34,0.0,13648.68
T102034,2023-07-03,P0014,C00053,west,4.0,500.0,0.05,1900.0
T100693,2024-06-23,P0040,C00012,east,4.0,12756.37,0.0,51025.48
T100485,2025-11-15,P0029,C00249,west,5.0,12773.07,0.0,63865.35
T108831,2024-11-24,P0019,C00164,north,5.0,6013.99,0.15,25559.46
T106696,2024-03-25,P0015,C00125,north,4.0,4549.66,0.05,17288.71
T100982,2024-09-23,P0039,C00060,south,3.0,14579.92,0.2,34991.81
T101261,2024-11-23,P0001,C00109,north,3.0,6017.98,0.0,18053.94
T100079,2025-02-16,P0013,C00164,north,6.0,9164.46,0.0,54986.76
T102766,2023-12-14,P0003,C00063,north,9.0,10949.99,0.0,98549.91
T108569,2025-12-11,P0022,C00207,central,7.0,3102.81,0.0,21719.67
T108758,2024-11-21,P0006,C00047,central,3.0,7884.39,0.1,21287.85
T104692,2025-02-26,P0023,C00042,central,6.0,10713.43,0.0,64280.58
T106874,2024-03-04,P0002,C00078,west,4.0,13910.88,0.0,55643.52
T102651,2024-12-10,P0016,C00148,north,8.0,2604.21,0.0,20833.68
T106689,2025-06-21,P0024,C00195,east,3.0,11884.11,0.05,33869.71
T107937,2024-08-04,P0015,C00165,west,6.0,4549.66,0.0,27297.96
T104198,2025-10-02,P0037,C00106,west,1.0,8484.46,0.0,8484.46
T105674,2023-12-04,P0013,C00125,north,7.0,9164.46,0.0,64151.22
T101578,2023-12-29,P0024,C00246,south,1.0,11884.11,0.0,11884.11
T108864,2024-04-15,P0019,C00107,east,2.0,6013.99,0.05,11426.58
T100445,2024-02-27,P0001,C00093,north,1.0,6017.98,0.0,6017.98
T103969,2025-05-03,P0036,C00144,west,7.0,4229.62,0.1,26646.61
T104960,2025-05-02,P0017,C00062,south,4.0,382.2,0.0,1528.8
T106706,2023-05-13,P0029,C00247,north,3.0,12773.07,0.0,38319.21
T105762,2025-10-16,P0036,C00119,south,5.0,4229.62,0.0,21148.1
T104561,2023-01-29,P0010,C00164,north,4.0,8164.43,0.0,32657.72
T102886,2023-05-02,P0038,C00240,south,5.0,5836.46,0.0,29182.3
T105046,2025-03-09,P0030,C00020,north,6.0,6824.34,0.1,36851.44
T102377,2023-07-20,P0026,C00242,east,2.0,13905.57,0.05,26420.58
T108854,2025-07-27,P0013,C00094,south,6.0,9164.46,0.0,54986.76
T103320,2025-02-27,P0008,C00027,central,4.0,499.0,0.05,1896.2
T102641,2023-06-13,P0002,C00134,east,4.0,13910.88,0.05,52861.34
T101597,2023-05-01,P0016,C00068,north,5.0,2604.21,0.05,12370.0
T107431,2025-04-07,P0023,C00219,west,2.0,10713.43,0.0,21426.86
T108751,2023-07-13,P0007,C00090,south,3.0,14423.4,0.1,38943.18
T100068,2025-09-15,P0006,C00056,north,4.0,7884.39,0.0,31537.56
T103833,2024-05-17,P0008,C00104,south,6.0,499.0,0.05,2844.3
T100048,2023-04-05,P0001,C00191,south,2.0,6017.98,0.0,12035.96
T101053,2025-09-05,P0010,C00074,east,3.0,8164.43,0.0,24493.29
T103964,2025-06-12,P0009,C00033,north,7.0,11247.7,0.0,78733.9
T103265,2025-09-03,P0006,C00054,central,4.0,7884.39,0.0,31537.56
T102918,2023-08-20,P0002,C00157,central,2.0,13910.88,0.0,27821.76
T100603,2024-07-04,P0008,C00010,south,3.0,499.0,0.0,1497.0
T105048,2024-08-25,P0034,C00150,east,8.0,10038.95,0.0,80311.6
T108189,2023-04-25,P0032,C00189,north,7.0,5656.65,0.0,39596.55
T105722,2023-02-11,P0012,C00207,central,6.0,14484.04,0.0,86904.24
T107032,2025-05-17,P0020,C00036,north,4.0,4508.3,0.0,18033.2
T101467,2023-04-08,P0026,C00125,north,5.0,13905.57,0.0,3476392.5000000005
T105381,2025-06-23,P0011,C00113,east,2.0,8863.25,0.0,17726.5
T107525,2025-05-23,P0034,C00244,south,7.0,10038.95,0.2,56218.12
T100393,2025-11-09,P0037,C00099,north,2.0,8484.46,0.05,16120.47
T108356,2024-05-25,P0019,C00026,north,6.0,6013.99,0.0,36083.94
T100230,2025-09-11,P0025,C00225,south,4.0,9148.51,0.0,36594.04
T101320,2024-11-11,P0020,C00026,north,7.0,4508.3,0.0,31558.1
T100041,2023-10-05,P0037,C00026,north,3.0,8484.46,0.2,20362.7
T104352,2025-06-28,P0009,C00206,north,8.0,11247.7,0.1,80983.44
T102882,2024-11-08,P0009,C00089,east,3.0,11247.7,0.1,30368.79
T108115,2024-01-07,P0025,C00118,central,1.0,9148.51,0.0,9148.51
T103412,2025-09-12,P0038,C00204,central,4.0,5836.46,0.0,23345.84
T104011,2024-04-07,P0027,C00208,central,4.0,9818.49,0.0,39273.96
T101530,2023-12-02,P0034,C00234,east,3.0,10038.95,0.05,28611.01
T102921,2025-01-01,P0014,C00107,east,4.0,500.0,0.0,2000.0
T102615,2025-11-28,P0009,C00152,north,13.0,11247.7,0.0,146220.1
T107318,2024-10-07,P0004,C00186,north,4.0,4999.13,0.0,19996.52
T108396,2025-12-17,P0004,C00091,central,11.0,4999.13,0.2,43992.34
T101323,2024-07-19,P0010,C00142,central,5.0,8164.43,0.0,40822.15
T105447,2025-01-26,P0039,C00171,east,2.0,14579.92,0.05,27701.85
T104132,2024-10-21,P0040,C00002,west,12.0,12756.37,0.15,130114.97
T102337,2023-05-26,P0033,C00170,west,6.0,10082.29,0.0,60493.74
T101491,2024-05-22,P0029,C00067,east,4.0,12773.07,0.0,51092.28
T106243,2024-02-20,P0005,C00085,central,4.0,8621.09,0.0,34484.36
T106174,2025-05-19,P0015,C00190,north,6.0,4549.66,0.0,27297.96
T100061,2025-08-21,P0040,C00230,east,7.0,12756.37,0.2,71435.67
T108384,2025-02-19,P0004,C00126,west,1.0,4999.13,0.0,4999.13
T104031,2024-11-18,P0007,C00169,west,7.0,14423.4,0.0,100963.8
T105577,2023-01-03,P0031,C00002,west,5.0,1566.84,0.0,7834.2
T107303,2024-10-12,P0016,C00070,west,10.0,2604.21,0.0,26042.1
T100402,2023-09-27,P0015,C00005,east,4.0,4549.66,0.0,18198.64
T100332,2024-08-16,P0030,C00033,north,4.0,6824.34,0.1,24567.62
T107623,2023-08-12,P0032,C00002,west,7.0,5656.65,0.0,39596.55
T101009,2025-12-18,P0027,C00085,central,9.0,9818.49,0.0,88366.41
T101168,2023-06-08,P0002,C00078,west,4.0,13910.88,0.0,55643.52
T102272,2024-07-02,P0015,C00206,north,3.0,4549.66,0.1,12284.08
T108077,2025-09-29,P0007,C00159,north,1.0,14423.4,0.05,13702.23
T104453,2024-03-25,P0009,C00164,north,4.0,11247.7,0.0,44990.8
T103688,2025-06-09,P0024,C00112,south,2.0,11884.11,0.0,23768.22
T105702,2023-01-13,P0006,C00040,north,5.0,7884.39,0.0,39421.95
T104939,2025-02-02,P0013,C00214,central,6.0,9164.46,0.0,54986.76
T107298,2025-07-13,P0028,C00099,north,3.0,13737.15,0.0,41211.45
T106242,2024-02-21,P0010,C00236,central,2.0,8164.43,0.0,16328.86
T101438,2023-02-19,P0015,C00164,north,2.0,4549.66,0.0,9099.32
T102420,2025-08-30,P0034,C00168,north,6.0,10038.95,0.05,57222.02
T102521,2025-08-22,P0040,C00092,south,2.0,12756.37,0.0,25512.74
T106758,2025-10-10,P0022,C00098,east,3.0,3102.81,0.0,9308.43
T101334,2024-12-02,P0010,C00043,west,8.0,8164.43,0.0,65315.44
T101783,2025-03-17,P0016,C00094,south,3.0,2604.21,0.0,7812.63
T108545,2024-11-09,P0004,C00002,west,4.0,4999.13,0.0,19996.52
T101659,2025-11-07,P0025,C00056,south,7.0,9148.51,0.0,64039.57
T103628,2025-11-07,P0013,C00028,central,7.0,9164.46,0.0,64151.22
T103717,2023-12-09,P0032,C00071,east,3.0,5656.65,0.0,16969.95
T106363,2023-11-13,P0031,C00099,north,3.0,1566.84,0.0,4700.52
T105012,2023-12-20,P0013,C00250,north,6.0,9164.46,0.05,52237.42
T103437,2024-10-22,P0026,C00110,east,4.0,13905.57,0.2,44497.82
T107195,2024-08-24,P0026,C00156,south,5.0,13905.57,0.0,69527.85
T105504,2025-05-11,P0029,C00057,east,4.0,12773.07,0.0,51092.28
T100706,2023-10-10,P0029,C00111,north,11.0,12773.07,0.0,140503.77
T103454,2023-04-17,P0036,C00014,central,1.0,4229.62,0.0,4229.62
T105958,2025-09-08,P0006,C00001,west,7.0,7884.39,0.05,52431.19
T105308,2023-09-28,P0033,C00092,south,3.0,10082.29,0.0,30246.87
T102072,2023-11-06,P0026,C00125,north,9.0,13905.57,0.0,125150.13
T103799,2024-01-03,P0026,C00027,central,7.0,13905.57,0.0,97338.99
T106181,2025-05-14,P0035,C00069,central,4.0,8930.77,0.1,32150.77
T103592,2025-10-22,P0013,C00174,central,8.0,9164.46,0.1,65984.11
T101562,2024-08-25,P0005,C00200,north,2.0,8621.09,0.1,15517.96
T104112,2023-05-13,P0024,C00132,central,5.0,11884.11,0.05,56449.52
T104291,2024-03-24,P0016,C00204,central,6.0,2604.21,0.0,15625.26
T101747,2023-10-19,P0016,C00137,south,11.0,2604.21,0.1,25781.68
T100696,2024-08-01,P0001,C00233,west,1.0,6017.98,0.0,6017.98
T101103,2024-02-13,P0009,C00113,east,2.0,11247.7,0.0,22495.4
T100473,2025-06-02,P0002,C00163,east,8.0,13910.88,0.0,111287.04
T100379,2025-07-05,p0016 ,C00120,west,1.0,2604.21,0.0,2604.21
T108519,2025-02-13,P0036,C00079,south,3.0,4229.62,0.05,12054.42
T104047,2025-05-18,P0011,C00143,south,9.0,8863.25,0.0,79769.25
T108866,2025-03-02,P0013,C00016,west,6.0,9164.460000000001,0.0,54986.76
T104723,2025-12-25,P0019,C00196,east,5.0,6013.99,0.05,28566.45
T106821,2024-11-28,P0035,C00025,south,7.0,8930.77,0.05,59389.62
T106195,2024-12-03,P0019,C00020,north,1.0,6013.99,0.0,6013.99
T103352,2024-05-15,P0015,C00241,south,7.0,4549.66,0.2,25478.1
T105967,2023-10-15,P0013,C00156,south,8.0,9164.46,0.0,73315.68
T104189,2024-11-06,P0017,C00044,south,1.0,382.2,0.0,382.2
T100381,2023-09-18,P0012,C00016,west,2.0,14484.04,0.1,26071.27
T105974,2024-05-12,P0016,C00233,west,1.0,2604.21,0.0,2604.21
T106043,2023-04-22,P0003,C00221,west,4.0,10949.99,0.0,43799.96
T102164,2024-02-28,P0029,C00060,south,3.0,12773.07,0.0,38319.21
T105112,2025-12-03,P0013,C00063,north,13.0,9164.46,0.0,119137.98
T102485,2023-12-01,P0017,C00110,east,2.0,382.2,0.0,764.4
T105710,2024-02-21,P0016,C00126,west,5.0,2604.21,0.0,13021.05
T106659,2024-02-10,P0034,C00040,north,1.0,10038.95,0.0,10038.95
T106822,2025-04-26,P0034,C00125,north,9.0,10038.95,0.0,90350.55
T100058,2024-04-26,P0038,C00245,central,4.0,5836.46,0.2,933833.5
T108302,2025-08-28,P0011,C00146,central,3.0,8863.25,0.0,26589.75
T101155,2025-11-14,P0032,C00073,south,3.0,5656.65,0.2,13575.96
T103501,2023-03-09,P0025,C00118,central,1.0,9148.51,0.0,9148.51
T108811,2024-09-14,P0015,C00157,central,5.0,4549.66,0.0,22748.3
T102762,2025-05-14,P0014,C00047,central,7.0,500.0,0.0,3500.0
T104398,2024-12-08,P0026,C00104,south,6.0,13905.57,0.0,83433.42
T104852,2024-01-14,P0031,C00232,west,3.0,1566.84,0.0,4700.52
T102960,2023-10-09,P0019,C00171,east,6.0,6013.99,0.0,36083.94
T101193,2023-11-29,P0033,C00222,central,6.0,10082.29,0.0,60493.74
T107324,2025-11-14,P0004,C00022,north,3.0,4999.13,0.0,14997.39
T107626,2024-09-23,P0011,C00201,west,3.0,8863.25,0.0,26589.75
T100858,2025-06-17,P0018,C00128,south,6.0,6437.509999999999,0.0,38625.06
T104510,2024-08-11,P0033,C00222,central,3.0,10082.29,0.0,30246.87
T106601,2024-01-03,P0017,C00062,south,2.0,382.2,0.0,764.4
T103616,2023-03-27,P0022,C00025,south,7.0,3102.81,0.05,20633.69
T106617,2025-05-29,P0034,C00022,north,4.0,10038.95,0.0,40155.8
T106796,2023-08-17,P0007,C00188,north,5.0,14423.4,0.1,64905.3
T101536,2024-01-04,P0025,C00051,central,3.0,9148.51,0.0,27445.53
T100745,2024-03-20,P0001,C00160,south,1.0,6017.98,0.0,6017.98
T106055,2023-05-27,P0005,C00194,east,8.0,8621.09,0.0,68968.72
T104414,2024-04-10,P0009,C00164,north,4.0,11247.7,0.0,44990.8
T108339,2023-01-30,P0002,C00172,central,4.0,13910.88,0.0,55643.52
T107533,2025-06-16,P0037,C00111,north,6.0,8484.46,0.15,43270.75
T103149,2024-10-30,P0035,C00016,west,9.0,8930.77,0.0,80376.93
T102724,2025-02-18,P0008,C00200,north,2.0,499.0,0.0,998.0
T103985,2023-06-07,P0009,C00234,east,6.0,11247.7,0.15,57363.27
T108493,2024-06-08,P0014,C00080,north,3.0,500.0,0.0,1500.0
T106855,2025-08-07,P0022,C00114,south,3.0,3102.81,0.05,8843.01
T104580,2025-01-30,P0036,C00204,central,7.0,4229.62,0.0,29607.34
T104533,2025-10-12,P0038,C00171,east,9.0,5836.46,0.1,47275.33
T106085,2024-07-26,P0025,C00140,west,3.0,9148.51,0.1,24700.98
T108717,2025-08-26,P0032,C00226,west,8.0,5656.65,0.0,45253.2
T107530,2024-05-23,P0029,C00162,north,4.0,12773.07,0.0,51092.28
T102275,2025-05-19,P0030,C00081,west,6.0,6824.34,0.0,40946.04
T101656,2024-04-29,P0032,C00178,west,4.0,5656.65,0.0,22626.6
T107961,2025-08-18,P0029,C00209,east,3.0,12773.07,0.0,38319.21
T101533,2023-06-19,P0031,C00127,south,7.0,1566.84,0.2,8774.3
T104176,2024-12-03,P0008,C00191,south,8.0,499.0,0.05,3792.4
T107414,2023-11-10,P0026,C00094,south,12.0,13905.57,0.2,133493.47
T108021,2023-05-16,P0034,C00228,south,5.0,10038.95,0.050000049806005566,47685.01
T105909,2023-11-23,P0023,C00190,north,11.0,10713.43,0.0,117847.73
T104466,2025-06-10,P0040,C00150,east,4.0,12756.37,0.1,45922.93
T106993,2024-08-27,P0036,C00214,central,4.0,4229.62,0.0,16918.48
T103649,2023-09-15,P0008,C00009,central,9.0,499.0,0.0,4491.0
T105610,2024-07-04,P0002,C00163,south,8.0,13910.88,0.0,111287.04
T108925,2023-04-17,P0037,C00056,south,3.0,8484.46,0.0,25453.38
T103256,2025-11-07,P0003,C00226,west,1.0,10949.99,0.0,10949.99
T100214,2024-10-13,P0017,C00227,central,1.0,382.2,0.0,382.2
T107075,2024-07-28,P0039,C00003,north,4.0,14579.92,0.0,58319.68
T104418,2025-06-23,P0020,C00117,west,11.0,4508.3,0.0,49591.3
T108033,2025-02-07,P0017,C00051,east,3.0,382.2,0.0,1146.6
T100862,2024-01-18,P0001,C00178,west,1.0,6017.98,0.0,6017.98
T100003,2025-09-04,P0030,C00039,north,3.0,6824.34,0.0,20473.02
T103014,2025-10-17,P0038,C00138,central,6.0,5836.46,0.05,33267.82
T108421,2025-12-25,P0022,C00174,central,7.0,3102.81,0.0,21719.67
T108015,2023-08-17,P0040,C00121,east,4.0,12756.37,0.0,51025.48
T105869,2025-07-13,P0024,C00028,central,3.0,11884.11111111111,0.1,32087.1
T100181,2025-11-06,P0016,C00010,south,1.0,2604.21,0.0,2604.21
T101618,2023-10-04,P0006,C00126,west,2.0,7884.39,0.05,14980.34
T104162,2025-01-04,P0033,C00112,south,1.0,10082.29,0.15,8569.95
T107685,2025-04-03,P0030,C00008,south,2.0,6824.34,0.0,13648.68
T106215,2024-05-26,P0018,C00170,west,2.0,6437.51,0.1,11587.52
T104772,2024-11-07,P0009,C00007,central,10.0,11247.7,0.0,112477.0
T107183,2024-10-30,P0004,C00160,south,6.0,4999.13,0.0,29994.78
T106068,2024-04-03,P0027,C00079,south,2.0,9818.49,0.0,19636.98
T102412,2025-03-19,P0034,C00065,east,9.0,10038.95,0.2,72280.44
T103955,2023-09-09,P0033,C00080,north,2.0,10082.29,0.15,17139.89
T107258,2023-08-20,P0039,C00224,central,3.0,14579.92,0.05,41552.77
T107423,2024-01-20,P0009,C00217,north,4.0,11247.7,0.0,44990.8
T102954,2023-03-17,P0027,C00216,south,2.0,9818.49,0.2,15709.58
T102523,2025-11-19,P0013,C00195,east,7.0,9164.46,0.0,64151.22
T103085,2023-07-18,P0007,C00056,south,1.0,14423.4,0.0,14423.4
T108247,2025-04-08,P0026,C00199,central,4.0,13905.57,0.0,55622.28
T100070,2024-01-25,P0035,C00061,west,1.0,8930.77,0.0,8930.77
T100544,2023-05-11,P0040,C00049,east,5.0,12756.37,1.1407567535566034e-16,63781.85
T108128,2024-01-26,P0036,C00014,central,4.0,4229.62,0.0,16918.48
T100835,2023-05-05,P0032,C00196,east,3.0,5656.65,0.0,16969.95
T102115,2023-11-11,P0033,C00192,central,11.0,10082.29,0.1,99814.67
T106932,2025-10-28,P0025,C00218,central,8.0,9148.51,0.1,65869.27
T103325,2025-04-27,P0014,C00154,west,6.0,500.0,0.2,2400.0
T103749,2023-11-10,P0013,C00072,west,5.0,9164.46,0.0,45822.3
T108826,2023-09-26,P0022,C00104,south,5.0,3102.81,0.1,13962.64
T100367,2024-05-14,P0027,C00017,east,5.0,9818.49,0.0,49092.45
T106994,2023-09-13,P0038,C00209,east,4.0,5836.46,0.0,23345.84
T108862,2025-03-09,P0010,C00209,east,4.0,8164.43,0.0,32657.72
T104436,2023-02-27,P0010,C00043,west,2.0,8164.43,0.0,16328.86
T107373,2025-09-16,P0006,C00049,east,4.0,7884.39,0.1,28383.8
T100877,2025-01-31,P0009,C00098,east,2.0,11247.7,0.0,22495.4
T107908,2023-07-28,P0032,C00109,north,1.0,5656.65,0.0,5656.65
T100196,2025-09-18,P0002,C00187,north,14.0,13910.88,0.05,185014.7
T108885,2025-07-08,P0003,C00188,north,2.0,10949.99,0.1,19709.98
T102522,2025-08-07,P0019,C00020,north,3.0,6013.99,0.0,18041.97
T102260,2024-12-26,P0034,C00105,west,5.0,10038.95,0.0,50194.75
T104057,2024-10-28,P0022,C00041,east,6.0,3102.81,0.1,16755.17
T108439,2023-05-26,P0039,C00056,south,9.0,14579.92,0.0,131219.28
T106087,2025-02-08,P0008,C00080,north,6.0,499.0,0.0,2994.0
T106936,2024-04-16,P0015,C00058,east,4.0,4549.66,0.0,18198.64
T101544,2025-08-01,P0020,C00204,central,9.0,4508.3,0.0,40574.7
T104825,2023-08-10,P0003,C00100,east,3.0,10949.99,0.0,32849.97
T108627,2025-01-30,P0008,C00096,central,4.0,499.0,0.0,1996.0
T107539,2023-05-01,P0001,C00095,central,3.0,6017.98,0.1,16248.55
T108541,2024-08-17,P0035,C00132,central,5.0,8930.77,0.1,40188.47
T105081,2025-01-25,P0028,C00212,south,3.0,13737.15,0.0,41211.45
T104461,2024-07-09,P0034,C00168,north,3.0,10038.95,0.0,30116.85
T106735,2024-12-16,P0032,C00032,north,6.0,5656.65,0.0,33939.9
T101432,2025-04-25,P0017,C00223,central,1.0,382.2,0.1,343.98
T105281,2025-03-15,P0006,C00094,south,4.0,7884.39,0.0,31537.56
T104514,2025-04-21,P0038,C00198,west,2.0,5836.46,0.05,11089.27
T106790,2023-01-12,P0040,C00112,south,1.0,12756.37,0.0,12756.37
T103290,2023-08-29,P0025,C00182,north,4.0,9148.51,0.0,36594.04
T102881,2024-09-14,P0031,C00235,east,7.0,1566.84,0.0,10967.88
T105689,2025-05-18,P0034,C00222,central,1.0,10038.95,0.0,10038.95
T103082,2024-02-07,P0003,C00094,south,3.0,10949.99,0.0,32849.97
T107649,2023-08-04,P0013,C00031,south,5.0,9164.46,0.05,43531.18
T107012,2023-09-01,P0012,C00097,west,2.0,14484.04,0.0,28968.08
T107008,2023-10-20,P0015,C00046,south,2.0,4549.66,0.0,9099.32
T104463,2024-05-05,P0035,C00026,north,6.0,8930.77,0.0,53584.62
T108137,2024-07-03,P0015,C00028,central,6.0,4549.66,0.05,25933.06
T103981,2024-05-08,P0031,C00215,east,3.0,1566.84,0.0,4700.52
T102697,2023-05-11,P0031,C00228,south,2.0,1566.84,0.0,3133.68
T100218,2023-06-09,P0014,C00092,south,9.0,500.0,0.1,4050.0
T103834,2025-03-27,P0015,C00016,west,8.0,4549.66,0.1,32757.55
T106730,2023-03-02,P0012,C00171,east,4.0,14484.04,0.15,49245.74
T103297,2023-10-13,P0040,C00229,east,5.0,12756.37,0.0,63781.85
T107023,2023-07-30,P0036,C00119,south,7.0,4229.62,0.0,29607.34
T101897,2023-01-19,P0020,C00119,south,5.0,4508.3,0.0,22541.5
T101244,2023-01-10,P0016,C00029,east,4.0,2604.21,0.0,10416.84
T103842,2023-06-14,P0037,C00037,south,2.0,8484.46,0.0,16968.92
T106560,2023-01-01,P0024,C00121,east,2.0,11884.11,0.0,23768.22
T104344,2025-02-23,P0020,C00043,west,2.0,4508.3,0.15,7664.11
T107875,2023-06-21,P0028,C00015,south,6.0,13737.15,0.1,74180.61
T101643,2023-03-17,P0017,C00007,central,7.0,382.2,0.05,2541.63
T107711,2024-01-11,P0031,C00129,central,4.0,1566.84,0.0,6267.36
T107289,2024-11-03,P0038,C00014,central,3.0,5836.46,0.0,17509.38
T100576,2025-05-11,P0008,C00214,central,7.0,499.0,0.0,3493.0
T108873,2024-05-11,P0032,C00065,east,5.0,5656.65,0.0,28283.25
T103573,2024-05-30,P0021,C00225,south,1.0,359.09,0.0,359.09
T102273,2023-02-25,P0024,C00058,east,2.0,11884.11,0.0,23768.22
T101775,2025-06-23,P0001,C00100,east,4.0,6017.98,0.0,24071.92
T101166,2023-04-08,P0022,C00208,central,2.0,3102.81,0.2,4964.5
T102968,2024-10-23,P0037,C00223,central,10.0,8484.46,20.0,67875.68
T105464,2024-06-29,P0005,C00114,south,10.0,8621.09,0.0,86210.9
T100415,2024-11-02,P0031,C00140,west,1.0,1566.84,0.0,1566.84
T106940,2024-09-23,P0021,C00173,central,3.0,359.09,0.0,1077.27
T108357,2025-09-10,P0019,C00104,south,2.0,6013.99,0.2,9622.38
T106686,2025-08-27,P0012,C00216,south,1.0,14484.04,0.0,14484.04
T105549,2024-03-31,P0032,C00201,west,8.0,5656.65,0.0,45253.2
T100759,2024-08-16,P0029,C00232,west,3.0,12773.07,0.0,38319.21
T101385,2023-11-07,P0013,C00039,north,1.0,9164.46,0.05,8706.24
T106407,2024-05-11,P0004,C00234,east,5.0,4999.13,0.0,24995.65
T101201,2025-10-13,P0039,C00030,north,12.0,14579.92,0.0,174959.04
T104535,2025-03-13,P0004,C00217,east,4.0,4999.13,15.0,16997.04
T108463,2025-04-09,P0015,C00088,south,4.0,4549.66,0.0,18198.64
T103025,2023-06-02,P0032,C00049,east,7.0,5656.65,0.2,31677.24
T103305,2024-02-06,P0011,C00236,east,6.0,8863.25,0.0,53179.5
T108920,2025-01-22,P0007,C00212,south,3.0,14423.4,0.0,43270.2
T108769,2025-02-24,P0031,C00049,east,4.0,1566.84,0.0,6267.36
T103529,2024-06-07,P0019,C00240,south,4.0,6013.99,0.05,22853.16
T105981,2023-02-07,P0027,C00034,east,1.0,9818.49,0.15,8345.72
T103090,2025-01-04,P0022,C00055,south,2.0,3102.81,0.1,5585.06
T108469,2023-07-15,P0019,C00013,central,6.0,6013.99,0.05,34279.74
T100782,2024-02-23,P0014,C00037,south,1.0,500.0,0.05,475.0
T107053,2023-05-20,P0023,C00217,north,3.0,10713.43,0.0,32140.29
T100328,2025-06-18,P0028,C00182,north,7.0,13737.15,0.0,96160.05
T103011,2023-10-24,P0004,C00248,north,7.0,4999.13,0.0,34993.91
T105893,2023-12-25,P0025,C00022,north,9.0,9148.51,0.1,74102.93
T103185,2024-01-22,P0026,C00095,central,1.0,13905.57,0.0,13905.57
T105743,2024-09-14,P0031,C00089,east,5.0,1566.84,0.0,7834.2
T103355,2025-06-20,P0003,C00048,south,3.0,10949.99,0.0,32849.97
T105419,2024-06-23,P0008,C00249,west,2.0,499.0,0.0,998.0
T101111,2024-11-28,P0002,C00022,north,10.0,13910.88,0.0,139108.8
T102251,2025-08-06,P0024,C00024,south,4.0,11884.11,0.0,47536.44
T107100,2024-12-31,P0002,C00001,west,11.0,13910.88,0.0,153019.68
T108693,2024-07-02,P0006,C00211,west,4.0,7884.39,0.0,31537.56
T103977,2025-11-27,P0013,C00024,south,3.0,9164.46,0.0,27493.38
T102254,2025-05-24,P0029,C00125,north,4.0,12773.07,0.05,48537.67
T101281,2024-02-07,P0024,C00018,central,1.0,11884.11,0.0,11884.11
T100971,2024-01-10,P0039,C00120,west,4.0,14579.92,0.15,49571.73
T107130,2023-01-08,P0006,C00029,east,3.0,7884.39,0.0,23653.17
T104560,2023-05-19,P0002,C00044,south,5.0,13910.88,0.0,69554.4
T102876,2025-02-16,P0001,C00145,south,3.0,6017.98,0.0,18053.94
T104950,2024-02-25,P0032,C00159,north,1.0,5656.65,0.0,5656.65
T103991,2023-08-23,P0030,C00078,west,5.0,6824.34,0.0,34121.7
T108572,2023-02-15,P0001,C00176,east,1.0,6017.98,0.0,6017.98
T100970,2025-07-24,P0037,C00231,north,3.0,8484.46,0.0,25453.38
T107582,2023-06-07,P0032,C00218,central,2.0,5656.65,0.0,11313.3
T103782,2025-08-20,P0034,C00066,west,7.0,10038.95,0.2,56218.12
T101278,2023-04-09,P0019,C00241,south,6.0,6013.99,0.0,36083.94
T104019,2023-04-29,P0012,C00012,east,3.0,14484.04,0.0,43452.12
T108785,2025-01-31,P0038,C00064,north,4.0,5836.46,0.0,23345.84
T107251,2023-04-25,P0011,C00203,west,5.0,8863.25,0.0,44316.25
T102517,2025-04-10,P0022,C00179,north,7.0,3102.81,0.0,21719.67
T103349,2023-09-05,P0001,C00217,north,6.0,6017.98,0.0,36107.88
T101282,2024-11-30,P0018,C00209,east,1.0,6437.51,0.2,5150.01
T103708,2025-09-23,P0019,C00042,central,6.0,6013.99,0.0,36083.94
T102883,2025-12-26,P0016,C00122,west,7.0,2604.21,0.0,18229.47
T104215,2023-05-29,P0017,C00056,south,4.0,382.2,0.0,1528.8
T104350,2023-06-25,P0012,C00092,south,6.0,14484.04,0.0,86904.24
T101437,2025-11-22,P0037,C00071,east,9.0,8484.46,0.0,76360.14
T102771,2024-11-15,P0001,C00118,central,3.0,6017.98,0.0,18053.94
T108776,2023-03-18,P0033,C00108,west,4.0,10082.29,0.0,40329.16
T100111,2024-05-24,P0035,C00189,north,1.0,8930.77,0.0,8930.77
T107375,2024-05-28,P0039,C00019,central,5.0,14579.92,0.0,72899.6
T105502,2025-12-03,P0036,C00119,south,6.0,4229.62,0.0,25377.72
T107264,2024-06-24,P0015,C00061,west,4.0,4549.66,0.0,18198.64
T102647,2023-05-03,P0039,C00133,east,7.0,14579.92,0.0,102059.44
T101844,2024-07-28,P0022,C00165,west,3.0,3102.81,0.2,7446.74
T102107,2024-12-17,P0011,C00177,south,8.0,8863.25,0.0,70906.0
T106112,2025-07-23,P0022,C00154,west,8.0,3102.81,0.05,23581.36
T104505,2025-01-22,P0012,C00152,north,5.0,14484.04,0.0,72420.2
T108108,2025-09-11,P0039,C00244,south,7.0,14579.92,0.05,96956.47
T103666,2023-06-26,P0037,C00173,central,6.0,8484.46,0.0,50906.76
T103207,2023-12-06,P0007,C00157,central,3.0,14423.4,0.1,38943.18
T107109,2023-04-18,P0005,C00079,south,6.0,8621.09,0.0,51726.54
T102301,2024-11-24,P0025,C00042,central,7.0,9148.51,0.0,64039.57
T104407,2023-08-22,P0039,C00121,east,4.0,14579.92,0.2,46655.74
T101298,2024-09-06,P0001,C00199,central,4.0,6017.98,0.2,19257.54
T108314,2025-04-25,P0026,C00144,north,2.0,13905.57,0.0,27811.14
T100740,2023-01-01,P0022,C00047,central,3.0,3102.81,0.05,8843.01
T104779,2023-08-02,P0015,C00082,east,4.0,4549.66,0.0,18198.64
T108060,2025-08-04,P0018,C00234,east,4.0,6437.51,0.0,25750.04
T103106,2025-05-09,P0011,C00108,west,6.0,8863.25,0.05,50520.52
T107299,2025-02-23,P0032,C00157,central,5.0,5656.65,0.0,28283.25
T108650,2024-03-03,P0028,C00211,west,8.0,13737.15,0.0,109897.2
T108012,2024-06-23,P0011,C00234,east,1.0,8863.25,0.0,8863.25
T100524,2025-10-11,P0020,C00053,west,8.0,4508.3,0.0,36066.4
T106684,2023-06-21,P0025,C00245,central,5.0,9148.51,0.0,45742.55
T102939,2024-05-09,P0030,C00060,central,7.0,6824.34,0.1,42993.34
T102611,2023-07-20,P0037,C00155,west,1.0,8484.46,0.049999646412382096,8060.24
T105153,2023-02-18,P0003,C00036,north,3.0,10949.99,0.05,31207.47
T103127,2025-08-30,P0005,C00129,central,2.0,8621.09,0.05,16380.07
T104480,2023-01-27,P0028,C00228,south,4.0,13737.15,0.05,52201.17
T104029,2024-05-23,P0002,C00140,west,4.0,13910.88,0.05,52861.34
T106382,2023-08-01,P0017,C00144,west,3.0,382.2,0.2,917.28
T100435,2025-10-13,P0002,C00240,south,8.0,13910.88,0.0,111287.04
T108334,2024-01-07,P0027,C00033,north,6.0,9818.49,0.05,55965.39
T106149,2025-06-08,P0012,C00142,central,7.0,14484.04,0.0,101388.28
T100308,2025-10-10,P0004,C00035,central,8.0,4999.13,0.2,31994.43
T108947,2024-12-09,P0025,C00157,central,3.0,9148.51,0.0,27445.53
T106408,2025-04-07,P0018,C00224,central,9.0,6437.51,0.1,52143.83
T106538,2023-08-13,P0026,C00244,south,1.0,13905.57,0.0,13905.57
T108001,2023-10-02,P0008,C00197,south,2.0,499.0,0.05,948.1
T100087,2023-03-24,P0005,C00017,east,2.0,8621.09,0.1,15517.96
T106832,2023-07-27,P0036,C00159,north,6.0,4229.62,0.0,25377.72
T103038,2025-05-21,P0004,C00187,north,8.0,4999.13,0.1,35993.74
T100401,2023-06-12,P0034,C00065,east,4.0,10038.95,0.15,34132.43
T102603,2023-07-04,P0037,C00038,west,3.0,8484.46,0.0,25453.38
T101020,2024-01-25,P0031,C00186,north,2.0,1566.84,0.05,2977.0
T100881,2024-03-06,P0006,C00199,central,2.0,7884.39,0.0,15768.78
T104387,2025-05-23,P0034,C00035,central,7.0,10038.95,0.0,70272.65
T107225,2025-12-03,P0013,C00208,central,5.0,9164.46,0.1,41240.07
T105874,2023-11-26,P0011,C00149,north,8.0,8863.25,0.05,67360.7
T108713,2024-11-27,P0036,C00178,west,1.0,4229.62,0.1,3806.66
T106622,2024-06-30,P0008,C00080,north,4.0,499.0,0.05,1896.2
T105284,2024-01-25,P0005,C00151,east,4.0,8621.09,0.0,34484.36
T107501,2023-12-19,P0032,C00037,south,9.0,5656.65,0.0,50909.85
T103847,2024-02-07,P0031,C00061,west,4.0,1566.84,0.05000031911362997,5953.99
T100257,2024-06-24,P0026,C00085,central,6.0,13905.57,0.0,83433.42
T104584,2023-07-17,P0006,C00178,west,5.0,7884.39,0.0,39421.95
T100288,2023-04-22,P0022,C00178,west,4.0,3102.81,0.0,12411.24
T108992,2025-04-28,P0039,C00246,south,3.0,14579.92,0.0,43739.76
T106989,2023-05-29,P0016,C00104,south,4.0,2604.21,0.0,10416.84
T100232,2024-02-18,P0023,C00037,south,2.0,10713.43,0.0,21426.86
T105659,2024-10-23,P0038,C00177,south,3.0,5836.46,0.0,17509.38
T100476,2025-01-13,P0010,C00105,west,7.0,8164.43,0.0,57151.01
T107983,2025-06-17,P0022,C00083,south,7.0,3102.81,0.05,20633.69
T108337,2025-05-07,P0004,C00155,west,7.0,4999.13,0.0,34993.91
T107044,2024-09-17,P0027,C00095,central,7.0,9818.49,0.05,65292.96
T102138,2024-07-18,P0001,C00137,south,8.0,6017.98,0.0,48143.84
T100056,2025-06-20,P0036,C00169,central,4.0,4229.62,0.05,16072.56
T100737,2025-02-17,P0028,C00093,north,2.0,13737.15,0.0,27474.3
T106518,2024-03-19,P0020,C00172,central,6.0,4508.3,0.1,24344.82
T102508,2024-09-09,P0005,C00064,north,4.0,8621.09,0.1,31035.92
T108370,2025-05-27,P0017,C00175,east,2.0,382.2,0.1,687.96
T101817,2025-07-05,P0021,C00237,central,7.0,359.09,0.0,2513.63
T103106,2025-09-05,P0011,C00108,west,6.0,8863.25,0.05,50520.52
T100543,2023-09-04,P0006,C00239,east,5.0,7884.39,0.0,39421.95
T107782,2024-08-20,P0035,C00063,north,5.0,8930.77,0.0,44653.85
T106113,2023-11-07,P0026,C00068,north,6.0,13905.57,0.0,83433.42
T102861,2023-08-12,P0009,C00066,west,4.0,11247.7,0.0,44990.8
T104224,2024-06-16,P0011,C00140,west,1.0,8863.25,0.1,7976.92
T103544,2024-06-06,P0032,C00012,east,1.0,5656.65,0.0,5656.65
T106555,2024-08-18,P0022,C00045,west,8.0,3102.81,0.1,22340.23
T103946,2023-01-14,P0019,C00240,south,1.0,6013.99,0.0,6013.99
T101839,2023-12-06,P0005,C00171,east,10.0,8621.09,0.0,86210.9
T101995,2024-12-28,P0040,C00191,south,3.0,12756.37,0.0,38269.11
T105474,2025-02-21,P0018,C00073,south,7.0,6437.51,0.0,45062.57
T103150,2023-07-10,P0038,C00224,central,4.0,5836.46,0.0,23345.84
T102239,2024-09-19,P0040,C00114,south,3.0,12756.37,0.0,38269.11
T107610,2024-06-24,P0010,C00244,south,2.0,8164.43,0.0,16328.86
T100800,2023-12-26,P0017,C00045,west,7.0,382.2,0.0,2675.4
T105810,2024-07-22,P0019,C00068,north,5.0,6013.99,0.0,30069.95
T101405,2023-10-10,P0013,C00246,south,5.0,9164.46,0.0,45822.3
T100069,2024-03-22,P0001,C00014,central,3.0,6017.98,0.0,18053.94
T104721,2025-03-19,P0019,C00072,west,8.0,6013.99,0.0,48111.92
T101586,2025-02-10,P0006,C00019,central,7.0,7884.39,0.2,44152.58
T102997,2023-12-13,P0028,C00067,south,6.0,13737.15,0.2,65938.32
T104607,2025-08-19,P0024,C00180,central,2.0,11884.11,0.0,23768.22
T101074,2023-10-01,P0021,C00006,east,5.0,359.09,0.0,1795.45
T108735,2024-04-18,P0016,C00166,central,2.0,2604.21,0.05,4948.0
T105694,2023-02-10,P0004,C00046,south,3.0,4999.13,0.2,11997.91
T104717,2025-03-13,P0003,C00107,east,6.0,10949.99,0.0,65699.94
T108261,2024-08-25,P0025,C00198,west,1.0,9148.51,0.0,9148.51
T108059,2023-12-21,P0018,C00127,south,3.0,6437.51,0.0,19312.53
T103209,2025-01-26,P0026,C00094,south,3.0,13905.57,0.0,41716.71
T102592,2024-11-24,P0026,C00193,east,8.0,13905.57,0.0,111244.56
T105838,2025-09-07,P0021,C00242,east,6.0,359.09,0.15,1831.36
T106422,2024-11-03,P0016,C00121,east,5.0,2604.21,0.0,13021.05
T107285,2023-09-14,P0021,C00047,central,7.0,359.09,0.0,2513.63
T103837,2025-12-03,P0022,C00190,north,9.0,3102.81,0.1,25132.76
T108455,2024-11-10,P0008,C00243,west,8.0,499.0,0.0,3992.0
T100477,2023-08-01,P0010,C00101,east,6.0,8164.43,0.05,46537.25
T101329,2025-04-23,P0030,C00190,north,3.0,6824.34,0.0,20473.02
T108790,2025-12-15,P0039,C00177,south,9.0,14579.92,0.0,131219.28
T101777,2024-11-01,P0008,C00217,north,10.0,499.0,0.0,4990.0
T106768,2023-05-28,P0020,C00027,south,3.0,4508.3,0.0,13524.9
T100751,2023-06-23,P0019,C00158,east,5.0,6013.99,0.0,30069.95
T104829,2025-10-02,P0014,C00044,south,10.0,500.0,0.05,4750.0
T103903,2023-08-25,P0040,C00069,central,2.0,12756.37,0.0,25512.74
T104972,2025-01-11,P0028,C00174,central,13.0,13737.15,0.2,142866.36
T102620,2024-07-22,P0002,C00213,south,1.0,13910.88,0.0,13910.88
T103151,2024-12-08,P0031,C00229,east,6.0,1566.84,0.0,9401.04
T100468,2024-01-26,P0023,C00241,south,1.0,10713.43,0.2,8570.74
T101545,2025-03-12,P0007,C00165,west,6.0,14423.4,0.05,82213.38
T105204,2025-10-30,P0020,C00214,central,6.0,4508.3,0.0,27049.8
T106341,2023-06-18,P0009,C00165,west,3.0,11247.7,0.0,33743.1
T101025,2024-09-24,P0014,C00147,north,8.0,500.0,0.0,4000.0
T104216,2024-03-13,P0018,C00020,north,1.0,6437.51,0.0,6437.51
T104981,2023-08-06,P0025,C00212,south,4.0,9148.51,0.0,36594.04
T100773,2024-12-13,P0036,C00066,west,10.0,4229.62,0.0,42296.2
T102098,2024-12-25,P0026,C00181,south,8.0,13905.57,0.05,105682.33
T103024,2023-01-01,P0029,C00078,west,4.0,12773.07,0.1,45983.05
T105411,2024-05-19,P0040,C00229,east,2.0,12756.37,0.1,22961.47
T100641,2025-07-24,P0039,C00168,north,1.0,14579.92,0.0,14579.92
T102955,2024-03-14,P0030,C00073,south,6.0,6824.34,0.1,36851.44
T107356,2024-07-28,P0001,C00189,north,6.0,6017.98,0.0,36107.88
T101108,2025-02-22,P0002,C00243,west,1.0,13910.88,0.0,13910.88
T106388,2025-10-01,P0017,C00004,east,1.0,382.2,0.0,382.2
T101420,2024-03-26,P0003,C00149,north,1.0,10949.99,0.0,10949.99
T104475,2023-07-30,P0001,C00038,west,3.0,6017.98,0.0,18053.94
T105202,2024-09-18,P0018,C00173,central,4.0,6437.51,0.1500001553395646,21887.53
T104030,2023-11-28,P0020,C00204,central,1.0,4508.3,0.1,4057.47
T106440,2023-01-19,P0035,C00211,west,1.0,8930.77,0.05,8484.23
T101680,2023-04-28,P0005,C00193,east,1.0,8621.09,0.1,7758.98
T105748,2025-09-14,P0003,C00065,east,9.0,10949.99,0.15,83767.42
T100633,2025-02-01,P0003,C00214,central,2.0,10949.99,0.0,21899.98
T108783,2023-02-01,P0002,C00072,west,7.0,13910.88,0.0,97376.16
T106723,2023-04-01,P0004,C00181,south,7.0,4999.13,0.0,34993.91
T105579,2023-08-16,P0001,C00008,south,8.0,6017.98,0.0,48143.84
T107958,2023-10-09,P0032,C00017,east,2.0,5656.65,0.0,11313.3
T107572,2023-11-30,P0032,C00075,central,4.0,5656.65,0.0,22626.6
T106189,2025-09-18,P0014,C00227,central,4.0,500.0,0.0,2000.0
T102399,2025-07-07,P0024,C00188,north,3.0,11884.11,0.0,35652.33
T102543,2024-09-29,P0008,C00097,west,3.0,499.0,0.05,1422.15
T102926,2023-11-19,P0006,C00109,north,9.0,7884.39,0.1,63863.56
T107703,2025-09-17,P0033,C00079,south,8.0,10082.29,0.0,80658.32
T101172,2023-01-05,P0032,C00222,central,3.0,5656.65,0.1,15272.95
T102943,2024-06-21,P0039,C00091,central,4.0,14579.92,0.0,58319.68
T108848,2025-03-02,P0010,C00221,west,1.0,8164.43,0.1,7347.99
T107256,2025-02-22,P0024,C00103,west,1.0,11884.11,0.0,11884.11
T104898,2025-11-28,P0005,C00057,east,13.0,8621.09,0.10000002676798765,100866.75
T103399,2024-07-06,P0014,C00035,central,7.0,500.0,0.0,3500.0
T104984,2024-01-20,P0037,C00140,west,1.0,8484.46,0.0,8484.46
T107881,2023-02-03,P0024,C00049,east,3.0,11884.11,0.0,35652.33
T106433,2025-12-12,P0032,C00214,central,1.0,5656.65,0.1,5090.98
T102884,2025-06-22,P0007,C00059,north,4.0,14423.4,0.0,57693.6
T105728,2025-04-16,P0033,C00138,central,3.0,10082.29,0.0,30246.87
T107010,2025-03-13,P0006,C00247,north,8.0,7884.39,0.0,63075.12
T104649,2023-04-08,P0023,C00108,west,3.0,10713.43,0.0,32140.29
T100815,2025-05-30,P0024,C00224,central,3.0,11884.11,0.0,35652.33
T102131,2024-10-22,P0022,C00151,east,9.0,3102.81,0.0,27925.29
T107210,2023-09-14,P0009,C00250,north,5.0,11247.7,0.0,56238.5
T107718,2024-02-22,P0007,C00156,south,4.0,14423.4,0.0,57693.6
T108061,2023-10-15,P0004,C00210,north,7.0,4999.13,0.1,31494.52
T107376,2023-08-30,P0033,C00141,south,7.0,10082.29,0.2,56460.82
T102944,2025-01-19,P0009,C00044,south,3.0,11247.7,0.05,32055.95
T106718,2024-08-11,P0014,C00061,west,2.0,500.0,0.0,1000.0
T100179,2024-02-12,P0005,C00194,east,3.0,8621.09,0.1,23276.94
T108429,2024-10-22,P0026,C00176,east,7.0,13905.57,0.0,97338.99
T108309,2023-04-22,P0022,C00244,south,3.0,3102.81,0.0,9308.43
T102582,2025-03-28,P0027,C00241,south,8.0,9818.49,0.0,78547.92
T107786,2025-09-28,P0013,C00040,north,2.0,9164.46,0.2,14663.14
T101157,2023-09-24,P0002,C00013,central,4.0,13910.88,0.0,55643.52
T106647,2024-02-17,P0013,C00106,west,5.0,9164.46,0.0,45822.3
T101532,2025-11-30,P0004,C00094,south,7.0,4999.13,0.0,34993.91
T108300,2025-12-16,P0019,C00206,north,9.0,6013.99,0.05,51419.61
T101535,2023-08-02,P0004,C00058,east,4.0,4999.13,0.0,19996.52
T106237,2024-09-30,P0007,C00231,north,4.0,14423.4,0.1,51924.24
T105050,2025-03-20,P0021,C00091,central,7.0,359.09,0.0,2513.63
T105649,2025-01-15,P0019,C00109,north,5.0,6013.99,0.0,30069.95
T105809,2025-10-05,P0021,C00218,central,12.0,359.09,0.1,3878.17
T102388,2025-02-01,P0003,C00195,east,2.0,10949.99,0.0,21899.98
T107275,2024-12-12,P0032,C00155,west,1.0,5656.65,0.0,5656.65
T101480,2024-02-07,P0039,C00176,east,3.0,14579.92,0.1,39365.78
T106752,2024-03-10,P0007,C00170,west,3.0,14423.4,0.0,43270.2
T108917,2024-12-16,P0019,C00050,east,10.0,6013.99,0.05,57132.9
T100378,2023-02-18,P0011,C00065,east,2.0,8863.25,0.05,16840.18
T104141,2025-01-07,P0012,C00136,south,3.0,14484.04,0.0,43452.12
T101952,2025-05-25,P0026,C00065,east,3.0,13905.57,0.0,41716.71
T103205,2024-01-21,P0026,C00037,south,3.0,13905.57,0.0,41716.71
T105700,2024-04-13,P0040,C00167,east,4.0,12756.37,0.0,51025.48
T101163,2024-05-05,P0039,C00041,east,5.0,14579.92,0.0,72899.6
T106836,2025-09-15,P0040,C00127,south,4.0,12756.37,0.0,51025.48
T105076,2023-08-18,P0026,C00048,south,6.0,13905.57,0.0,83433.42
T107844,2023-12-16,P0002,C00184,east,10.0,13910.88,0.0,139108.8
T107167,2025-06-20,P0011,C00197,south,2.0,8863.25,0.0,17726.5
T105632,2023-02-12,P0010,C00100,east,2.0,8164.43,0.1,14695.97
T103443,2023-10-01,P0008,C00137,south,5.0,499.0,0.0,2495.0
T101598,2025-11-27,P0033,C00075,west,7.0,10082.29,0.0,70576.03
T106814,2023-02-18,P0028,C00229,east,2.0,13737.15,0.0,27474.3
T100300,2025-11-09,P0012,C00216,south,11.0,14484.04,0.0,159324.44
T105584,2025-05-07,P0021,C00081,west,4.0,359.09,0.0,1436.36
T105030,2025-11-10,P0038,C00038,west,13.0,5836.46,0.0,75873.98
T102177,2025-12-22,P0028,C00168,north,3.0,13737.15,0.0,41211.45
T103464,2023-06-03,P0034,C00118,central,4.0,10038.95,0.05,38148.01
T105144,2025-07-02,P0026,C00072,west,4.0,13905.57,0.0,55622.28
T101359,2024-03-11,P0023,C00101,east,6.0,10713.43,0.05,61066.55
T103739,2025-03-31,P0024,C00040,north,2.0,11884.11,0.15,20202.99
T103855,2023-01-19,P0015,C00007,central,4.0,4549.66,0.0,18198.64
T105889,2023-09-28,P0010,C00163,west,3.0,8164.43,0.0,24493.29
T100486,2025-05-30,P0004,C00029,east,6.0,4999.13,0.1,26995.3
T102574,2024-08-29,P0026,C00094,south,4.0,13905.57,0.0,55622.28
T105707,2024-10-14,P0027,C00015,west,12.0,9818.49,0.0,117821.88
T101152,2023-08-21,P0014,C00039,north,1.0,500.0,0.0,500.0
T104441,2023-10-13,P0008,C00216,south,4.0,499.0,0.0,1996.0
T108081,2023-01-11,P0009,C00154,west,4.0,11247.7,0.0,44990.8
T106478,2024-03-20,P0020,C00178,west,1.0,4508.3,0.1,4057.47
T108847,2025-12-25,P0040,C00192,central,3.0,12756.37,0.0,38269.11
T108073,2024-06-28,P0006,C00011,east,5.0,7884.39,0.1,35479.76
T104856,2023-04-28,P0014,C00130,east,6.0,500.0,0.0,3000.0
T100665,2025-02-17,P0037,C00054,central,4.0,8484.46,0.0,33937.84
T105092,2025-09-02,P0003,C00236,east,6.0,10949.99,0.0,65699.94
T106005,2025-10-22,P0038,C00244,south,10.0,5836.46,0.2,46691.68
T100642,2024-04-09,P0018,C00196,east,1.0,6437.51,0.0,6437.51
T100176,2025-04-24,P0017,C00085,central,3.0,382.2,0.1,1031.94
T105841,2023-07-11,P0035,C00129,central,5.0,8930.77,0.0,44653.85
T104516,2023-03-11,P0020,C00148,north,1.0,4508.3,0.10000000000000007,4057.47
T100786,2023-02-18,P0013,C00085,central,4.0,9164.46,0.0,36657.84
T106290,2024-06-28,P0020,C00128,central,2.0,4508.3,0.05,8565.77
T104284,2023-04-15,P0008,C00182,north,5.0,499.0,0.0,2495.0
T104553,2023-05-09,P0017,C00093,north,3.0,382.2,0.0,1146.6
T100091,2023-09-20,P0010,C00026,north,1.0,8164.43,0.0,8164.43
T108600,2025-12-02,P0009,C00142,central,4.0,11247.7,0.0,44990.8
T106728,2023-11-16,P0029,C00046,south,9.0,12773.07,0.0,114957.63
T107363,2023-06-30,P0001,C00114,south,5.0,6017.98,0.0,30089.9
T101971,2023-06-04,P0008,C00182,west,6.0,499.0,0.0,2994.0
T100530,2023-09-17,P0025,C00101,east,2.0,9148.51,0.0,18297.02
T100996,2025-10-30,P0017,C00116,central,5.0,382.2,0.0,1911.0
T104420,2023-03-03,P0017,C00090,south,5.0,382.2,0.0,1911.0
T104386,2023-03-03,P0024,C00079,south,3.0,11884.11,0.0,35652.33
T104075,2024-11-23,P0036,C00168,north,7.0,4229.62,0.0,29607.34
T101427,2023-11-27,P0011,C00041,east,8.0,8863.25,0.0,70906.0
T104974,2024-11-19,P0040,C00054,central,5.0,12756.37,0.0,63781.85
T105935,2023-04-01,P0033,C00181,south,5.0,10082.29,0.0,50411.45
T105366,2025-04-28,P0014,C00148,north,4.0,500.0,0.1,1800.0
T104860,2025-09-19,P0032,C00072,west,2.0,5656.65,0.0,11313.3
T105597,2023-01-08,P0020,C00214,central,5.0,4508.3,0.0,22541.5
T102456,2023-05-01,P0003,C00009,central,6.0,10949.99,0.05,62414.94
T107768,2024-03-05,P0037,C00029,east,4.0,8484.46,0.0,33937.84
T108124,2024-06-06,P0034,C00243,west,8.0,10038.95,0.0,80311.6
T107445,2024-10-16,P0020,C00147,north,7.0,4508.3,1.1527876542287756e-16,31558.1
T104645,2025-03-31,P0029,C00145,north,4.0,12773.07,0.0,51092.28
T105712,2023-05-28,P0037,C00241,south,8.0,8484.46,0.0,67875.68
T106354,2025-04-14,P0019,C00036,north,9.0,6013.99,0.1,48713.32
T103912,2023-04-19,P0032,C00058,east,3.0,5656.65,0.0,16969.95
T102887,2023-12-06,P0027,C00084,north,12.0,9818.49,0.05,111930.79
T100694,2025-02-10,P0001,C00140,west,3.0,6017.98,0.05,17151.24
T104698,2025-07-17,P0023,C00004,east,9.0,10713.43,0.05,91599.83
T101738,2024-03-10,P0014,C00236,east,3.0,500.0,0.1,1350.0
T100167,2025-08-13,P0016,C00116,central,7.0,2604.21,0.0,18229.47
T104085,2024-12-30,P0023,C00012,north,5.0,10713.43,0.0,53567.15
T107384,2023-05-11,P0038,C00036,north,5.0,5836.46,0.0,29182.3
T104730,2025-02-07,P0003,C00118,central,2.0,10949.99,0.0,21899.98
T104759,2025-07-14,P0033,C00018,central,7.0,10082.29,0.0,70576.03
T107361,2023-02-21,P0005,C00183,south,1.0,8621.09,0.0,8621.09
T107788,2024-05-16,P0026,C00070,west,1.0,13905.57,0.2,11124.46
T108371,2023-03-19,P0002,C00044,south,5.0,13910.88,0.15,59121.24
T104937,2023-03-28,P0038,C00160,south,2.0,5836.46,0.0,11672.92
T106092,2025-06-14,P0034,C00151,east,3.0,10038.95,0.0,30116.85
T106589,2025-05-31,P0008,C00024,south,4.0,499.0,0.0,1996.0
T103064,2023-09-04,P0019,C00041,east,1.0,6013.99,0.0,6013.99
T106069,2024-04-08,P0018,C00196,east,2.0,6437.51,0.0,12875.02
T105706,2025-12-10,P0023,C00065,east,13.0,10713.43,0.0,139274.59
T105832,2023-12-31,P0011,C00171,east,7.0,8863.25,0.1,55838.48
T103006,2023-04-11,P0039,C00082,east,4.0,14579.92,0.0,58319.68
T102223,2023-09-28,P0017,C00129,central,5.0,382.2,0.0,1911.0
T100100,2023-05-04,P0037,C00225,south,4.0,8484.46,0.0,33937.84
T107725,2024-03-12,P0032,C00095,central,10.0,5656.65,0.0,56566.5
T104824,2024-10-08,P0024,C00156,south,4.0,11884.11,0.0,47536.44
T103723,2025-08-14,P0030,C00217,north,2.0,6824.34,0.0,13648.68
T104907,2023-12-05,P0028,C00098,east,9.0,13737.15,0.0,123634.35
T107803,2024-06-15,P0036,C00168,north,3.0,4229.62,0.1,11419.97
T108414,2025-04-23,P0023,C00130,east,4.0,10713.43,0.0,42853.72
T103936,2025-01-27,P0035,C00067,west,5.0,8930.77,0.0,44653.85
T101465,2024-01-22,P0034,C00038,west,2.0,10038.95,0.1,18070.11
T105865,2024-11-01,P0013,C00213,south,3.0,9164.460000000001,0.0,27493.38
T107724,2024-06-04,P0012,C00067,east,2.0,14484.04,0.0,28968.08
T101744,2024-12-16,P0029,C00166,central,8.0,12773.07,0.0,102184.56
T104715,2023-01-16,P0026,C00065,east,1.0,13905.57,0.0,13905.57
T105027,2025-11-12,P0031,C00014,central,11.0,1566.84,0.0,17235.24
T102449,2024-09-02,P0005,C00002,west,2.0,8621.09,0.0,17242.18
T103708,2025-09-23,P0019,C00042,central,6.0,6013.99,0.0,36083.94
T103043,2025-05-22,P0007,C00069,central,8.0,14423.4,0.1,103848.48
T108413,2024-04-18,P0028,C00038,west,6.0,13737.15,0.0,82422.9
T103392,2024-10-31,P0018,C00084,north,7.0,6437.51,0.0,45062.57
T105662,2024-07-11,P0025,C00174,central,5.0,9148.51,0.0,45742.55
T104412,2023-07-23,P0013,C00068,north,5.0,9164.46,0.0,45822.3
T108593,2025-01-18,P0029,C00113,east,4.0,12773.07,0.0,51092.28
T102121,2025-01-27,P0012,C00045,west,2.0,14484.04,0.0,28968.08
T102441,2025-10-13,P0027,C00002,west,6.0,9818.49,0.0,58910.94
T107993,2025-02-26,P0033,C00080,north,4.0,10082.29,0.0,40329.16
T108951,2023-03-13,P0040,C00200,north,5.0,12756.37,0.0,63781.85
T108476,2024-07-17,P0027,C00239,east,6.0,9818.49,0.05,55965.39
T106170,2023-05-24,P0012,C00154,west,4.0,14484.04,0.0,57936.16
T106375,2023-02-10,P0039,C00168,north,5.0,14579.92,0.0,72899.6
T101203,2023-10-01,P0038,C00238,west,2.0,5836.46,0.05,11089.27
T104765,2023-04-10,P0023,C00175,east,1.0,10713.43,0.0,10713.43
T101926,2025-12-04,P0005,C00201,west,6.0,8621.09,0.0,51726.54
T106060,2024-01-10,P0020,C00063,north,2.0,4508.3,0.0,9016.6
T106435,2025-04-01,P0013,C00024,south,1.0,9164.46,0.0,9164.46
T107820,2025-02-22,P0013,C00017,east,5.0,9164.46,0.0,45822.3
T107189,2023-10-27,P0032,C00086,west,4.0,5656.65,0.0,22626.6
T104348,2023-11-04,P0017,C00130,east,5.0,382.2,0.0,1911.0
T102627,2025-07-05,P0021,C00122,west,1.0,359.09,0.05,341.14
T103535,2025-08-11,P0023,C00030,north,3.0,10713.43,0.05,30533.28
T100805,2025-07-21,P0006,C00159,north,4.0,7884.39,0.1,28383.8
T106685,2024-05-08,P0034,C00052,east,5.0,10038.95,0.1,45175.28
T102439,2025-11-14,P0033,C00209,east,11.0,10082.29,0.0,110905.19
T107481,2023-11-18,P0016,C00102,central,8.0,2604.21,0.0,20833.68
T102908,2025-06-07,P0033,C00170,west,6.0,10082.29,0.2,48394.99
T106155,2025-05-02,P0028,C00128,south,4.0,13737.15,0.15,46706.31
T101242,2025-06-07,P0029,C00111,north,8.0,12773.07,0.0,102184.56
T105730,2024-09-08,P0025,C00024,south,3.0,9148.51,0.0,27445.53
T108582,2024-11-28,P0027,C00203,west,7.0,9818.49,0.05,65292.96
T100547,2025-07-18,P0031,C00176,east,2.0,1566.84,0.05,2977.0
T100026,2023-09-01,P0036,C00162,north,2.0,4229.62,0.0,8459.24
T104054,2024-05-04,P0027,C00163,north,6.0,9818.49,0.0,58910.94
T104043,2025-08-12,P0024,C00228,south,2.0,11884.11,0.0,23768.22
T107396,2025-03-23,P0028,C00237,central,4.0,13737.15,0.0,54948.6
T101302,2023-09-28,P0021,C00035,central,4.0,359.09,0.0,1436.36
T106606,2023-06-15,P0002,C00030,north,1.0,13910.88,0.2,11128.7
T103383,2024-08-16,P0001,C00222,north,7.0,6017.98,0.05,40019.57
T103125,2024-08-17,P0005,C00114,south,3.0,8621.09,0.0,25863.27
T101221,2024-04-22,P0027,C00092,south,4.0,9818.49,0.0,39273.96
T107919,2025-10-01,P0026,C00051,east,8.0,13905.57,0.05,105682.33
T100437,2024-08-20,P0014,C00008,south,3.0,500.0,0.05,1425.0
T106754,2024-12-08,P0013,C00099,north,6.0,9164.46,-1.3232199195194309e-16,54986.76
T103248,2023-08-16,P0020,C00236,east,6.0,4508.3,0.0,27049.8
T106171,2023-11-29,P0036,C00127,south,4.0,4229.62,0.0,16918.48
T104877,2025-05-25,P0021,C00232,west,2.0,359.09,0.0,718.18
T105427,2024-03-16,P0010,C00243,west,6.0,8164.43,0.0,48986.58
T103755,2024-09-09,P0013,C00227,central,11.0,9164.46,0.0,100809.06
T107185,2024-07-18,P0020,C00015,south,2.0,4508.3,0.05,8565.77
T103169,2023-01-03,P0021,C00037,south,3.0,359.09,0.0,1077.27
T100326,2025-12-14,P0025,C00114,south,7.0,9148.51,0.0,64039.57
T101039,2023-08-06,P0035,C00105,west,2.0,8930.77,0.0,17861.54
T108581,2024-09-07,P0035,C00083,south,5.0,8930.77,0.05,42421.16
T106935,2023-12-07,P0026,C00230,east,4.0,13905.57,0.0,55622.28
T101870,2025-08-05,P0016,C00026,north,4.0,2604.21,0.0,10416.84
T106244,2023-03-26,P0001,C00074,east,4.0,6017.98,0.05,22868.32
T100534,2024-06-27,P0019,C00079,south,4.0,6013.99,0.0,24055.96
T108882,2025-08-23,P0029,C00178,west,4.0,12773.07,0.0,51092.28
T106065,2025-05-17,P0029,C00117,west,4.0,12773.07,0.0,51092.28
T100585,2023-05-09,P0024,C00036,north,4.0,11884.11,0.0,47536.44
T101703,2024-10-01,P0021,C00076,central,7.0,359.09,0.0,2513.63
T106046,2024-05-07,P0037,C00162,north,4.0,8484.46,0.1,30544.06
T108726,2024-03-31,P0021,C00135,north,3.0,359.09,0.0,1077.27
T100491,2023-08-15,P0027,C00239,east,2.0,9818.49,0.0,19636.98
T103257,2024-11-24,P0021,C00075,south,3.0,359.09,0.0,1077.27
T103128,2025-10-27,P0012,C00006,east,6.0,14484.04,0.0,86904.24
T102266,2024-05-17,P0036,C00115,east,2.0,4229.62,0.1,7613.32
T103781,2023-04-11,P0011,C00232,west,3.0,8863.25,0.05,25260.26
T102595,2024-03-19,P0032,C00001,west,3.0,5656.65,0.0,16969.95
T107021,2023-06-25,P0022,C00203,west,5.0,3102.81,0.0,15514.05
T103016,2025-06-20,P0035,C00075,north,7.0,8930.77,0.0,62515.39
T101916,2024-11-24,P0027,C00108,north,5.0,9818.49,0.0,49092.45
T106073,2023-12-30,P0017,C00130,east,6.0,382.2,0.0,2293.2
T103480,2023-10-29,P0006,C00019,central,4.0,7884.39,0.0,31537.56
T106003,2024-02-17,P0037,C00057,east,4.0,8484.46,0.1,30544.06
T106928,2025-04-02,P0028,C00145,north,1.0,13737.15,0.0,13737.15
T105790,2024-02-07,P0003,C00080,north,3.0,10949.99,0.0,32849.97
T103949,2025-02-18,P0018,C00154,central,1.0,6437.51,0.05,6115.63
T100397,2025-05-25,P0039,C00235,east,3.0,14579.92,0.0,43739.76
T101317,2025-05-12,P0002,C00080,north,2.0,13910.88,0.0,27821.76
T103045,2024-07-04,P0008,C00082,east,1.0,499.0,0.0,499.0
T100121,2023-08-01,P0017,C00250,north,2.0,382.2,0.0,764.4
T108146,2024-07-21,P0005,C00156,west,6.0,8621.09,0.0,51726.54
T101566,2024-12-21,P0035,C00049,east,18.0,8930.77,0.0,160753.86
T101984,2025-08-02,P0001,C00078,west,3.0,6017.98,0.0,18053.94
T106669,2024-03-14,P0007,C00116,central,5.0,14423.4,0.0,72117.0
T102173,2023-08-15,P0004,C00183,south,6.0,4999.13,0.0,29994.78
T107292,2023-03-11,P0031,C00111,north,3.0,1566.84,0.2,3760.42
T107452,2024-04-01,P0034,C00087,central,7.0,10038.95,0.0,70272.65
T102333,2024-01-25,P0021,C00063,north,3.0,359.09,0.0,1077.27
T100573,2023-09-30,P0025,C00063,north,3.0,9148.51,0.0,27445.53
T108780,2023-09-02,P0019,C00179,north,8.0,6013.99,0.0,48111.92
T108267,2024-10-24,P0039,C00180,central,3.0,14579.92,0.0,43739.76
T105493,2025-11-09,P0026,C00060,east,3.0,13905.57,0.0,41716.71
T107406,2024-11-26,P0004,C00200,north,7.0,4999.13,0.0,34993.91
T101407,2025-09-26,P0034,C00186,west,9.0,10038.95,0.0,90350.55
T100535,2024-10-10,P0005,C00115,east,3.0,8621.09,0.0,25863.27
T103509,2024-09-01,P0034,C00178,west,4.0,10038.95,0.0,40155.8
T105880,2025-03-04,P0038,C00135,north,2.0,5836.46,0.0,11672.92
T101434,2023-04-28,P0025,C00208,central,2.0,9148.51,0.0,18297.02
T104381,2023-03-23,P0018,C00217,north,2.0,6437.51,0.0,12875.02
T101867,2024-07-26,P0024,C00069,central,3.0,11884.11,0.0,35652.33
T101454,2024-12-14,P0040,C00201,west,3.0,12756.37,0.0,38269.11
T102907,2024-02-24,P0022,C00088,south,2.0,3102.81,0.0,6205.62
T107201,2024-08-30,P0006,C00074,east,5.0,7884.39,0.0,39421.95
T101820,2025-05-01,P0018,C00054,central,2.0,6437.51,0.0,12875.02
T100051,2025-04-01,P0020,C00068,north,4.0,4508.3,0.1,16229.88
T104712,2024-08-14,P0028,C00125,north,5.0,13737.15,0.0,68685.75
T104513,2025-09-14,P0021,C00185,central,6.0,359.09,0.0,2154.54
T100469,2023-10-04,P0025,C00098,east,8.0,9148.51,0.0,73188.08
T104275,2024-10-23,P0001,C00223,central,3.0,6017.98,0.0,18053.94
T106179,2025-11-09,P0001,C00032,north,7.0,6017.98,0.0,42125.86
T104919,2024-12-12,P0011,C00065,east,5.0,8863.25,0.0,44316.25
T108999,2025-08-05,P0001,C00104,south,6.0,6017.98,0.0,36107.88
T103002,2024-06-16,P0004,C00112,south,3.0,4999.13,0.0,14997.39
T101858,2023-08-18,P0038,C00080,north,2.0,5836.46,0.0,11672.92
T108289,2023-09-26,P0036,C00106,west,3.0,4229.62,0.1,11419.97
T100865,2023-05-19,P0019,C00056,south,2.0,6013.99,0.0,12027.98
T106405,2025-04-29,P0033,C00149,north,3.0,10082.29,0.0,30246.87
T104489,2025-03-01,P0014,C00065,east,3.0,500.0,0.0,1500.0
T102070,2023-07-07,P0012,C00077,south,4.0,14484.04,0.0,57936.16
T105817,2023-01-30,P0007,C00006,east,1.0,14423.4,0.10000000000000002,12981.06
T104113,2025-09-25,P0020,C00029,east,2.0,4508.3,0.1,8114.94
T100425,2023-11-01,P0036,C00109,north,6.0,4229.62,0.0,25377.72
T100188,2024-05-13,P0035,C00200,north,8.0,8930.77,0.0,71446.16
T106162,2024-08-22,P0008,C00173,central,1.0,499.0,0.0,499.0
T104192,2023-02-18,P0011,C00117,west,1.0,8863.25,0.05,8420.09
T100228,2025-04-25,P0021,C00216,south,6.0,359.09,0.0,2154.54
T107033,2024-11-18,P0005,C00084,north,10.0,8621.09,0.0,86210.9
T101041,2024-09-23,P0014,C00214,central,2.0,500.0,0.0,1000.0
T103710,2024-01-01,P0017,C00069,central,3.0,382.2,0.2,917.28
T102826,2024-01-18,P0027,C00188,east,1.0,9818.49,0.0,9818.49
T103944,2023-07-15,P0028,C00244,south,4.0,13737.15,0.15,46706.31
T101905,2024-12-10,P0004,C00038,west,6.0,4999.13,0.1,26995.3
T107978,2025-01-31,P0023,C00174,central,2.0,10713.43,0.2,17141.49
T100801,2024-07-13,P0015,C00177,south,3.0,4549.66,0.0,13648.98
T101487,2024-07-13,P0007,C00091,central,6.0,14423.4,0.15,73559.34
T107178,2024-01-10,P0012,C00196,east,3.0,14484.04,0.1,39106.91
T108846,2025-11-07,P0013,C00176,east,6.0,9164.46,0.0,54986.76
T101128,2023-06-09,P0013,C00179,north,4.0,9164.46,0.05,34824.95
T107050,2023-02-04,P0036,C00082,east,4.0,4229.62,0.0,16918.48
T106791,2024-03-24,P0023,C00125,north,3.0,10713.43,0.0,32140.29
T102208,2023-03-07,P0039,C00034,east,6.0,14579.92,0.09999997713750597,78731.57
T106318,2025-11-14,P0027,C00027,south,11.0,9818.49,0.0,108003.39
T108022,2024-05-29,P0022,C00174,central,1.0,3102.81,0.15,2637.39
T103548,2024-08-03,P0006,C00029,east,2.0,7884.39,0.1,14191.9
T103260,2023-08-17,P0033,C00133,east,5.0,10082.29,0.0,50411.45
T107492,2025-08-07,P0015,C00077,south,6.0,4549.66,0.0,27297.96
T108750,2023-12-10,P0017,C00068,north,4.0,382.2,0.0,1528.8
T102144,2024-10-10,P0004,C00099,north,1.0,4999.13,0.0,4999.13
T106100,2025-04-28,P0029,C00042,central,3.0,12773.07,0.0,38319.21
T102860,2023-05-24,P0036,C00035,central,2.0,4229.62,0.0,8459.24
T101632,2025-10-26,P0006,C00133,east,10.0,7884.39,0.0,78843.9
T108704,2023-03-27,P0026,C00053,west,1.0,13905.57,0.0,13905.57
T106923,2025-04-12,P0023,C00121,east,3.0,10713.43,0.0,32140.29
T100156,2023-08-30,P0021,C00189,north,5.0,359.09,0.0,1795.45
T106939,2025-04-03,P0002,C00091,central,4.0,13910.88,0.0,55643.52
T102897,2023-01-15,P0004,C00017,east,2.0,4999.13,0.0,9998.26
T105840,2024-04-26,P0039,C00132,central,6.0,14579.92,0.0,87479.52
T106494,2023-03-28,P0007,C00002,west,3.0,14423.4,0.15,36779.67
T104550,2023-05-01,P0012,C00021,central,3.0,14484.04,0.0,43452.12
T104128,2023-12-16,P0018,C00070,west,13.0,6437.51,0.0,83687.63
T106436,2024-09-15,P0021,C00233,west,8.0,359.09,0.0,2872.72
T104667,2024-11-30,P0033,C00015,south,10.0,10082.29,0.0,100822.9
T102372,2025-01-27,P0022,C00065,east,4.0,3102.81,0.0,12411.24
T105187,2025-08-24,P0014,C00249,west,1.0,500.0,0.0,500.0
T103941,2023-07-15,P0007,C00172,central,4.0,14423.4,0.1,51924.24
T104447,2023-06-05,P0032,C00177,south,2.0,5656.65,0.05,10747.63
T104785,2023-05-03,P0031,C00130,east,7.0,1566.84,0.0,10967.88
T102868,2024-02-20,P0029,C00168,north,7.0,12773.07,0.05,84940.92
T104539,2024-09-23,P0037,C00033,north,5.0,8484.46,0.2,33937.84
T102963,2023-05-07,P0030,C00034,east,2.0,6824.34,0.0,13648.68
T100847,2024-09-29,P0030,C00117,west,2.0,6824.34,0.0,13648.68
T107719,2024-08-29,P0013,C00128,south,3.0,9164.46,0.0,27493.38
T107504,2024-03-30,P0006,C00067,central,3.0,7884.39,0.1,21287.85
T107834,2024-05-11,P0025,C00180,west,7.0,9148.51,0.05,60837.59
T108865,2024-06-14,P0012,C00055,south,2.0,14484.04,0.2,23174.46
T100756,2025-09-16,P0025,C00152,north,6.0,9148.51,0.0,54891.06
T107060,2025-08-29,P0025,C00204,central,3.0,9148.51,0.05,26073.25
T105356,2024-12-16,P0034,C00208,central,6.0,10038.95,0.2,48186.96
T102952,2025-05-06,P0029,C00041,east,6.0,12773.07,0.1,68974.58
T104404,2025-07-15,P0009,C00069,central,1.0,11247.7,0.0,11247.7
T102759,2024-06-21,P0022,C00051,east,3.0,3102.81,0.0,9308.43
T105348,2023-11-17,P0014,C00147,north,3.0,500.0,0.2,1200.0
T102061,2023-07-06,P0028,C00085,central,5.0,13737.15,0.0,68685.75
T100549,2024-10-06,P0039,C00195,east,4.0,14579.92,0.0,58319.68
T103053,2024-08-22,P0028,C00068,north,5.0,13737.15,0.0,68685.75
T107824,2025-02-23,P0039,C00224,east,4.0,14579.92,0.1,52487.71
T108194,2023-04-07,P0031,C00216,south,4.0,1566.84,0.0,6267.36
T105003,2024-07-20,P0013,C00051,east,6.0,9164.46,0.0,54986.76
T106326,2025-02-22,P0023,C00138,central,4.0,10713.43,0.0,42853.72
T102862,2023-08-08,P0020,C00064,north,4.0,4508.3,0.0,18033.2
T101259,2023-04-26,P0012,C00214,central,3.0,14484.04,0.1,39106.91
T106492,2024-05-13,P0025,C00156,south,4.0,9148.51,0.0,36594.04
T102492,2025-09-07,P0003,C00050,east,8.0,10949.99,0.0,87599.92
T106529,2025-04-24,P0006,C00230,east,3.0,7884.39,0.0,23653.17
T101024,2024-10-29,P0024,C00125,north,7.0,11884.11,0.0,83188.77
T100752,2025-10-01,P0021,C00070,west,3.0,359.09,0.0,1077.27
T102683,2025-07-28,P0004,C00158,east,7.0,4999.13,0.2,27995.13
T103555,2025-07-06,P0002,C00194,east,2.0,13910.88,0.0,27821.76
T101951,2025-01-11,P0003,C00211,west,7.0,10949.99,0.0,76649.93
T104100,2024-04-08,P0008,C00067,north,2.0,499.0,0.0,998.0
T100351,2024-04-20,P0039,C00163,west,5.0,14579.92,0.0,72899.6
T101511,2025-10-27,P0025,C00161,west,8.0,9148.51,0.0,73188.08
T103859,2024-08-02,P0028,C00114,south,4.0,13737.15,0.0,54948.6
T105684,2023-02-26,P0031,C00188,north,3.0,1566.84,0.0,4700.52
T104022,2023-11-10,P0026,C00009,central,11.0,13905.57,0.0,152961.27
T100701,2023-02-08,P0033,C00120,west,7.0,10082.29022556391,0.05,67047.23
T103932,2024-03-09,P0035,C00173,central,6.0,8930.77,0.0,53584.62
T103404,2023-06-07,P0027,C00070,west,5.0,9818.49,0.0,49092.45
T100561,2025-09-12,P0002,C00200,north,6.0,13910.88,0.2,66772.22
T102318,2024-01-01,P0018,C00046,south,2.0,6437.51,0.15,10943.77
T104319,2024-12-05,P0025,C00179,north,6.0,9148.51,0.0,54891.06
T103768,2024-11-08,P0029,C00035,central,3.0,12773.07,0.05,36403.25
T103543,2025-12-28,P0008,C00106,west,9.0,499.0,0.1,4041.9
T103733,2023-07-08,P0026,C00177,south,8.0,13905.57,0.1,100120.1
T105458,2025-07-02,P0036,C00004,east,8.0,4229.62,0.0,33836.96
T101047,2025-11-02,P0039,C00113,east,9.0,14579.92,0.2,104975.42
T104359,2023-05-20,P0040,C00231,north,4.0,12756.37,0.0,51025.48
T100414,2024-09-30,P0009,C00191,south,4.0,11247.7,0.2,35992.64
T106014,2023-02-15,P0039,C00078,west,4.0,14579.92,0.1,52487.71
T102840,2025-04-23,P0007,C00097,west,3.0,14423.4,0.0,43270.2
T108198,2025-06-16,P0019,C00087,west,7.0,6013.99,0.0,42097.93
T103533,2025-12-30,P0027,C00075,south,7.0,9818.49,0.0,68729.43
T106066,2024-10-11,P0003,C00078,west,3.0,10949.99,0.0,32849.97
T101469,2024-08-08,P0035,C00188,north,2.0,8930.77,0.2,14289.23
T103898,2023-01-25,P0019,C00098,east,4.0,6013.99,0.05,22853.16
T103202,2023-01-14,P0032,C00135,north,1.0,5656.65,0.1,5090.98
T107743,2023-04-05,P0008,C00180,central,6.0,499.0,0.0,2994.0
T102271,2023-07-11,P0024,C00141,south,3.0,11884.11,0.0,35652.33
T101583,2023-02-04,P0007,C00100,east,5.0,14423.4,0.0,72117.0
T101412,2024-03-27,P0017,C00091,central,5.0,382.2,0.0,1911.0
T108119,2025-02-16,P0019,C00103,west,2.0,6013.99,0.0,12027.98
T103050,2025-01-25,P0011,C00185,central,5.0,8863.25,0.0,44316.25
T101722,2023-12-02,P0039,C00173,central,9.0,14579.92,0.0,131219.28
T103060,2023-06-03,P0012,C00027,north,3.0,14484.04,0.0,43452.12
T103438,2024-11-25,P0002,C00030,north,1.0,13910.88,0.0,13910.88
T101507,2023-10-11,P0004,C00083,south,4.0,4999.13,0.15,16997.04
T108656,2025-04-07,P0027,C00101,east,2.0,9818.49,0.0,19636.98
T108316,2023-06-10,P0032,C00177,south,5.0,5656.65,0.0,28283.25
T101321,2025-04-04,P0015,C00061,west,7.0,4549.66,0.0,31847.62
T100842,2024-01-04,P0029,C00152,north,1.0,12773.07,0.0,12773.07
T101146,2024-09-22,P0040,C00166,central,7.0,12756.37,0.0,89294.59
T102932,2025-04-29,P0027,C00246,south,3.0,9818.49,0.0,29455.47
T108179,2024-11-23,P0039,C00031,south,10.0,14579.92,0.1,131219.28
T100463,2024-09-02,P0014,C00151,east,2.0,500.0,0.0,1000.0
T101754,2025-04-13,P0033,C00074,east,1.0,10082.29,0.0,10082.29
T104503,2024-07-04,P0016,C00082,east,4.0,2604.21,0.0,10416.84
T106370,2023-03-05,P0006,C00012,east,4.0,7884.39,0.2,25230.05
T108623,2024-02-04,P0023,C00093,north,8.0,10713.43,0.0,85707.44
T106001,2023-02-18,P0007,C00173,central,4.0,14423.4,0.0,57693.6
T105213,2024-12-18,P0032,C00183,south,6.0,5656.65,0.0,33939.9
T106782,2025-08-16,P0036,C00127,south,3.0,4229.62,0.0,12688.86
T101335,2025-05-18,P0010,C00148,north,7.0,8164.43,0.0,57151.01
T101223,2025-04-12,P0005,C00189,north,9.0,8621.09,0.0,77589.81
T104478,2024-07-05,P0009,C00081,west,3.0,11247.7,0.15,28681.64
T103143,2023-01-21,P0020,C00249,west,4.0,4508.3,0.0,18033.2
T101350,2023-06-11,P0019,C00127,south,4.0,6013.99,0.1,21650.36
T107250,2025-04-27,P0023,C00166,central,3.0,10713.43,0.0,32140.29
T101811,2023-10-27,P0032,C00007,central,7.0,5656.65,-1.837523121126317e-16,39596.55
T107847,2024-10-11,P0024,C00050,east,4.0,11884.11,0.0,47536.44
T101351,2025-02-05,P0014,C00016,west,7.0,500.0,0.0,3500.0
T103487,2023-05-24,P0018,C00151,east,7.0,6437.51,0.0,45062.57
T101894,2024-06-20,P0009,C00235,east,1.0,11247.7,0.0,11247.7
T105478,2024-09-10,P0010,C00248,north,1.0,8164.43,0.09999963255242564,7347.99
T107696,2024-05-25,P0001,C00181,south,4.0,6017.98,0.0,24071.92
T108563,2025-01-16,P0002,C00203,west,3.0,13910.88,0.2,33386.11
T104184,2025-02-15,P0039,C00005,east,4.0,14579.92,0.0,58319.68
T107924,2024-03-19,P0014,C00075,west,7.0,500.0,0.0,3500.0
T106453,2024-08-29,P0032,C00065,east,6.0,5656.65,0.0,33939.9
T101189,2024-06-03,P0011,C00037,south,2.0,8863.25,0.0,17726.5
T105405,2025-08-14,P0021,C00223,central,4.0,359.09,0.05,1364.54
T100898,2024-09-11,P0010,C00128,south,5.0,8164.43,0.05,38781.04
T103934,2025-04-16,P0028,C00053,west,3.0,13737.15,0.2,32969.16
T104622,2025-07-29,P0006,C00121,east,1.0,7884.39,0.0,7884.39
T103026,2024-03-04,P0009,C00099,north,6.0,11247.7,0.0,67486.2
T105211,2025-12-11,P0033,C00234,east,5.0,10082.29,0.1,45370.31
T108052,2025-02-25,P0023,C00133,east,1.0,10713.43,0.0,10713.43
T108153,2024-03-16,P0040,C00157,central,5.0,12756.37,0.0,63781.85
T108657,2025-11-16,P0020,C00079,south,13.0,4508.3,0.0,58607.9
T108161,2023-05-29,P0017,C00121,west,1.0,382.2,0.05,363.09
T107387,2024-07-14,P0003,C00065,east,2.0,10949.99,0.0,21899.98
T108170,2024-06-12,P0035,C00012,east,6.0,8930.77,0.0,53584.62
T101030,2025-06-29,P0028,C00236,east,4.0,13737.15,0.1,49453.74
T103578,2025-04-29,P0005,C00121,east,3.0,8621.09,0.05,24570.11
T103625,2023-02-26,P0010,C00175,north,1.0,8164.43,0.05,7756.21
T105071,2024-06-01,P0035,C00063,north,3.0,8930.77,0.0,26792.31
T108360,2025-10-15,P0034,C00119,south,10.0,10038.95,0.0,100389.5
T101755,2023-11-29,P0009,C00188,north,3.0,11247.7,0.05,32055.95
T108880,2023-02-11,P0021,C00093,north,4.0,359.09,0.05,1364.54
T100231,2025-02-28,P0002,C00109,north,2.0,13910.88,0.0,27821.76
T108905,2024-07-21,P0005,C00146,central,3.0,8621.09,0.0,25863.27
T106954,2025-06-20,P0026,C00100,east,2.0,13905.57,0.2,22248.91
T104506,2024-02-26,P0024,C00038,west,1.0,11884.11,0.0,11884.11
T105137,2024-08-16,P0004,C00236,east,2.0,4999.13,0.05,9498.35
T107537,2024-11-14,P0029,C00112,south,14.0,12773.07,0.0,178822.98
T106451,2025-06-16,P0009,C00238,west,6.0,11247.7,0.0,67486.2
T102577,2024-12-07,P0039,C00051,west,2.0,14579.92,0.0,29159.84
T102317,2023-12-06,P0008,C00044,south,10.0,499.0,0.1,4491.0
T106255,2023-11-22,P0008,C00171,east,6.0,499.0,0.0,2994.0
T101515,2024-09-09,P0035,C00128,south,2.0,8930.77,0.0,17861.54
T100216,2024-09-01,P0037,C00211,west,2.0,8484.46,0.0,16968.92
T108253,2025-09-12,P0002,C00243,west,9.0,13910.88,0.0,125197.92
T102263,2023-05-18,P0035,C00130,east,4.0,8930.77,0.0,35723.08
T105269,2023-12-29,P0010,C00226,west,3.0,8164.43,0.0,24493.29
T102906,2025-07-25,P0008,C00167,east,9.0,499.0,0.05,4266.45
T103410,2024-03-19,P0006,C00069,central,5.0,7884.39,0.14999993658355307,33508.66
T100893,2024-11-07,P0023,C00194,east,3.0,10713.43,0.0,32140.29
T108777,2024-05-23,P0006,C00131,west,4.0,7884.39,0.15,26806.93
T101850,2025-07-04,P0024,C00243,west,8.0,11884.11,0.0,95072.88
T106797,2024-08-29,P0006,C00155,west,4.0,7884.39,0.1,28383.8
T103589,2025-06-13,P0002,C00082,east,4.0,13910.88,0.0,55643.52
T100324,2023-02-12,P0029,C00089,east,7.0,12773.07,0.1,80470.34
T101215,2025-04-27,P0033,C00178,west,8.0,10082.29,0.0,80658.32
T106213,2025-11-28,P0021,C00080,north,7.0,359.09,0.1,2262.27
T104643,2025-08-07,P0013,C00249,west,3.0,9164.46,0.0,27493.38
T101129,2023-11-27,P0013,C00053,west,6.0,9164.46,0.0,54986.76
T107257,2023-12-01,P0038,C00005,east,4.0,5836.46,0.0,23345.84
T103948,2024-12-23,P0001,C00045,west,8.0,6017.98,0.0,48143.84
T104010,2024-08-08,P0024,C00089,east,2.0,11884.11,0.0,23768.22
T100208,2024-01-13,P0025,C00011,east,2.0,9148.51,0.0,18297.02
T102628,2024-09-13,P0040,C00179,north,3.0,12756.37,0.0,38269.11
T100798,2025-12-22,P0002,C00075,south,11.0,13910.88,0.0,153019.68
T108295,2025-10-04,P0007,C00058,east,1.0,14423.4,0.0,14423.4
T100734,2023-07-02,P0004,C00205,north,3.0,4999.13,0.0,14997.39
T107929,2025-04-01,P0009,C00218,central,2.0,11247.7,0.0,22495.4
T102900,2023-04-23,P0029,C00234,east,4.0,12773.07,0.0,51092.28
T101174,2024-04-03,P0002,C00090,south,1.0,13910.88,0.0,13910.88
T102933,2024-01-02,P0036,C00232,west,2.0,4229.62,0.15,7190.35
T104816,2024-12-18,P0028,C00059,north,3.0,13737.15,0.0,41211.45
T101831,2025-11-07,P0009,C00082,east,1.0,11247.7,0.0,11247.7
T106587,2023-12-30,P0024,C00046,south,6.0,11884.11,0.0,71304.66
T108303,2024-12-21,P0011,C00117,west,5.0,8863.25,0.1,39884.62
T106507,2024-07-31,P0025,C00009,central,4.0,9148.51,0.0,36594.04
T104864,2024-11-17,P0017,C00154,west,3.0,382.2,0.1,1031.94
T100198,2023-12-26,P0030,C00110,east,7.0,6824.34,0.0,47770.38
T104924,2023-06-04,P0025,C00208,central,2.0,9148.51,0.0,18297.02
T104693,2023-06-07,P0022,C00207,central,9.0,3102.81,0.05,26529.03
T101097,2023-04-21,P0027,C00230,east,3.0,9818.49,0.0,29455.47
T100548,2025-10-18,P0005,C00045,west,12.0,8621.09,0.0,103453.08
T104240,2024-09-05,P0009,C00027,east,2.0,11247.7,0.0,22495.4
T106476,2024-04-14,P0011,C00230,north,5.0,8863.25,0.05,42100.44
T103429,2025-06-07,P0007,C00116,central,2.0,14423.4,0.05,27404.46
T107095,2023-12-07,P0014,C00164,north,15.0,500.0,0.0,7500.0
T107377,2023-05-29,P0015,C00195,east,4.0,4549.66,0.0,18198.64
T102314,2024-08-12,P0025,C00079,south,5.0,9148.51,0.1,41168.3
T107945,2025-04-07,P0012,C00244,south,4.0,14484.04,0.05,55039.35
T105682,2023-05-13,P0040,C00087,south,12.0,12756.37,0.0,153076.44
T108857,2023-01-15,P0022,C00132,central,4.0,3102.81,0.0,12411.24
T102638,2024-03-15,P0010,C00145,north,6.0,8164.43,0.0,48986.58
T106769,2025-08-27,P0005,C00065,east,8.0,8621.09,0.0,68968.72
T106486,2023-07-07,P0025,C00060,south,5.0,9148.51,0.0,45742.55
T100616,2025-04-19,P0007,C00141,south,7.0,14423.4,0.0,100963.8
T101118,2025-01-25,P0008,C00239,east,2.0,499.0,0.2,798.4
T100937,2023-05-06,P0014,C00162,north,1.0,500.0,0.15,425.0
T102572,2023-11-02,P0026,C00095,central,9.0,13905.57,0.2,100120.1
T100622,2023-09-27,P0027,C00206,north,7.0,9818.49,0.0,68729.43
T106900,2025-04-10,P0039,C00183,south,7.0,14579.92,0.0,102059.44
T106968,2024-12-24,P0037,C00144,west,8.0,8484.46,0.0,67875.68
T105155,2023-10-20,P0024,C00133,east,1.0,11884.11,0.0,11884.11
T104689,2023-05-07,P0037,C00074,east,1.0,8484.46,0.0,8484.46
T107031,2025-04-20,P0035,C00014,central,6.0,8930.77,0.0,53584.62
T103617,2024-07-09,P0002,C00196,east,4.0,13910.88,0.0,55643.52
T105264,2023-02-26,P0018,C00025,south,2.0,6437.51,0.0,12875.02
T104900,2023-12-01,P0014,C00051,east,4.0,500.0,0.1,1800.0
T108867,2025-01-05,P0005,C00227,central,4.0,8621.09,0.0,34484.36
T102201,2024-04-16,P0009,C00012,east,5.0,11247.7,0.0,56238.5
T101160,2025-12-27,P0006,C00007,central,9.0,7884.39,0.0,70959.51
T102692,2024-06-12,P0009,C00122,west,8.0,11247.7,0.0,89981.6
T108837,2025-01-05,P0030,C00032,north,3.0,6824.34,0.0,20473.02
T105152,2025-04-02,P0034,C00232,west,3.0,10038.95,0.0,30116.85
T102859,2024-05-17,P0011,C00214,central,3.0,8863.25,0.0,26589.75
T100478,2023-03-20,P0021,C00230,east,7.0,359.09,0.1,2262.27
T101352,2023-09-11,P0007,C00198,west,5.0,14423.4,0.05,68511.15
T103019,2023-05-26,P0034,C00222,central,3.0,10038.95,0.0,30116.85
T105452,2025-03-29,P0024,C00137,south,1.0,11884.11,0.0,11884.11
T107224,2023-08-22,P0036,C00056,east,4.0,4229.62,0.05,16072.56
T104416,2024-11-27,P0031,C00177,south,1.0,1566.84,0.0,1566.84
T104228,2025-05-02,P0021,C00224,central,4.0,359.09,0.0,1436.36
T105145,2024-11-22,P0019,C00078,west,12.0,6013.99,0.0,72167.88
T101033,2023-06-26,P0030,C00204,central,5.0,6824.34,0.05,32415.61
T107873,2023-09-21,P0032,C00132,central,5.0,5656.65,0.0,28283.25
T104125,2025-01-04,P0032,C00047,central,3.0,5656.648148148148,0.1,15272.95
T102598,2025-04-24,P0011,C00079,south,3.0,8863.25,0.15,22601.29
T106491,2023-10-15,P0021,C00124,west,5.0,359.09,0.1,1615.9
T103532,2025-12-10,P0017,C00089,east,13.0,382.2,0.0,4968.6
T103279,2024-05-08,P0040,C00071,east,3.0,12756.37,0.0,38269.11
T103063,2025-12-28,P0039,C00006,east,9.0,14579.92,0.0,131219.28
T104608,2024-12-28,P0007,C00219,west,8.0,14423.4,0.0,115387.2
T105646,2024-08-26,P0010,C00191,south,6.0,8164.43,0.0,48986.58
T102673,2025-03-10,P0018,C00160,south,6.0,6437.51,0.0,38625.06
T101425,2023-04-23,P0001,C00204,central,3.0,6017.98,0.0,18053.94
T102751,2023-01-07,P0010,C00116,central,1.0,8164.43,0.0,8164.43
T101871,2023-12-17,P0032,C00219,west,7.0,5656.65,0.0,39596.55
T100480,2024-08-26,P0013,C00029,east,4.0,9164.46,0.2,29326.27
T108752,2023-06-07,P0011,C00210,north,4.0,8863.25,0.0,35453.0
T105515,2023-10-26,P0003,C00193,east,2.0,10949.99,0.0,21899.98
T100527,2025-07-16,P0040,C00068,north,6.0,12756.37,5.0,72711.31
T108157,2023-10-31,P0037,C00019,central,11.0,8484.46,0.0,93329.06
T106663,2024-04-12,P0038,C00027,north,7.0,5836.46,0.0,40855.22
T104472,2025-04-22,P0029,C00137,south,3.0,12773.07,0.0,38319.21
T100220,2025-10-06,P0030,C00078,west,9.0,6824.34,0.0,61419.06
T108369,2023-06-14,P0035,C00208,central,4.0,8930.77,0.05,33936.93
T106365,2025-06-02,P0037,C00226,west,6.0,8484.459649122808,0.05,48361.42
T103836,2024-12-08,P0019,C00242,east,11.0,6013.99,0.0,66153.89
T107681,2025-01-14,P0018,C00094,south,4.0,6437.51,0.09999984466043547,23175.04
T102986,2024-05-05,P0029,C00019,central,5.0,12773.07,0.0,63865.35
T102807,2024-01-12,P0033,C00089,east,1.0,10082.29,0.0,10082.29
T106920,2025-05-12,P0016,C00096,central,2.0,2604.21,0.0,5208.42
T105060,2024-09-08,P0018,C00238,west,3.0,6437.51,0.0,19312.53
T106724,2024-02-15,P0017,C00032,north,2.0,382.2,0.05,726.18
T105803,2023-04-19,P0006,C00103,west,3.0,7884.39,0.0,23653.17
T106117,2024-06-16,P0016,C00155,west,7.0,2604.21,0.0,18229.47
T102391,2023-06-20,P0036,C00189,north,1.0,4229.62,0.05,4018.14
T103098,2025-11-02,P0026,C00220,central,9.0,13905.57,0.0,125150.13
T105321,2024-08-22,P0014,C00074,east,7.0,500.0,0.1,3150.0
T101983,2024-01-15,P0011,C00077,south,4.0,8863.25,0.0,35453.0
T108057,2024-01-02,P0035,C00054,central,5.0,8930.77,0.0,44653.85
T101554,2023-10-02,P0040,C00037,south,11.0,12756.37,0.0,140320.07
T108285,2024-08-28,P0018,C00072,west,4.0,6437.51,0.09999984466043547,23175.04
T107791,2023-09-07,P0005,C00248,north,6.0,8621.09,0.0,51726.54
T107447,2023-04-21,P0009,C00061,west,3.0,11247.7,0.0,33743.1
T105378,2023-12-22,P0024,C00206,north,7.0,11884.11,0.0,83188.77
T103803,2024-07-14,P0017,C00005,east,6.0,382.2,0.0,2293.2
T101677,2023-04-09,P0036,C00114,south,5.0,4229.62,0.15,17975.88
T103068,2024-08-06,P0020,C00007,central,3.0,4508.3,0.0,13524.9
T106805,2023-01-01,P0038,C00168,north,1.0,5836.46,0.0,5836.46
T100901,2024-08-04,P0022,C00054,central,10.0,3102.81,0.1,27925.29
T105884,2023-09-14,P0022,C00236,east,3.0,3102.81,0.0,9308.43
T102296,2023-10-05,P0037,C00117,west,8.0,8484.46,20.0,54300.54
T108922,2025-11-04,P0019,C00051,east,4.0,6013.99,0.05,22853.16
T100296,2024-07-19,P0035,C00207,central,6.0,8930.77,0.0,53584.62
T107827,2024-04-04,P0017,C00139,south,4.0,382.2,0.15,1299.48
T100057,2025-11-14,P0030,C00173,central,3.0,6824.34,0.05,19449.37
T105972,2024-07-13,P0039,C00203,west,3.0,14579.92,0.1,39365.78
T107089,2024-12-01,P0029,C00040,north,8.0,12773.07,0.05,97075.33
T107161,2023-04-02,P0029,C00008,south,5.0,12773.07,0.0,63865.35
T105513,2023-05-27,P0011,C00135,north,3.0,8863.25,0.1,23930.78
T102676,2023-10-18,P0029,C00185,central,2.0,12773.07,0.0,25546.14
T105228,2024-08-23,P0015,C00104,south,4.0,4549.66,0.0,18198.64
T108974,2025-09-01,P0026,C00195,east,4.0,13905.57,0.0,55622.28
T107671,2025-02-24,P0020,C00051,east,6.0,4508.3,0.0,27049.8
T106315,2025-12-04,P0013,C00061,west,3.0,9164.46,0.0,27493.38
T100295,2023-10-11,P0001,C00052,east,1.0,6017.98,0.0,6017.98
T102580,2024-06-14,P0024,C00156,north,3.0,11884.11,0.0,35652.33
T103891,2023-04-02,P0024,C00091,central,1.0,11884.11,0.0,11884.11
T108622,2023-07-15,P0032,C00060,south,7.0,5656.65,0.05,37616.72
T100648,2023-03-30,P0007,C00014,central,5.0,14423.4,0.0,72117.0
T101370,2024-11-02,P0040,C00049,east,5.0,12756.37,0.0,63781.85
T108986,2025-05-27,P0024,C00051,east,4.0,11884.11,0.0,47536.44
T105770,2024-02-15,P0039,C00084,north,3.0,14579.92,0.1,39365.78
T106653,2024-02-20,P0037,C00180,central,3.0,8484.46,0.0,25453.38
T106006,2024-02-24,P0022,C00161,west,3.0,3102.81,0.2,7446.74
T107631,2024-01-09,P0031,C00220,central,2.0,1566.842105263158,0.05,2977.0
T101343,2023-11-06,P0015,C00169,central,12.0,4549.66,0.05,51866.12
T100681,2024-06-10,P0008,C00211,west,5.0,499.0,0.0,2495.0
T100434,2024-05-04,P0024,C00245,central,4.0,11884.11,0.0,47536.44
T104629,2025-11-15,P0021,C00026,north,19.0,359.09,0.0,6822.71
T105209,2025-05-18,P0023,C00013,central,4.0,10713.43,0.0,42853.72
T101489,2023-04-10,P0013,C00098,east,5.0,9164.46,0.0,45822.3
T100812,2023-05-06,P0011,C00001,west,5.0,8863.25,0.0,44316.25
T101882,2025-03-13,P0002,C00163,north,2.0,13910.88,0.0,27821.76
T107084,2023-02-09,P0002,C00034,east,10.0,13910.88,0.0,139108.8
T104028,2023-03-15,P0032,C00181,south,2.0,5656.65,0.0,11313.3
T103055,2024-04-23,P0002,C00052,east,3.0,13910.88,0.0,41732.64
T101940,2025-12-02,P0014,C00249,west,9.0,500.0,0.1,4050.0
T105507,2023-01-01,P0036,C00162,north,5.0,4229.62,0.05,20090.69
T103498,2023-10-28,P0036,C00164,north,2.0,4229.62,0.0,8459.24
T101612,2023-03-10,P0030,C00203,west,7.0,6824.34,0.0,47770.38
T101181,2024-03-28,P0019,C00158,east,4.0,6013.99,0.0,24055.96
T101375,2024-11-11,P0037,C00002,west,8.0,8484.46,0.05,64481.9
T107071,2023-11-07,P0024,C00246,south,9.0,11884.11,0.2,85565.59
T104442,2025-12-30,P0006,C00069,central,7.0,7884.39,0.0,55190.73
T100626,2023-03-24,P0023,C00139,south,2.0,10713.43,0.0,21426.86
T106846,2024-03-30,P0021,C00196,east,3.0,359.09,0.0,1077.27
T101669,2025-08-31,P0031,C00058,east,3.0,1566.84,0.0,4700.52
T102112,2025-12-17,P0008,C00001,west,11.0,499.0,0.04999999999999997,5214.55
T106551,2023-09-24,P0012,C00108,west,5.0,14484.04,0.0,72420.2
T105686,2023-12-15,P0039,C00160,south,3.0,14579.92,0.0,43739.76
T105397,2025-06-15,P0011,C00079,west,7.0,8863.25,0.0,62042.75
T100084,2025-12-15,P0024,C00078,west,1.0,11884.11,0.0,11884.11
T105764,2024-08-22,P0029,C00088,south,4.0,12773.07,0.0,51092.28
T103780,2025-08-29,P0020,C00199,central,4.0,4508.3,0.05,17131.54
T102283,2024-12-17,P0011,C00124,west,1.0,8863.25,0.0,8863.25
T106841,2025-03-30,P0021,C00021,central,4.0,359.09,0.0,1436.36
T103309,2024-04-15,P0003,C00120,west,7.0,10949.99,0.0,76649.93
T100418,2024-05-06,P0015,C00078,west,10.0,4549.66,0.0,45496.6
T104309,2025-11-28,P0039,C00244,south,3.0,14579.92,0.0,43739.76
T102984,2025-07-27,P0027,C00020,north,2.0,9818.49,0.0,19636.98
T102709,2023-04-21,P0023,C00135,north,4.0,10713.43,0.0,42853.72
T102357,2025-12-09,P0015,C00026,north,5.0,4549.66,0.1,20473.47
T106226,2024-10-04,P0032,C00049,east,3.0,5656.65,0.0,16969.95
T101366,2025-06-13,P0031,C00114,south,3.0,1566.84,0.0,4700.52
T100293,2023-08-22,P0040,C00038,west,4.0,12756.37,0.0,51025.48
T107143,2025-03-08,P0012,C00132,central,3.0,14484.04,0.1,39106.91
T108621,2024-03-26,P0037,C00156,south,3.0,8484.46,0.0,25453.38
T101506,2023-01-25,P0031,C00014,central,2.0,1566.84,0.0,3133.68
T108230,2023-01-25,P0037,C00062,north,1.0,8484.46,0.0,8484.46
T106088,2023-08-30,P0023,C00231,north,4.0,10713.43,0.0,42853.72
T101634,2023-04-19,P0038,C00143,south,5.0,5836.46,0.0,29182.3
T103328,2024-08-08,P0003,C00144,west,4.0,10949.99,0.05,41609.96
T104588,2023-12-22,P0020,C00214,central,4.0,4508.3,0.0,18033.2
T103615,2024-02-14,P0024,C00015,south,1.0,11884.11,0.1,10695.7
T103411,2024-03-22,P0034,C00240,south,2.0,10038.95,0.0,20077.9
T101563,2024-11-21,P0030,C00108,west,8.0,6824.34,0.05,51864.98
T107599,2025-03-31,P0014,C00034,east,3.0,500.0,0.0,1500.0
T105198,2023-06-14,P0026,C00194,east,2.0,13905.57,0.0,27811.14
T101979,2024-08-29,P0025,C00024,south,6.0,9148.51,0.0,54891.06
T101883,2024-08-20,P0039,C00193,east,3.0,14579.92,0.0,43739.76
T100438,2025-10-11,P0016,C00129,central,8.0,2604.21,0.0,20833.68
T108192,2023-10-30,P0009,C00160,south,7.0,11247.7,0.0,78733.9
T103395,2025-08-13,P0005,C00145,north,6.0,8621.09,0.0,51726.54
T103844,2025-10-06,P0009,C00060,east,1.0,11247.7,0.0,11247.7
T106462,2023-08-11,P0011,C00034,south,4.0,8863.25,0.2,28362.4
T107733,2024-09-10,P0010,C00084,north,1.0,8164.43,0.0,8164.43
T102280,2023-01-30,P0033,C00126,west,2.0,10082.29,0.2,16131.66
T107013,2025-08-17,P0039,C00165,west,6.0,14579.92,0.0,87479.52
T106827,2025-08-26,P0025,C00079,south,6.0,9148.51,0.1,49401.95
T104467,2024-06-25,P0012,C00167,east,6.0,14484.04,0.0,86904.24
T100373,2024-07-16,P0001,C00158,east,3.0,6017.98,0.0,18053.94
T104302,2024-01-29,P0007,C00240,south,8.0,14423.4,0.05000000000000001,109617.84
T102585,2023-07-14,P0010,C00220,west,3.0,8164.43,0.1,22043.96
T101332,2025-01-20,P0034,C00111,north,4.0,10038.95,0.1,36140.22
T105500,2023-09-22,P0008,C00021,central,4.0,499.0,0.0,1996.0
T102879,2025-09-01,P0026,C00109,north,8.0,13905.57,0.0,111244.56
T103378,2024-11-11,P0033,C00157,central,7.0,10082.29,0.0,70576.03
T101784,2024-04-29,P0027,C00085,central,4.0,9818.49,0.0,39273.96
T105431,2025-12-30,P0039,C00023,west,1.0,14579.92,0.0,14579.92
T105583,2024-12-02,P0015,C00184,east,6.0,4549.66,0.0,27297.96
T103283,2025-05-07,P0016,C00173,central,2.0,2604.21,0.05,4948.0
T106063,2024-10-29,P0006,C00213,south,3.0,7884.39,0.0,23653.17
T108425,2023-11-10,P0012,C00039,north,9.0,14484.04,1.1163180092146522e-16,130356.36
T104978,2024-09-21,P0033,C00248,north,5.0,10082.29,0.0,50411.45
T108835,2025-12-06,P0039,C00204,central,9.0,14579.92,0.0,131219.28
T103937,2025-02-01,P0040,C00182,north,5.0,12756.37,0.0,63781.85
T107670,2024-06-14,P0008,C00186,north,5.0,499.0,0.05,2370.25
T106517,2025-07-02,P0012,C00112,south,2.0,14484.04,0.0,28968.08
T108673,2023-05-08,P0027,C00125,north,6.0,9818.49,0.0,58910.94
T103852,2024-02-24,P0010,C00182,north,9.0,8164.43,0.0,73479.87
T104080,2023-09-02,P0034,C00100,east,7.0,10038.95,0.0,70272.65
T107397,2023-11-27,P0030,C00045,west,3.0,6824.34,0.0,20473.02
T107271,2024-11-06,P0006,C00190,north,5.0,7884.39,0.15,33508.66
T101541,2025-01-06,P0021,C00078,west,4.0,359.09,0.0,1436.36
T105642,2025-09-29,P0005,C00155,west,4.0,8621.09,0.0,34484.36
T100322,2024-05-30,P0023,C00243,south,4.0,10713.43,0.0,42853.72
T102031,2025-04-04,P0014,C00101,east,4.0,500.0,0.0,2000.0
T100993,2023-02-07,P0028,C00225,south,6.0,13737.15,0.0,82422.9
T104205,2023-05-03,P0010,C00164,north,3.0,8164.43,0.0,24493.29
T107765,2023-08-24,P0008,C00037,south,2.0,499.0,0.0,998.0
T107244,2024-05-17,P0021,C00055,south,5.0,359.09,0.0,1795.45
T107228,2025-07-30,P0001,C00052,east,3.0,6017.98,0.0,18053.94
T103295,2024-09-02,P0035,C00098,east,3.0,8930.77,0.1,24113.08
T106500,2025-03-07,P0029,C00164,north,3.0,12773.07,0.05,36403.25
T102184,2025-11-17,P0040,C00221,west,7.0,12756.37,0.0,89294.59
T100110,2024-08-20,P0031,C00109,north,3.0,1566.84,0.0,4700.52
T104149,2025-10-14,P0032,C00062,south,5.0,5656.65,0.0,28283.25
T105562,2025-04-22,P0003,C00074,east,8.0,10949.99,0.0,87599.92
T101079,2024-06-23,P0024,C00057,east,3.0,11884.11,0.0,35652.33
T102226,2023-11-06,P0004,C00095,central,2.0,4999.13,0.0,9998.26
T106947,2025-06-04,P0011,C00064,north,6.0,8863.25,0.15,45202.58
T108324,2024-12-01,P0004,C00095,central,3.0,4999.13,0.0,14997.39
T102705,2023-06-20,P0002,C00248,north,5.0,13910.88,0.05,66076.68
T105629,2024-10-17,P0018,C00157,central,3.0,6437.51,0.0,19312.53
T104486,2023-08-17,P0006,C00096,central,3.0,7884.39,0.0,23653.17
T101164,2025-12-08,P0030,C00021,east,14.0,6824.34,0.10000004186694784,85986.68
T102970,2024-06-23,P0024,C00209,east,4.0,11884.11,0.15,40405.97
T101450,2024-08-02,P0001,C00092,south,7.0,6017.98,0.0,42125.86
T107660,2023-01-27,P0013,C00029,east,4.0,9164.46,0.0,36657.84
T106670,2024-06-14,P0004,C00122,west,2.0,4999.13,0.0,9998.26
T105045,2024-01-27,P0040,C00107,east,5.0,12756.37,0.2,51025.48
T105679,2024-12-31,P0010,C00035,central,5.0,8164.43,0.0,40822.15
T104965,2023-08-27,P0022,C00210,north,5.0,3102.81,0.0,15514.05
T107440,2025-03-13,P0025,C00099,north,4.0,9148.51,0.0,36594.04
T106692,2024-03-07,P0012,C00113,east,3.0,14484.04,0.0,43452.12
T104908,2025-11-11,P0005,C00176,west,7.0,8621.09,0.05,57330.25
T103286,2024-11-21,P0038,C00070,west,7.0,5836.46,0.0,40855.22
T104099,2025-01-07,P0039,C00186,north,4.0,14579.92,0.0,58319.68
T102957,2025-07-03,P0006,C00216,south,3.0,7884.39,0.1,21287.85
T108218,2023-06-08,P0001,C00163,central,7.0,6017.98,0.0,42125.86
T107355,2023-08-22,P0025,C00142,central,3.0,9148.51,0.0,27445.53
T101514,2023-02-15,P0027,C00133,east,4.0,9818.49,0.0,39273.96
T102313,2024-05-10,P0012,C00128,south,6.0,14484.04,0.0,86904.24
T108340,2024-09-18,P0006,C00193,east,2.0,7884.39,0.15,13403.46
T101451,2025-11-18,P0025,C00068,north,5.0,9148.51,0.0,45742.55
T102020,2025-02-28,P0030,C00158,east,2.0,6824.34,0.15,11601.38
T103567,2024-09-25,P0017,C00103,west,2.0,382.2,0.0,764.4
T104720,2025-10-04,P0013,C00073,south,8.0,9164.46,0.0,73315.68
T106632,2023-07-05,P0020,C00206,north,4.0,4508.3,0.0,18033.2
T104613,2023-01-31,P0005,C00113,east,1.0,8621.09,0.0,8621.09
T100838,2025-11-24,P0016,C00187,north,7.0,2604.21,0.0,18229.47
T101086,2023-02-18,P0029,C00101,east,7.0,12773.07,0.0,89411.49
T102374,2025-02-03,P0015,C00224,central,6.0,4549.66,0.0,27297.96
T103542,2024-03-18,P0027,C00018,central,5.0,9818.49,0.0,49092.45
T105835,2025-03-10,P0037,C00117,west,7.0,8484.46,0.0,59391.22
T107310,2025-07-04,P0007,C00170,west,4.0,14423.4,0.05,54808.92
T105298,2025-02-17,P0034,C00127,south,8.0,10038.95,0.0,80311.6
T106137,2023-10-18,P0001,C00083,south,4.0,6017.98,0.0,24071.92
T108565,2025-05-21,P0031,C00010,south,4.0,1566.84,0.0,6267.36
T100450,2024-01-09,P0033,C00118,central,6.0,10082.29,0.0,60493.74
T104562,2025-07-19,P0011,C00219,west,2.0,8863.25,0.0,17726.5
T101714,2023-09-08,P0039,C00085,central,3.0,14579.92,0.05,41552.77
T104708,2023-12-10,P0022,C00062,south,6.0,3102.81,0.0,18616.86
T108599,2025-09-26,P0011,C00225,south,4.0,8863.25,0.0,35453.0
T100339,2024-06-25,P0010,C00049,east,5.0,8164.43,0.05,38781.04
T103692,2024-10-29,P0015,C00122,west,7.0,4549.66,0.0,31847.62
T105521,2025-01-28,P0017,C00239,east,4.0,382.2,0.0,1528.8
T104222,2025-04-11,P0021,C00172,central,7.0,359.09,-1.8091260483303595e-16,2513.63
T107559,2024-06-18,P0012,C00086,west,6.0,14484.04,0.15,73868.6
T102670,2024-04-20,P0030,C00068,north,1.0,6824.34,0.05,6483.12
T101419,2024-10-01,P0039,C00063,north,2.0,14579.92,0.15,24785.86
T100034,2025-12-26,P0015,C00041,east,3.0,4549.66,0.0,13648.98
T107517,2023-12-01,P0040,C00186,north,6.0,12756.37,0.0,76538.22
T105912,2025-01-30,P0007,C00009,central,1.0,14423.4,0.0,14423.4
T105090,2024-10-10,P0013,C00193,east,6.0,9164.46,0.1,49488.08
T108224,2025-05-25,P0031,C00145,north,3.0,1566.84,0.0,4700.52
T101410,2024-12-16,P0031,C00229,east,11.0,1566.84,0.0,17235.24
T103481,2025-05-17,P0024,C00248,north,6.0,11884.11,0.0,71304.66
T102170,2023-07-11,P0004,C00079,south,4.0,4999.13,0.0,19996.52
T104239,2025-04-27,P0006,C00042,central,4.0,7884.39,0.0,31537.56
T100889,2024-01-30,P0012,C00135,north,5.0,14484.04,0.0,72420.2
T108568,2024-09-19,P0011,C00160,south,4.0,8863.25,0.0,35453.0
T108255,2025-10-08,P0001,C00002,west,3.0,6017.98,0.1,16248.55
T106037,2023-08-25,P0036,C00163,east,3.0,4229.62,0.0,12688.86
T102244,2025-05-27,P0011,C00091,central,3.0,8863.25,0.2,21271.8
T105022,2023-10-11,P0032,C00049,east,4.0,5656.65,0.0,22626.6
T106081,2025-06-23,P0025,C00169,central,6.0,9148.51,0.0,54891.06
T103661,2024-08-06,P0003,C00035,central,5.0,10949.99,0.0,54749.95
T108626,2023-01-09,P0039,C00064,north,4.0,14579.92,0.2,46655.74
T105842,2024-08-13,P0004,C00236,east,6.0,4999.13,0.05,28495.04
T100432,2024-09-20,P0029,C00010,south,7.0,12773.07,0.0,89411.49
T101654,2024-08-19,P0001,C00004,east,4.0,6017.98,0.0,24071.92
T100178,2023-02-12,P0013,C00016,west,3.0,9164.46,0.0,27493.38
T108710,2024-05-15,P0037,C00164,north,4.0,8484.46,0.0,33937.84
T107474,2025-08-20,P0013,C00168,north,3.0,9164.46,0.0,27493.38
T107529,2023-02-13,P0036,C00040,north,1.0,4229.62,0.0,4229.62
T106129,2024-08-13,P0026,C00061,west,3.0,13905.57,0.0,41716.71
T101886,2025-07-08,P0033,C00127,south,7.0,10082.29,0.0,70576.03
T107477,2023-07-29,P0011,C00018,central,5.0,8863.25,0.2,35453.0
T101786,2024-07-24,P0002,C00061,west,6.0,13910.88,0.0,83465.28
T104077,2025-08-27,P0030,C00203,west,3.0,6824.34,0.0,20473.02
T103522,2025-06-17,P0029,C00049,east,8.0,12773.07,0.0,102184.56
T104335,2023-06-30,P0018,C00160,south,5.0,6437.51,0.0,32187.55
T102181,2023-09-30,P0032,C00193,east,3.0,5656.65,-2.14377697464737e-16,16969.95
T105522,2025-12-27,P0040,C00109,north,9.0,12756.370370370372,0.1,103326.6
T105159,2024-09-30,P0019,C00138,central,4.0,6013.99,0.1,21650.36
T102069,2025-10-13,P0030,C00108,west,1.0,6824.34,0.0,6824.34
T106641,2023-05-19,P0012,C00097,west,2.0,14484.04,0.0,28968.08
T105023,2023-08-11,P0012,C00148,north,3.0,14484.04,0.2,34761.7
T104051,2025-12-15,P0004,C00176,east,1.0,4999.13,0.0,4999.13
T100880,2025-09-25,P0014,C00081,west,2.0,500.0,0.0,1000.0
T106501,2024-07-13,P0020,C00214,central,2.0,4508.3,0.0,9016.6
T104174,2025-12-02,P0028,C00155,west,13.0,13737.15,0.0,178582.95
T103379,2024-08-05,P0006,C00228,south,4.0,7884.39,0.0,31537.56
T106860,2025-04-15,P0029,C00085,central,2.0,12773.07,0.0,25546.14
T107738,2024-03-15,P0001,C00131,west,3.0,6017.98,0.0,18053.94
T103961,2024-03-08,P0033,C00046,south,4.0,10082.29,0.0,40329.16
T108109,2023-10-06,P0018,C00233,west,8.0,6437.51,0.15,43775.07
T103467,2024-03-25,P0022,C00117,west,7.0,3102.81,0.05,20633.69
T105994,2023-03-10,P0015,C00229,east,4.0,4549.66,0.1,16378.78
T101706,2023-03-12,P0028,C00204,central,1.0,13737.15,0.05,13050.29
T101158,2024-04-05,P0007,C00143,south,1.0,14423.4,0.0,14423.4
T102306,2023-01-08,P0040,C00217,north,4.0,12756.37,0.0,51025.48
T107374,2025-06-18,p0030 ,C00083,south,3.0,6824.34,0.0,20473.02
T107887,2024-04-06,P0022,C00108,west,6.0,3102.81,0.0,18616.86
T106872,2023-11-20,P0011,C00245,central,6.0,8863.25,0.0,53179.5
T105235,2025-04-28,P0026,C00228,south,4.0,13905.57,0.0,55622.28
T106423,2024-05-31,P0031,C00231,north,10.0,1566.84,0.0,15668.4
T103905,2025-01-14,P0038,C00223,central,6.0,5836.46,0.0,35018.76
T106693,2024-10-04,P0008,C00134,east,6.0,499.0,0.0,2994.0
T108140,2025-10-30,P0033,C00240,south,3.0,10082.29,0.0,30246.87
T105635,2024-08-18,P0004,C00088,south,7.0,4999.13,0.2,27995.13
T101564,2024-08-05,P0013,C00198,west,4.0,9164.46,0.05,34824.95
T101782,2023-11-10,P0013,C00181,south,4.0,9164.46,0.15,31159.16
T108063,2024-06-19,P0016,C00054,central,4.0,2604.21,0.0,10416.84
T104623,2023-12-07,P0013,C00103,west,4.0,9164.46,0.05,34824.95
T103298,2025-09-15,P0021,C00009,central,11.0,359.09,0.0,3949.99
T100904,2024-02-11,P0021,C00035,central,1.0,359.09,0.0,359.09
T108816,2024-03-19,P0024,C00015,south,1.0,11884.11,0.0,11884.11
T105422,2025-04-12,P0023,C00075,south,9.0,10713.43,0.05,91599.83
T107557,2025-09-14,P0036,C00037,south,8.0,4229.62,0.0,33836.96
T106789,2025-07-11,P0006,C00219,west,6.0,7884.39,0.05,44941.02
T102080,2024-12-20,P0009,C00006,east,11.0,11247.7,0.0,123724.7
T101565,2024-05-04,P0009,C00017,east,6.0,11247.7,0.1,60737.58
T104934,2023-10-25,P0006,C00144,west,1.0,7884.39,0.0,7884.39
T103570,2025-06-01,P0011,C00117,west,3.0,8863.25,0.05,25260.26
T105273,2023-08-04,P0012,C00197,south,5.0,14484.04,0.0,72420.2
T103704,2023-09-11,P0006,C00083,south,4.0,7884.39,0.10000012683289392,28383.8
T105106,2025-10-10,P0033,C00011,east,5.0,10082.29,0.0,50411.45
T107981,2024-05-01,P0026,C00163,west,3.0,13905.57,0.0,41716.71
T106143,2025-12-26,P0008,C00143,south,9.0,499.0,0.0,4491.0
T105312,2025-12-15,P0003,C00060,west,5.0,10949.99,0.2,43799.96
T101113,2025-01-14,P0027,C00010,south,3.0,9818.49,0.15,25037.15
T102646,2024-04-24,P0028,C00067,south,3.0,13737.15,0.0,41211.45
T103914,2025-08-30,P0032,C00071,east,3.0,5656.65,0.15,14424.46
T105904,2025-05-03,P0016,C00160,south,7.0,2604.21,0.0,18229.47
T105409,2023-08-27,P0030,C00206,north,4.0,6824.34,0.0,27297.36
T107813,2025-11-01,P0025,C00126,west,3.0,9148.51,0.15,23328.7
T102300,2025-01-30,P0013,C00035,central,4.0,9164.46,0.0,36657.84
T105780,2025-12-12,P0004,C00143,south,9.0,4999.13,0.05,42742.56
T100254,2024-06-17,P0015,C00204,central,7.0,4549.66,0.1,28662.86
T108074,2024-12-17,P0039,C00174,central,1.0,14579.92,0.0,14579.92
T108207,2023-05-11,P0038,C00045,west,7.0,5836.46,0.0,40855.22
T106381,2023-03-30,P0038,C00071,east,4.0,5836.46,0.0,23345.84
T107248,2023-08-19,P0017,C00037,south,4.0,382.2,0.0,1528.8
T105818,2023-12-25,P0034,C00178,west,4.0,10038.95,0.15000000000000005,34132.43
T103806,2024-08-03,P0037,C00119,south,5.0,8484.46,0.1,38180.07
T105920,2023-05-04,P0028,C00025,south,4.0,13737.15,0.0,54948.6
T105540,2023-05-24,P0036,C00207,central,1.0,4229.623529411765,0.15,3595.18
T102589,2023-01-07,P0037,C00184,east,3.0,8484.46,0.0,25453.38
T105640,2023-03-04,P0029,C00129,central,6.0,12773.07,0.0,76638.42
T100303,2025-12-29,P0030,C00079,south,1.0,6824.34,0.0,6824.34
T105140,2023-03-24,P0009,C00228,south,1.0,11247.7,0.0,11247.7
T103299,2024-04-03,P0030,C00039,north,1.0,6824.34,0.0,6824.34
T106465,2024-03-09,P0022,C00186,north,4.0,3102.81,0.1,11170.12
T105386,2025-05-23,P0003,C00073,south,6.0,10949.99,0.0,65699.94
T106403,2024-06-25,P0026,C00188,north,1.0,13905.57,0.05,13210.29
T101436,2025-12-18,P0028,C00053,west,1.0,13737.15,0.1,12363.44
T106319,2024-05-20,P0039,C00043,west,3.0,14579.92,0.0,43739.76
T106595,2023-03-05,P0027,C00112,south,4.0,9818.49,0.0,39273.96
T100376,2025-07-10,P0034,C00245,central,2.0,10038.95,0.0,20077.9
T101869,2023-12-31,P0033,C00220,north,6.0,10082.29,0.0,60493.74
T108941,2023-03-11,P0009,C00188,north,4.0,11247.7,0.0,44990.8
T106270,2024-02-25,P0026,C00057,east,5.0,13905.57,0.05,66051.46
T101834,2025-09-25,P0023,C00074,east,2.0,10713.43,0.05,20355.52
T101658,2024-09-11,P0019,C00044,south,5.0,6013.99,0.15,25559.46
T100755,2025-04-29,P0035,C00173,central,8.0,8930.77,0.0,71446.16
T107063,2024-02-19,P0011,C00186,north,5.0,8863.25,0.0,44316.25
T108745,2025-07-22,P0025,C00090,south,7.0,457425.5,0.0,3201978.5
T104328,2023-11-03,P0031,C00139,south,12.0,1566.84,0.0,18802.08
T100290,2024-05-14,P0026,C00244,south,2.0,13905.57,0.05,26420.58
T102236,2023-05-29,P0034,C00038,west,1.0,10038.95,0.0,10038.95
T104951,2023-12-14,P0016,C00245,central,4.0,2604.21,0.0,10416.84
T100805,2025-07-21,P0006,C00159,north,4.0,7884.39,0.1,28383.8
T102118,2023-05-06,P0035,C00181,south,1.0,8930.77,0.05,8484.23
T105950,2023-05-19,P0002,C00206,north,4.0,13910.88,0.0,55643.52
T105758,2025-01-06,P0004,C00124,west,2.0,4999.13,0.0,9998.26
T100501,2023-01-08,P0013,C00184,east,4.0,9164.46,0.0,36657.84
T103102,2024-08-16,P0020,C00084,north,5.0,4508.3,0.0,22541.5
T105162,2023-04-04,P0011,C00103,west,4.0,8863.25,0.0,35453.0
T108517,2023-02-04,P0016,C00138,central,4.0,2604.21,0.0,10416.84
T101539,2025-12-06,P0011,C00139,south,3.0,8863.25,0.0,26589.75
T105067,2024-01-31,P0001,C00001,west,5.0,6017.98,0.0,30089.9
T101211,2025-03-07,P0034,C00152,north,1.0,10038.95,0.0,10038.95
T102996,2023-12-06,P0032,C00176,east,4.0,5656.65,0.0,22626.6
T107754,2024-10-15,P0026,C00175,east,7.0,13905.57,0.0,97338.99
T108761,2024-04-18,P0038,C00045,west,7.0,5836.46,0.0,40855.22
T100672,2024-12-28,P0036,C00241,south,1.0,4229.62,0.0,4229.62
T106580,2024-08-14,P0011,C00024,south,8.0,8863.25,0.0,70906.0
T105292,2023-10-09,P0008,C00204,central,9.0,499.0,0.05,4266.45
T106865,2024-02-07,P0026,C00001,west,5.0,13905.57,0.0,69527.85
T104055,2025-03-24,P0033,C00144,west,3.0,10082.29,0.0,30246.87
T105268,2023-07-21,P0021,C00091,central,3.0,359.09,0.1,969.54
T107835,2024-05-19,P0031,C00121,east,6.0,1566.84,0.0,9401.04
T101464,2025-10-15,P0005,C00074,east,12.0,8621.09,0.05,98280.43
T105911,2025-12-06,P0009,C00102,central,5.0,11247.7,0.0,56238.5
T107874,2025-02-28,P0033,C00052,east,6.0,10082.29,0.05,57469.05
T101192,2023-11-27,P0004,C00059,north,1.0,4999.13,0.0,4999.13
T106695,2023-07-27,P0034,C00069,central,1.0,10038.95,0.2,8031.16
T102264,2023-11-12,P0022,C00029,east,9.0,3102.81,0.0,27925.29
T100421,2023-06-14,P0037,C00236,east,3.0,8484.46,0.0,25453.38
T100505,2024-04-29,P0040,C00004,central,3.0,12756.37,0.0,38269.11
T106683,2023-06-07,P0017,C00123,north,6.0,382.2,0.0,2293.2
T102623,2024-09-04,P0008,C00046,south,4.0,499.0,0.0,1996.0
T101582,2024-02-24,P0027,C00008,south,2.0,9818.49,0.0,19636.98
T100506,2024-07-20,P0023,C00176,east,2.0,10713.43,0.1,19284.17
T105131,2025-09-22,P0040,C00124,west,12.0,12756.37,0.0,153076.44
T102405,2024-09-15,P0016,C00036,north,4.0,2604.21,0.15,8854.31
T105529,2025-01-22,P0019,C00249,west,6.0,6013.99,0.0,36083.94
T105928,2025-06-29,P0012,C00075,west,4.0,14484.04,0.0,57936.16
T100621,2025-05-05,P0017,C00102,central,7.0,382.2,0.0,2675.4
T102126,2024-08-30,P0029,C00083,south,4.0,12773.07,0.0,51092.28
T103524,2025-02-22,P0013,C00147,north,3.0,9164.46,0.0,27493.38
T107770,2023-09-12,P0014,C00093,north,4.0,500.0,0.0,2000.0
T108683,2023-06-14,P0035,C00195,east,4.0,8930.77,0.0,35723.08
T106631,2023-11-29,P0014,C00231,north,3.0,500.0,0.0,1500.0
T104672,2025-04-10,P0040,C00030,north,14.0,12756.37,0.0,178589.18
T103989,2024-02-13,P0015,C00241,south,4.0,4549.66,0.0,18198.64
T100347,2023-04-23,P0008,C00184,east,2.0,499.0,0.05,948.1
T100797,2025-11-30,P0009,C00105,west,1.0,11247.7,0.2,8998.16
T105834,2023-12-19,P0003,C00012,east,6.0,10949.99,0.0,65699.94
T102829,2024-01-25,P0033,C00002,west,2.0,10082.29,0.0,20164.58
T104640,2023-09-18,P0037,C00092,south,3.0,8484.46,0.0,25453.38
T104074,2025-02-11,P0035,C00007,central,1.0,8930.77,0.0,8930.77
T108495,2023-06-12,P0027,C00167,east,3.0,9818.49,0.0,29455.47
T107749,2023-04-05,P0027,C00212,south,7.0,9818.49,0.1,61856.49
T108806,2024-03-16,P0034,C00054,central,6.0,10038.95,0.0,60233.7
T100312,2024-09-02,P0007,C00140,west,4.0,14423.4,0.0,57693.6
T104739,2025-05-02,P0031,C00172,central,1.0,1566.84,0.05,1488.5
T100746,2024-08-24,P0038,C00048,south,3.0,5836.46,0.0,17509.38
T100790,2024-02-24,P0033,C00103,west,1.0,10082.29,0.0,10082.29
T102476,2024-03-10,P0021,C00044,south,1.0,359.09,0.0,359.09
T102024,2024-03-28,P0037,C00082,east,6.0,8484.46,0.15,43270.75
T105288,2025-05-07,P0011,C00134,east,3.0,8863.25,0.0,26589.75
T102570,2023-07-12,P0025,C00088,south,9.0,9148.51,0.0,82336.59
T103620,2023-08-30,P0015,C00226,west,4.0,4549.66,0.0,18198.64
T108899,2024-04-09,P0017,C00092,south,6.0,382.2,0.0,2293.2
T107293,2025-08-07,P0032,C00094,south,6.0,5656.65,0.0,33939.9
T105939,2025-12-24,P0036,C00039,north,5.0,4229.62,0.0,21148.1
T104439,2024-11-13,P0039,C00132,central,3.0,14579.92,0.0,43739.76
T104298,2025-01-30,P0034,C00046,south,6.0,10038.95,0.0,60233.7
T100259,2024-07-04,P0025,C00025,south,5.0,9148.51,0.0,45742.55
T102163,2025-01-02,P0036,C00206,north,3.0,4229.62,0.0,12688.86
T108350,2025-08-20,P0029,C00152,north,6.0,12773.07,0.15,65142.66
T100380,2024-12-04,P0004,C00026,north,8.0,4999.13,0.0,39993.04
T105294,2025-08-01,P0007,C00040,north,3.0,14423.4,0.15,36779.67
T107628,2024-12-23,P0031,C00137,south,6.0,1566.84,0.0,9401.04
T101912,2025-11-03,P0035,C00189,east,9.0,8930.77,0.0,80376.93
T103463,2024-12-29,P0016,C00153,central,5.0,2604.21,0.0,13021.05
T100599,2024-06-16,P0026,C00148,north,3.0,13905.57,0.05,39630.87
T100045,2023-09-10,P0014,C00024,south,2.0,500.0,0.0,1000.0
T101444,2023-10-16,P0014,C00246,south,7.0,500.0,0.0,3500.0
T101652,2024-05-09,P0036,C00043,west,3.0,4229.62,0.0,12688.86
T102699,2024-12-09,P0018,C00045,west,5.0,6437.51,0.0,32187.55
T108570,2025-10-17,P0013,C00245,central,5.0,9164.46,0.0,45822.3
T101893,2023-12-05,P0014,C00091,central,7.0,500.0,0.0,3500.0
T101944,2023-06-15,P0001,C00027,west,6.0,6017.98,0.05,34302.49
T102406,2024-01-11,P0025,C00099,north,1.0,9148.51,0.05,8691.08
T105489,2024-12-17,P0029,C00240,south,1.0,12773.07,0.0,12773.07
T108906,2023-02-07,P0007,C00159,north,3.0,14423.4,0.05,41106.69
T103469,2025-02-25,P0027,C00160,south,4.0,9818.49,0.0,39273.96
T101966,2025-09-02,p0002 ,C00026,north,3.0,13910.88,0.0,41732.64
T103130,2024-07-01,P0032,C00056,south,8.0,5656.65,0.0,45253.2
T106534,2023-06-04,P0038,C00162,west,4.0,5836.46,0.1,21011.26
T104270,2024-07-18,P0021,C00131,west,4.0,359.09,0.05,1364.54
T107746,2025-02-18,P0007,C00032,north,3.0,14423.4,0.0,43270.2
T101600,2025-07-13,P0038,C00177,south,4.0,5836.46,0.05,22178.55
T106156,2024-10-24,P0023,C00250,north,7.0,10713.43,0.0,74994.01
T101392,2024-05-02,P0035,C00040,north,3.0,8930.77,0.0,26792.31
T104631,2025-01-06,P0010,C00067,south,7.0,8164.43,0.0,57151.01
T108574,2025-10-05,P0006,C00079,south,6.0,7884.39,0.0,47306.34
T105446,2023-06-13,P0015,C00232,west,4.0,4549.66,0.0,18198.64
T106901,2023-07-06,P0004,C00214,central,3.0,4999.13,0.05,14247.52
T105735,2023-05-24,P0011,C00048,south,5.0,8863.25,0.0,44316.25
T100426,2024-06-01,P0018,C00038,west,1.0,6437.51,0.15,5471.88
T105156,2024-06-19,P0030,C00215,east,1.0,6824.34,0.0,6824.34
T102853,2025-05-30,P0022,C00138,central,7.0,3102.81,0.15,18461.72
T100410,2025-05-24,P0012,C00184,east,6.0,14484.04,0.2,69523.39
T108296,2024-01-24,P0023,C00113,east,4.0,10713.43,0.0,42853.72
T108184,2025-03-30,P0030,C00033,north,9.0,6824.34,0.0,61419.06
T105672,2023-11-06,P0018,C00146,central,3.0,6437.51,0.0,19312.53
T102486,2023-05-21,P0008,C00050,east,6.0,499.0,0.2,2395.2
T104245,2023-01-14,P0030,C00240,south,5.0,6824.34,0.0,34121.7
T100779,2023-10-23,P0020,C00215,east,4.0,4508.3,0.05,17131.54
T104483,2024-02-17,P0035,C00106,west,4.0,8930.77,0.0,35723.08
T104151,2025-11-28,P0035,C00211,west,9.0,8930.77,0.0,80376.93
T103815,2024-01-17,P0011,C00205,north,7.0,8863.25,0.0,62042.75
T100210,2023-07-09,P0004,C00213,south,2.0,4999.13,0.0,9998.26
T102487,2023-01-17,P0002,C00085,central,4.0,13910.88,0.0,55643.52
T106289,2025-09-06,P0025,C00067,central,2.0,9148.51,0.0,18297.02
T107134,2023-06-15,P0021,C00081,west,6.0,359.09,0.0,2154.54
T107300,2024-12-02,P0018,C00051,east,1.0,6437.51,0.0,6437.51
T107836,2025-08-26,P0017,C00234,east,3.0,382.2,0.0,1146.6
T101049,2024-06-06,P0021,C00140,west,8.0,359.09,0.1,2585.45
T108248,2025-01-18,P0034,C00104,south,1.0,10038.95,0.0,10038.95
T104393,2024-07-23,P0024,C00103,west,2.0,11884.11,0.0,23768.22
T102035,2023-08-14,P0038,C00193,east,4.0,5836.46,0.1,21011.26
T108722,2023-02-15,P0032,C00065,east,5.0,5656.65,0.0,28283.25
T108703,2024-02-04,P0024,C00006,east,2.0,11884.11,0.0,23768.22
T104159,2023-04-07,P0040,C00052,east,4.0,12756.37,0.0,51025.48
T101972,2023-03-29,P0005,C00081,west,10.0,8621.09,0.0,86210.9
T107949,2025-07-31,P0023,C00055,south,3.0,10713.43,0.0,32140.29
T102099,2025-01-31,P0003,C00042,central,4.0,10949.99,0.0,43799.96
T101499,2025-08-04,P0037,C00223,central,4.0,8484.46,0.0,33937.84
T101109,2024-09-04,P0011,C00221,west,4.0,8863.25,0.0,35453.0
T103148,2025-06-23,P0029,C00146,central,4.0,12773.07,0.0,51092.28
T104845,2024-01-15,P0028,C00102,central,6.0,13737.15,0.0,82422.9
T100652,2023-08-10,P0002,C00238,west,4.0,13910.88,0.0,55643.52
T102732,2025-06-20,P0019,C00136,south,4.0,6013.99,0.0,24055.96
T103034,2025-04-20,P0020,C00217,north,4.0,4508.3,0.0,18033.2
T100242,2025-10-18,P0005,C00064,north,6.0,8621.09,0.0,51726.54
T101795,2025-05-07,P0031,C00081,west,2.0,1566.84,0.2,2506.94
T101702,2023-10-22,P0001,C00169,central,11.0,6017.98,0.05,62887.89
T104119,2024-11-12,P0021,C00076,central,17.0,359.09,0.0,6104.53
T105826,2025-03-13,P0028,C00077,south,4.0,13737.15,0.0,54948.6
T104250,2023-08-04,P0020,C00226,west,2.0,4508.3,0.05,8565.77
T101498,2024-10-23,P0038,C00004,east,4.0,5836.46,0.2,18676.67
T102756,2025-01-16,P0021,C00227,central,1.0,359.09,0.0,359.09
T103693,2024-08-16,P0031,C00001,west,3.0,1566.84,0.0,4700.52
T105395,2024-03-28,P0034,C00086,west,5.0,10038.95,0.05,47685.01
T102178,2023-04-14,P0012,C00017,east,5.0,14484.04,0.0,72420.2
T108794,2025-09-05,P0002,C00155,west,7.0,13910.88,0.0,97376.16
T104279,2024-07-30,P0011,C00050,east,1.0,8863.25,0.0,8863.25
T107999,2023-07-20,P0028,C00121,east,2.0,13737.15,0.0,27474.3
T105910,2025-09-13,P0034,C00119,south,7.0,10038.95,0.0,70272.65
T105349,2024-09-08,P0029,C00186,north,3.0,12773.07,0.0,38319.21
T100705,2024-12-30,P0019,C00028,central,5.0,6013.99,0.0,30069.95
T101872,2023-09-10,P0011,C00137,south,2.0,8863.25,0.0,17726.5
T103886,2023-04-05,P0007,C00243,west,4.0,14423.4,0.0,57693.6
T103973,2025-09-15,P0004,C00056,south,4.0,4999.13,0.2,15997.22
T107825,2024-02-01,P0028,C00129,central,3.0,13737.15,0.15,35029.73
T106384,2023-09-23,P0034,C00013,central,4.0,10038.95,0.0,40155.8
T108546,2024-02-18,P0024,C00104,south,3.0,11884.11,0.2000001121946308,28521.86
T104671,2025-03-14,P0020,C00055,south,6.0,4508.3,0.1,24344.82
T104988,2025-03-08,P0001,C00040,north,4.0,6017.98,0.0,24071.92
T106110,2023-08-04,P0038,C00008,south,3.0,5836.46,0.05,16633.91
T108068,2024-09-12,P0014,C00068,north,2.0,500.0,0.0,1000.0
T106991,2023-05-01,P0003,C00172,central,4.0,10949.99,0.2,35039.97
T100565,2024-06-29,P0016,C00160,south,3.0,2604.21,0.0,7812.63
T105914,2025-06-25,P0034,C00162,north,4.0,10038.95,0.0,40155.8
T103608,2024-04-22,P0025,C00234,east,8.0,9148.51,0.05,69528.68
T103393,2025-07-05,P0018,C00247,north,2.0,6437.51,0.15,10943.77
T102987,2023-11-09,P0001,C00088,south,6.0,6017.98,0.0,36107.88
T100640,2024-11-06,P0021,C00037,south,8.0,359.09,0.0,2872.72
T104997,2023-07-11,P0003,C00235,east,4.0,10949.99,0.0,43799.96
T105714,2023-12-30,P0036,C00121,east,12.0,4229.62,0.0,50755.44
T102778,2024-07-29,P0006,C00125,north,5.0,7884.39,0.0,39421.95
T100507,2025-06-23,P0005,C00054,central,2.0,8621.09,0.2,13793.74
T106207,2025-08-22,P0006,C00189,north,6.0,7884.39,0.2,37845.07
T101964,2025-04-09,P0035,C00157,central,9.0,8930.77,0.0,80376.93
T106657,2023-02-05,P0032,C00075,west,2.0,5656.65,0.0,11313.3
T101534,2023-07-31,P0031,C00044,south,3.0,1566.84,0.05,4465.49
T100325,2024-11-28,P0010,C00157,central,3.0,8164.43,0.0,24493.29
T106475,2023-06-23,P0022,C00064,north,4.0,3102.81,0.0,12411.24
T102338,2025-02-23,P0034,C00105,west,2.0,10038.95,0.0,20077.9
T107378,2025-01-26,P0030,C00110,east,4.0,6824.34,0.1,24567.62
T106142,2024-05-27,P0020,C00126,west,6.0,4508.3,0.1,24344.82
T106633,2024-12-05,P0020,C00161,west,1.0,4508.3,0.0,4508.3
T102237,2025-09-11,P0011,C00021,central,1.0,8863.25,0.0,8863.25
T106650,2023-08-23,P0016,C00082,east,2.0,2604.21,0.05,4948.0
T104710,2024-03-20,P0022,C00242,east,2.0,3102.81,0.0,6205.62
T105768,2025-11-04,P0012,C00205,north,19.0,14484.04,0.0,275196.76
T108814,2023-06-10,P0007,C00086,west,7.0,14423.4,0.0,100963.8
T106118,2023-02-21,P0038,C00119,south,2.0,5836.46,0.15,9921.98
T105417,2024-12-06,P0028,C00086,west,8.0,13737.15,0.0,109897.2
T100864,2023-10-27,P0014,C00236,east,2.0,500.0,0.0,1000.0
T107536,2023-10-13,P0002,C00069,central,7.0,13910.88,0.2,77900.93
T108346,2023-09-20,P0003,C00047,central,6.0,10949.99,0.0,65699.94
T107778,2025-05-10,P0029,C00034,east,3.0,12773.07,0.05,36403.25
T104872,2024-04-30,P0004,C00008,south,5.0,4999.13,0.05,23745.87
T102815,2025-07-30,P0004,C00130,east,2.0,4999.13,0.0,9998.26
T107581,2023-08-10,P0016,C00047,central,4.0,2604.21,0.0,10416.84
T107597,2024-12-04,P0031,C00051,east,3.0,1566.84,0.0,4700.52
T100371,2023-09-11,P0037,C00064,north,5.0,8484.46,0.0,42422.3
T104581,2025-04-12,P0034,C00066,west,11.0,10038.95,0.0,110428.45
T104718,2023-01-21,P0017,C00031,south,3.0,382.2,0.0,1146.6
T103707,2025-02-21,P0026,C00152,north,5.0,13905.57,0.0,69527.85
T102542,2025-04-07,P0007,C00079,south,3.0,14423.4,0.0,43270.2
T107931,2023-12-26,P0001,C00064,north,3.0,6017.98,0.0,18053.94
T104862,2023-11-24,P0018,C00130,east,3.0,6437.51,0.0,19312.53
T107116,2025-02-18,P0039,C00240,south,5.0,14579.92,0.0,72899.6
T105614,2024-06-23,P0006,C00184,east,4.0,7884.39,0.0,31537.56
T108921,2025-07-11,P0019,C00010,south,2.0,6013.99,0.0,12027.98
T102364,2024-07-04,P0033,C00234,east,7.0,10082.29,0.0,70576.03
T103213,2024-09-25,P0001,C00220,south,4.0,6017.98,0.0,24071.92
T105688,2023-04-21,P0013,C00133,east,8.0,9164.46,0.0,73315.68
T101360,2023-06-02,P0001,C00143,south,5.0,6017.98,0.1,27080.91
T100911,2023-03-23,P0008,C00240,south,6.0,499.0,0.0,2994.0
T108240,2023-06-04,P0028,C00005,east,4.0,13737.15,0.0,54948.6
T103720,2025-06-18,P0019,C00114,south,7.0,6013.99,0.0,42097.93
T105382,2023-04-15,P0033,C00196,north,2.0,10082.29,0.0,20164.58
T105973,2024-12-14,P0036,C00004,east,8.0,4229.62,0.0,33836.96
T107566,2023-11-21,P0034,C00085,central,6.0,10038.95,0.15000008301000942,51198.64
T105388,2024-07-10,P0024,C00144,west,6.0,11884.11,0.0,71304.66
T105944,2023-07-06,P0030,C00179,north,4.0,6824.34,0.0,27297.36
T100964,2025-06-28,P0007,C00040,north,1.0,14423.4,0.0,14423.4
T104103,2024-01-30,P0028,C00140,west,3.0,13737.15,0.2,32969.16
T101423,2024-05-14,P0028,C00189,north,6.0,13737.15,0.0,82422.9
T100122,2023-08-30,P0020,C00011,east,8.0,4508.3,0.10000000000000007,32459.76
T100479,2024-09-19,P0034,C00231,north,5.0,10038.95,0.0,50194.75
T100662,2024-07-03,P0001,C00188,north,3.0,6017.98,0.0,18053.94
T103322,2023-03-02,P0006,C00153,central,1.0,7884.39,0.0,7884.39
T103869,2024-11-21,P0017,C00236,east,5.0,382.2,0.0,1911.0
T103400,2023-02-01,P0013,C00220,west,6.0,9164.46,0.1,49488.08
T106543,2025-07-23,P0013,C00160,south,7.0,9164.46,0.05,60943.66
T102988,2024-09-06,P0024,C00150,east,2.0,11884.11,0.0,23768.22
T105697,2025-12-11,P0010,C00099,north,7.0,8164.43,0.0,57151.01
T102776,2024-09-09,P0039,C00212,south,6.0,14579.92,0.0,87479.52
T100439,2023-10-16,P0025,C00205,north,5.0,9148.51,0.1,41168.3
T101379,2023-09-19,P0009,C00056,south,4.0,11247.7,0.05,42741.26
T106682,2024-11-15,P0027,C00132,central,7.0,9818.49,0.0,68729.43
T103538,2024-09-10,P0032,C00038,west,1.0,5656.65,0.2,4525.32
T108976,2023-09-28,P0018,C00199,central,4.0,6437.51,0.0,25750.04
T106983,2023-02-28,P0035,C00055,south,1.0,8930.77,0.15,7591.15
T101443,2024-03-27,P0025,C00040,north,6.0,9148.51,0.0,54891.06
T105487,2024-06-03,P0027,C00053,west,2.0,9818.49,0.05,18655.13
T108395,2025-09-09,P0039,C00206,north,6.0,14579.92,0.0,87479.52
T101477,2024-07-06,P0034,C00035,central,7.0,10038.95,0.15,59731.75
T102039,2024-06-13,P0025,C00172,central,2.0,9148.51,0.0,18297.02
T101173,2023-12-27,P0026,C00222,central,6.0,13905.57,0.0,83433.42
T106586,2025-03-10,P0018,C00016,west,3.0,6437.51,0.0,19312.53
T106114,2024-07-10,P0020,C00010,south,3.0,4508.3,0.0,13524.9
T105192,2024-07-26,P0009,C00137,south,2.0,11247.7,0.0,22495.4
T103787,2023-08-14,P0028,C00104,south,2.0,13737.15,0.05,26100.58
T106927,2025-07-03,P0017,C00066,west,8.0,382.2,0.0,3057.6
T106729,2023-09-26,P0032,C00130,east,1.0,5656.65,0.0,5656.65
T102893,2023-01-09,P0015,C00004,east,4.0,4549.66,0.0,18198.64
T102669,2025-02-23,P0026,C00051,east,5.0,13905.57,0.0,69527.85
T108940,2025-11-28,P0032,C00225,south,3.0,5656.65,0.2,13575.96
T100279,2024-03-24,P0034,C00044,south,4.0,10038.95,0.05,38148.01
T103992,2024-12-18,P0024,C00228,south,1.0,11884.11,0.0,11884.11
T105551,2023-10-24,P0023,C00092,south,1.0,10713.43,0.0,10713.43
T105197,2023-11-20,P0017,C00245,central,4.0,382.2,0.0,1528.8
T105384,2023-05-26,P0014,C00151,east,4.0,500.0,0.1,1800.0
T102571,2023-01-04,P0026,C00035,central,2.0,13905.57,0.0,27811.14
T105792,2025-12-26,P0003,C00148,north,3.0,10949.99,0.0,32849.97
T101101,2024-06-24,P0032,C00223,central,7.0,5656.65,-1.837523121126317e-16,39596.55
T100568,2025-07-31,P0008,C00075,east,7.0,499.0,0.0,3493.0
T101694,2025-07-18,P0024,C00197,south,7.0,11884.11,0.0,83188.77
T103332,2023-04-18,P0009,C00160,south,4.0,11247.7,0.05,42741.26
T103939,2024-04-03,P0001,C00010,south,4.0,6017.98,0.0,24071.92
T105824,2024-11-28,P0019,C00126,west,5.0,6013.99,0.0,30069.95
T107886,2024-07-19,P0015,C00204,central,8.0,4549.66,0.0,36397.28
T103337,2025-11-05,P0008,C00046,south,13.0,499.0,0.0,6487.0
T100577,2025-07-19,P0019,C00035,central,9.0,6013.99,0.0,54125.91
T100059,2025-07-05,P0029,C00114,south,7.0,12773.07,0.15,75999.77
T103110,2024-01-19,P0014,C00130,east,2.0,500.0,0.0,1000.0
T100787,2023-08-11,P0029,C00116,central,4.0,12773.07,0.0,51092.28
T103889,2025-12-30,P0012,C00226,west,3.0,14484.04,0.0,43452.12
T104756,2023-11-16,P0019,C00189,north,8.0,6013.99,0.0,48111.92
T104092,2025-04-18,P0037,C00196,east,2.0,8484.46,0.0,16968.92
T108305,2023-12-08,P0017,C00236,east,1.0,382.2,0.0,382.2
T105861,2025-02-25,P0019,C00004,north,1.0,6013.99,0.05,5713.29
T106828,2023-04-07,P0004,C00173,central,6.0,4999.13,0.0,29994.78
T105948,2024-06-16,P0037,C00128,south,2.0,8484.46,0.0,16968.92
T104707,2025-04-21,P0031,C00020,north,7.0,1566.84,0.0,10967.88
T106775,2023-03-02,P0008,C00050,east,3.0,499.0,0.1,1347.3
T108220,2024-03-17,P0035,C00184,east,3.0,8930.77,0.2,21433.85
T107758,2024-07-28,P0017,C00089,east,3.0,382.2,10.0,1031.94
T103231,2025-04-11,P0017,C00077,south,2.0,382.2,0.0,764.4
T107590,2024-11-07,P0014,C00076,north,5.0,500.0,0.0,2500.0
T100335,2025-03-07,P0020,C00170,west,6.0,4508.3,0.0,27049.8
T107353,2023-10-25,P0006,C00126,west,5.0,7884.39,0.0,39421.95
T106175,2025-03-07,P0031,C00194,east,7.0,1566.84,0.0,10967.88
T106845,2025-04-15,P0015,C00042,central,4.0,4549.66,0.0,18198.64
T106061,2023-03-04,P0030,C00219,west,1.0,6824.34,0.0,6824.34
T100467,2023-01-02,P0019,C00083,south,5.0,6013.99,0.0,30069.95
T100184,2023-08-20,P0007,C00174,central,4.0,14423.4,0.05,54808.92
T103820,2024-11-19,P0036,C00028,central,5.0,4229.62,0.0,21148.1
T103885,2023-08-09,P0034,C00076,central,5.0,10038.95,0.0,50194.75
T100420,2023-05-22,P0024,C00202,east,3.0,11884.11,0.0,35652.33
T102350,2024-02-23,P0025,C00013,central,3.0,9148.51,0.0,27445.53
T100553,2024-10-07,P0003,C00024,south,6.0,10949.99,0.0,65699.94
T101397,2025-01-28,P0019,C00239,east,5.0,6013.99,0.0,30069.95
T101384,2023-07-02,P0017,C00108,west,4.0,382.2,0.0,1528.8
T103734,2023-12-09,P0012,C00224,central,3.0,14484.04,0.0,43452.12
T107478,2023-02-15,P0038,C00092,south,2.0,5836.46,0.2,9338.34
T101760,2024-09-26,P0021,C00245,central,4.0,359.09,0.1,1292.72
T103668,2023-07-13,P0021,C00142,central,1.0,359.09,0.0,359.09
T100297,2025-11-01,P0015,C00107,east,3.0,4549.66,0.0,13648.98
T100443,2025-08-11,P0031,C00088,south,3.0,1566.84,0.05,4465.49
T100777,2024-09-20,P0030,C00146,central,3.0,6824.34,0.0,20473.02
T101119,2023-01-12,P0018,C00111,north,1.0,6437.51,0.0,6437.51
T106165,2025-12-20,P0004,C00100,east,9.0,4999.13,0.2,35993.74
T105111,2025-10-15,P0011,C00068,north,3.0,8863.25,0.0,26589.75
T103771,2023-07-01,P0012,C00072,west,3.0,14484.04,0.0,43452.12
T101921,2024-07-24,P0029,C00230,east,2.0,12773.07,0.0,25546.14
T100655,2025-09-14,P0008,C00229,east,8.0,499.0,0.0,3992.0
T106442,2025-09-15,P0026,C00074,east,7.0,13905.57,0.0,97338.99
T102229,2025-05-01,P0025,C00015,south,4.0,9148.51,0.0,36594.04
T105070,2023-08-12,P0017,C00129,central,3.0,382.2,0.1,1031.94
T102842,2023-09-28,P0020,C00150,east,1.0,4508.3,0.0,4508.3
T102537,2024-03-16,P0008,C00187,north,3.0,499.0,0.0,1497.0
T103445,2023-04-11,P0036,C00049,north,2.0,4229.62,0.05,8036.28
T106951,2024-12-17,P0004,C00015,south,5.0,4999.13,0.0,24995.65
T108443,2023-07-05,P0019,C00055,south,3.0,6013.99,0.0,18041.97
T102540,2024-01-23,p0033 ,C00035,central,3.0,10082.29,0.1,27222.18
T104922,2025-10-26,P0025,C00187,north,6.0,9148.51,0.0,54891.06
T105313,2025-04-10,P0001,C00119,south,4.0,6017.98,0.1,21664.73
T102457,2025-03-20,P0027,C00051,east,7.0,9818.49,0.0,68729.43
T102578,2024-09-09,P0005,C00060,east,4.0,8621.09,0.0,34484.36
T108239,2023-04-16,P0008,C00227,central,4.0,499.0,0.0,1996.0
T106067,2024-04-05,P0021,C00004,east,1.0,359.09,0.0,359.09
T108047,2025-03-14,P0039,C00035,central,11.0,14579.92,0.0,160379.12
T102758,2023-11-09,P0037,C00111,north,9.0,8484.46,0.1,68724.13
T106742,2024-10-26,P0019,C00068,north,4.0,6013.99,0.0,24055.96
T104747,2025-11-13,P0020,C00062,south,17.0,4508.3,0.0,76641.1
T100558,2025-08-09,P0037,C00241,south,6.0,8484.46,0.0,50906.76
T100320,2023-09-30,P0029,C00172,central,4.0,12773.07,0.0,51092.28
T103039,2023-11-12,P0032,C00085,central,1.0,5656.65,0.15,4808.15
T101371,2023-06-16,P0032,C00084,north,5.0,5656.65,0.0,28283.25
T103296,2024-07-27,P0003,C00247,north,4.0,10949.99,0.05,41609.96
T106597,2023-10-02,P0040,C00162,north,2.0,12756.37,0.05,24237.1
T100907,2024-04-12,P0037,C00202,north,8.0,8484.46,0.0,67875.68
T108273,2023-03-22,P0009,C00169,central,6.0,11247.7,0.1500000000000002,57363.27
T101433,2025-12-28,P0001,C00115,east,13.0,6017.98,0.09999994887116474,70410.37
T108706,2025-11-21,P0025,C00188,north,7.0,9148.51,0.0,64039.57
T106664,2023-12-22,P0026,C00107,east,3.0,13905.57,0.0,41716.71
T104098,2024-03-16,P0012,C00250,north,7.0,14484.04,0.2,81110.62
T107650,2025-12-13,P0039,C00005,east,3.0,14579.92,0.0,43739.76
T105026,2023-12-23,P0018,C00170,west,6.0,6437.51,0.0,38625.06
T103159,2024-04-08,P0012,C00011,east,12.0,14484.04,0.0,173808.48
T107838,2023-06-10,P0034,C00042,central,3.0,10038.95,0.0,30116.85
T100926,2024-03-18,P0026,C00250,north,6.0,13905.57,0.0,83433.42
T107462,2023-11-06,P0030,C00103,west,1.0,6824.34,0.0,6824.34
T102470,2024-06-03,P0017,C00199,central,5.0,382.2,0.0,1911.0
T100015,2023-12-07,P0010,C00060,central,4.0,8164.43,0.0,32657.72
T100143,2023-01-21,P0022,C00003,north,4.0,3102.81,0.15,10549.55
T107520,2025-05-24,P0037,C00043,west,4.0,8484.46,0.0,33937.84
T102363,2025-05-29,P0024,C00107,east,4.0,11884.11,0.0,47536.44
T105389,2024-12-23,P0032,C00213,south,3.0,5656.65,0.1,15272.95
T107168,2023-07-10,P0019,C00005,east,4.0,6013.99,0.0,24055.96
T101161,2025-03-10,P0027,C00195,east,13.0,9818.49,0.0,127640.37
T104836,2025-09-01,P0009,C00076,central,2.0,11247.7,0.0,22495.4
T104326,2024-03-14,P0004,C00021,central,4.0,4999.13,0.0,19996.52
T106545,2024-06-13,P0038,C00242,east,7.0,5836.46,0.0,40855.22
T104914,2024-12-13,P0020,C00129,central,8.0,4508.3,0.0,36066.4
T101204,2025-11-08,P0014,C00079,south,7.0,500.0,0.0,3500.0
T103381,2023-02-01,P0006,C00140,west,3.0,7884.39,0.0,23653.17
T101362,2025-05-18,P0023,C00091,central,9.0,10713.43,0.0,96420.87
T105763,2024-10-25,P0002,C00059,north,3.0,13910.88,0.0,41732.64
T101212,2023-05-05,P0030,C00170,west,1.0,6824.34,0.0,6824.34
T101876,2024-04-03,P0009,C00026,north,5.0,11247.7,0.0,56238.5
T107697,2024-11-17,P0024,C00089,east,7.0,11884.11,0.15,70710.45
T103746,2024-06-07,P0026,C00084,north,4.0,13905.57,0.0,55622.28
T104392,2023-09-12,P0026,C00216,south,7.0,13905.570000000002,0.0,97338.99
T108740,2023-10-23,P0030,C00014,central,5.0,6824.34,0.0,34121.7
T105062,2024-05-17,P0034,C00034,east,2.0,10038.95,0.05,19074.0
T104417,2023-10-09,P0021,C00245,central,5.0,359.09,0.1,1615.9
T101170,2024-11-16,P0040,C00127,south,3.0,12756.37,0.2,30615.29
T100579,2024-12-24,P0006,C00088,south,10.0,7884.39,0.0,78843.9
T102182,2025-10-26,P0014,C00184,east,5.0,500.0,0.1,2250.0
T107928,2024-10-19,P0028,C00086,west,7.0,13737.15,0.15,81736.04
T103441,2024-08-08,P0030,C00091,central,5.0,6824.34,0.0,34121.7
T104058,2023-09-19,P0007,C00244,south,3.0,14423.4,0.1,38943.18
T101833,2025-06-21,P0003,C00127,south,3.0,10949.99,0.05,31207.47
T106897,2025-06-19,P0013,C00149,north,3.0,9164.46,0.2,21994.7
T101825,2023-07-14,P0024,C00174,central,3.0,11884.11,0.0,35652.33
T106946,2025-01-22,P0024,C00126,west,4.0,11884.11,0.1,42782.8
T106626,2025-09-28,P0002,C00106,west,2.0,13910.88,0.0,27821.76
T101859,2023-11-27,P0026,C00006,east,4.0,13905.57,0.1,50060.05
T103909,2025-09-24,P0006,C00095,central,4.0,7884.39,0.0,31537.56
T104604,2025-12-28,P0001,C00017,east,5.0,6017.98,0.0,30089.9
T102685,2024-07-19,P0040,C00202,east,2.0,12756.37,0.0,25512.74
T105987,2024-01-18,P0001,C00193,east,1.0,6017.98,0.0,6017.98
T105876,2023-11-19,P0011,C00178,west,4.0,8863.25,0.0,35453.0
T105554,2024-01-13,P0034,C00066,west,1.0,10038.95,0.1,9035.06
T103121,2023-01-11,P0005,C00047,central,3.0,8621.09,0.0,25863.27
T100387,2024-10-02,P0007,C00076,central,6.0,14423.4,0.15,73559.34
T106417,2024-09-18,P0010,C00235,east,4.0,8164.43,0.0,32657.72
T101032,2023-05-21,P0023,C00152,north,6.0,10713.43,0.0,64280.58
T106474,2023-06-19,P0004,C00140,west,3.0,4999.13,0.0,14997.39
T102488,2025-12-22,P0008,C00169,central,20.0,499.0,0.1,8982.0
T102286,2025-06-11,P0020,C00100,east,3.0,4508.3,0.0,13524.9
T103187,2024-07-12,P0037,C00111,north,4.0,8484.46,0.05,32240.95
T102629,2025-04-25,P0020,C00166,central,4.0,4508.3,0.1,16229.88
T103984,2024-01-24,P0003,C00106,west,4.0,10949.99,0.0,43799.96
T105015,2023-11-12,P0037,C00080,north,4.0,8484.46,0.15,28847.16
T103058,2023-07-10,P0033,C00147,north,3.0,10082.29,0.0,30246.87
T107699,2024-12-15,P0010,C00072,west,13.0,8164.43,0.05,100830.71
T100931,2024-12-20,P0018,C00210,north,10.0,6437.51,0.0,64375.1
T104056,2025-04-25,P0034,C00021,central,6.0,10038.95,0.0,60233.7
T100691,2023-05-12,P0010,C00173,central,3.0,8164.43,0.0,24493.29
T104367,2023-12-28,P0012,C00142,central,1.0,14484.04,0.05,13759.84
T101891,2024-12-09,P0012,C00091,central,15.0,14484.04,0.0,217260.6
T102268,2024-07-26,P0026,C00066,west,2.0,13905.57,0.1,25030.03
T106130,2025-02-23,P0026,C00227,central,6.0,13905.57,0.0,83433.42
T100829,2023-05-05,P0007,C00239,east,7.0,14423.4,0.0,100963.8
T104567,2023-12-17,P0031,C00017,east,3.0,1566.84,0.0,4700.52
T107985,2025-05-22,P0036,C00116,central,3.0,4229.62,0.05,12054.42
T106608,2025-11-06,P0004,C00189,north,3.0,4999.13,0.0,14997.39
T108607,2023-11-25,P0019,C00095,central,1.0,6013.99,0.0,6013.99
T100044,2025-03-03,P0033,C00204,east,4.0,10082.29,0.05,38312.7
T103101,2024-11-28,P0015,C00242,east,7.0,4549.66,0.0,31847.62
T104333,2023-10-19,P0009,C00075,north,4.0,11247.7,0.1,40491.72
T103012,2023-05-14,P0024,C00055,south,7.0,11884.11,0.1,3743494.5
T104217,2023-06-04,P0037,C00232,west,3.0,8484.46,0.0,25453.38
T108943,2024-12-04,P0002,C00153,central,2.0,13910.88,0.0,27821.76
T100223,2025-02-21,p0015 ,C00143,south,4.0,4549.66,0.05,17288.71
T102965,2023-10-21,P0011,C00092,south,2.0,8863.25,20.0,14181.2
T101187,2023-03-01,P0035,C00080,north,2.0,8930.77,0.0,17861.54
T106234,2024-02-12,P0001,C00053,west,2.0,6017.98,0.1,10832.36
T100837,2023-05-04,P0002,C00227,central,4.0,13910.88,0.0,55643.52
T104048,2024-11-18,P0036,C00152,north,7.0,4229.62,0.0,29607.34
T101683,2023-05-17,P0021,C00244,south,5.0,359.09,0.0,1795.45
T107500,2023-10-23,P0028,C00037,south,5.0,13737.15,0.0,68685.75
T103059,2024-09-12,P0008,C00056,south,3.0,499.0,0.0,1497.0
T103382,2023-10-14,P0022,C00192,central,9.0,3102.81,0.0,27925.29
T107974,2023-07-04,P0011,C00103,west,5.0,8863.25,0.0,44316.25
T107120,2024-06-07,P0007,C00208,central,4.0,14423.4,0.0,57693.6
T100063,2025-11-01,P0001,C00242,east,9.0,6017.98,0.15,46037.55
T103092,2025-09-03,P0031,C00237,central,7.0,1566.84,0.0,10967.88
T100617,2024-02-12,P0010,C00075,east,10.0,8164.43,0.0,81644.3
T107843,2025-05-14,P0017,C00216,central,4.0,382.2,0.0,1528.8
T106521,2025-01-08,P0024,C00228,south,1.0,11884.11,0.0,11884.11
T100227,2024-05-02,P0018,C00170,west,1.0,6437.51,0.0,6437.51
T105609,2023-04-16,P0027,C00046,south,3.0,9818.49,0.0,29455.47
T107388,2023-03-04,P0034,C00217,north,4.0,10038.95,0.0,40155.8
T107230,2024-03-24,P0018,C00084,north,3.0,6437.51,0.0,19312.53
T106291,2025-10-30,P0030,C00097,west,6.0,6824.34,0.0,40946.04
T103195,2023-03-20,P0021,C00218,central,3.0,359.09,0.0,1077.27
T107444,2024-04-19,P0037,C00164,north,3.0,8484.46,0.05,24180.71
T108966,2024-03-14,P0027,C00103,west,3.0,9818.49,0.14999998302522416,25037.15
T104237,2024-07-02,P0003,C00071,east,4.0,10949.99,0.0,43799.96
T100969,2025-12-25,P0030,C00041,east,7.0,6824.34,0.0,47770.38
T101805,2025-11-29,P0021,C00179,north,5.0,359.09,0.1,1615.9
T102447,2023-02-17,P0014,C00167,east,1.0,500.0,0.0,500.0
T100925,2023-05-27,P0031,C00067,south,3.0,1566.84,0.0,4700.52
T106519,2025-11-22,P0021,C00083,south,5.0,359.09,0.0,1795.45
T107103,2024-12-30,P0025,C00089,east,13.0,9148.51,0.0,118930.63
T108551,2025-06-10,P0014,C00130,east,3.0,500.0,0.0,1500.0
T107145,2024-10-04,P0008,C00061,west,6.0,499.0,0.0,2994.0
T104641,2024-11-27,P0012,C00208,central,5.0,14484.04,0.0,72420.2
T102851,2025-09-06,P0003,C00057,east,3.0,10949.99,0.0,32849.97
T104140,2025-09-14,P0015,C00008,south,2.0,4549.66,0.0,9099.32
T104271,2025-04-05,P0018,C00091,central,2.0,6437.51,0.0,12875.02
T101860,2025-06-11,P0001,C00197,south,8.0,6017.98,0.0,48143.84
T106227,2023-04-16,P0014,C00156,south,2.0,500.0,0.0,1000.0
T107959,2024-04-22,P0030,C00098,east,7.0,6824.34,0.0,47770.38
T106438,2025-11-16,P0030,C00225,south,13.0,6824.34,0.0,88716.42
T107740,2025-01-15,P0031,C00219,west,1.0,1566.84,0.0,1566.84
T104247,2023-08-13,P0025,C00181,south,1.0,9148.51,0.0,9148.51
T100252,2024-10-23,P0037,C00012,east,1.0,8484.46,0.0,8484.46
T103995,2025-06-11,P0026,C00142,central,1.0,13905.57,0.1,12515.01
T106512,2025-07-04,P0019,C00042,central,3.0,6013.99,0.0,18041.97
T101789,2023-08-08,P0039,C00198,west,7.0,14579.92,0.0,102059.44
T106919,2024-11-25,P0022,C00035,central,5.0,3102.81,0.15,13186.94
T102059,2025-07-11,P0004,C00041,east,7.0,4999.13,0.05,33244.21
T105265,2024-03-23,P0009,C00097,west,4.0,11247.7,0.0,44990.8
T103047,2025-09-28,P0008,C00112,south,7.0,499.0,0.0,3493.0
T103703,2025-07-24,P0013,C00020,north,6.0,9164.46,0.05,52237.42
T107604,2023-09-27,P0033,C00056,south,4.0,10082.29,0.0,40329.16
T101902,2025-12-07,P0018,C00069,central,7.0,6437.51,0.0,45062.57
T102750,2023-01-11,P0002,C00226,west,1.0,13910.88,0.05,13215.34
T103334,2025-10-01,P0036,C00154,west,3.0,4229.62,0.0,12688.86
T102119,2025-06-05,P0014,C00021,central,2.0,500.0,0.0,1000.0
T107417,2024-02-14,P0034,C00022,north,1.0,10038.95,0.0,10038.95
T105785,2025-12-17,P0018,C00043,west,1.0,6437.51,0.0,6437.51
T107246,2023-09-02,P0012,C00215,east,6.0,14484.04,0.1,78213.82
T102689,2023-07-12,P0037,C00228,south,3.0,8484.46,0.1,22908.04
T105993,2023-09-25,P0035,C00093,north,6.0,8930.77,0.0,53584.62
T104379,2023-12-01,P0027,C00210,north,4.0,9818.49,0.0,39273.96
T101923,2025-09-27,P0005,C00111,north,6.0,8621.09,0.0,51726.54
T105711,2024-10-25,P0022,C00090,south,3.0,3102.81,0.0,9308.43
T100075,2024-10-24,P0009,C00062,south,6.0,11247.7,0.1,60737.58
T102345,2023-01-19,P0024,C00161,west,2.0,11884.11,0.05,22579.81
T102351,2023-05-02,P0013,C00135,north,1.0,9164.46,0.05,8706.24
T106713,2023-09-16,P0029,C00065,east,3.0,12773.07,0.0,38319.21
T100430,2024-02-29,P0036,C00032,north,1.0,4229.62,0.0,4229.62
T105129,2024-12-02,P0031,C00248,north,6.0,1566.84,0.0,9401.04
T108870,2025-07-23,P0009,C00186,north,2.0,11247.7,0.0,22495.4
T104041,2024-06-19,P0024,C00086,west,5.0,11884.11,0.0,59420.55
T105627,2025-02-01,P0030,C00136,south,2.0,6824.34,0.0,13648.68
T101010,2025-02-14,P0016,C00018,central,1.0,2604.21,0.0,2604.21
T106703,2024-12-11,P0037,C00106,west,10.0,8484.46,0.0,84844.6
T105057,2024-01-11,P0001,C00040,north,4.0,6017.98,0.0,24071.92
T106712,2025-01-03,P0007,C00012,east,5.0,14423.4,0.0,72117.0
T106835,2023-12-10,P0031,C00032,north,9.0,1566.84,0.0,14101.56
T106973,2023-10-25,P0004,C00207,central,2.0,4999.13,0.0,9998.26
T106571,2023-09-28,P0006,C00038,west,3.0,7884.39,0.05,22470.51
T100240,2025-07-31,P0019,C00028,central,2.0,6013.99,0.1,10825.18
T100783,2023-08-23,P0032,C00212,south,3.0,5656.65,0.1,15272.95
T103066,2023-03-20,P0015,C00121,east,7.0,4549.66,0.0,31847.62
T104701,2023-11-22,P0022,C00097,west,8.0,3102.81,0.0,24822.48
T100977,2023-04-21,P0009,C00212,south,7.0,11247.7,0.0,78733.9
T100809,2024-07-12,P0004,C00174,central,2.0,4999.13,0.2,7998.61
T102168,2024-09-05,P0003,C00220,west,2.0,10949.99,0.2,17519.98
T105729,2024-01-24,P0037,C00140,west,3.0,8484.46,0.2,20362.7
T108635,2023-05-14,P0019,C00109,north,3.0,6013.99,0.0,18041.97
T101599,2025-10-04,P0015,C00158,east,6.0,4549.659259259259,0.1,24568.16
T102941,2023-02-04,P0027,C00203,west,6.0,9818.49,0.1,53019.85
T105344,2024-10-25,P0035,C00019,central,12.0,8930.77,0.05,101810.78
T104936,2024-01-11,P0029,C00237,central,3.0,12773.07,0.0,38319.21
T106079,2024-10-14,P0006,C00166,central,9.0,7884.39,0.0,70959.51
T100684,2025-03-30,P0018,C00150,east,8.0,6437.51,0.0,51500.08
T105225,2025-10-26,P0033,C00152,north,10.0,10082.29,0.0,100822.9
T106280,2024-08-05,P0005,C00074,east,3.0,8621.09,0.0,25863.27
T101620,2023-02-21,P0005,C00053,west,3.0,8621.09,0.0,25863.27
T107322,2024-06-16,P0037,C00025,south,8.0,8484.46,0.0,67875.68
T101482,2024-01-02,P0018,C00248,north,4.0,6437.51,0.0,25750.04
T102146,2025-12-03,P0015,C00097,west,9.0,4549.66,0.05,38899.59
T101801,2023-02-23,P0038,C00024,south,3.0,5836.46,0.05,16633.91
T102095,2023-11-04,P0040,C00213,south,6.0,12756.37,0.0,76538.22
T105274,2025-08-29,P0020,C00242,east,3.0,4508.3,0.0,13524.9
T104322,2025-10-21,P0028,C00117,west,8.0,13737.15,0.0,109897.2
T101357,2024-05-19,P0013,C00168,north,4.0,9164.459375,0.2,29326.27
T106642,2023-07-14,P0033,C00207,central,3.0,10082.29,0.1,27222.18
T104990,2025-10-12,P0033,C00227,central,6.0,10082.29,0.0,60493.74
T104121,2023-03-23,P0015,C00142,central,3.0,4549.66,0.0,13648.98
T108076,2025-07-20,P0040,C00182,north,7.0,12756.37,0.0,89294.59
T103794,2024-10-08,P0002,C00242,east,6.0,13910.88,0.1,75118.75
T108289,2023-09-26,P0036,C00106,west,3.0,4229.62,0.1,11419.97
T104042,2023-01-06,P0002,C00216,south,6.0,13910.88,0.1,75118.75
T105215,2024-04-19,P0014,C00042,central,2.0,500.0,0.0,1000.0
T101609,2023-10-30,P0003,C00172,central,5.0,10949.99,0.1,49274.96
T103861,2023-11-21,P0005,C00084,north,6.0,8621.09,0.0,51726.54
T100494,2024-08-23,P0006,C00142,central,2.0,7884.39,0.05,14980.34
T103887,2023-09-19,P0012,C00157,central,3.0,14484.04,0.0,43452.12
T103319,2023-08-07,P0017,C00229,east,4.0,382.2,0.0,1528.8
T103826,2024-04-22,P0034,C00104,south,2.0,10038.95,0.0,20077.9
T102017,2023-11-04,P0015,C00143,south,7.0,4549.66,0.0,31847.62
T104961,2025-02-16,P0036,C00033,north,3.0,4229.62,0.0,12688.86
T102328,2024-07-23,P0035,C00190,north,2.0,8930.77,0.0,17861.54
T100029,2024-07-14,P0021,C00171,east,6.0,359.09,0.0,2154.54
T107600,2025-07-05,P0009,C00220,north,1.0,11247.7,0.0,11247.7
T105324,2025-09-20,P0024,C00077,south,6.0,11884.11,0.0,71304.66
T108937,2023-10-29,P0040,C00110,east,4.0,12756.37,0.0,51025.48
T103118,2025-08-02,P0019,C00026,north,4.0,6013.99,0.05,22853.16
T101092,2024-07-11,P0011,C00106,west,8.0,8863.25,0.0,70906.0
T103246,2023-10-11,P0004,C00054,central,4.0,4999.13,0.0,19996.52
T100124,2023-04-12,P0025,C00128,south,9.0,9148.51,0.1,74102.93
T106562,2023-11-16,P0034,C00174,central,6.0,10038.95,0.0,60233.7
T108141,2023-08-21,P0025,C00235,east,4.0,9148.51,0.0,36594.04
T104375,2024-01-25,P0005,C00067,east,5.0,8621.09,0.0,43105.45
T106141,2024-05-06,P0005,C00151,east,3.0,8621.09,0.0,25863.27
T108967,2025-01-12,P0008,C00108,west,2.0,499.0,0.15,848.3
T102298,2023-04-21,P0017,C00244,south,3.0,382.2,0.0,1146.6
T106393,2025-06-06,P0009,C00079,south,4.0,11247.7,0.0,44990.8
T101553,2024-09-30,P0006,C00192,central,6.0,7884.39,0.0,47306.34
T108343,2023-01-16,P0003,C00020,north,3.0,10949.99,0.2,26279.98
T103341,2023-01-02,P0040,C00006,east,1.0,12756.37,0.1,11480.73
T100598,2023-05-23,P0005,C00118,central,8.0,8621.09,0.15,58623.41
T102123,2025-01-07,P0006,C00077,south,7.0,7884.39,0.05,52431.19
T107622,2025-01-31,P0021,C00073,south,7.0,359.09,0.2,2010.9
T101416,2023-11-09,P0012,C00092,south,6.0,14484.04,0.05,82559.03
T106497,2024-06-24,P0018,C00178,west,1.0,6437.51,0.0,6437.51
T104844,2025-09-26,P0033,C00148,north,9.0,10082.29,0.0,90740.61
T105856,2025-10-11,P0007,C00058,east,6.0,14423.4,0.1,77886.36
T105173,2024-08-17,P0035,C00163,south,5.0,8930.77,0.0,44653.85
T105816,2025-04-17,P0016,C00052,east,6.0,2604.21,0.0,15625.26
T108106,2025-08-13,P0037,C00045,west,4.0,8484.46,0.0,33937.84
T107207,2023-01-05,P0019,C00028,central,1.0,6013.99,0.05,5713.29
T102197,2024-08-31,P0019,C00174,central,2.0,6013.99,0.05,11426.58
T104993,2025-05-04,P0009,C00008,south,4.0,11247.7,0.0,44990.8
T103362,2025-03-04,P0038,C00142,central,1.0,5836.46,0.15,4960.99
T105652,2025-07-30,P0038,C00003,north,3.0,5836.46,0.0,17509.38
T104817,2023-08-03,P0001,C00224,central,4.0,6017.98,0.0,24071.92
T100725,2024-12-04,P0011,C00016,west,8.0,8863.25,0.0,70906.0
T107153,2024-02-27,P0005,C00114,south,7.0,8621.09,0.0,60347.63
T100978,2024-05-22,P0006,C00072,west,2.0,7884.39,0.1,14191.9
T100808,2025-12-04,P0002,C00250,north,8.0,13910.88,0.2,89029.63
T104076,2024-05-07,P0040,C00229,east,4.0,12756.37,0.0,51025.48
T106880,2023-07-23,P0030,C00077,south,3.0,6824.34,0.0,20473.02
T100958,2024-06-30,P0009,C00010,south,3.0,11247.7,0.0,33743.1
T103662,2023-11-05,P0034,C00107,east,6.0,10038.95,0.1,54210.33
T105318,2023-03-12,P0035,C00246,south,5.0,8930.77,0.0,44653.85
T104787,2025-10-18,P0004,C00033,north,3.0,4999.13,0.05,14247.52
T100810,2025-02-07,P0002,C00211,west,4.0,13910.88,0.0,55643.52
T108229,2025-07-23,P0029,C00161,west,4.0,12773.07,0.0,51092.28
T100834,2023-05-02,P0016,C00211,west,5.0,2604.21,0.0,13021.05
T104353,2025-12-18,P0018,C00134,east,7.0,6437.51,0.0,45062.57
T102423,2023-03-17,P0005,C00121,east,9.0,8621.09,0.1,69830.83
T108915,2025-06-30,P0029,C00022,north,8.0,12773.07,0.1,91966.1
T104383,2024-12-20,P0038,C00093,north,10.0,5836.46,0.05,55446.37
T101235,2023-06-19,P0029,C00199,central,3.0,12773.07,0.0,38319.21
T101225,2024-08-15,P0039,C00087,central,1.0,14579.92,0.0,14579.92
T106567,2024-01-26,P0016,C00203,west,4.0,2604.21,0.0,10416.84
T106847,2023-09-11,P0023,C00009,central,9.0,10713.43,0.05,91599.83
T108401,2025-01-08,P0036,C00064,north,4.0,4229.62,0.0,16918.48
T103827,2025-09-30,P0024,C00230,east,4.0,11884.11,0.0,47536.44
T107360,2023-05-11,P0026,C00021,central,6.0,13905.57,0.0,83433.42
T103217,2024-03-17,P0011,C00112,south,4.0,8863.25,0.05,33680.35
T106145,2023-10-12,P0017,C00003,north,7.0,382.2,0.0,2675.4
T100287,2025-07-25,P0034,C00086,west,3.0,10038.95,0.0,30116.85
T105934,2025-01-03,P0029,C00196,east,3.0,12773.07,0.0,38319.21
T102966,2025-10-16,P0019,C00211,west,5.0,6013.99,0.0,30069.95
T103164,2024-07-28,P0039,C00126,west,2.0,14579.92,0.0,29159.84
T108799,2024-06-17,P0035,C00216,south,5.0,8930.77,0.2,35723.08
T105470,2023-11-13,P0038,C00144,west,8.0,5836.46,0.0,46691.68
T108738,2025-11-26,P0006,C00027,west,1.0,7884.39,0.0,7884.39
T101657,2024-07-10,P0014,C00105,west,1.0,500.0,0.05,475.0
T101975,2023-07-31,P0009,C00206,north,5.0,11247.7,0.0,56238.5
T102397,2024-11-09,P0030,C00049,east,1.0,6824.34,0.0,6824.34
T100452,2025-05-02,P0040,C00120,west,4.0,12756.37,0.0,51025.48
T108909,2024-01-29,P0013,C00067,west,1.0,9164.46,0.0,9164.46
T105858,2023-01-13,P0037,C00134,east,5.0,8484.46,0.0,42422.3
T108687,2025-05-23,P0011,C00028,central,4.0,8863.25,0.1,31907.7
T103979,2024-01-28,P0003,C00097,west,4.0,10949.99,0.0,43799.96
T102619,2025-11-07,P0017,C00112,south,3.0,382.2,0.0,1146.6
T100422,2023-11-10,P0012,C00027,east,9.0,14484.04,0.0,130356.36
T104989,2025-02-18,P0014,C00237,central,6.0,500.0,0.0,3000.0
T101220,2023-08-01,P0015,C00001,west,1.0,4549.66,0.0,4549.66
T102929,2024-08-28,P0006,C00012,east,6.0,7884.39,0.0,47306.34
T100657,2024-11-25,P0009,C00223,central,3.0,11247.7,0.0,33743.1
T103301,2024-02-29,P0007,C00246,south,2.0,14423.4,0.15,24519.78
T104812,2025-04-28,P0011,C00170,west,2.0,8863.25,0.0,17726.5
T102845,2023-10-01,P0024,C00244,south,8.0,11884.11,0.1,85565.59
T103023,2024-02-12,P0033,C00152,north,5.0,10082.29,0.0,50411.45
T106173,2023-02-24,P0021,C00119,south,4.0,359.09,0.0,1436.36
T108786,2024-07-22,P0015,C00045,west,5.0,4549.66,0.0,22748.3
T101001,2025-10-08,P0038,C00160,south,3.0,5836.46,0.0,17509.38
T100102,2025-12-22,P0002,C00089,east,7.0,13910.88,0.0,97376.16
T102418,2025-01-28,P0039,C00045,west,5.0,14579.92,0.0,72899.6
T106160,2023-02-10,P0004,C00173,central,5.0,4999.13,0.1,22496.09
T104355,2024-05-09,P0031,C00173,central,4.0,1566.84,0.0,6267.36
T106333,2025-03-30,P0028,C00006,east,7.0,13737.15,0.0,96160.05
T106965,2024-02-17,P0028,C00139,south,1.0,13737.15,0.1,12363.44
T101580,2025-11-01,P0007,C00040,north,5.0,14423.4,0.1,64905.3
T104123,2023-08-13,P0035,C00118,central,5.0,8930.77,0.0,44653.85
T102248,2025-02-27,P0032,C00043,west,1.0,5656.65,0.0,5656.65
T102206,2024-01-02,P0005,C00213,south,3.0,8621.09,0.0,25863.27
T100170,2024-08-03,P0013,C00059,north,3.0,9164.46,0.0,27493.38
T100135,2023-07-02,P0037,C00123,north,2.0,8484.46,0.0,16968.92
T100757,2024-09-30,P0003,C00112,south,5.0,10949.99,0.0,54749.95
T105654,2025-07-28,P0037,C00061,west,7.0,8484.46,0.0,59391.22
T101310,2023-10-17,P0013,C00180,central,5.0,9164.46,0.2,36657.84
T101217,2025-07-18,P0007,C00019,central,3.0,14423.4,0.0,43270.2
T102284,2025-06-09,P0034,C00147,north,4.0,10038.95,0.2,32124.64
T105531,2024-10-27,P0039,C00217,north,9.0,14579.92,0.0,131219.28
T102905,2023-01-12,P0022,C00159,north,5.0,3102.81,0.05,14738.35
T104368,2025-07-17,P0021,C00080,north,4.0,359.09,0.0,1436.36
T103715,2025-07-12,P0010,C00239,east,4.0,8164.43,0.05,31024.83
T105739,2025-07-05,P0038,C00180,central,8.0,5836.46,0.0,46691.68
T101935,2024-03-05,P0012,C00084,north,6.0,14484.04,0.0,86904.24
T103795,2025-12-28,P0025,C00107,east,9.0,9148.51,0.1,74102.93
T101743,2024-06-01,P0002,C00217,north,5.0,13910.88,0.0,69554.4
T106902,2025-03-29,P0006,C00068,north,6.0,7884.39,0.0,47306.34
T100807,2024-02-25,P0009,C00111,north,2.0,11247.7,0.0,22495.4
T102045,2025-04-28,P0014,C00076,central,7.0,500.0,0.0,3500.0
T105677,2023-02-18,P0015,C00049,east,2.0,4549.66,0.0,9099.32
T100462,2024-07-24,P0004,C00029,east,5.0,4999.13,0.15,21246.3
T102927,2025-07-10,P0003,C00143,south,6.0,10949.99,0.0,65699.94
T102445,2025-11-14,P0039,C00023,west,7.0,14579.92,0.0,102059.44
T106646,2024-12-13,P0019,C00195,east,8.0,6013.99,0.0,48111.92
T104832,2025-05-05,P0031,C00248,north,3.0,1566.84,0.2,3760.42
T105065,2024-08-07,P0033,C00027,south,5.0,10082.29,0.05,47890.88
T103235,2025-05-27,P0007,C00055,south,2.0,14423.4,0.0,28846.8
T100799,2023-01-23,P0029,C00123,north,2.0,12773.07,0.0,25546.14
T102402,2024-08-30,P0002,C00085,central,8.0,13910.88,0.0,111287.04
T107394,2024-05-09,P0015,C00121,east,4.0,4549.659374999999,0.2,14558.91
T101073,2025-02-14,P0015,C00068,north,4.0,4549.66,0.0,18198.64
T104541,2025-01-28,P0020,C00247,north,3.0,4508.3,0.0,13524.9
T105407,2024-03-11,P0014,C00116,central,8.0,500.0,0.0,4000.0
T100144,2024-07-07,P0011,C00128,south,10.0,8863.25,0.1,79769.25
T108362,2024-09-10,P0038,C00030,north,5.0,5836.46,0.0,29182.3
T101340,2024-05-18,P0005,C00078,west,3.0,8621.09,0.0,25863.27
T104731,2025-03-23,P0038,C00239,east,11.0,5836.46,0.0,64201.06
T107316,2023-04-29,P0040,C00210,north,7.0,12756.37,0.0,89294.59
T102091,2024-01-22,P0010,C00100,east,5.0,8164.43,0.0,40822.15
T108481,2025-12-04,P0025,C00040,north,7.0,9148.51,0.05,60837.59
T105552,2025-08-07,P0037,C00226,west,7.0,8484.46,0.2,47512.98
T105937,2025-08-16,P0035,C00244,south,8.0,8930.77,0.0,71446.16
T105603,2023-07-24,P0035,C00198,west,5.0,8930.77,0.1,40188.47
T105968,2023-08-14,P0020,C00035,central,4.0,4508.3,0.0,18033.2
T106108,2025-12-18,P0011,C00152,north,5.0,8863.25,0.1,39884.62
T104999,2024-01-31,P0004,C00184,east,5.0,4999.13,0.15,21246.3
T107926,2024-10-01,P0030,C00229,east,10.0,6824.34,0.0,68243.4
T105641,2025-08-15,P0004,C00076,central,1.0,4999.13,0.0,4999.13
T101003,2024-02-12,P0017,C00238,west,2.0,382.2,0.0,764.4
T104474,2023-11-24,P0001,C00123,north,8.0,6017.98,0.15,40922.26
T106323,2024-09-14,P0026,C00184,east,5.0,13905.57,0.0,69527.85
T108032,2024-06-08,P0037,C00149,north,3.0,8484.46,0.05,24180.71
T104464,2023-12-09,P0003,C00093,north,6.0,10949.99,0.0,65699.94
T103470,2023-09-30,P0017,C00187,north,6.0,382.2,0.05,2178.54
T104374,2025-07-09,P0006,C00248,north,4.0,7884.39,0.0,31537.56
T100555,2025-07-31,P0036,C00225,south,7.0,4229.62,0.0,29607.34
T108117,2025-12-08,P0025,C00087,east,3.0,9148.51,0.0,27445.53
T108188,2025-09-02,P0017,C00027,central,3.0,382.2,0.0,1146.6
T108327,2023-09-10,P0018,C00158,east,3.0,6437.51,0.0,19312.53
T101485,2023-03-14,P0039,C00179,north,1.0,14579.92,0.1,13121.93
T107187,2024-05-06,P0021,C00228,south,1.0,359.09,0.0,359.09
T101272,2025-01-02,P0009,C00139,south,3.0,11247.7,0.15,28681.64
T104886,2024-03-30,P0027,C00250,north,3.0,9818.49,0.0,29455.47
T101411,2025-06-09,P0014,C00241,south,3.0,500.0,0.0,1500.0
T108532,2025-11-10,P0007,C00047,central,5.0,14423.4,0.0,72117.0
T100753,2024-03-06,P0023,C00122,west,3.0,10713.43,0.05,30533.28
T101471,2023-01-22,P0010,C00099,north,3.0,8164.43,0.0,24493.29
T108418,2025-08-20,P0040,C00184,east,2.0,12756.37,0.0,25512.74
T107857,2025-12-21,P0027,C00122,west,3.0,9818.49,0.05,27982.7
T104527,2023-03-20,P0024,C00129,east,1.0,11884.11,0.0,11884.11
T106628,2023-11-03,P0008,C00184,east,9.0,499.0,0.1,4041.9
T105945,2024-09-14,P0013,C00116,central,3.0,9164.46,0.0,27493.38
T103076,2024-04-06,P0024,C00105,west,4.0,11884.11,0.1,42782.8
T106671,2023-05-07,P0003,C00074,east,3.0,10949.99,0.15,27922.47
T108075,2025-03-04,P0032,C00181,south,4.0,5656.65,0.05,21495.27
T103288,2025-04-19,P0019,C00127,south,3.0,6013.99,0.0,18041.97
T107435,2023-09-03,P0039,C00229,east,1.0,14579.92,0.0,14579.92
T104235,2024-05-16,P0015,C00126,west,3.0,4549.66,0.0,13648.98
T100981,2025-08-31,P0014,C00031,south,1.0,500.0,0.0,500.0
T108354,2023-01-16,P0029,C00061,west,2.0,12773.07,0.0,25546.14
T104220,2025-02-14,P0009,C00200,north,7.0,11247.7,0.0,78733.9
T102722,2025-01-21,P0036,C00022,north,1.0,4229.62,0.0,4229.62
T108533,2025-04-21,P0008,C00176,east,3.0,499.0,0.1,1347.3
T101268,2025-11-30,P0010,C00246,south,5.0,8164.43,0.0,40822.15
T102462,2023-08-29,P0017,C00055,south,1.0,382.2,0.0,382.2
T104512,2024-10-19,P0031,C00081,west,7.0,1566.84,0.0,10967.88
T100268,2024-05-29,P0002,C00110,east,2.0,13910.88,0.0,27821.76
T103580,2023-01-19,P0024,C00155,west,7.0,11884.11,0.05,79029.33
T100654,2023-03-09,P0011,C00073,south,1.0,8863.25,0.0,8863.25
T104411,2023-04-24,P0006,C00030,north,5.0,7884.39,0.0,39421.95
T104039,2024-12-23,P0009,C00013,central,16.0,11247.7,0.05,170965.04
T104254,2024-07-07,P0033,C00250,north,5.0,10082.29,0.0,50411.45
T103597,2023-07-31,P0019,C00173,central,6.0,6013.99,0.0,36083.94
T102413,2025-09-05,P0029,C00019,central,9.0,12773.07,0.05,109209.75
T107365,2025-12-02,P0004,C00011,east,3.0,4999.13,0.2,11997.91
T102821,2023-08-10,P0024,C00135,north,3.0,11884.11,0.05,33869.71
T100428,2024-01-19,P0023,C00057,east,2.0,10713.43,0.0,21426.86
T100589,2023-07-20,P0011,C00242,east,7.0,8863.25,0.0,62042.75
T100495,2024-01-14,P0038,C00023,west,3.0,5836.46,0.0,17509.38
T108187,2024-08-15,P0032,C00067,north,5.0,5656.65,0.0,28283.25
T104331,2023-06-30,P0037,C00020,north,4.0,8484.46,0.0,33937.84
T107980,2024-08-03,P0018,C00237,central,3.0,6437.51,0.2000002071194193,15450.02
T105033,2025-11-20,P0005,C00181,south,5.0,8621.09,0.0,43105.45
T106309,2023-07-23,P0030,C00108,west,2.0,6824.34,0.0,13648.68
T108784,2025-09-24,P0020,C00047,central,3.0,4508.3,0.0,13524.9
T100528,2024-11-18,P0012,C00089,east,7.0,14484.04,0.0,101388.28
T101808,2025-01-03,P0002,C00082,east,2.0,13910.88,0.0,27821.76
T106249,2025-09-23,P0004,C00073,south,2.0,4999.13,0.0,9998.26
T104913,2024-01-14,P0001,C00099,north,1.0,6017.98,0.0,6017.98
T102055,2024-03-19,P0033,C00222,central,3.0,10082.29,0.0,30246.87
T101231,2023-05-17,P0019,C00192,central,6.0,6013.99,0.0,36083.94
T102028,2025-12-24,P0013,C00042,central,3.0,9164.46,0.0,27493.38
T108801,2025-02-02,P0004,C00194,east,2.0,4999.13,0.0,9998.26
T100677,2023-11-28,P0030,C00219,west,4.0,6824.34,0.2,21837.89
T107286,2024-11-04,P0039,C00117,west,5.0,14579.92,0.0,72899.6
T106759,2023-05-08,P0029,C00100,east,5.0,12773.07,0.05,60672.08
T104626,2023-02-07,P0012,C00130,east,4.0,14484.04,0.1,52142.54
T108520,2023-08-09,P0002,C00161,west,3.0,13910.88,0.1,37559.38
T105862,2023-05-29,P0030,C00246,south,4.0,6824.34,0.0,27297.36
T102741,2024-10-13,P0006,C00026,north,4.0,7884.39,0.0,31537.56
T107815,2024-03-10,P0027,C00228,south,4.0,9818.49,0.0,39273.96
T104147,2023-01-07,P0005,C00196,east,5.0,8621.09,0.0,43105.45
T108451,2025-02-28,P0038,C00021,central,4.0,5836.46,0.0,23345.84
T102432,2025-12-06,P0027,C00214,central,1.0,9818.49,0.0,9818.49
T105212,2024-04-10,P0028,C00054,central,6.0,13737.15,0.0,82422.9
T105049,2023-12-03,P0017,C00236,east,6.0,382.2,0.0,2293.2
T100551,2024-01-12,P0033,C00208,central,1.0,10082.29,0.0,10082.29
T108290,2024-02-18,P0016,C00146,central,3.0,2604.21,0.0,7812.63
T106840,2025-08-16,P0038,C00163,east,2.0,5836.46,0.0,11672.92
T105725,2025-11-03,P0010,C00126,west,5.0,8164.43,0.0,40822.15
T101611,2025-08-21,P0014,C00242,east,2.0,500.0,0.0,1000.0
T104291,2024-03-24,P0016,C00204,central,6.0,2604.21,0.0,15625.26
T105338,2024-01-31,P0019,C00097,west,2.0,6013.99,0.0,12027.98
T108358,2024-03-08,P0008,C00115,east,4.0,499.0,0.0,1996.0
T105354,2024-01-22,P0034,C00220,east,3.0,10038.95,0.0,30116.85
T100673,2024-04-24,P0001,C00216,south,3.0,6017.98,0.2,14443.15
T107369,2025-08-28,P0027,C00207,central,8.0,9818.49,0.0,78547.92
T103956,2023-09-28,P0022,C00071,east,3.0,3102.81,5.0,8843.01
T104081,2024-10-01,P0001,C00032,north,3.0,6017.98,0.05,17151.24
T106215,2024-05-26,P0018,C00170,west,2.0,6437.51,0.1,11587.52
T105749,2024-08-02,P0031,C00210,north,5.0,1566.84,0.0,7834.2
T106167,2023-11-30,P0032,C00187,north,3.0,5656.65,0.0,16969.95
T100605,2025-04-24,P0031,C00042,east,6.0,1566.84,0.0,9401.04
T104471,2025-02-11,P0017,C00126,west,6.0,382.2,0.2,1834.56
T108039,2023-05-14,P0022,C00081,west,4.0,3102.81,0.0,12411.24
T106916,2025-05-30,P0028,C00044,south,6.0,13737.15,0.1,74180.61
T101468,2023-07-27,P0026,C00235,east,1.0,13905.57,0.0,13905.57
T108536,2023-07-25,P0012,C00047,north,1.0,14484.04,0.0,14484.04
T101982,2023-10-03,P0024,C00091,central,7.0,11884.11,0.0,83188.77
T104901,2023-11-20,P0025,C00231,north,4.0,9148.51,0.0,36594.04
T100890,2024-04-20,P0031,C00088,south,2.0,1566.84,0.0,3133.68
T104749,2023-01-25,P0036,C00146,central,5.0,4229.62,0.0,1057405.0
T106180,2024-07-11,P0002,C00053,west,6.0,13910.88,0.1,75118.75
T100843,2025-03-07,P0031,C00062,south,2.0,1566.84,0.0,3133.68
T102155,2025-12-01,P0019,C00030,west,5.0,6013.99,0.05,28566.45
T104202,2023-08-24,P0028,C00087,south,4.0,13737.15,0.1,49453.74
T108912,2023-11-24,P0028,C00073,south,11.0,13737.15,0.0,151108.65
T102077,2023-02-22,P0037,C00065,east,2.0,8484.46,0.0,16968.92
T105719,2023-09-25,P0008,C00018,central,5.0,499.0,0.0,2495.0
T105125,2023-09-24,P0003,C00091,central,3.0,10949.99,0.0,32849.97
T105606,2025-03-26,P0022,C00013,central,2.0,3102.81,0.0,6205.62
T103520,2024-08-18,P0032,C00035,central,7.0,5656.65,0.0,39596.55
T104807,2024-10-22,P0008,C00200,north,7.0,499.0,0.0,3493.0
T102799,2023-12-03,P0017,C00138,central,4.0,382.2,0.1,1375.92
T108191,2023-07-26,P0012,C00062,south,2.0,14484.04,0.1,26071.27
T100584,2025-07-24,P0024,C00109,north,8.0,11884.11,0.1,85565.59
T103268,2024-05-13,P0002,C00007,central,6.0,13910.88,0.0,83465.28
T108775,2025-01-02,P0004,C00039,north,3.0,4999.13,0.0,14997.39
T101260,2025-05-10,P0016,C00235,east,6.0,2604.21,0.0,15625.26
T108503,2025-09-01,P0009,C00097,west,4.0,11247.7,0.0,44990.8
T108566,2024-09-05,P0025,C00134,east,3.0,9148.51,0.0,27445.53
T104638,2024-01-06,P0006,C00208,central,2.0,7884.39,0.0,15768.78
T107780,2025-05-15,P0004,C00232,west,4.0,4999.13,0.0,19996.52
T106473,2024-04-20,P0025,C00123,west,2.0,9148.51,0.0,18297.02
T105375,2024-07-08,P0002,C00018,central,5.0,13910.88,0.05,66076.68
T104594,2025-06-17,P0034,C00007,central,3.0,10038.949999999999,0.0,30116.85
T105117,2025-05-01,P0040,C00027,north,4.0,12756.37,0.0,51025.48
T108817,2024-04-07,P0009,C00098,east,4.0,11247.7,0.0,44990.8
T104313,2023-06-10,P0017,C00212,south,2.0,382.2,0.2,611.52
T108942,2025-10-24,P0014,C00196,east,8.0,500.0,0.0,4000.0
T102550,2024-08-02,P0025,C00146,central,2.0,9148.51,0.2,14637.62
T103783,2024-07-26,P0017,C00113,east,3.0,382.2,0.0,1146.6
T108099,2023-01-13,P0030,C00030,north,6.0,6824.34,0.0,40946.04
T108743,2025-08-11,P0017,C00218,central,7.0,382.2,0.0,2675.4
T100344,2024-03-07,P0003,C00206,east,8.0,10949.99,0.0,87599.92
T102185,2023-10-20,P0013,C00009,central,7.0,9164.46,0.0,64151.22
T105120,2023-08-07,P0020,C00175,east,9.0,4508.3,0.0,40574.7
T107199,2025-07-25,P0040,C00212,south,6.0,12756.37,0.0,76538.22
T105807,2024-11-03,P0037,C00021,central,10.0,8484.46,0.05,80602.37
T105253,2025-01-20,P0021,C00192,central,2.0,359.09,0.2,574.54
T108819,2024-04-17,p0012 ,C00232,west,3.0,14484.04,0.0,43452.12
T100871,2023-05-19,P0013,C00043,west,4.0,9164.46,0.0,36657.84
T107761,2023-09-02,p0003 ,C00183,south,3.0,10949.99,0.0,32849.97
T107779,2023-12-09,P0010,C00043,west,13.0,8164.43,0.0,106137.59
T104985,2023-02-25,P0006,C00011,east,5.0,7884.39,0.0,39421.95
T106357,2023-08-25,P0040,C00067,north,1.0,12756.37,0.1,11480.73
T100090,2025-06-01,P0011,C00092,south,3.0,8863.25,0.15,22601.29
T104925,2023-09-14,P0039,C00013,central,6.0,14579.92,0.0,87479.52
T105296,2024-07-01,P0015,C00116,central,7.0,4549.66,0.0,31847.62
T106961,2025-11-23,P0019,C00077,south,5.0,6013.99,0.05,28566.45
T104803,2025-04-25,P0004,C00005,east,4.0,4999.13,0.0,19996.52
T104194,2025-04-10,P0012,C00018,central,3.0,14484.04,0.05,41279.51
T106134,2023-03-07,P0001,C00039,north,4.0,6017.98,0.0,24071.92
T106515,2023-10-29,P0007,C00023,west,7.0,14423.4,0.0,100963.8
T102117,2025-02-19,P0020,C00250,north,4.0,4508.3,0.0,18033.2
T102937,2023-06-24,P0019,C00137,south,1.0,6013.99,0.0,6013.99
T107081,2025-07-21,P0028,C00118,central,4.0,13737.15,0.0,54948.6
T107917,2024-12-05,P0015,C00235,east,8.0,4549.66,0.0,36397.28
T102836,2025-05-11,P0005,C00234,east,4.0,8621.09,0.0,34484.36
T103096,2024-05-07,P0023,C00173,central,1.0,10713.43,0.0,10713.43
T105741,2024-04-08,P0026,C00212,south,1.0,13905.57,0.05,13210.29
T107066,2024-12-11,P0001,C00234,west,7.0,6017.98,0.0,42125.86
T100947,2024-10-08,P0016,C00218,central,6.0,2604.21,0.0,15625.26
T102925,2025-09-20,P0013,C00121,east,4.0,9164.46,0.0,36657.84
T105035,2023-12-29,P0032,C00250,north,3.0,5656.65,0.0,16969.95
T103214,2024-09-16,P0017,C00162,east,4.0,382.2,0.0,1528.8
T104509,2023-02-19,P0037,C00151,east,3.0,8484.46,0.0,25453.38
T105316,2025-12-16,P0031,C00113,east,9.0,1566.84,0.15,11986.33
T100883,2024-10-18,P0009,C00213,south,7.0,11247.7,0.0,78733.9
T104537,2023-05-11,P0019,C00152,north,2.0,6013.99,0.1000001662789595,10825.18
T107463,2023-09-10,P0005,C00133,east,3.0,8621.09,0.0,25863.27
T105082,2024-02-19,P0019,C00121,east,4.0,6013.99,0.0,24055.96
T105813,2024-10-04,P0035,C00009,central,3.0,8930.77,0.0,26792.31
T104301,2024-02-01,P0001,C00247,north,1.0,6017.98,0.0,6017.98
T100627,2025-08-04,P0019,C00008,south,6.0,6013.99,0.1,32475.55
T101456,2024-07-22,P0008,C00158,east,3.0,499.0,0.2,1197.6
T108715,2025-01-01,P0026,C00076,central,3.0,13905.57,0.0,41716.71
T107422,2024-05-15,P0006,C00058,east,3.0,7884.39,0.0,23653.17
T106720,2023-07-16,P0006,C00230,east,4.0,7884.39,0.0,31537.56
T105715,2024-02-06,P0001,C00127,south,4.0,6017.98,0.0,24071.92
T105982,2023-01-25,P0011,C00175,east,1.0,8863.25,0.2,7090.6
T106871,2023-04-15,P0001,C00078,west,4.0,6017.98,0.0,24071.92
T108746,2023-10-15,P0035,C00064,north,8.0,8930.77,0.0,71446.16
T107204,2024-04-28,P0014,C00034,east,4.0,500.0,0.0,2000.0
T107255,2025-11-07,P0010,C00070,west,1.0,8164.43,0.14999944882863836,6939.77
T102415,2024-12-26,P0004,C00052,east,11.0,4999.13,0.0,54990.43
T104847,2025-01-15,P0023,C00012,east,1.0,10713.43,0.0,10713.43
T107621,2025-05-19,P0017,C00144,west,4.0,382.2,0.0,1528.8
T104575,2024-05-20,P0005,C00164,north,2.0,8621.09,0.0,17242.18
T105414,2023-02-06,P0031,C00028,central,3.0,1566.84,0.0,4700.52
T106756,2025-01-09,P0003,C00145,north,1.0,10949.99,0.0,10949.99
T107947,2024-03-09,P0025,C00047,central,5.0,9148.51,0.0,45742.55
T102899,2023-08-14,P0019,C00016,west,3.0,6013.99,0.0,18041.97
T100433,2025-06-13,P0005,C00012,east,6.0,8621.09,0.0,51726.54
T102398,2025-10-24,P0016,C00085,central,10.0,2604.21,0.0,26042.1
T102209,2024-04-16,P0026,C00224,central,4.0,13905.57,0.0,55622.28
T101710,2025-03-31,P0002,C00168,north,3.0,13910.88,0.1,37559.38
T103353,2025-12-17,P0014,C00235,east,7.0,500.0,0.0,3500.0
T108585,2025-05-18,P0018,C00237,central,8.0,6437.51,0.0,51500.08
T104487,2024-01-02,P0024,C00176,east,2.0,11884.11,0.0,23768.22
T100104,2024-04-27,P0007,C00227,central,2.0,14423.4,0.0,28846.8
T105898,2025-01-12,P0014,C00173,central,1.0,500.0,0.15,425.0
T101186,2023-10-29,P0024,C00091,central,4.0,11884.11,0.0,47536.44
T107809,2023-07-20,P0003,C00226,west,6.0,10949.99,0.0,65699.94
T103184,2023-09-04,P0004,C00228,south,5.0,4999.13,0.0,24995.65
T108929,2025-03-16,P0026,C00097,west,2.0,13905.57,0.0,27811.14
T104953,2023-09-30,P0032,C00205,north,3.0,5656.65,0.0,16969.95
T107234,2025-05-05,P0025,C00065,east,7.0,9148.51,0.0,64039.57
T107647,2024-06-19,P0031,C00039,north,2.0,1566.84,0.0,3133.68
T103044,2023-02-17,P0039,C00240,south,4.0,14579.92,0.0,58319.68
T100151,2024-02-29,P0006,C00070,west,1.0,7884.39,0.0,7884.39
T104947,2024-07-14,P0022,C00183,south,5.0,3102.81,0.0,15514.05
T103282,2023-12-29,P0039,C00174,central,6.0,14579.92,0.0,4373976.0
T106321,2024-11-20,P0007,C00187,north,3.0,14423.4,0.0,43270.2
T105133,2025-05-21,P0035,C00158,east,7.0,8930.77,0.0,62515.39
T100915,2023-12-31,P0010,C00014,central,4.0,8164.43,0.0,32657.72
T101305,2023-09-02,P0011,C00153,central,4.0,8863.25,0.0,35453.0
T104504,2025-07-17,P0027,C00119,south,2.0,9818.49,0.05,18655.13
T103049,2024-06-25,P0027,C00149,north,2.0,9818.49,0.0,19636.98
T108808,2023-08-15,P0022,C00078,west,3.0,3102.81,0.05,8843.01
T106531,2025-03-08,P0023,C00165,west,3.0,10713.43,0.0,32140.29
T108681,2024-10-01,P0017,C00094,south,9.0,382.2,0.05,3267.81
T108094,2025-06-25,P0004,C00119,south,11.0,4999.13,0.0,54990.43
T105905,2023-07-22,P0040,C00247,north,5.0,12756.37,0.0,63781.85
T104738,2025-03-24,P0017,C00081,west,6.0,382.2,0.0,2293.2
T104094,2025-12-29,P0002,C00172,central,11.0,13910.88,0.0,153019.68
T106637,2024-08-26,P0021,C00004,east,7.0,359.09,0.0,2513.63
T102796,2024-03-02,P0014,C00075,south,4.0,500.0,0.0,2000.0
T102701,2023-03-10,P0040,C00070,west,7.0,12756.37,0.0,89294.59
T101398,2024-12-28,P0036,C00136,south,3.0,4229.62,0.0,12688.86
T102519,2023-12-08,P0005,C00097,west,3.0,8621.09,0.0,25863.27
T103358,2024-04-05,P0004,C00034,east,4.0,4999.13,0.15,16997.04
T105793,2023-10-26,P0032,C00228,south,1.0,5656.65,0.0,5656.65
T100183,2023-10-04,P0036,C00065,east,7.0,4229.62,0.0,29607.34
T104518,2025-12-02,P0032,C00035,central,2.0,5656.65,0.2,9050.64
T100366,2025-04-16,P0031,C00021,central,9.0,1566.84,0.05,13396.48
T108085,2023-12-28,P0014,C00127,south,12.0,500.0,0.0,6000.0
T104382,2025-01-23,P0011,C00111,north,5.0,8863.25,0.0,44316.25
T107531,2025-04-28,P0039,C00035,central,1.0,14579.92,0.0,14579.92
T106390,2024-09-13,P0035,C00118,central,3.0,8930.77,0.2,21433.85
T102417,2023-05-30,P0024,C00147,north,7.0,11884.11,0.0,83188.77
T104050,2025-03-13,P0028,C00156,south,4.0,13737.15,0.0,54948.6
T100471,2024-01-18,P0001,C00030,north,2.0,6017.98,0.0,12035.96
T100967,2023-03-24,P0031,C00108,west,7.0,1566.84,0.0,10967.88
T106710,2024-02-14,P0008,C00231,north,6.0,499.0,0.0,2994.0
T106624,2025-05-19,P0035,C00229,east,9.0,8930.77,0.0,80376.93
T102656,2024-11-11,P0024,C00189,north,1.0,11884.11,0.0,11884.11
T103879,2024-04-23,P0018,C00216,south,4.0,6437.51,0.0,25750.04
T108573,2025-04-23,P0018,C00244,south,3.0,6437.51,0.0,19312.53
T100209,2023-04-29,P0032,C00062,south,4.0,5656.65,0.0,22626.6
T101961,2024-09-19,P0013,C00001,west,6.0,9164.46,0.15,46738.75
T100896,2023-05-27,P0034,C00127,south,4.0,10038.95,0.0,40155.8
T107619,2023-09-18,P0028,C00007,central,3.0,13737.15,0.0,41211.45
T108066,2023-06-17,P0023,C00003,north,4.0,10713.43,0.05,40711.03
T106138,2024-05-15,P0011,C00158,east,2.0,8863.25,0.0,17726.5
T106725,2023-01-08,P0023,C00130,east,2.0,10713.43,0.15,18212.83
T101773,2025-12-21,P0035,C00046,south,11.0,8930.77,0.1,88414.62
T105270,2025-06-10,P0015,C00021,central,6.0,4549.66,0.0,27297.96
T102299,2024-01-20,P0022,C00193,east,2.0,3102.81,0.1,5585.06
T101209,2024-09-11,P0017,C00126,west,2.0,382.2,0.0,764.4
T107081,2025-07-21,P0028,C00118,central,4.0,13737.15,0.0,54948.6
T108543,2025-03-04,P0001,C00032,north,1.0,6017.98,0.0,6017.98
T103145,2025-04-06,P0033,C00091,central,3.0,10082.289999999999,0.0,30246.87
T101270,2023-12-20,P0013,C00007,central,6.0,9164.46,0.0,54986.76
T101251,2023-11-23,P0018,C00226,west,1.0,6437.51,0.0,6437.51
T103176,2025-11-13,P0015,C00073,south,5.0,4549.66,0.1,20473.47
T108468,2025-10-29,P0022,C00010,south,1.0,3102.81,0.2,2482.25
T106395,2024-02-19,P0028,C00201,west,3.0,13737.15,0.0,41211.45
T104633,2025-02-11,P0037,C00059,north,5.0,8484.46,0.0,42422.3
T104127,2024-05-28,P0028,C00051,east,4.0,13737.15,0.05,52201.17
T101292,2023-03-25,P0017,C00154,west,8.0,382.2,0.0,3057.6
T107340,2024-12-09,P0013,C00084,north,10.0,9164.46,0.05,87062.37
T105391,2024-09-29,P0027,C00225,south,5.0,9818.49,0.0,49092.45
T103370,2025-04-27,P0009,C00033,north,1.0,11247.7,0.0,11247.7
T106169,2023-02-13,P0012,C00069,central,2.0,14484.04,0.0,28968.08
T103289,2025-12-24,P0036,C00206,north,11.0,4229.62,0.1,41873.24
T105317,2025-10-06,P0028,C00031,south,3.0,13737.15,0.0,41211.45
T103651,2024-11-17,P0001,C00009,central,5.0,6017.98,0.05,28585.4
T103315,2024-10-12,P0029,C00027,north,1.0,12773.07,0.0,12773.07
T106482,2024-08-14,P0027,C00115,east,1.0,9818.49,0.0,9818.49
T100292,2024-08-20,P0014,C00135,north,8.0,500.0,0.0,4000.0
T106273,2025-09-19,P0038,C00182,north,6.0,5836.46,0.2,28015.01
T104660,2024-12-28,P0016,C00027,central,8.0,2604.21,0.0,20833.68
T101051,2025-03-03,P0012,C00060,east,2.0,14484.04,0.0,28968.08
T102231,2023-03-28,P0021,C00166,central,2.0,359.09,0.0,718.18
T108530,2023-10-22,P0001,C00100,east,8.0,6017.98,0.0,48143.84
T104582,2023-10-10,P0026,C00163,east,7.0,13905.57,0.1,87605.09
T100272,2024-02-17,P0014,C00010,south,2.0,500.0,0.0,1000.0
T102042,2023-04-16,P0018,C00196,east,3.0,6437.51,0.05,18346.9
T105309,2025-03-21,P0025,C00035,central,1.0,9148.51,0.05,8691.08
T104091,2024-06-26,P0025,C00232,west,4.0,9148.51,0.0,36594.04
T104288,2025-09-08,P0020,C00107,east,3.0,4508.3,0.0,13524.9
T100103,2025-06-02,P0031,C00122,east,6.0,1566.84,0.0,9401.04
T101086,2023-02-18,P0029,C00101,east,7.0,12773.07,0.0,89411.49
T104938,2024-03-12,P0027,C00148,north,3.0,9818.49,0.0,29455.47
T108016,2025-11-09,P0019,C00129,central,9.0,6013.990000000001,0.0,54125.91
T105239,2024-02-17,P0020,C00100,east,4.0,4508.3,0.2,14426.56
T104921,2024-09-14,P0020,C00023,west,3.0,4508.3,0.0,13524.9
T102903,2025-08-09,P0005,C00053,west,4.0,8621.09,0.0,34484.36
T105509,2024-03-07,P0019,C00207,central,10.0,6013.99,0.2,48111.92
T107766,2024-04-07,P0035,C00147,north,1.0,8930.77,0.0,8930.77
T104734,2024-04-07,P0018,C00072,west,5.0,6437.51,0.05,30578.17
T105731,2023-05-27,P0003,C00059,north,3.0,10949.99,0.0,32849.97
T106384,2023-09-23,P0034,C00013,central,4.0,10038.95,0.0,40155.8
T106771,2023-04-11,P0024,C00007,central,6.0,11884.11,0.0,71304.66
T106990,2024-08-05,P0026,C00088,south,4.0,13905.57,0.05,52841.17
T107154,2023-08-31,P0036,C00119,south,4.0,4229.62,0.0,16918.48
T106634,2023-08-31,P0011,C00029,east,6.0,8863.25,0.0,53179.5
T105097,2024-11-20,P0028,C00004,east,3.0,13737.15,0.2,32969.16
T104004,2023-06-27,P0016,C00200,north,4.0,2604.21,0.0,10416.84
T100613,2023-05-22,P0025,C00099,north,2.0,9148.51,0.2,14637.62
T104532,2023-08-14,P0008,C00190,north,3.0,499.0,0.0,1497.0
T108131,2025-04-25,P0039,C00034,east,6.0,14579.92,0.0,87479.52
T104819,2024-09-03,P0034,C00016,west,3.0,10038.95,0.05,28611.01
T105594,2023-04-04,P0013,C00105,west,2.0,9164.46,0.0,18328.92
T103478,2025-05-17,P0012,C00193,east,6.0,14484.04,0.1,78213.82
T106218,2024-11-06,P0034,C00004,east,4.0,10038.95,0.0,40155.8
T107990,2023-08-24,P0033,C00174,central,6.0,10082.29,0.2,48394.99
T101748,2025-01-01,P0013,C00054,central,3.0,9164.46,0.2,21994.7
T100732,2025-05-05,P0037,C00213,south,4.0,8484.46,0.0,33937.84
T107690,2024-08-19,P0023,C00184,east,3.0,10713.43,0.0,32140.29
T106520,2023-09-17,P0016,C00085,central,2.0,2604.21,0.0,5208.42
T107242,2023-03-08,P0010,C00029,east,1.0,8164.43,0.1,7347.99
T106274,2024-02-15,P0037,C00097,west,1.0,8484.46,0.0,8484.46
T102910,2023-05-14,P0038,C00101,east,5.0,5836.46,0.0,29182.3
T107505,2024-12-12,P0007,C00219,west,5.0,14423.4,0.0,72117.0
T102662,2025-05-04,P0010,C00009,central,3.0,8164.43,0.0,24493.29
T105518,2023-06-27,P0013,C00195,west,8.0,9164.46,0.0,73315.68
T107717,2023-07-15,P0032,C00217,north,3.0,5656.65,0.15,14424.46
T103773,2024-06-05,P0019,C00185,central,2.0,6013.99,0.0,12027.98
T103113,2025-04-11,P0033,C00056,south,9.0,10082.29,0.0,90740.61
T103303,2024-09-01,P0014,C00019,central,4.0,500.0,0.0,2000.0
T102154,2023-04-17,P0034,C00141,south,3.0,10038.95,0.0,30116.85
T101344,2024-10-22,P0010,C00088,south,4.0,8164.43,0.0,32657.72
T108962,2024-06-01,P0029,C00078,west,3.0,12773.07,0.0,38319.21
T103261,2023-06-20,P0031,C00071,east,4.0,1566.84,0.0,6267.36
T107551,2025-06-07,P0021,C00142,central,7.0,359.09,0.0,2513.63
T106679,2023-09-23,P0012,C00105,west,1.0,14484.04,0.0,14484.04
T105358,2024-07-07,P0001,C00180,central,4.0,6017.98,0.0,24071.92
T100952,2025-06-29,P0016,C00119,south,4.0,2604.21,0.0,10416.84
T106745,2023-09-30,P0018,C00133,east,4.0,6437.51,0.0,25750.04
T103021,2023-12-10,P0020,C00143,south,6.0,4508.3,0.1,24344.82
T103308,2024-02-02,P0013,C00104,south,4.0,9164.46,0.0,36657.84
T101504,2024-09-01,P0024,C00082,east,6.0,11884.11,0.0,71304.66
T104602,2024-01-28,P0027,C00057,east,2.0,9818.49,0.0,19636.98
T101806,2025-08-12,P0037,C00090,south,7.0,8484.46,0.0,59391.22
T105143,2025-02-22,P0025,C00075,central,1.0,9148.51,0.05,8691.08
T107833,2024-05-10,P0020,C00208,central,1.0,4508.3,0.0,4508.3
T103791,2024-03-09,P0005,C00199,central,10.0,8621.09,0.0,86210.9
T101121,2024-08-07,P0031,C00196,east,5.0,1566.84,0.0,7834.2
T107697,2024-11-17,P0024,C00089,east,7.0,11884.11,0.15,70710.45
T108919,2024-02-10,P0036,C00250,north,6.0,4229.62,0.0,25377.72
T108330,2025-10-11,P0038,C00232,west,11.0,5836.46,0.0,64201.06
T104871,2025-01-23,P0020,C00209,east,6.0,4508.3,0.0,27049.8
T106204,2024-03-31,P0025,C00125,north,1.0,9148.51,0.1,8233.66
T104639,2023-11-28,P0040,C00182,north,9.0,12756.37,0.0,114807.33
T105990,2024-03-08,P0035,C00218,central,8.0,8930.77,0.1,64301.54
T106535,2025-05-16,P0028,C00113,east,2.0,13737.15,0.0,27474.3
T101848,2024-02-09,P0039,C00113,east,1.0,14579.92,0.1,13121.93
T100416,2025-08-01,P0015,C00234,east,2.0,4549.66,0.2,7279.46
T102973,2024-11-15,P0005,C00161,west,5.0,8621.09,0.0,43105.45
T105936,2023-06-16,P0024,C00024,south,4.0,11884.11,0.0,47536.44
T102431,2025-12-28,P0039,C00234,east,9.0,14579.92,0.0,131219.28
T102518,2025-07-06,P0019,C00079,south,3.0,6013.99,0.0,18041.97
T100564,2025-07-09,P0003,C00115,east,6.0,10949.99,0.05,62414.94
T102526,2023-02-03,P0021,C00031,south,4.0,359.09,0.0,1436.36
T107871,2024-06-05,P0030,C00200,north,3.0,6824.34,0.0,20473.02
T104609,2024-11-03,P0013,C00172,central,3.0,9164.46,0.05,26118.71
T103251,2025-05-23,P0033,C00133,east,4.0,10082.29,0.05,38312.7
T101224,2025-11-28,P0039,C00065,east,7.0,14579.92,0.15,86750.52
T100142,2024-07-07,P0025,C00163,west,2.0,9148.51,0.0,18297.02
T106324,2025-06-11,P0011,C00195,east,9.0,8863.25,0.0,79769.25
T101490,2025-12-18,P0031,C00010,south,5.0,1566.84,0.0,7834.2
T107802,2025-04-01,P0038,C00107,east,2.0,5836.46,0.0,11672.92
T106523,2023-11-03,P0004,C00140,west,5.0,4999.13,0.0,24995.65
T101590,2025-01-04,P0003,C00084,north,4.0,10949.99,0.0,43799.96
T106918,2023-02-23,P0023,C00045,west,3.0,10713.43,0.0,32140.29
T104902,2025-07-10,P0019,C00193,east,5.0,6013.99,0.0,30069.95
T102653,2025-06-30,P0022,C00063,north,1.0,3102.81,0.0,3102.81
T102004,2023-12-26,P0008,C00063,north,1.0,499.0,0.0,499.0
T101194,2023-02-19,P0026,C00192,east,3.0,13905.57,0.0,41716.71
T104338,2023-03-07,P0021,C00164,north,4.0,359.09,0.1,1292.72
T103409,2023-01-13,P0032,C00213,south,1.0,5656.65,0.0,5656.65
T101117,2024-02-06,P0019,C00089,east,2.0,6013.99,0.0,12027.98
T106017,2023-05-19,P0020,C00036,north,8.0,4508.3,0.1,32459.76
T101756,2024-07-10,P0001,C00221,west,3.0,6017.98,0.1,16248.55
T100497,2023-03-11,P0007,C00048,south,8.0,14423.4,0.1,103848.48
T105241,2024-01-22,P0019,C00222,central,1.0,6013.99,0.0,6013.99
T100012,2023-04-24,P0020,C00202,central,4.0,4508.3,0.0,18033.2
T100870,2025-05-15,P0026,C00135,north,3.0,13905.57,0.0,41716.71
T103357,2024-06-18,P0019,C00008,south,4.0,6013.99,0.0,24055.96
T100912,2024-08-26,P0039,C00159,north,4.0,14579.92,0.0,58319.68
T103582,2025-11-01,P0017,C00069,central,5.0,382.2,0.0,1911.0
T100721,2025-06-10,P0018,C00094,south,4.0,6437.51,0.0,25750.04
T102805,2023-10-19,P0005,C00022,north,4.0,8621.09,0.0,34484.36
T104582,2023-10-10,P0026,C00163,central,7.0,13905.57,0.1,87605.09
T107319,2023-01-26,P0004,C00123,north,4.0,4999.13,0.0,19996.52
T108744,2024-06-13,P0022,C00019,central,2.0,3102.81,0.0,6205.62
T105434,2023-08-24,P0003,C00245,central,4.0,10949.99,0.0,43799.96
T105916,2023-03-14,P0029,C00090,south,7.0,12773.07,0.1,80470.34
T101520,2025-04-21,P0040,C00176,east,9.0,12756.37,0.0,5740366.5
T102746,2024-01-16,P0007,C00220,north,5.0,14423.4,0.0,72117.0
T104678,2024-03-28,P0009,C00041,east,2.0,11247.7,0.0,22495.4
T105867,2024-05-06,P0021,C00044,south,3.0,359.09,0.0,1077.27
T100314,2023-02-07,P0030,C00097,west,5.0,6824.34,0.0,34121.7
T107055,2024-11-10,P0012,C00189,north,1.0,14484.04,0.1,13035.64
T108100,2023-12-08,P0034,C00231,north,16.0,10038.95,0.15,136529.72
T104656,2024-04-07,P0015,C00064,north,3.0,4549.66,0.0,13648.98
T103129,2024-06-29,P0020,C00160,south,4.0,4508.3,0.2,14426.56
T105660,2025-11-09,P0032,C00237,central,5.0,5656.65,0.0,28283.25
T105556,2023-04-15,P0024,C00125,north,4.0,11884.11,0.0,47536.44
T103968,2025-06-10,P0024,C00243,west,3.0,11884.11,0.0,35652.33
T105701,2023-09-01,P0020,C00145,north,1.0,4508.3,0.0,4508.3
T101973,2025-07-19,P0009,C00060,south,2.0,11247.7,0.15,19121.09
T100336,2023-07-30,P0004,C00043,west,3.0,4999.13,0.0,14997.39
T102764,2023-11-30,P0001,C00215,east,11.0,6017.98,0.0,66197.78
T106312,2024-03-18,P0002,C00015,south,7.0,13910.88,0.0,97376.16
T107085,2024-07-27,P0017,C00107,east,6.0,382.2,0.0,2293.2
T102985,2025-07-07,P0032,C00099,north,6.0,5656.65,0.0,33939.9
T104659,2025-09-18,P0037,C00062,south,4.0,8484.46,0.0,33937.84
T103477,2024-10-27,P0003,C00210,north,7.0,10949.99,0.1,68984.94
T103558,2025-06-11,P0008,C00029,east,3.0,499.0,0.0,1497.0
T102809,2024-06-11,P0039,C00248,north,2.0,14579.92,0.1,26243.86
T105931,2025-10-04,P0005,C00233,west,8.0,8621.09,0.0,68968.72
T106907,2024-11-21,P0014,C00138,central,1.0,500.0,0.05,23750.0
T100307,2024-06-19,P0024,C00234,east,3.0,11884.11,0.0,35652.33
T103908,2023-08-25,P0035,C00077,south,5.0,8930.77,0.0,44653.85
T100348,2024-04-25,P0001,C00117,east,1.0,6017.98,0.0,6017.98
T107826,2025-12-17,P0034,C00181,south,7.0,10038.95,0.0,70272.65
T108662,2023-10-28,P0027,C00238,west,1.0,9818.49,0.0,9818.49
T107317,2024-07-02,P0023,C00018,central,2.0,10713.43,0.0,21426.86
T103682,2023-02-26,P0040,C00219,west,5.0,12756.37,1.1407567535566034e-16,63781.85
T104840,2023-10-01,P0040,C00238,west,9.0,12756.37,0.0,114807.33
T107088,2023-06-19,P0023,C00051,east,5.0,10713.43,0.0,53567.15
T102053,2024-03-22,P0014,C00063,north,3.0,500.0,0.05,1425.0
T100071,2024-02-11,P0008,C00092,south,3.0,499.0,0.0,1497.0
T108079,2025-07-27,P0027,C00197,south,8.0,9818.49,0.0,78547.92
T105787,2023-09-10,P0016,C00170,west,4.0,2604.21,0.0,10416.84
T106604,2023-01-09,P0007,C00020,north,3.0,14423.4,0.0,43270.2
T106708,2024-05-24,P0015,C00088,south,4.0,4549.66,0.0,18198.64
T101666,2024-02-20,P0040,C00080,north,3.0,12756.37,0.05,36355.65
T105263,2023-06-26,P0001,C00098,east,5.0,6017.98,0.05,28585.4
T105333,2025-02-07,P0015,C00118,central,5.0,4549.66,0.05,21610.88
T104428,2025-03-19,P0017,C00079,south,3.0,382.2,0.0,1146.6
T101445,2024-01-26,P0006,C00194,east,1.0,7884.39,0.05,7490.17
T107282,2024-04-21,P0017,C00033,north,3.0,382.2,0.15,974.61
T105206,2023-05-19,P0008,C00192,central,5.0,499.0,0.0,2495.0
T101695,2023-04-03,P0014,C00160,south,4.0,500.0,0.0,2000.0
T102892,2025-11-05,P0028,C00085,central,7.0,13737.15,0.0,96160.05
T107789,2025-02-02,P0025,C00161,west,3.0,9148.51,0.15,23328.7
T103203,2024-01-27,P0002,C00220,central,1.0,13910.88,0.0,13910.88
T101630,2025-04-08,P0011,C00075,south,6.0,8863.25,0.0,53179.5
T106151,2023-08-29,P0004,C00206,north,3.0,4999.13,0.0,14997.39
T101881,2024-05-15,P0015,C00109,north,3.0,4549.659649122807,0.05,12966.53
T107159,2024-11-19,P0018,C00105,west,3.0,6437.51,0.05,18346.9
T104610,2024-02-27,P0020,C00224,central,2.0,4508.3,0.0,9016.6
T100848,2023-04-19,P0001,C00173,central,2.0,6017.98,0.0,12035.96
T104942,2023-06-01,P0004,C00173,central,5.0,4999.13,0.0,24995.65
T108675,2025-09-21,P0035,C00106,west,8.0,8930.77,0.0,71446.16
T104834,2023-10-07,P0040,C00031,south,5.0,12756.37,0.0,63781.85
T102877,2023-12-14,P0030,C00047,central,4.0,6824.34,0.2,21837.89
T107935,2024-03-27,P0002,C00232,west,7.0,13910.88,0.0,97376.16
T103779,2023-08-03,P0010,C00163,north,5.0,8164.43,0.0,40822.15
T101830,2023-06-05,P0020,C00242,east,4.0,4508.3,0.2,14426.56
T108373,2025-05-18,P0022,C00174,central,6.0,3102.81,0.0,18616.86
T108420,2025-08-03,P0032,C00129,west,7.0,5656.65,0.0,39596.55
T105267,2025-01-07,P0007,C00135,north,6.0,14423.4,0.0,86540.4
T101234,2023-06-20,P0014,C00033,north,1.0,500.0,0.15,425.0
T104923,2025-01-18,P0040,C00227,central,6.0,12756.37,0.0,76538.22
T103915,2023-07-20,P0014,C00132,central,1.0,500.0,0.1,450.0
T100446,2023-06-26,P0038,C00187,north,3.0,5836.46,0.0,17509.38
T100844,2023-03-18,P0011,C00133,east,4.0,8863.25,0.2,28362.4
T104755,2023-08-15,P0031,C00123,north,4.0,1566.84,0.0,6267.36
T105754,2023-11-20,P0017,C00072,west,9.0,382.2,0.0,3439.8
T102440,2024-12-18,P0013,C00027,central,8.0,9164.46,0.15,62318.33
T103103,2025-06-04,P0024,C00151,east,7.0,11884.11,0.15,70710.45
T107456,2024-07-25,P0010,C00199,central,4.0,8164.43,0.0,32657.72
T104663,2024-10-10,P0039,C00146,central,7.0,14579.92,0.0,102059.44
T101294,2024-09-19,P0002,C00013,central,2.0,13910.88,0.0,27821.76
T108243,2023-04-14,P0036,C00120,west,2.0,4229.62,0.0,8459.24
T103442,2025-07-01,P0013,C00207,central,6.0,9164.46,0.0,54986.76
T107200,2023-05-11,P0031,C00030,north,1.0,1566.84,0.05,1488.5
T105998,2024-02-11,P0008,C00138,central,7.0,499.0,0.0,3493.0
T105933,2025-09-24,P0003,C00028,central,2.0,10949.99,0.0,21899.98
T100776,2024-10-28,P0028,C00044,south,9.0,13737.15,0.1,111270.92
T108858,2023-07-18,P0016,C00174,central,3.0,2604.21,0.05,7422.0
T102153,2023-03-13,P0036,C00146,central,4.0,4229.62,0.0,16918.48
T104421,2024-05-29,P0037,C00172,central,5.0,8484.46,0.0,42422.3
T108653,2025-04-07,P0005,C00014,central,1.0,8621.09,0.0,8621.09
T104564,2025-10-10,P0023,C00112,south,10.0,10713.43,0.0,107134.3
T105798,2024-01-28,P0012,C00081,west,4.0,14484.04,0.1,52142.54
T107165,2023-08-26,P0006,C00093,north,5.0,7884.39,0.0,39421.95
T103183,2025-03-14,P0036,C00053,west,4.0,4229.62,0.0,16918.48
T108855,2023-02-28,P0034,C00174,central,5.0,10038.95,0.0,50194.75
T103199,2025-03-02,P0039,C00242,east,6.0,14579.92,0.1,78731.57
T105795,2025-12-15,P0031,C00206,north,7.0,1566.84,0.0,10967.88
T101289,2023-12-05,P0024,C00047,central,2.0,11884.11,0.0,23768.22
T108291,2023-01-25,P0032,C00129,central,4.0,5656.65,0.05,21495.27
T108087,2023-03-25,P0016,C00169,central,4.0,2604.21,0.15,8854.31
T105899,2025-12-11,P0038,C00170,west,5.0,5836.46,0.05,27723.18
T105587,2024-12-15,P0027,C00198,west,5.0,9818.49,0.0,49092.45
T104106,2025-12-29,P0026,C00140,west,5.0,13905.57,0.0,69527.85
T104126,2023-06-12,P0040,C00031,south,3.0,12756.37,0.1,34442.2
T106779,2024-04-10,P0030,C00224,central,4.0,6824.34,0.0,27297.36
T103966,2025-08-15,P0024,C00163,north,2.0,11884.11,0.15,20202.99
T101879,2025-08-07,P0006,C00170,west,4.0,7884.39,0.0,31537.56
T107294,2025-08-27,P0038,C00023,west,4.0,5836.46,0.1,21011.26
T104246,2024-08-01,P0020,C00194,east,1.0,4508.3,0.2,3606.64
T107793,2023-05-05,P0023,C00209,east,1.0,10713.43,0.0,10713.43
T106071,2024-01-14,P0016,C00132,central,7.0,2604.21,0.05,17318.0
T107728,2023-01-21,P0034,C00035,central,1.0,10038.95,0.0,10038.95
T106487,2025-10-17,P0027,C00009,central,3.0,9818.49,0.0,29455.47
T106793,2023-01-26,P0004,C00199,central,3.0,4999.13,0.05,14247.52
T101036,2024-11-21,P0018,C00215,east,10.0,6437.51,0.0,64375.1
T100636,2025-07-31,P0030,C00018,central,1.0,6824.34,0.0,6824.34
T107624,2023-06-29,P0027,C00229,east,3.0,9818.49,0.2,23564.38
T104134,2025-07-11,P0013,C00097,west,4.0,9164.46,0.05,34824.95
T104401,2024-06-03,P0040,C00053,west,6.0,12756.37,0.05,72711.31
T101083,2023-12-22,P0029,C00025,south,1.0,12773.07,0.2,10218.46
T100861,2025-07-30,P0037,C00124,south,6.0,8484.46,0.05,48361.42
T100903,2024-11-25,P0039,C00158,east,5.0,14579.92,0.0,72899.6
T100191,2024-03-17,P0015,C00047,central,3.0,4549.66,0.0,13648.98
T100109,2024-03-30,P0029,C00039,central,4.0,12773.07,0.0,51092.28
T101942,2025-02-18,P0024,C00004,east,3.0,11884.11,0.0,35652.33
T104863,2023-04-03,P0039,C00049,east,3.0,14579.921568627453,0.15,37178.8
T107381,2023-07-31,P0016,C00162,north,3.0,2604.21,0.0,7812.63
T107162,2025-11-11,P0015,C00234,east,11.0,4549.66,0.2,40037.01
T106040,2025-09-13,P0010,C00110,east,6.0,8164.43,0.0,48986.58
T105653,2023-09-06,P0024,C00121,east,1.0,11884.11,0.0,11884.11
T102775,2023-12-24,P0005,C00194,east,7.0,8621.09,0.0,60347.63
T106848,2025-10-14,P0015,C00106,west,1.0,4549.66,0.1,4094.69
T102323,2025-10-12,P0034,C00218,central,5.0,10038.95,0.0,50194.75
T107497,2024-04-07,P0002,C00146,central,3.0,13910.88,0.0,41732.64
T102617,2024-07-31,P0012,C00157,central,7.0,14484.04,0.0,101388.28
T108526,2023-10-07,P0038,C00118,central,7.0,5836.46,0.0,40855.22
T101094,2024-02-02,P0025,C00222,central,1.0,9148.51,0.0,9148.51
T105508,2024-08-06,P0016,C00035,central,7.0,2604.21,0.0,18229.47
T107052,2023-06-02,P0032,C00087,east,2.0,5656.65,0.0,11313.3
T103135,2023-10-12,P0025,C00148,north,4.0,9148.51,0.0,36594.04
T104828,2025-03-09,P0016,C00246,south,3.0,2604.21,0.1,7031.37
T103805,2025-07-07,P0040,C00203,west,6.0,12756.37,0.0,76538.22
T107701,2023-10-30,P0006,C00161,west,5.0,7884.39,0.05,37450.85
T102654,2025-10-01,P0015,C00006,east,12.0,4549.66,0.0,54595.92
T104377,2024-11-12,P0036,C00111,north,10.0,4229.62,0.0,42296.2
T105103,2025-08-24,P0004,C00066,west,3.0,4999.13,0.1,13497.65
T106926,2023-12-26,P0027,C00211,west,7.0,9818.49,0.0,68729.43
T106133,2025-09-28,P0029,C00200,north,6.0,12773.07,0.09999997390342855,68974.58
T106285,2023-06-15,P0019,C00202,north,3.0,6013.99,0.0,18041.97
T104684,2025-02-20,P0008,C00109,north,6.0,499.0,0.0,2994.0
T108832,2023-02-03,P0015,C00037,south,3.0,4549.66,0.0,13648.98
T102202,2024-01-05,P0001,C00026,north,3.0,6017.98,0.2,14443.15
T105039,2023-02-16,P0001,C00132,central,2.0,6017.98,0.0,12035.96
T107753,2025-01-31,P0016,C00224,central,4.0,2604.21,0.05,9896.0
T104405,2024-07-10,P0027,C00020,north,4.0,9818.49,0.0,39273.96
T100975,2025-11-02,P0036,C00187,north,5.0,4229.62,0.0,21148.1
T108046,2025-08-24,P0012,C00123,north,4.0,14484.04,0.0,57936.16
T100941,2023-02-26,P0016,C00145,north,1.0,2604.21,0.1,2343.79
T102387,2025-05-31,P0013,C00216,south,7.0,9164.46,0.0,64151.22
T103221,2025-05-11,P0007,C00175,east,2.0,14423.4,0.0,28846.8
T103882,2025-10-12,P0001,C00224,central,1.0,6017.98,0.0,6017.98
T108605,2023-10-02,P0024,C00014,central,1.0,11884.11,0.15,10101.49
T105465,2024-01-15,P0010,C00206,north,4.0,8164.43,0.0,32657.72
T106412,2025-09-17,P0012,C00171,east,7.0,14484.04,0.15,86180.04
T102789,2025-03-30,P0005,C00078,west,3.0,8621.09,0.1,23276.94
T100944,2025-03-04,P0037,C00071,east,3.0,8484.46,0.1,22908.04
T107995,2024-07-12,P0014,C00128,south,5.0,500.0,0.2,2000.0
T101857,2023-03-18,P0015,C00159,north,7.0,4549.66,0.15,27070.48
T107620,2023-09-06,P0016,C00005,east,2.0,2604.21,0.0,5208.42
T104108,2023-08-02,P0010,C00133,east,6.0,8164.43,0.0,48986.58
T108024,2025-05-22,P0014,C00178,west,7.0,500.0,0.15,2975.0
T103255,2023-01-13,P0033,C00175,east,3.0,10082.29,0.0,30246.87
T102690,2023-02-27,P0017,C00026,north,1.0,382.2,0.0,382.2
T108639,2024-08-06,P0020,C00082,east,3.0,4508.3,0.0,13524.9
T101319,2023-06-30,P0022,C00226,west,6.0,3102.81,0.1,16755.17
T101285,2023-06-03,P0007,C00123,north,1.0,14423.4,0.0,14423.4
T104800,2024-01-07,P0039,C00187,north,5.0,14579.92,0.05,69254.62
T105601,2025-04-15,P0001,C00026,north,1.0,6017.98,0.0,6017.98
T105581,2024-05-13,P0002,C00225,south,6.0,13910.88,0.0,83465.28
T103475,2025-12-08,P0023,C00166,central,1.0,10713.43,0.0,10713.43
T103505,2024-12-30,P0040,C00057,east,6.0,12756.37,0.05,72711.31
T102477,2025-04-06,P0010,C00173,central,6.0,8164.43,0.0,48986.58
T104528,2025-12-11,P0034,C00218,central,9.0,10038.95,0.0,90350.55
T105456,2024-09-30,P0002,C00021,central,3.0,13910.88,0.1,37559.38
T106051,2025-03-24,P0032,C00016,west,3.0,5656.65,0.0,16969.95
T106690,2024-10-27,P0027,C00014,central,12.0,9818.49,0.0,117821.88
T108993,2024-12-22,P0025,C00131,west,6.0,9148.51,0.0,54891.06
T101874,2025-03-13,P0008,C00045,west,2.0,499.0,0.0,998.0
T107329,2023-10-20,P0032,C00056,south,8.0,5656.65,0.2,36202.56
T104342,2025-04-01,P0023,C00068,north,2.0,10713.43,0.1,19284.17
T102904,2023-11-02,P0005,C00157,central,6.0,8621.09,0.15,43967.56
T100570,2025-10-08,P0001,C00004,east,4.0,6017.98,0.0,24071.92
T101448,2023-05-08,P0038,C00214,central,1.0,5836.46,0.05,5544.64
T106225,2025-04-20,P0007,C00220,west,6.0,14423.4,0.1,77886.36
T105331,2023-10-17,P0032,C00198,west,2.0,5656.65,0.05,10747.63
T108423,2024-03-01,P0032,C00137,south,6.0,5656.65,0.0,33939.9
T105628,2024-09-15,P0009,C00084,north,3.0,11247.7,0.0,33743.1
T106459,2024-09-15,P0021,C00179,north,3.0,359.09,0.0,1077.27
T103226,2024-03-23,P0019,C00054,central,1.0,6013.99,0.0,6013.99
T108883,2025-02-23,P0020,C00178,west,6.0,4508.3,0.0,27049.8
T103978,2024-05-25,P0003,C00107,east,4.0,10949.99,0.0,43799.96
T106419,2024-12-20,P0022,C00203,west,6.0,3102.81,0.2,14893.49
T103539,2023-12-23,P0020,C00146,central,9.0,4508.3,0.0,40574.7
T104686,2024-02-05,P0014,C00088,south,2.0,500.0,0.0,1000.0
T102827,2024-03-17,P0036,C00051,east,1.0,4229.62,0.0,4229.62
T105559,2024-01-17,P0008,C00040,north,1.0,499.0,0.0,499.0
T101338,2024-05-10,P0003,C00014,central,3.0,10949.99,0.0,32849.97
T103262,2023-10-22,P0001,C00106,west,8.0,6017.98,0.0,48143.84
T105272,2023-12-22,P0005,C00211,west,4.0,8621.09,0.0,34484.36
T100650,2025-09-27,P0017,C00132,central,4.0,382.2,0.0,1528.8
T102902,2023-09-23,P0006,C00159,north,6.0,7884.39,0.0,47306.34
T102258,2024-10-22,P0036,C00055,east,3.0,4229.62,0.0,12688.86
T107731,2024-01-06,P0035,C00031,south,1.0,8930.77,0.0,8930.77
T107781,2023-10-20,P0021,C00231,north,1.0,359.09,0.1,323.18
T102730,2024-01-09,P0031,C00019,central,5.0,1566.84,0.0,7834.2
T105753,2023-04-03,P0010,C00131,west,9.0,8164.43,0.05,69805.88
T107675,2024-10-22,P0020,C00230,east,4.0,4508.3,0.0,18033.2
T105830,2025-02-12,P0028,C00235,east,4.0,13737.15,0.0,54948.6
T102584,2023-12-01,P0031,C00150,east,1.0,1566.84,0.0,1566.84
T103196,2023-11-30,P0036,C00013,central,1.0,4229.62,0.0,4229.62
T106330,2024-12-03,P0009,C00086,west,4.0,11247.7,0.05,42741.26
T107747,2023-01-13,P0014,C00064,north,5.0,500.0,0.0,2500.0
T101258,2024-11-15,P0017,C00016,west,10.0,382.2,0.0,3822.0
T104894,2023-06-22,P0030,C00206,north,3.0,6824.34,0.0,20473.02
T100991,2023-01-31,P0006,C00040,north,4.0,7884.39,0.0,31537.56
T103504,2024-09-11,P0014,C00143,south,3.0,500.0,0.0,1500.0
T100113,2024-02-09,P0032,C00110,east,6.0,5656.65,0.0,33939.9
T100919,2023-04-26,P0016,C00204,central,3.0,2604.21,0.05,7422.0
T102509,2025-11-10,P0003,C00052,east,7.0,10949.99,0.15,65152.44
T108575,2023-01-10,P0015,C00179,north,1.0,4549.66,0.0,4549.66
T107367,2023-07-16,P0029,C00216,south,2.0,12773.07,0.05,24268.83
T108849,2025-08-19,P0016,C00246,south,4.0,2604.21,0.0,10416.84
T100949,2025-12-24,P0006,C00011,east,3.0,7884.39,0.0,23653.17
T104722,2024-02-08,P0020,C00204,central,5.0,4508.3,0.0,22541.5
T103770,2023-08-09,P0014,C00125,north,3.0,500.0,0.0,1500.0
T107484,2023-05-27,P0021,C00207,central,1.0,359.09,0.2,287.27
T102850,2024-08-02,P0029,C00001,west,6.0,12773.07,0.0,76638.42
T107496,2023-04-11,P0007,C00126,west,2.0,14423.4,0.0,28846.8
T104423,2024-08-02,P0005,C00136,south,4.0,8621.09,0.0,34484.36
T106123,2025-11-04,P0024,C00231,north,4.0,11884.11,0.05,45159.62
T105613,2025-05-30,P0024,C00130,east,6.0,11884.11,0.0,71304.66
T102505,2023-07-14,P0003,C00027,south,3.0,10949.99,0.15,27922.47
T101114,2024-10-26,P0033,C00050,east,7.0,10082.29,0.0,70576.03
T107108,2024-12-07,P0024,C00243,west,5.0,11884.11,0.0,59420.55
T100298,2023-07-28,P0016,C00178,west,4.0,2604.21,0.0,10416.84
T101675,2025-10-31,P0011,C00105,west,1.0,8863.25,0.0,8863.25
T103347,2025-03-10,P0030,C00119,south,7.0,6824.34,0.0,47770.38
T102735,2023-11-24,P0023,C00017,east,1.0,10713.43,0.0,10713.43
T107450,2023-12-05,P0039,C00070,west,4.0,14579.92,0.15,49571.73
T105467,2024-06-28,P0011,C00143,south,1.0,8863.25,0.1,7976.92
T104325,2023-02-05,P0006,C00248,north,4.0,7884.39,0.0,31537.56
T107784,2024-03-23,P0004,C00021,central,4.0,4999.13,0.0,19996.52
T107899,2024-08-14,P0033,C00121,east,2.0,10082.29,0.05000004959190834,19156.35
T104446,2023-11-09,P0027,C00207,central,9.0,9818.49,0.0,88366.41
T108344,2025-09-23,P0017,C00113,east,9.0,382.2,0.0,3439.8
T102103,2024-09-30,P0014,C00132,central,5.0,500.0,15.0,2125.0
T104786,2024-03-14,P0025,C00022,north,6.0,9148.51,0.05,52146.51
T108975,2025-11-13,P0023,C00233,west,3.0,10713.43,0.0,32140.29
T108550,2023-10-03,P0028,C00011,east,2.0,13737.15,0.05,26100.58
T101837,2025-06-05,P0032,C00113,east,1.0,5656.65,0.1,5090.98
T106511,2024-11-14,P0030,C00143,south,1.0,6824.34,0.05000043960295065,6483.12
T106979,2024-06-30,P0039,C00085,central,8.0,14579.92,0.15,99143.46
T106727,2024-04-12,p0035 ,C00142,central,4.0,8930.77,0.2,28578.46
T100607,2024-07-10,P0011,C00115,east,3.0,8863.25,0.1,23930.78
T101093,2025-05-17,P0026,C00033,north,8.0,13905.57,0.0,111244.56
T104477,2025-07-11,P0021,C00149,north,1.0,359.09,0.0,359.09
T105285,2024-03-09,P0012,C00187,north,3.0,14484.04,0.0,43452.12
T108144,2025-10-24,P0036,C00180,central,5.0,4229.62,0.05,20090.69
T100160,2025-01-28,P0019,C00126,west,4.0,6013.99,0.0,24055.96
T100203,2025-08-03,P0023,C00203,west,8.0,10713.43,0.1,77136.7
T105808,2023-10-05,P0008,C00071,east,4.0,499.0,0.1,1796.4
T106627,2024-08-31,P0024,C00163,central,3.0,11884.11,0.0,35652.33
T102934,2025-04-29,P0020,C00164,north,1.0,4508.3,0.0,4508.3
T106033,2023-12-01,P0030,C00110,east,2.0,6824.34,0.15,11601.38
T102435,2023-08-10,P0014,C00212,south,11.0,500.0,0.0,5500.0
T101230,2025-12-03,P0039,C00051,east,5.0,14579.92,0.0,72899.6
T107632,2024-09-13,P0019,C00138,central,6.0,6013.99,0.15,30671.35
T108197,2025-12-29,P0022,C00227,central,14.0,3102.81,0.0,43439.34
T108931,2023-03-22,P0011,C00177,south,2.0,8863.25,0.15,15067.52
T107067,2024-10-14,P0006,C00123,north,6.0,7884.39,0.0,47306.34
T106317,2024-01-22,P0032,C00144,west,2.0,5656.65,0.1,10181.97
T108326,2023-01-16,P0025,C00223,central,1.0,9148.51,0.1,8233.66
T104251,2025-09-14,P0022,C00223,central,1.0,3102.81,0.0,3102.81
T108134,2023-05-12,P0020,C00248,north,8.0,4508.3,0.05,34263.08
T104034,2024-08-22,P0033,C00190,north,3.0,10082.29,0.15,25709.84
T107571,2024-05-16,P0017,C00021,central,5.0,382.2,0.2,1528.8
T104290,2025-04-24,P0028,C00088,south,11.0,13737.15,0.0,151108.65
T104334,2024-11-22,P0010,C00009,central,7.0,8164.43,0.0,57151.01
T106581,2025-01-15,P0038,C00084,north,3.0,5836.46,0.0,17509.38
T103877,2025-12-17,P0026,C00162,north,11.0,13905.57,0.0,152961.27
T104482,2024-11-12,P0004,C00075,south,7.0,4999.13,0.0,34993.91
T100857,2025-04-08,P0016,C00103,west,2.0,2604.21,0.0,5208.42
T106107,2025-09-22,P0025,C00102,central,4.0,9148.51,0.0,36594.04
T107072,2024-08-23,P0016,C00250,north,4.0,2604.21,0.05,9896.0
T102561,2023-11-12,P0040,C00001,west,3.0,12756.37,0.05,36355.65
T103801,2025-05-08,P0006,C00080,north,6.0,7884.39,0.0,47306.34
T102640,2025-07-29,P0001,C00011,east,12.0,6017.98,0.0,72215.76
T104618,2025-05-20,P0035,C00001,west,6.0,8930.77,0.0,53584.62
T102347,2025-01-20,P0031,C00088,south,3.0,1566.84,0.0500008509696799,4465.49
T106823,2025-02-21,P0024,C00073,south,5.0,11884.11,0.0,59420.55
T102781,2024-02-26,P0024,C00004,east,5.0,11884.11,0.0,59420.55
T107441,2024-10-09,P0017,C00081,west,1.0,382.2,0.0,382.2
T107383,2024-08-16,P0033,C00150,east,3.0,10082.29,0.0,30246.87
T107636,2023-01-14,P0035,C00170,west,1.0,8930.77,0.1,8037.69
T100615,2024-05-15,P0015,C00072,west,1.0,4549.66,0.1,4094.69
T107194,2025-04-07,P0025,C00239,east,3.0,9148.51,0.0,27445.53
T102575,2025-09-18,P0035,C00207,central,9.0,8930.77,0.0,80376.93
T107831,2024-06-29,P0006,C00024,south,2.0,7884.39,0.15,13403.46
T103340,2024-10-20,P0026,C00031,south,1.0,13905.57,0.0,13905.57
T107415,2024-04-06,P0001,C00064,north,10.0,6017.98,0.2,48143.84
T101705,2023-01-17,P0018,C00076,central,3.0,6437.51,0.0,19312.53
T107139,2024-08-05,P0020,C00094,south,3.0,4508.3,0.0,13524.9
T104511,2023-04-16,P0023,C00057,east,1.0,10713.43,0.2,8570.74
T101493,2024-02-17,P0027,C00199,central,1.0,9818.49,0.15,8345.72
T101280,2023-10-09,P0012,C00129,central,7.0,14484.04,0.0,101388.28
T106429,2025-06-18,P0004,C00232,west,6.0,4999.13,0.15,25495.56
T100803,2024-11-09,P0014,C00080,north,14.0,500.0,0.0,7000.0
T105720,2025-10-31,P0031,C00042,central,5.0,1566.84,0.0,7834.2
T105863,2023-05-02,P0040,C00218,central,5.0,12756.37,0.0,63781.85
T100990,2024-12-26,P0007,C00037,south,8.0,14423.4,0.0,115387.2
T106763,2024-05-06,P0031,C00237,central,2.0,1566.84,0.0,3133.68
T106148,2025-09-15,P0036,C00133,east,4.0,4229.62,0.15,14380.71
T108446,2023-06-20,P0033,C00118,central,5.0,10082.29,0.0,50411.45
T103513,2025-07-12,P0015,C00135,north,4.0,4549.66,0.2,14558.91
T108438,2024-11-14,P0021,C00014,central,5.0,359.09,0.0,1795.45
T107111,2025-04-18,P0033,C00229,east,3.0,10082.29,0.0,30246.87
T100219,2023-12-17,P0008,C00132,central,10.0,499.0,0.05,4740.5
T107191,2024-06-30,P0010,C00129,central,3.0,8164.43,0.0,24493.29
T101288,2024-04-06,P0026,C00172,central,3.0,13905.57,0.15,35459.2
T103163,2024-11-20,P0005,C00003,north,7.0,8621.09,0.0,60347.63
T102618,2023-11-17,P0005,C00100,east,1.0,8621.09,0.05,8190.04
T103612,2025-05-04,P0012,C00100,east,4.0,14484.04,0.1,52142.54
T100043,2023-09-23,P0026,C00053,west,4.0,13905.57,0.15,47278.94
T105379,2023-06-17,P0036,C00190,north,2.0,4229.62,0.0,8459.24
T103792,2025-11-17,P0038,C00137,central,3.0,5836.46,0.05,16633.91
T103571,2025-02-18,P0008,C00066,west,3.0,499.0,0.0,1497.0
T107662,2023-12-31,P0027,C00048,south,6.0,9818.49,0.0,58910.94
T101503,2025-05-17,P0017,C00074,east,2.0,382.2,0.0,764.4
T104586,2025-10-20,P0023,C00008,south,10.0,10713.43,0.0,107134.3
T108964,2023-05-12,P0023,C00242,east,2.0,10713.43,0.0,21426.86
T103439,2025-07-13,P0016,C00195,east,1.0,2604.21,0.1,2343.79
T101892,2023-05-18,P0004,C00123,north,4.0,4999.13,0.0,19996.52
T108498,2025-08-09,P0022,C00082,east,2.0,3102.81,0.0,6205.62
T101955,2025-11-18,P0008,C00083,south,9.0,499.0,0.0,4491.0
T105165,2025-08-24,P0026,C00103,west,6.0,13905.57,0.0,83433.42
T101505,2024-02-18,P0008,C00212,south,2.0,499.0,0.09999999999999995,898.2
T100670,2025-09-03,P0039,C00037,south,4.0,14579.92,0.0,58319.68
T108125,2023-11-21,P0027,C00246,south,6.0,9818.49,0.0,58910.94
T105821,2023-11-09,P0014,C00085,central,1.0,500.0,0.0,500.0
T100897,2024-10-27,P0031,C00167,east,14.0,1566.84,0.0,21935.76
T105096,2023-02-08,P0024,C00036,north,1.0,11884.11,0.15,10101.49
T102666,2025-04-26,P0024,C00003,north,2.0,11884.11,0.0,23768.22
T103193,2025-10-21,P0001,C00005,north,6.0,6017.98,0.1,32497.09
T102890,2024-03-26,P0032,C00077,south,7.0,5656.65,0.0,39596.55
T102621,2024-10-06,P0035,C00176,east,4.0,8930.77,0.0,35723.08
T104952,2025-01-17,P0010,C00080,north,1.0,8164.43,0.0,8164.43
T108874,2024-11-17,P0022,C00101,east,5.0,3102.81,0.0,15514.05
T107666,2024-04-22,P0022,C00121,east,3.0,3102.81,0.0,9308.43
T102370,2023-08-25,P0035,C00160,south,4.0,8930.77,0.0,35723.08
T106522,2025-03-06,P0027,C00014,central,3.0,9818.49,0.0,29455.47
T101769,2025-04-22,P0020,C00177,south,4.0,4508.3,0.0,18033.2
T108690,2025-06-12,P0011,C00033,north,4.0,8863.25,0.0,35453.0
T100531,2025-09-16,P0027,C00112,south,1.0,9818.49,0.15,8345.72
T107213,2023-01-08,P0033,C00017,east,2.0,10082.29,0.15,17139.89
T107586,2024-10-23,P0002,C00108,west,6.0,13910.88,0.1,75118.75
T106915,2023-01-19,P0014,C00184,west,2.0,500.0,0.0,1000.0
T108180,2023-08-23,P0004,C00222,central,5.0,4999.13,0.15,21246.3
T108216,2025-12-10,P0032,C00200,north,7.0,5656.65,0.0,39596.55
T100731,2024-06-07,P0037,C00136,south,2.0,8484.46,0.0,16968.92
T103406,2023-05-10,P0021,C00058,east,7.0,359.09,0.0,2513.63
T102339,2024-09-06,P0015,C00151,east,3.0,4549.66,0.05000007326554797,12966.53
T104920,2024-03-19,P0038,C00049,east,2.0,5836.46,0.0,11672.92
T104814,2023-08-14,P0012,C00098,east,2.0,14484.04,0.0,28968.08
T102565,2023-02-09,P0027,C00219,west,2.0,9818.49,0.0,19636.98
T107336,2024-06-29,P0037,C00075,south,4.0,8484.46,0.0,33937.84
T106447,2024-08-09,P0012,C00171,east,10.0,14484.04,0.0,144840.4
T108615,2024-05-25,P0004,C00179,north,2.0,4999.13,0.0,9998.26
T105839,2023-04-28,P0029,C00222,central,3.0,12773.07,0.0,38319.21
T108151,2025-04-26,P0038,C00107,east,7.0,5836.46,0.0,40855.22
T104927,2024-05-14,P0038,C00049,east,3.0,5836.46,0.0,17509.38
T108160,2025-07-17,P0034,C00095,central,4.0,10038.95,0.0,40155.8
T101255,2024-12-18,P0011,C00067,north,1.0,8863.25,0.0,8863.25
T102104,2025-07-26,P0038,C00159,north,2.0,5836.46,0.0,11672.92
T105523,2024-03-20,P0018,C00206,north,3.0,6437.51,0.0,19312.53
T100276,2023-12-28,P0026,C00085,central,10.0,13905.57,0.0,139055.7
T108336,2023-05-12,P0028,C00189,north,5.0,13737.15,0.05,65251.46
T107553,2024-06-03,P0022,C00117,west,5.0,3102.81,0.10000032228850622,13962.64
T106854,2024-06-11,P0029,C00045,west,2.0,12773.07,0.0,25546.14
T104434,2023-12-18,P0003,C00162,north,6.0,10949.99,0.0,65699.94
T103484,2025-04-01,P0017,C00249,west,7.0,382.2,0.1,2407.86
T108654,2023-12-14,P0030,C00047,central,1.0,6824.34,0.0,6824.34
T103816,2025-09-17,P0036,C00004,east,1.0,4229.62,0.0,4229.62
T105650,2024-07-11,P0011,C00171,east,3.0,8863.25,0.0,26589.75
T107227,2025-06-01,P0019,C00181,south,6.0,6013.99,0.0,36083.94
T106463,2023-06-28,P0011,C00178,west,3.0,8863.25,0.2,21271.8
T108791,2025-03-01,P0024,C00231,north,1.0,11884.11,0.0,11884.11
T101621,2023-06-02,P0009,C00135,north,5.0,11247.7,0.0,56238.5
T108594,2023-10-12,P0001,C00226,west,2.0,6017.98,0.0,12035.96
T108576,2024-10-25,P0017,C00179,north,4.0,382.2,0.0,1528.8
T105148,2024-11-19,P0023,C00246,south,7.0,10713.43,0.0,74994.01
T108023,2023-07-12,P0003,C00015,south,7.0,10949.99,0.15,65152.44
T101096,2024-01-22,P0005,C00225,south,3.0,8621.09,0.0,25863.27
T105254,2024-09-18,P0006,C00139,south,3.0,7884.39,0.0,23653.17
T108642,2025-04-04,P0001,C00092,south,2.0,6017.98,0.0,12035.96
T102463,2024-04-27,P0036,C00224,central,10.0,4229.62,0.0,42296.2
T106651,2023-12-15,P0026,C00234,east,1.0,13905.57,0.0,13905.57
T101788,2025-06-13,P0016,C00150,east,8.0,2604.21,0.0,20833.68
T107295,2023-09-03,P0002,C00176,east,6.0,13910.88,0.1,75118.75
T105107,2023-11-14,P0019,C00034,east,4.0,6013.99,0.05,22853.16
T105118,2024-05-26,P0008,C00020,north,8.0,499.0,0.0,3992.0
T100192,2025-02-11,P0040,C00116,central,5.0,12756.37,0.05,60592.76
T100820,2025-11-20,P0018,C00054,central,1.0,6437.51,0.0,6437.51
T108638,2023-12-21,P0021,C00210,north,4.0,359.09,0.1,1292.72
T106975,2024-05-23,P0026,C00218,central,4.0,13905.57,0.1,50060.05
T108416,2025-06-12,P0016,C00062,south,7.0,2604.21,0.0,18229.47
T104166,2023-04-12,P0005,C00119,south,4.0,8621.09,0.0,34484.36
T102687,2024-11-06,P0005,C00243,west,4.0,8621.09,0.0,34484.36
T107209,2023-07-27,P0040,C00176,east,2.0,12756.37,0.0,25512.74
T101324,2024-11-10,P0033,C00142,central,10.0,10082.29,0.0,100822.9
T104929,2024-05-24,P0034,C00199,central,5.0,10038.95,0.0,50194.75
T105555,2024-02-25,P0011,C00004,east,1.0,8863.25,0.0,8863.25
T102607,2023-12-02,P0015,C00042,central,7.0,4549.66,0.0,31847.62
T106144,2024-04-11,P0024,C00153,central,3.0,11884.11,0.0,35652.33
T100238,2024-05-11,P0011,C00140,west,5.0,8863.25,0.0,44316.25
T104015,2023-11-23,P0033,C00226,west,8.0,10082.29,0.0,80658.32
T108441,2025-10-30,P0014,C00122,west,3.0,500.0,0.0,1500.0
T102977,2023-03-26,P0028,C00059,north,3.0,13737.15,0.0,41211.45
T104709,2025-05-08,P0007,C00017,east,4.0,14423.4,0.0,57693.6
T105398,2024-06-01,P0006,C00143,south,1.0,7884.39,0.0,7884.39
T100945,2023-04-23,P0002,C00021,central,4.0,13910.88,0.0,55643.52
T107627,2023-02-27,P0025,C00006,east,1.0,9148.51,0.1,8233.66
T106329,2025-01-16,P0032,C00182,north,1.0,5656.65,0.15,4808.15
T105612,2023-03-29,P0032,C00136,south,6.0,5656.65,0.1,30545.91
T108434,2023-04-24,P0022,C00037,south,3.0,3102.81,0.2,7446.74
T103552,2024-12-06,P0027,C00128,south,5.0,9818.49,0.2,39273.96
T103360,2025-12-03,P0002,C00116,east,13.0,13910.88,0.0,180841.44
T106591,2025-04-15,P0034,C00221,west,2.0,10038.95,0.0,20077.9
T102410,2025-08-16,P0020,C00241,south,3.0,4508.3,0.0,13524.9
T104507,2024-10-07,P0003,C00094,south,10.0,10949.99,0.2,87599.92
T107226,2025-10-02,P0014,C00114,south,3.0,500.0,0.0,1500.0
T103982,2024-06-30,P0013,C00036,north,2.0,9164.46,0.0,18328.92
T100146,2024-09-16,P0028,C00238,west,2.0,13737.15,0.0,27474.3
T108651,2024-01-28,P0010,C00006,east,2.0,8164.43,0.1,14695.97
T102294,2025-05-06,P0011,C00028,central,3.0,8863.25,0.0,26589.75
T107398,2023-06-14,P0014,C00001,west,4.0,500.0,0.0,2000.0
T103611,2023-08-04,P0007,C00108,west,5.0,14423.4,0.15,61299.45
T101736,2023-02-26,P0033,C00041,east,5.0,10082.29,0.0,50411.45
T106311,2024-05-31,P0017,C00072,west,5.0,382.2,0.0,1911.0
T100114,2023-03-09,P0030,C00108,west,4.0,6824.34,0.0,27297.36
T107952,2023-11-17,P0030,C00162,north,3.0,6824.34,0.0,20473.02
T108212,2025-09-18,P0013,C00222,central,1.0,9164.46,0.0,9164.46
T100498,2025-02-17,P0012,C00119,south,4.0,14484.04,0.0,57936.16
T100720,2024-08-02,P0026,C00222,central,7.0,13905.57,0.15,82738.14
T106925,2023-10-09,P0026,C00124,west,5.0,13905.57,0.0,69527.85
T103089,2023-07-16,P0003,C00028,central,3.0,10949.99,0.0,32849.97
T108231,2025-03-16,P0003,C00204,central,6.0,10949.99,0.0,65699.94
T106020,2025-03-02,P0027,C00101,east,8.0,9818.49,0.0,78547.92
T105364,2024-09-25,P0006,C00144,west,2.0,7884.39,0.0,15768.78
T100596,2024-05-30,P0034,C00180,central,3.0,10038.95,0.0,30116.85
T108282,2025-10-23,P0012,C00029,east,6.0,14484.04,0.0,86904.24
T105028,2025-05-08,P0003,C00076,central,4.0,10949.99,0.0,43799.96
T101647,2025-06-13,P0026,C00238,west,2.0,13905.57,0.2,22248.91
T105709,2023-07-15,P0001,C00215,east,1.0,6017.98,0.0,6017.98
T102700,2023-07-31,P0037,C00081,west,3.0,8484.46,0.05,24180.71
T106111,2024-10-18,P0017,C00230,east,1.0,382.2,0.0,382.2
T101700,2025-04-11,P0001,C00113,east,3.0,6017.98,0.0,18053.94
T108097,2023-04-10,P0003,C00248,north,8.0,10949.99,0.0,87599.92
T105953,2024-01-20,P0005,C00115,east,3.0,8621.09,0.05,24570.11
T105279,2023-09-06,P0027,C00189,north,3.0,9818.49,0.0,29455.47
T102942,2025-09-25,P0030,C00040,north,6.0,6824.34,0.05,38898.74
T105323,2023-03-25,P0028,C00020,north,2.0,13737.15,0.0,27474.3
T100086,2025-09-09,P0036,C00128,south,9.0,4229.62,0.0,38066.58
T102308,2024-06-12,P0004,C00136,south,6.0,4999.13,0.0,29994.78
T102677,2023-11-22,P0002,C00182,north,9.0,13910.88,0.05,118938.02
T106784,2024-05-08,P0003,C00130,east,2.0,10949.99,0.0,21899.98
T108379,2024-06-05,P0037,C00102,central,1.0,8484.46,0.0,8484.46
T102594,2025-02-16,P0035,C00100,east,6.0,8930.77,0.1,48226.16
T104848,2024-11-05,P0024,C00120,west,8.0,11884.11,0.0,95072.88
T101029,2024-09-03,P0016,C00223,central,4.0,2604.21,0.0,10416.84
T100136,2024-09-20,P0001,C00146,central,5.0,6017.98,0.0,30089.9
T106613,2024-04-02,P0015,C00099,north,1.0,4549.66,0.0,4549.66
T106200,2023-11-08,P0035,C00119,south,1.0,8930.77,0.0,8930.77
T107934,2025-07-07,P0036,C00209,east,4.0,4229.62,0.05,16072.56
T104409,2024-08-01,P0018,C00246,south,4.0,6437.51,0.0,25750.04
T101200,2024-03-21,P0007,C00169,central,1.0,14423.4,0.15,12259.89
T108677,2024-08-10,P0020,C00134,east,4.0,4508.3,0.0,18033.2
T107047,2025-01-31,P0036,C00236,east,4.0,4229.62,0.0,16918.48
T100566,2023-02-10,P0022,C00150,east,3.0,3102.81,0.15,7912.17
T105991,2023-02-25,P0039,C00117,west,4.0,14579.92,0.0,58319.68
T103927,2023-10-10,P0032,C00097,west,7.0,5656.65,0.0,39596.55
T104994,2024-12-08,P0014,C00130,east,5.0,500.0,0.0,2500.0
T108452,2024-02-12,P0016,C00225,south,1.0,2604.21,0.0,2604.21
T108485,2025-04-28,P0009,C00047,central,2.0,11247.7,0.0,22495.4
T107713,2024-01-25,P0034,C00010,south,3.0,10038.95,0.15,25599.32
T107202,2023-01-26,P0015,C00001,west,2.0,4549.66,0.0,9099.32
T106886,2023-05-13,P0025,C00184,east,1.0,9148.51,0.0,9148.51
T102330,2023-01-26,P0030,C00245,central,2.0,6824.34,0.0,13648.68
T103515,2025-01-15,P0007,C00231,north,4.0,14423.4,0.0,57693.6
T102187,2023-02-27,P0024,C00142,central,4.0,11884.11,0.0,47536.44
T100195,2023-05-18,P0006,C00124,west,6.0,7884.39,0.0,47306.34
T106187,2024-04-11,P0001,C00069,central,5.0,6017.98,0.15,25576.41
T100802,2024-02-11,P0023,C00078,west,7.0,10713.43,0.05,71244.31
T106795,2023-03-03,P0006,C00032,north,2.0,7884.39,0.0,15768.78
T106503,2024-04-11,P0022,C00231,north,3.0,3102.81,0.1,8377.59
T102068,2025-09-05,P0013,C00232,west,3.0,9164.46,0.1,24744.04
T104766,2025-09-16,P0016,C00198,west,6.0,2604.21,0.0,15625.26
T107762,2025-02-14,P0003,C00010,south,2.0,10949.99,0.1,19709.98
T100644,2023-09-22,P0003,C00049,east,1.0,10949.99,0.05,10402.49
T108547,2025-12-30,P0029,C00060,north,9.0,12773.07,0.0,114957.63
T107000,2025-12-28,P0002,C00186,north,5.0,13910.88,0.0,69554.4
T100120,2025-11-02,P0019,C00038,west,9.0,6013.99,0.0,54125.91
T102981,2024-10-24,P0028,C00111,north,4.0,13737.15,0.0,54948.6
T103074,2023-10-07,P0009,C00150,east,4.0,11247.7,0.0,44990.8
T108072,2023-07-15,P0019,C00214,central,4.0,6013.99,0.0,24055.96
T103278,2025-12-27,P0030,C00133,east,3.0,6824.34,0.0,20473.02
T102135,2023-05-23,P0039,C00023,west,5.0,14579.92,0.0,72899.6
T107386,2023-09-13,P0019,C00116,central,2.0,6013.99,0.0,12027.98
T100134,2023-11-04,P0006,C00073,south,4.0,7884.39,0.0,31537.56
T106373,2023-09-17,P0033,C00063,north,4.0,10082.29,0.0,40329.16
T108788,2025-04-09,P0029,C00147,north,6.0,12773.07,0.15,65142.66
T102559,2023-05-10,P0010,C00102,central,2.0,8164.43,0.05,15512.42
T100062,2024-06-20,P0001,C00128,south,3.0,6017.98,0.0,18053.94
T101358,2025-02-23,P0029,C00076,central,3.0,12773.07,0.05,36403.25
T106537,2025-01-12,P0005,C00081,west,3.0,8621.09,0.0,25863.27
T102467,2023-09-19,P0032,C00207,central,5.0,5656.65,0.0,28283.25
T100679,2023-06-23,P0005,C00208,central,8.0,8621.09,0.05,65520.28
T105605,2023-03-18,P0023,C00158,east,5.0,10713.43,0.1,48210.44
T100741,2023-01-19,P0024,C00133,east,4.0,11884.11,0.05,45159.62
T106751,2025-07-11,P0024,C00061,west,2.0,11884.11,0.1,21391.4
T103641,2023-02-26,P0026,C00200,north,1.0,13905.57,0.0,13905.57
T106885,2023-12-08,P0017,C00103,west,6.0,382.2,0.1,2063.88
T106699,2024-04-22,P0019,C00196,east,3.0,6013.99,0.0,18041.97
T103258,2025-08-30,P0035,C00197,south,2.0,8930.77,0.1,16075.39
T101873,2025-02-19,P0034,C00223,central,2.0,10038.95,0.0,20077.9
T102596,2023-10-25,P0032,C00186,north,9.0,5656.65,0.1,45818.86
T101717,2025-03-04,P0024,C00140,west,3.0,11884.11,0.0,35652.33
T102912,2025-11-14,P0008,C00102,central,7.0,499.0,0.0,3493.0
T102843,2025-02-08,P0039,C00078,west,8.0,14579.92,0.05,110807.39
T104027,2023-08-02,P0035,C00247,north,1.0,8930.77,0.2,7144.62
T107556,2024-09-14,P0007,C00112,south,7.0,14423.4,0.0,100963.8
T106623,2024-01-16,P0038,C00200,north,3.0,5836.46,0.05,16633.91
T107706,2023-12-28,P0037,C00169,central,7.0,8484.46,0.05,56421.66
T100489,2025-12-03,P0002,C00068,north,9.0,13910.88,0.1,112678.13
T100493,2024-11-09,P0036,C00099,north,10.0,4229.62,0.0,42296.2
T100690,2023-06-28,P0025,C00154,west,1.0,9148.51,0.0,9148.51
T103821,2024-01-15,P0016,C00224,central,1.0,2604.21,0.0,2604.21
T100602,2024-04-04,P0018,C00250,north,4.0,6437.51,0.0,25750.04
T101911,2023-06-19,P0025,C00084,north,9.0,9148.51,0.05,78219.76
T106931,2024-10-02,P0012,C00134,east,14.0,14484.04,0.15,172360.08
T106163,2024-06-24,P0010,C00211,south,5.0,8164.43,0.0,40822.15
T107142,2025-09-17,P0039,C00046,south,8.0,14579.92,0.0,116639.36
T103757,2024-07-23,P0037,C00202,east,2.0,8484.46,0.1,15272.03
T102366,2023-07-06,P0028,C00245,central,3.0,13737.15,0.0,41211.45
T104370,2023-01-09,P0022,C00152,north,3.0,3102.81,0.0,9308.43
T105680,2025-05-03,P0039,C00030,north,1.0,14579.92,0.0,14579.92
T105786,2023-04-15,P0024,C00012,east,3.0,11884.11,0.05,33869.71
T101361,2025-07-05,P0028,C00179,north,7.0,13737.15,0.0,96160.05
T104932,2025-06-12,P0001,C00060,north,4.0,6017.98,0.1,21664.73
T101526,2024-01-14,P0025,C00147,north,5.0,9148.51,0.0,45742.55
T107024,2024-03-22,P0007,C00159,north,5.0,14423.4,0.2,57693.6
T106444,2024-07-05,P0022,C00246,south,3.0,3102.81,0.2,7446.74
T106566,2023-11-03,P0002,C00219,west,9.0,13910.88,0.1,112678.13
T101551,2023-11-27,P0020,C00144,west,4.0,4508.3,0.0,18033.2
T105168,2025-11-01,P0025,C00178,west,7.0,9148.51,0.0,64039.57
T108833,2024-01-21,P0016,C00146,central,4.0,2604.21,0.0,10416.84
T101337,2023-07-25,P0014,C00160,south,3.0,500.0,0.1,1350.0
T103901,2025-12-16,P0021,C00195,east,3.0,359.09,0.0,1077.27
T103010,2023-02-27,P0016,C00175,east,2.0,2604.21,0.0,5208.42
T107897,2024-04-12,P0008,C00148,north,5.0,499.0,0.15,2120.75
T102250,2025-06-07,P0017,C00203,west,7.0,382.2,0.0,2675.4
T102346,2024-07-28,P0014,C00139,south,3.0,500.0,0.0,1500.0
T108459,2023-08-25,P0022,C00096,central,6.0,3102.81,0.1,16755.17
T102784,2023-11-26,P0019,C00231,north,11.0,6013.99,0.0,66153.89
T106464,2025-03-10,P0027,C00113,east,3.0,9818.49,0.1,26509.92
T100150,2024-01-28,P0005,C00134,east,6.0,8621.09,0.0,51726.54
T102804,2025-07-08,P0030,C00183,south,7.0,6824.34,0.0,47770.38
T104838,2025-11-13,P0008,C00169,central,3.0,499.0,0.0,1497.0
T102086,2023-09-04,P0022,C00246,south,1.0,3102.81,0.0,3102.81
T103751,2023-07-16,P0002,C00135,north,2.0,13910.88,0.1,25039.58
T102259,2025-01-08,P0008,C00178,west,6.0,499.0,0.0,2994.0
T104017,2025-03-19,P0023,C00002,west,7.0,10713.43,0.1,67494.61
T105044,2024-08-20,P0039,C00117,west,8.0,14579.92,0.0,116639.36
T104996,2025-04-22,P0009,C00038,south,1.0,11247.7,0.15,9560.54
T107752,2025-07-27,P0033,C00053,west,2.0,10082.29,0.0,20164.58
T106620,2023-12-06,P0014,C00090,south,3.0,500.0,0.05,1425.0
T103856,2023-12-31,P0019,C00082,east,4.0,6013.99,0.05,22853.16
T100859,2025-01-31,P0034,C00064,north,2.0,10038.95,0.05,19074.0
T106256,2024-06-12,P0007,C00193,east,7.0,14423.4,0.0,100963.8
T106666,2025-10-16,P0014,C00216,south,6.0,500.0,0.1,2700.0
T106032,2024-11-28,P0039,C00233,west,7.0,14579.92,0.0,102059.44
T107420,2023-09-28,P0015,C00109,north,6.0,4549.66,0.0,27297.96
T107471,2023-08-31,P0023,C00235,east,4.0,10713.43,0.0,42853.72
T104462,2023-05-10,P0017,C00006,east,1.0,382.2,0.1,343.98
T107058,2023-12-08,P0015,C00079,south,6.0,4549.66,0.0,27297.96
T101779,2024-12-19,P0006,C00058,east,1.0,7884.39,0.0,7884.39
T106240,2025-07-06,P0039,C00031,south,8.0,14579.92,0.0,116639.36
T105227,2024-12-17,P0018,C00155,west,6.0,6437.51,0.0,38625.06
T101818,2025-01-03,P0003,C00210,north,3.0,10949.99,0.0,32849.97
T104548,2025-04-14,P0004,C00097,north,7.0,4999.13,0.0,34993.91
T102704,2024-11-15,P0011,C00073,south,3.0,8863.25,0.2,21271.8
T100175,2025-10-28,P0017,C00127,south,5.0,382.2,0.1,1719.9
T102093,2025-04-06,P0035,C00103,west,6.0,8930.77,0.0,53584.62
T107308,2023-02-26,P0012,C00240,south,6.0,14484.04,0.0,86904.24
T103491,2023-05-28,P0011,C00064,north,1.0,8863.25,0.0,8863.25
T108054,2025-07-08,P0004,C00102,central,3.0,4999.13,0.0,14997.39
T100082,2024-01-17,P0019,C00043,west,2.0,6013.99,0.0,12027.98
T100816,2024-07-29,P0031,C00096,central,4.0,1566.84,0.0,6267.36
T106056,2023-05-02,P0010,C00181,south,6.0,8164.43,0.0,48986.58
T107152,2023-08-15,P0014,C00113,east,6.0,500.0,0.1,2700.0
T105580,2025-01-07,P0027,C00172,central,12.0,9818.49,0.0,117821.88
T100283,2023-10-29,P0009,C00092,south,7.0,11247.7,0.0,78733.9
T107893,2024-08-21,P0022,C00131,west,3.0,3102.81,0.1,8377.59
T106158,2023-10-04,P0037,C00186,north,7.0,8484.46,0.2,47512.98
T107969,2025-07-07,P0012,C00161,west,4.0,14484.04,0.0,57936.16
T102915,2025-12-15,P0019,C00078,west,1.0,6013.99,0.0,6013.99
T101813,2024-08-15,P0021,C00176,east,7.0,359.09,0.0,2513.63
T101271,2025-10-12,P0018,C00003,north,10.0,6437.51,0.05,61156.34
T104883,2025-04-14,P0007,C00132,central,1.0,14423.4,0.0,14423.4
T108747,2024-12-06,P0038,C00068,north,6.0,5836.46,0.0,35018.76
T107485,2024-08-21,P0004,C00248,north,6.0,4999.13,0.0,29994.78
T106057,2023-03-22,P0005,C00042,central,8.0,8621.09,0.1,62071.85
T102642,2023-05-28,P0019,C00050,east,5.0,6013.99,0.0,30069.95
T105403,2023-02-08,P0008,C00176,east,3.0,499.0,0.0,1497.0
T104508,2024-07-11,P0005,C00190,north,6.0,8621.09,0.0,51726.54
T102305,2024-09-02,P0033,C00113,east,5.0,10082.29,0.0,50411.45
T105360,2024-01-03,P0019,C00052,east,3.0,6013.99,0.0,18041.97
T104195,2024-11-19,P0013,C00115,east,8.0,9164.46,0.0,73315.68
T104655,2024-12-17,P0004,C00205,north,11.0,4999.13,0.0,54990.43
T106705,2025-04-15,P0011,C00172,central,2.0,8863.25,0.0,17726.5
T104168,2024-03-22,P0013,C00054,central,3.0,9164.46,0.0,27493.38
T103849,2023-02-14,P0022,C00125,north,3.0,3102.81,0.1,8377.59
T108980,2023-10-01,P0012,C00228,south,5.0,14484.04,0.0,72420.2
T108850,2023-11-13,P0025,C00030,north,8.0,9148.51,0.0,73188.08
T107592,2025-06-12,P0005,C00064,north,13.0,8621.09,0.1,100866.75
T102414,2024-02-20,P0011,C00100,east,4.0,8863.25,0.2,28362.4
T103554,2025-04-19,P0037,C00025,south,4.0,8484.46,0.0,33937.84
T104691,2024-08-27,P0034,C00046,south,11.0,10038.95,0.0,110428.45
T104498,2024-11-03,P0005,C00161,west,7.0,8621.09,0.0,60347.63
T102195,2023-07-29,P0023,C00036,north,3.0,10713.43,0.0,32140.29
T102600,2024-07-07,P0022,C00156,south,2.0,3102.81,0.0,6205.62
T107051,2025-12-28,P0019,C00044,south,5.0,6013.99,-1.2098386618839451e-16,30069.95
T104314,2023-06-25,P0005,C00069,central,4.0,8621.09,0.1,31035.92
T103366,2024-07-20,P0009,C00159,north,4.0,11247.7,0.0,44990.8
T106328,2025-11-27,P0020,C00216,south,5.0,4508.3,0.1,20287.35
T107346,2025-12-11,P0008,C00070,west,9.0,499.0,0.0,4491.0
T102633,2023-02-05,P0025,C00221,west,4.0,9148.51,0.05,34764.34
T106743,2024-10-31,P0017,C00236,east,7.0,382.2,0.0,2675.4
T102434,2023-01-30,P0019,C00029,east,1.0,6013.99,0.1,5412.59
T107038,2023-12-19,P0026,C00089,east,3.0,13905.57,0.2,33373.37
T105572,2023-07-05,P0007,C00087,central,4.0,14423.4,0.0,57693.6
T105454,2025-11-01,P0012,C00162,north,1.0,14484.04,0.0,14484.04
T104520,2024-03-30,P0019,C00007,central,3.0,6013.99,0.0,18041.97
T103545,2023-05-23,P0002,C00002,west,6.0,13910.88,0.0,83465.28
T104918,2023-07-02,P0030,C00034,east,2.0,6824.34,0.0,13648.68
T108743,2025-11-08,P0017,C00218,central,7.0,382.2,0.0,2675.4
T100517,2025-05-26,P0027,C00237,central,7.0,9818.49,0.0,68729.43
T105042,2023-03-03,P0027,C00169,central,2.0,9818.49,0.0,19636.98
T105664,2025-04-04,P0025,C00233,west,2.0,9148.51,0.0,18297.02
T101415,2025-06-01,P0034,C00216,south,7.0,10038.95,0.0,70272.65
T104664,2025-09-26,P0036,C00107,east,4.0,4229.62,0.0,16918.48
T104456,2024-10-19,P0018,C00234,east,7.0,6437.51,0.0,45062.57
T108025,2024-10-27,P0018,C00059,north,4.0,6437.51,0.1,23175.04
T100127,2023-06-13,P0019,C00184,east,5.0,6013.99,0.0,30069.95
T103474,2024-10-04,P0004,C00062,south,7.0,4999.13,0.0,34993.91
T106568,2025-09-16,P0004,C00130,east,4.0,4999.13,0.15,16997.04
T104310,2023-09-16,P0007,C00047,central,7.0,14423.4,0.05,95915.61
T102438,2024-05-09,P0022,C00197,south,4.0,3102.81,0.0,12411.24
T103765,2023-11-03,P0034,C00121,east,1.0,10038.95,0.0,10038.95
T105459,2023-10-04,P0005,C00106,west,5.0,8621.09,0.0,43105.45
T105123,2023-06-26,P0024,C00143,south,5.0,11884.11,0.0,59420.55
T108907,2023-09-02,P0005,C00072,west,2.0,8621.09,0.1,15517.96
T101473,2023-08-07,P0016,C00080,north,4.0,2604.21,0.0,10416.84
T107015,2023-09-30,P0031,C00214,central,1.0,1566.84,0.0,1566.84
T103560,2024-09-22,P0011,C00163,west,2.0,8863.25,0.0,17726.5
T103951,2025-03-08,P0030,C00042,central,7.0,6824.34,0.2,38216.3
T100049,2025-04-12,P0028,C00152,north,7.0,13737.15,0.0,96160.05
T108353,2024-03-13,P0011,C00008,south,2.0,8863.25,0.0,17726.5
T100887,2023-09-24,P0006,C00003,north,3.0,7884.39,0.0,23653.17
T102616,2023-03-01,P0006,C00127,south,5.0,7884.39,0.15,33508.66
T100516,2024-01-22,P0027,C00106,west,4.0,9818.49,0.0,39273.96
T103168,2023-08-12,P0040,C00177,south,5.0,12756.37,0.0,63781.85
T102949,2024-05-12,P0012,C00148,north,8.0,14484.04,0.0,115872.32
T101424,2024-04-08,P0034,C00065,east,2.0,10038.95,0.2,16062.32
T100139,2024-09-15,P0034,C00124,west,3.0,10038.95,0.0,30116.85
T101924,2024-04-02,P0040,C00040,north,5.0,12756.37,0.1,57403.67
T102378,2025-08-19,P0034,C00109,north,7.0,10038.95,0.0,70272.65
T103197,2025-06-07,P0034,C00248,north,4.0,10038.95,0.0,40155.8
T100112,2024-01-21,P0006,C00159,north,1.0,7884.39,0.0,7884.39
T104559,2023-12-22,P0011,C00051,east,7.0,8863.25,0.0,62042.75
T104595,2023-03-17,P0035,C00087,west,2.0,8930.77,0.0,17861.54
T103250,2025-03-12,P0034,C00095,central,1.0,10038.95,0.0,10038.95
T104690,2024-02-02,P0024,C00041,east,3.0,11884.11,0.0,35652.33
T106098,2023-05-14,P0018,C00105,west,4.0,6437.51,0.0,25750.04
T107689,2024-06-09,P0014,C00028,central,1.0,500.0,0.0,500.0
T104546,2023-11-25,P0016,C00241,south,8.0,2604.21,0.2,16666.94
T105623,2025-07-01,P0010,C00086,west,3.0,8164.43,0.0,24493.29
T103277,2023-07-12,P0035,C00002,west,4.0,8930.77,0.0,35723.08
T108731,2025-10-20,P0008,C00137,south,6.0,499.0,0.0,2994.0
T107720,2024-07-21,P0018,C00194,east,4.0,6437.51,0.1,23175.04
T108107,2024-07-02,P0023,C00120,west,6.0,10713.43,0.15,54638.49
T106945,2025-04-17,P0028,C00133,east,12.0,13737.15,0.0,164845.8
T107460,2023-02-13,P0005,C00007,central,4.0,8621.09,0.15,29311.71
T106080,2023-01-07,P0038,C00004,east,7.0,5836.46,0.0,40855.22
T103222,2024-08-15,P0020,C00246,south,6.0,4508.3,0.0,27049.8
T108979,2025-08-31,P0030,C00160,south,4.0,6824.34,0.0,27297.36
T100451,2025-04-21,P0032,C00234,east,8.0,5656.65,0.0,45253.2
T103731,2024-09-26,P0006,C00063,north,3.0,7884.39,0.0,23653.17
T108121,2025-09-02,P0028,C00125,north,3.0,13737.15,0.0,41211.45
T107868,2024-10-23,P0034,C00143,south,9.0,10038.95,0.0,90350.55
T102763,2025-02-20,P0035,C00231,north,1.0,8930.77,0.0,8930.77
T100658,2025-05-11,P0011,C00103,west,1.0,8863.25,0.0,8863.25
T106325,2025-08-10,P0006,C00202,central,7.0,7884.39,0.05,52431.19
T104620,2025-12-17,P0019,C00056,south,11.0,6013.99,0.0,66153.89
T100999,2025-11-03,P0008,C00223,central,1.0,499.0,0.1,449.1
T100389,2024-09-03,P0013,C00164,north,4.0,9164.46,0.0,36657.84
T103407,2024-09-30,P0015,C00007,central,3.0,4549.66,0.15,11601.63
T101476,2023-01-20,P0035,C00106,west,4.0,8930.77,0.0,35723.08
T102240,2024-03-21,P0014,C00225,south,4.0,500.0,0.0,2000.0
T102386,2024-10-19,P0040,C00230,east,1.0,12756.37,0.0,12756.37
T100992,2023-12-03,P0001,C00185,central,10.0,6017.98,0.0,60179.8
T103922,2023-02-11,P0011,C00086,west,5.0,8863.25,0.0,44316.25
T102972,2024-03-19,P0024,C00095,central,3.0,11884.11,0.15,30304.48
T103386,2025-10-21,P0026,C00215,east,3.0,13905.57,0.0,41716.71
T105744,2023-03-13,P0024,C00148,north,4.0,11884.11,0.15,40405.97
T104769,2024-01-31,P0020,C00026,north,2.0,4508.3,0.0,9016.6
T101293,2025-01-23,P0026,C00170,west,2.0,13905.57,0.0,27811.14
T101824,2023-08-27,P0011,C00073,south,4.0,8863.25,0.0,35453.0
T102873,2025-08-06,P0039,C00158,east,3.0,14579.92,0.15,37178.8
T104173,2023-10-08,P0029,C00180,central,2.0,12773.07,0.0,25546.14
T102535,2024-08-04,P0040,C00094,south,3.0,12756.37,0.0,38269.11
T108320,2023-06-09,P0002,C00097,west,4.0,13910.88,0.0,55643.52
T101907,2024-11-25,P0031,C00134,east,8.0,1566.84,0.15,10654.51
T108294,2024-12-25,P0038,C00138,central,8.0,5836.46,0.0,46691.68
T100368,2023-05-18,P0028,C00113,east,3.0,13737.15,0.0,41211.45
T101151,2023-10-05,P0031,C00204,central,5.0,1566.84,0.0,7834.2
T106389,2023-02-16,P0018,C00030,north,2.0,6437.51,0.1,11587.52
T105250,2024-08-11,P0028,C00084,north,4.0,13737.15,0.05,52201.17
T108260,2024-11-27,P0033,C00001,west,10.0,10082.29,0.05,95781.76
T105363,2023-02-25,P0004,C00035,central,1.0,4999.13,0.0,4999.13
T106194,2024-07-26,P0010,C00016,west,3.0,8164.43,0.0,24493.29
T104160,2025-09-19,P0013,C00241,south,2.0,9164.46,0.0,18328.92
T104287,2025-04-02,P0023,C00101,east,8.0,10713.43,0.0,85707.44
T106409,2024-04-30,P0029,C00161,west,1.0,12773.07,0.0,12773.07
T106554,2023-06-09,P0040,C00213,south,5.0,12756.37,0.0,63781.85
T100174,2023-04-11,P0014,C00113,east,7.0,500.0,0.0,3500.0
T101903,2023-07-30,P0018,C00234,east,4.0,6437.51,0.05,24462.54
T101099,2023-01-17,P0032,C00228,south,3.0,5656.65,0.0,16969.95
T106680,2025-07-01,P0019,C00044,south,4.0,6013.99,0.05000008313947975,22853.16
T103408,2023-04-24,P0016,C00165,west,2.0,2604.21,0.05,4948.0
T101538,2023-05-31,P0016,C00170,west,2.0,2604.21,0.2,4166.74
T102292,2024-11-04,P0002,C00076,central,8.0,13910.88,0.0,111287.04
T108477,2024-09-25,P0002,C00113,east,2.0,13910.88,0.1,25039.58
T101363,2025-01-22,P0011,C00168,north,4.0,8863.25,0.0,35453.0
T108916,2023-12-27,P0017,C00212,south,3.0,382.2,0.1,1031.94
T106481,2024-09-19,P0025,C00066,west,4.0,9148.51,0.0,36594.04
T108363,2024-09-02,P0016,C00061,west,1.0,2604.21,0.0,2604.21
T105822,2023-12-31,P0021,C00132,central,4.0,359.09,0.0,1436.36
T100680,2024-07-12,P0013,C00110,east,7.0,9164.46,0.0,64151.22
T108492,2024-08-28,P0001,C00210,north,2.0,6017.98,0.0,12035.96
T106301,2024-10-22,P0032,C00097,west,7.0,5656.65,0.0,39596.55
T103664,2023-12-09,P0025,C00136,south,3.0,9148.51,0.2,21956.42
T101661,2025-01-27,P0010,C00100,east,5.0,8164.43,0.0,40822.15
T100508,2024-07-12,P0032,C00192,central,2.0,5656.65,0.15,9616.3
T100166,2023-03-20,P0031,C00212,south,2.0,1566.84,0.1,2820.31
T106933,2024-07-16,P0038,C00138,central,2.0,5836.46,0.1,10505.63
T101006,2025-11-19,P0024,C00174,central,11.0,11884.11,0.05,124188.95
T107128,2023-05-14,P0028,C00096,central,5.0,13737.15,0.15,58382.89
T106786,2023-03-23,P0016,C00147,north,4.0,2604.21,0.1,9375.16
T103494,2024-10-27,P0007,C00231,north,1.0,14423.4,0.0,14423.4
T106922,2024-03-18,P0017,C00023,west,5.0,382.2,0.0,1911.0
T108889,2023-10-22,P0007,C00036,north,4.0,14423.4,0.0,57693.6
T102536,2023-08-27,P0015,C00210,north,3.0,4549.66,0.0,13648.98
T101104,2025-01-09,P0015,C00199,central,1.0,4549.66,0.0,4549.66
T103875,2023-02-18,P0040,C00247,north,2.0,12756.37,0.05,24237.1
T106192,2023-05-09,P0030,C00045,west,5.0,6824.34,0.0,34121.7
T101752,2024-11-15,P0006,C00145,north,17.0,7884.39,0.0,134034.63
T108391,2023-06-05,P0004,C00192,north,9.0,4999.13,0.05,42742.56
T102916,2023-04-21,P0025,C00027,south,1.0,9148.51,0.0,9148.51
T106639,2023-08-23,P0022,C00105,west,6.0,3102.81,0.0,18616.86
T100152,2023-05-09,P0032,C00016,west,1.0,5656.65,0.05,5373.82
T103907,2024-09-30,P0028,C00054,central,5.0,13737.15,0.05,65251.46
T108323,2023-06-30,P0015,C00009,central,3.0,4549.66,0.1,12284.08
T102552,2024-04-22,P0010,C00026,north,6.0,8164.43,0.0,48986.58
T102773,2024-09-13,P0039,C00248,north,4.0,14579.92,0.0,58319.68
T108210,2023-06-20,P0018,C00215,east,3.0,6437.51,0.0,19312.53
T103551,2023-04-03,P0033,C00216,south,3.0,10082.29,0.0,30246.87
T103722,2023-01-26,P0002,C00149,north,3.0,13910.88,0.0,41732.64
T108168,2023-10-09,P0011,C00206,north,8.0,8863.25,0.0,70906.0
T107391,2023-01-15,P0010,C00240,south,2.0,8164.43,0.2,13063.09
T108171,2023-09-20,P0014,C00218,central,1.0,500.0,0.0,500.0
T104538,2025-10-19,P0008,C00061,west,5.0,499.0,0.0,2495.0
T105589,2024-09-10,P0008,C00001,west,7.0,499.0,0.0,3493.0
T101822,2023-03-03,P0037,C00093,north,6.0,8484.46,0.0,50906.76
T104086,2024-06-06,P0020,C00074,east,6.0,4508.3,0.15,22992.33
T108676,2025-10-11,P0027,C00070,west,12.0,9818.49,0.0,117821.88
T107756,2024-09-29,P0020,C00183,south,4.0,4508.3,0.0,18033.2
T106039,2024-10-08,P0034,C00021,central,9.0,10038.95,0.0,90350.55
T106380,2024-06-25,P0034,C00195,east,4.0,10038.95,0.0,40155.8
T100309,2023-08-15,P0038,C00038,west,3.0,5836.46,0.15,14882.97
T106364,2024-08-20,P0038,C00215,east,4.0,5836.46,0.05,22178.55
T106027,2024-08-23,P0013,C00154,west,3.0,9164.46,0.0,27493.38
T103599,2025-03-14,P0008,C00247,north,2.0,499.0,0.0,998.0
T103622,2023-09-23,P0032,C00179,north,2.0,5656.65,0.0,11313.3
T101460,2023-11-18,P0006,C00226,west,9.0,7884.39,0.1,63863.56
T103450,2025-01-04,P0011,C00037,south,3.0,8863.25,0.0,26589.75
T104591,2024-01-14,P0027,C00140,west,3.0,9818.49,0.0,29455.47
T100205,2025-04-15,P0013,C00083,south,7.0,9164.46,0.0,64151.22
T101135,2025-12-18,P0008,C00078,west,3.0,499.0,0.0,1497.0
T102749,2023-09-17,P0027,C00194,east,6.0,9818.49,0.0,58910.94
T103613,2023-05-15,P0017,C00059,north,5.0,382.2,0.0,1911.0
T100305,2023-05-12,P0025,C00100,east,6.0,9148.51,0.0,54891.06
T101849,2024-08-30,P0032,C00109,north,7.0,5656.65,0.0,39596.55
T107522,2023-01-03,P0018,C00223,central,6.0,6437.51,0.0,38625.06
T101988,2024-05-08,P0002,C00181,south,3.0,13910.88,0.05,39646.01
T103240,2023-04-07,P0010,C00011,east,5.0,8164.43,0.15,34698.83
T102798,2024-12-30,P0011,C00206,north,6.0,8863.25,0.1,47861.55
T104515,2024-03-21,P0017,C00234,east,1.0,382.2,0.1,343.98
T108275,2023-05-18,P0016,C00109,north,7.0,2604.2100840336134,0.15,15495.05
T103109,2023-05-24,P0023,C00128,south,2.0,10713.43,0.0,21426.86
T104059,2023-12-21,P0035,C00052,east,6.0,8930.77,0.0,53584.62
T101987,2025-07-13,P0027,C00158,east,6.0,9818.49,0.0,58910.94
T106765,2024-12-14,P0031,C00204,central,3.0,1566.84,0.1,4230.47
T100383,2024-09-29,P0037,C00193,east,4.0,8484.46,0.0,33937.84
T104307,2025-08-24,P0032,C00225,south,2.0,5656.65,0.0,11313.3
T103388,2024-06-01,P0009,C00124,west,7.0,11247.7,0.0,78733.9
T108064,2025-04-30,P0021,C00139,south,4.0,359.09,0.15,1220.91
T102727,2025-12-01,P0037,C00187,north,13.0,8484.46,0.0,110297.98
T105226,2024-05-14,P0018,C00019,east,6.0,6437.51,0.1,34762.55
T108759,2024-08-14,P0003,C00025,south,5.0,10949.99,0.0,54749.95
T107655,2025-04-08,P0017,C00130,east,4.0,382.2,0.2,1223.04
T105314,2024-09-19,P0005,C00002,west,4.0,8621.09,0.0,34484.36
T103832,2025-01-23,P0028,C00184,east,1.0,13737.15,0.0,13737.15
T107977,2023-07-21,P0011,C00006,south,2.0,8863.25,0.0,17726.5
T104776,2023-09-28,P0038,C00192,central,4.0,5836.46,0.0,23345.84
T104276,2025-03-15,P0006,C00238,west,3.0,7884.39,0.0,23653.17
T100253,2023-08-23,P0004,C00030,north,4.0,4999.13,0.0,19996.52
T108742,2025-09-05,P0003,C00249,west,9.0,10949.99,0.0,98549.91
T106009,2024-03-09,P0007,C00005,east,2.0,14423.4,0.0,28846.8
T100278,2024-05-29,P0033,C00204,central,6.0,10082.29,0.0,60493.74
T103252,2024-04-16,P0014,C00138,central,1.0,500.0,0.05,475.0
T102480,2023-03-13,P0021,C00033,north,3.0,359.09,0.2,861.82
T100289,2025-11-02,P0002,C00157,central,13.0,13910.88,0.05,171799.37
T105020,2024-02-19,P0035,C00112,south,1.0,8930.77,0.05,8484.23
T103075,2025-06-02,P0008,C00151,east,10.0,499.0,0.0,4990.0
T106672,2023-07-24,P0022,C00234,east,9.0,3102.81,0.0,27925.29
T108926,2024-03-08,P0015,C00112,south,4.0,4549.66,0.0,18198.64
T105283,2023-11-17,P0018,C00083,south,4.0,6437.51,0.0,25750.04
T106004,2024-03-09,P0013,C00189,north,5.0,9164.46,0.1,41240.07
T108859,2023-02-04,P0002,C00178,west,1.0,13910.88,0.0,13910.88
T107113,2025-03-31,P0010,C00165,west,3.0,8164.43,0.15,20819.3
T106778,2025-04-17,P0029,C00229,east,3.0,12773.07,0.0,38319.21
T106391,2024-03-02,P0024,C00014,central,4.0,11884.11,0.0,47536.44
T100270,2023-01-19,P0012,C00209,east,1.0,14484.04,0.0,14484.04
T104570,2023-03-05,P0002,C00040,north,4.0,13910.88,0.0,55643.52
T106483,2024-06-10,P0030,C00055,south,4.0,6824.34,0.05,25932.49
T106593,2023-05-15,P0012,C00132,central,1.0,14484.04,0.0,14484.04
T107249,2023-06-04,P0037,C00035,central,6.0,8484.46,0.0,50906.76
T107814,2025-06-10,P0006,C00067,east,2.0,7884.39,0.1,14191.9
T104207,2023-09-16,P0023,C00158,east,4.0,10713.43,0.2,34282.98
T103218,2024-05-17,P0001,C00083,south,3.0,6017.98,0.0,18053.94
T101391,2023-02-12,P0034,C00154,west,4.0,10038.95,0.0,40155.8
T103975,2025-01-04,P0026,C00176,east,3.0,13905.57,5.0,39630.87
T104316,2025-09-27,P0013,C00174,central,4.0,9164.46,0.2,29326.27
T106358,2025-08-14,P0011,C00199,central,6.0,8863.25,0.0,53179.5
T106050,2023-04-25,P0019,C00219,north,1.0,6013.99,0.0,6013.99
T106128,2025-12-10,P0040,C00196,east,5.0,12756.37,0.0,63781.85
T100083,2024-11-20,P0016,C00243,west,12.0,2604.21,0.0,31250.52
T100873,2024-03-10,P0022,C00082,east,4.0,3102.81,0.1,11170.12
T108756,2024-09-30,P0009,C00057,east,5.0,11247.7,0.15,47802.72
T106773,2025-05-18,P0035,C00079,south,7.0,8930.77,0.0,62515.39
T104557,2025-08-01,P0031,C00023,west,2.0,1566.84,0.15,2663.63
T104500,2023-01-18,P0001,C00141,south,3.0,6017.98,0.0,18053.94
T104647,2023-03-10,P0009,C00047,central,3.0,11247.7,2.156280132585158e-16,33743.1
T102038,2024-11-18,P0039,C00116,central,5.0,14579.92,0.0,72899.6
T108839,2024-11-01,P0035,C00220,west,1.0,8930.77,0.0,8930.77
T106636,2024-05-17,P0036,C00023,west,1.0,4229.62,0.0,4229.62
T102450,2024-11-15,P0023,C00169,central,7.0,10713.43,0.05,71244.31
T103954,2024-10-02,P0007,C00159,north,7.0,14423.4,0.0,100963.8
T102329,2024-02-11,P0010,C00012,east,3.0,8164.43,0.05,23268.63
T108313,2024-12-03,P0022,C00159,north,11.0,3102.81,0.0,34130.91
T105812,2025-05-24,P0037,C00022,north,4.0,8484.46,0.0,33937.84
T108537,2024-01-03,P0009,C00112,south,1.0,11247.7,0.0,11247.7
T104746,2024-05-10,P0017,C00059,north,8.0,382.2,0.0,3057.6
T108540,2024-03-29,P0032,C00143,south,5.0,5656.65,0.0,28283.25
T105351,2025-04-28,P0011,C00170,west,4.0,8863.25,0.1,31907.7
T105637,2025-12-18,P0025,C00032,north,7.0,9148.51,0.0,64039.57
T105246,2024-07-11,P0037,C00125,north,2.0,8484.46,0.1,15272.03
T106757,2024-11-05,P0017,C00126,west,5.0,382.2,0.0,1911.0
T101216,2024-03-25,P0021,C00031,south,3.0,359.09,0.15,915.68
T107677,2025-11-02,P0020,C00123,north,5.0,4508.3,0.0,22541.5
T105665,2025-12-14,P0030,C00156,south,5.0,6824.34,0.0,34121.7
T101064,2025-01-10,P0030,C00177,south,3.0,6824.34,0.0,20473.02
T103786,2025-12-22,P0015,C00023,south,5.0,4549.66,0.0,22748.3
T104410,2024-06-25,P0001,C00133,east,3.0,6017.98,0.0,18053.94
T105574,2023-01-19,P0010,C00178,west,1.0,8164.43,0.1,7347.99
T107906,2024-03-22,P0035,C00202,east,6.0,8930.77,0.0,53584.62
T108277,2023-12-16,P0024,C00100,east,6.0,11884.11,0.0,71304.66
T103008,2023-01-28,P0028,C00246,south,4.0,13737.15,0.15,46706.31
T101105,2025-05-07,P0024,C00144,west,11.0,11884.11,0.0,130725.21
T105491,2024-09-12,P0025,C00103,west,5.0,9148.51,0.05,43455.42
T107407,2025-10-13,P0001,C00159,north,8.0,6017.98,0.0,48143.84
T100663,2023-09-25,P0037,C00102,central,4.0,8484.46,0.0,33937.84
T104956,2025-01-02,P0031,C00247,north,1.0,1566.84,0.0,1566.84
T107607,2023-02-21,P0023,C00174,central,1.0,10713.43,0.05,10177.76
T107265,2024-04-14,P0037,C00184,east,5.0,8484.46,0.0,42422.3
T104369,2023-04-10,P0027,C00028,central,4.0,9818.49,0.0,39273.96
T102765,2025-03-08,P0008,C00062,south,6.0,499.0,0.0,2994.0
T103929,2023-09-15,P0001,C00094,south,3.0,6017.98,0.0,18053.94
T108101,2023-02-04,P0010,C00235,east,3.0,8164.43,0.2,19594.63
T107748,2024-08-23,P0006,C00107,east,5.0,7884.39,0.0,39421.95
T106198,2024-10-24,P0019,C00052,east,1.0,6013.99,0.0,6013.99
T105278,2023-06-04,P0015,C00045,west,7.0,4549.66,0.0,31847.62
T107832,2025-06-11,P0032,C00184,east,7.0,5656.65,0.0,39596.55
T102451,2025-06-21,P0016,C00068,north,8.0,2604.21,0.0,20833.68
T105146,2025-01-08,P0012,C00235,east,2.0,14484.04,0.0,28968.08
T105426,2024-11-30,P0024,C00219,west,3.0,11884.11,0.0,35652.33
T103824,2025-06-29,P0036,C00190,north,6.0,4229.62,0.0,25377.72
T108166,2024-12-02,P0003,C00046,south,3.0,10949.99,0.0,32849.97
T102652,2024-01-31,P0007,C00015,south,4.0,14423.4,0.0,57693.6
T108297,2024-12-22,P0028,C00183,south,13.0,13737.15,0.05,169653.8
T103743,2023-09-13,P0033,C00079,south,3.0,10082.29,0.0,30246.87
T102176,2025-03-27,P0023,C00001,west,9.0,10713.43,0.1,86778.78
T108442,2025-01-08,P0032,C00240,south,4.0,5656.65,0.1,20363.94
T103318,2025-06-15,P0024,C00163,north,3.0,11884.11,0.0,35652.33
T108718,2025-05-03,P0008,C00032,north,8.0,499.0,0.0,3992.0
T102787,2024-01-16,P0032,C00125,north,1.0,5656.65,0.2,4525.32
T104105,2025-01-19,P0017,C00159,north,2.0,382.2,0.0,764.4
T105247,2023-04-23,P0040,C00186,north,1.0,12756.37,0.05,12118.55
T101676,2023-07-25,P0009,C00226,west,6.0,11247.7,0.0,67486.2
T103947,2025-12-16,P0013,C00037,south,9.0,9164.46,0.2,65984.11
T107700,2023-08-27,P0010,C00219,west,4.0,8164.43,0.1,29391.95
T108449,2025-10-10,P0013,C00112,south,6.0,9164.46,0.2,43989.41
T105496,2023-12-22,P0028,C00165,west,1.0,13737.15,0.0,13737.15
T106401,2025-11-04,P0024,C00027,south,11.0,11884.11,0.2,104580.17
T107909,2024-02-17,P0031,C00198,west,5.0,1566.84,0.2,6267.36
T102503,2025-12-30,P0004,C00197,south,13.0,4999.13,0.0,64988.69
T107268,2025-10-16,P0032,C00055,south,13.0,5656.65,0.2,58829.16
T102369,2025-05-07,P0023,C00210,north,9.0,10713.43,0.0,96420.87
T104967,2025-08-26,P0012,C00219,west,6.0,14484.04,0.0,86904.24
T102217,2025-09-28,P0036,C00208,central,1.0,4229.62,0.0,4229.62
T102218,2025-07-04,P0019,C00220,north,9.0,6013.99,0.0,54125.91
T103326,2025-09-14,P0035,C00117,west,4.0,8930.77,0.0,35723.08
T105960,2025-08-05,P0028,C00017,east,7.0,13737.15,0.0,4808002.5
T103583,2023-11-26,P0035,C00059,north,8.0,8930.77,0.0,71446.16
T107880,2025-11-15,P0028,C00141,south,7.0,13737.15,0.0,96160.05
T106750,2024-05-28,P0034,C00166,central,6.0,10038.95,0.0,60233.7
T106352,2023-08-14,P0031,C00242,east,1.0,1566.84,0.0,1566.84
T105306,2024-11-30,P0003,C00008,south,5.0,10949.99,0.0,54749.95
T107879,2023-12-22,P0014,C00064,north,6.0,500.0,0.0,3000.0
T100085,2024-04-01,P0015,C00013,central,6.0,4549.66,0.0,27297.96
T102801,2024-01-04,P0020,C00010,south,6.0,4508.3,0.0,27049.8
T103671,2025-12-01,P0035,C00171,east,16.0,8930.77,0.05,135747.7
T103667,2023-05-19,P0019,C00242,east,3.0,6013.99,0.0,18041.97
T108930,2023-07-08,P0004,C00061,west,8.0,4999.13,0.1,35993.74
T104590,2024-09-30,P0009,C00165,west,1.0,11247.7,0.0,11247.7
T102019,2024-01-18,P0008,C00131,west,4.0,499.0,0.0,1996.0
T108206,2024-05-18,P0017,C00183,south,3.0,382.2,0.1,1031.94
T102525,2024-04-15,P0040,C00130,east,3.0,12756.37,0.0,38269.11
T106025,2023-03-29,P0014,C00134,east,3.0,500.0,0.0,1500.0
T105138,2023-06-30,P0007,C00049,east,1.0,14423.4,0.0,14423.4
T107772,2023-05-13,P0001,C00144,south,6.0,6017.98,0.0,36107.88
T108535,2024-05-11,P0009,C00064,north,4.0,11247.7,0.2,35992.64
T105576,2023-08-11,P0021,C00124,west,2.0,359.09,0.0,718.18
T102895,2025-10-13,P0029,C00006,east,5.0,12773.07,0.2,51092.28
T107759,2023-10-21,P0020,C00177,south,5.0,4508.3,0.0,22541.5
T104714,2025-10-14,P0013,C00250,north,5.0,9164.46,0.0,45822.3
T108388,2025-12-12,P0032,C00042,central,9.0,5656.65,0.0,50909.85
T103425,2024-10-18,P0011,C00002,west,6.0,8863.25,0.0,53179.5
T108515,2024-11-14,P0040,C00028,central,5.0,12756.37,0.0,63781.85
T108435,2025-06-15,P0036,C00072,west,3.0,4229.62,0.0,12688.86
T105473,2024-08-14,P0027,C00138,central,8.0,9818.49,0.1,70693.13
T105095,2024-11-21,P0037,C00126,west,1.0,8484.46,0.15,7211.79
T105980,2023-08-27,P0013,C00071,east,4.0,9164.46,0.0,36657.84
T102001,2024-08-06,P0036,C00151,east,10.0,4229.62,0.0,42296.2
T107510,2025-10-20,P0031,C00201,west,10.0,1566.84,0.0,15668.4
T100869,2025-06-27,P0022,C00004,east,4.0,3102.81,0.0,12411.24
T100356,2024-02-05,P0017,C00150,east,2.0,382.2,0.05,726.18
T106741,2023-07-31,P0039,C00037,south,5.0,14579.92,0.1,65609.64
T106349,2023-02-08,P0027,C00018,central,2.0,9818.49,0.0,19636.98
T101275,2025-03-04,P0013,C00033,north,2.0,9164.46,0.05,17412.47
T101890,2024-05-29,P0037,C00203,west,6.0,8484.46,0.0,50906.76
T108397,2024-05-07,P0017,C00084,north,3.0,382.2,0.15,974.61
T105418,2024-06-28,P0003,C00068,north,3.0,10949.99,0.0,32849.97
T108364,2025-09-23,P0040,C00243,west,7.0,12756.37,0.2,71435.67
T103563,2023-12-30,P0007,C00039,north,3.0,14423.4,0.0,43270.2
T104958,2024-03-19,P0027,C00162,north,3.0,9818.49,0.0,29455.47
T106824,2023-02-11,P0016,C00189,north,1.0,2604.21,0.05,2474.0
T102380,2025-05-25,P0001,C00041,east,6.0,6017.98,0.0,36107.88
T103823,2024-11-27,P0023,C00134,east,8.0,10713.43,0.0,85707.44
T108259,2024-09-04,P0001,C00025,south,3.0,6017.98,0.0,18053.94
T107110,2024-08-06,P0003,C00043,central,2.0,10949.99,0.05,20804.98
T103306,2023-05-02,P0019,C00018,central,1.0,6013.99,0.0,6013.99
T107785,2024-11-20,P0037,C00013,central,3.0,8484.46,-1.429271400140851e-16,25453.38
T103499,2024-12-24,P0035,C00100,east,10.0,8930.77,0.0,89307.7
T108465,2024-11-01,P0039,C00220,east,3.0,14579.92,0.05,41552.77
T101116,2023-02-24,P0006,C00185,central,1.0,7884.39,0.0,7884.39
T107821,2023-11-15,P0006,C00218,central,6.0,7884.39,0.0,47306.34
T108997,2024-11-24,P0002,C00030,central,7.0,13910.88,0.0,97376.16
T107822,2025-04-23,P0001,C00192,central,4.0,6017.98,0.2,19257.54
T106489,2024-06-12,P0011,C00238,west,1.0,8863.25,0.0,8863.25
T106803,2025-11-21,P0012,C00168,north,11.0,14484.04,0.0,159324.44
T108292,2023-11-12,P0014,C00106,west,8.0,500.0,0.0,4000.0
T103645,2024-04-21,P0008,C00047,central,6.0,499.0,0.2,2395.2
T102500,2025-07-14,P0021,C00118,central,4.0,359.09,0.0,1436.36
T105371,2023-04-11,P0020,C00024,south,6.0,4508.3,0.0,27049.8
T102783,2025-10-05,P0023,C00194,east,1.0,10713.435294117648,0.15,9106.42
T103809,2025-04-15,P0028,C00247,north,2.0,13737.15,0.0,27474.3
T105460,2025-12-24,P0016,C00184,east,3.0,2604.21,0.0,7812.63
T107579,2025-09-08,P0009,C00134,east,7.0,11247.7,0.0,78733.9
T106884,2025-10-20,P0009,C00197,south,3.0,11247.7,0.1,30368.79
T101696,2023-08-27,P0008,C00097,west,2.0,499.0,0.15,848.3
T106755,2025-02-10,P0027,C00099,north,2.0,9818.49,0.0,19636.98
T102052,2023-07-20,P0032,C00100,east,5.0,5656.65,0.0,28283.25
T101776,2023-12-14,P0007,C00221,west,3.0,14423.4,0.05,41106.69
T105746,2023-12-21,P0026,C00061,west,6.0,13905.57,0.0,83433.42
T103313,2025-03-30,P0002,C00007,central,3.0,13910.88,0.2,33386.11
T104781,2023-02-28,P0040,C00136,south,3.0,12756.37,0.15,32528.74
T107235,2024-03-15,P0032,C00036,north,5.0,5656.65,0.0,28283.25
T106196,2024-04-14,P0020,C00219,west,7.0,4508.3,0.1,28402.29
T101592,2025-09-14,P0038,C00075,north,3.0,5836.46,0.2,14007.5
T101723,2024-02-29,P0036,C00214,central,1.0,4229.62,0.0,4229.62
T107867,2023-09-03,P0032,C00099,north,5.0,5656.65,0.0,28283.25
T105259,2024-04-21,P0025,C00241,south,4.0,9148.51,0.0,36594.04
T106853,2025-10-14,P0025,C00017,east,3.0,9148.51,0.05,26073.25
T100490,2025-10-08,P0030,C00143,south,6.0,6824.34,0.15,34804.13
T108321,2023-03-06,P0011,C00202,west,4.0,8863.25,0.2,28362.4
T103483,2024-12-02,P0020,C00167,east,3.0,4508.3,0.0,13524.9
T105102,2023-08-30,P0005,C00180,central,2.0,8621.09,0.0,17242.18
T103431,2025-04-15,P0007,C00136,south,6.0,14423.4,0.2,69232.32
T106296,2024-09-28,P0023,C00019,central,5.0,10713.43,0.05,50888.79
T106355,2025-11-12,P0031,C00185,central,17.0,1566.84,0.0,26636.28
T100025,2023-12-08,P0029,C00090,south,4.0,12773.07,0.0,51092.28
T103512,2024-10-22,P0011,C00121,east,3.0,8863.25,0.0,26589.75
T102409,2025-03-21,P0040,C00122,west,4.0,12756.37,0.2,40820.38
T103270,2025-05-15,P0036,C00110,east,4.0,4229.62,0.0,16918.48
T101552,2023-12-04,P0014,C00227,central,3.0,500.0,0.1,1350.0
T108378,2023-07-28,P0032,C00182,north,5.0,5656.65,0.2,22626.6
T107523,2024-07-13,P0032,C00243,west,4.0,5656.65,0.0,22626.6
T103871,2024-08-26,P0036,C00201,west,3.0,4229.62,0.0,12688.86
T103402,2024-10-28,P0025,C00132,central,3.0,9148.51,0.0,27445.53
T104529,2025-06-16,P0015,C00050,east,7.0,4549.66,0.1,28662.86
T100979,2023-10-22,P0036,C00033,north,4.0,4229.62,0.0,16918.48
T102655,2023-11-13,P0011,C00013,central,6.0,8863.25,0.0,53179.5
T101847,2025-06-11,P0015,C00105,west,2.0,4549.66,0.0,9099.32
T106564,2025-06-16,P0038,C00128,south,1.0,5836.46,0.2,4669.17
T107828,2023-03-02,P0008,C00195,east,4.0,499.0,0.05,1896.2
T105896,2023-07-30,P0031,C00133,east,4.0,1566.84,0.0,6267.36
T107476,2024-06-18,P0033,C00147,north,2.0,10082.29,0.0,20164.58
T107951,2024-09-15,P0029,C00094,south,3.0,12773.07,0.0,38319.21
T101102,2023-06-20,P0006,C00031,south,5.0,7884.39,0.0,39421.95
T103276,2024-04-14,P0021,C00193,east,4.0,359.09,0.0,1436.36
T106084,2024-09-07,P0014,C00201,west,3.0,500.0,0.0,1500.0
T107468,2023-10-02,P0005,C00053,west,4.0,8621.09,0.15,29311.71
T107006,2024-02-03,P0013,C00043,west,7.0,9164.46,0.0,64151.22
T103996,2024-11-08,P0002,C00077,south,3.0,13910.88,0.0,41732.64
T100194,2024-06-03,P0028,C00219,west,6.0,13737.15,0.15,70059.46
T104711,2023-08-10,P0038,C00083,south,9.0,5836.46,0.2,2101125.5
T100643,2023-10-13,P0036,C00029,east,8.0,4229.62,0.0,33836.96
T103285,2024-06-04,P0037,C00013,central,6.0,8484.46,0.1,45816.08
T103116,2023-07-02,P0021,C00159,north,6.0,359.09,0.05,2046.81
T103575,2025-05-15,P0021,C00225,south,8.0,359.09,0.0,2872.72
T108217,2024-01-03,P0016,C00188,north,5.0,2604.21,0.0,13021.05
T104320,2024-11-06,P0011,C00048,south,10.0,8863.25,0.0,88632.5
T104462,2023-10-05,p0017 ,C00006,east,1.0,382.2,0.1,343.98
T102207,2025-06-30,P0017,C00187,north,7.0,382.2,0.0,2675.4
T104552,2025-08-22,P0010,C00249,west,7.0,8164.43,0.0,57151.01
T106029,2023-02-08,P0039,C00028,north,3.0,14579.92,0.0,43739.76
T103718,2024-12-10,P0014,C00148,north,8.0,500.0,0.05,3800.0
T100972,2023-06-11,P0037,C00216,south,3.0,8484.46,0.1,22908.04
T107519,2025-03-01,P0019,C00157,central,2.0,6013.99,0.0,12027.98
T100719,2024-08-07,P0034,C00247,north,5.0,10038.95,0.1,45175.28
T108598,2024-01-13,P0037,C00010,south,2.0,8484.46,0.15,14423.58
T103896,2024-04-30,P0024,C00082,east,4.0,11884.11,0.0,47536.44
T102803,2023-10-18,P0004,C00229,east,1.0,4999.13,0.0,4999.13
T102566,2025-07-15,P0038,C00111,north,6.0,5836.46,0.05,33267.82
T104025,2023-11-22,P0029,C00126,west,6.0,12773.07,0.05,72806.5
T100032,2024-08-16,P0040,C00190,north,2.0,12756.37,0.15,21685.83
T106952,2023-03-21,P0015,C00244,south,3.0,4549.66,0.0,13648.98
T107904,2025-10-15,P0021,C00241,south,8.0,359.09,0.09999930379570582,2585.45
T104063,2025-03-30,P0035,C00140,west,2.0,8930.77,0.0,17861.54
T108111,2023-04-21,P0001,C00092,south,5.0,6017.98,0.0,30089.9
T101697,2023-07-24,P0032,C00066,west,1.0,5656.65,0.1,5090.98
T102792,2025-06-08,P0005,C00078,west,4.0,8621.09,0.0,34484.36
T102222,2024-04-08,P0039,C00072,west,1.0,14579.92,0.0,14579.92
T103764,2025-02-06,P0026,C00043,west,4.0,13905.57,0.0,55622.28
T103866,2023-08-19,P0035,C00079,south,3.0,8930.77,0.0,26792.31
T107608,2023-04-26,P0004,C00210,north,5.0,4999.13,0.0,24995.65
T108092,2023-05-14,P0021,C00228,south,4.0,359.09,0.0,1436.36
T105505,2023-12-16,P0039,C00037,south,9.0,14579.92,0.14999998475833734,111536.39
T106397,2025-09-09,P0014,C00079,south,9.0,500.0,0.2,3600.0
T103758,2024-12-08,P0029,C00023,west,7.0,12773.07,0.0,89411.49
T106711,2025-09-13,P0002,C00133,east,3.0,13910.88,0.05,39646.01
T103227,2025-03-29,P0035,C00162,north,7.0,8930.77,0.0,62515.39
T106432,2025-10-29,P0037,C00101,east,5.0,8484.46,0.05,40301.18
T107750,2023-10-20,P0019,C00198,west,4.0,6013.99,0.0,24055.96
T103904,2023-04-10,P0040,C00191,south,4.0,12756.37,0.0,51025.48
T102277,2025-01-21,P0009,C00207,central,1.0,11247.7,0.0,11247.7
T105617,2025-09-08,P0037,C00069,central,2.0,8484.46,0.0,16968.92
T101401,2025-07-06,P0005,C00038,west,8.0,8621.09,0.0,68968.72
T100739,2023-05-07,P0031,C00013,central,4.0,1566.84,0.05,5953.99
T104266,2023-03-08,P0031,C00205,north,3.0,1566.84,0.0,4700.52
T108991,2024-04-28,P0029,C00068,north,3.0,12773.07,0.1,34487.29
T106054,2025-07-10,P0002,C00192,central,3.0,13910.88,0.0,41732.64
T106147,2023-07-08,P0031,C00199,central,4.0,1566.84,0.2,5013.89
T103851,2023-03-03,P0004,C00129,central,1.0,4999.13,0.0,4999.13
T107548,2025-04-20,P0022,C00097,west,3.0,3102.81,0.0,9308.43
T106760,2024-05-17,P0009,C00037,south,6.0,11247.7,0.0,67486.2
T105361,2023-01-26,P0020,C00079,south,2.0,4508.3,0.0,9016.6
T105647,2024-08-28,P0015,C00154,west,4.0,4549.66,0.0,18198.64
T100674,2025-12-24,P0013,C00013,central,13.0,9164.46,0.15,101267.28
T105849,2023-09-01,P0024,C00054,central,4.0,11884.11,0.1,42782.8
T106950,2024-12-28,P0007,C00159,north,5.0,14423.4,0.1,64905.3
T103841,2024-11-06,P0027,C00153,central,5.0,9818.49,0.1,44183.2
T101815,2024-01-31,P0018,C00153,central,4.0,6437.51,0.0,25750.04
T107003,2024-08-15,P0028,C00170,west,6.0,13737.15,0.0,82422.9
T108972,2023-09-15,P0007,C00113,east,7.0,14423.4,0.0,100963.8
T108382,2024-04-09,P0023,C00072,west,6.0,10713.43,0.0,64280.58
T104653,2025-02-06,P0009,C00214,central,6.0,11247.7,0.0,67486.2
T106026,2024-12-13,P0016,C00015,south,6.0,2604.21,0.0,15625.26
T102100,2024-01-18,P0028,C00132,central,5.0,13737.15,0.05,65251.46
T106550,2024-06-30,P0025,C00187,north,5.0,9148.51,0.1,41168.3
T101673,2025-07-20,P0005,C00008,north,4.0,8621.09,0.2,27587.49
T102101,2024-01-23,P0021,C00091,central,3.0,359.09,0.0,1077.27
T104213,2023-07-27,P0005,C00038,west,2.0,8621.09,0.0,17242.18
T108274,2025-07-15,P0025,C00170,west,6.0,9148.51,0.0,54891.06
T101548,2023-03-02,P0007,C00032,north,2.0,14423.4,0.05,27404.46
T105286,2025-11-11,P0040,C00233,west,7.0,12756.37,0.0,89294.59
T103323,2025-12-13,P0002,C00120,west,7.0,13910.88,0.0,97376.16
T105983,2024-02-14,P0003,C00190,north,7.0,10949.99,0.2,61319.94
T100355,2023-06-10,P0002,C00006,east,3.0,13910.88,0.15,35472.74
T105184,2023-01-16,P0008,C00020,north,4.0,499.0,0.0,1996.0
T101461,2024-06-01,P0015,C00168,north,4.0,4549.66,0.2,14558.91
T108341,2023-04-01,P0037,C00208,central,2.0,8484.46,0.0,16968.92
T108558,2024-06-30,P0018,C00049,east,2.0,6437.51,0.0,12875.02
T103220,2024-08-19,P0006,C00110,east,4.0,7884.39,0.1,28383.8
T107188,2025-01-24,P0035,C00165,west,5.0,8930.77,0.0,44653.85
T105147,2024-11-13,P0014,C00195,east,7.0,500.0,0.0,3500.0
T106495,2025-04-09,P0025,C00099,north,6.0,9148.51,0.0,54891.06
T101751,2025-12-08,P0030,C00119,south,5.0,6824.34,0.2,27297.36
T106599,2025-07-01,P0009,C00057,east,4.0,11247.7,0.0,44990.8
T106261,2023-12-16,P0003,C00022,north,4.0,10949.99,0.0,43799.96
T101772,2025-06-16,P0002,C00226,west,6.0,13910.88,0.2,66772.22
T101196,2023-09-29,P0037,C00062,central,4.0,8484.46,0.15,28847.16
T101878,2024-05-13,P0008,C00132,central,2.0,499.0,0.0,998.0
T102668,2025-05-14,P0018,C00056,south,4.0,6437.51,0.0,25750.04
T103171,2024-09-02,P0025,C00114,south,5.0,9148.51,0.0,45742.55
T102016,2023-05-02,P0005,C00199,central,3.0,8621.09,0.0,25863.27
T102005,2023-04-20,P0039,C00206,north,7.0,14579.92,0.2,81647.55
T106883,2024-03-21,P0038,C00038,west,1.0,5836.46,0.0,5836.46
T103893,2023-03-21,P0020,C00075,central,5.0,4508.3,0.15,19160.27
T103237,2023-11-23,P0003,C00193,east,9.0,10949.99,0.0,98549.91
T104424,2025-01-12,P0019,C00205,north,6.0,6013.99,0.0,36083.94
T104744,2023-08-20,P0021,C00246,south,1.0,359.09,0.0,359.09
T102078,2025-01-27,P0022,C00189,north,2.0,3102.81,0.05,5895.34
T105219,2025-09-23,P0014,C00074,east,7.0,500.0,0.0,3500.0
T100396,2025-07-14,P0035,C00076,central,6.0,8930.77,0.0,53584.62
T102788,2025-01-11,P0007,C00002,west,1.0,14423.4,0.0,14423.4
T104211,2024-06-08,P0019,C00137,south,2.0,6013.99,0.1,10825.18
T105362,2024-01-20,P0026,C00183,south,3.0,13905.57,0.05,39630.87
T104072,2024-12-28,P0037,C00001,west,8.0,8484.46,0.2,54300.54
T107061,2024-10-23,P0026,C00062,south,15.0,13905.57,0.0,208583.55
T108667,2023-04-03,P0021,C00063,north,7.0,359.09,0.2,2010.9
T105965,2024-03-17,P0024,C00229,east,3.0,11884.11,0.0,35652.33
T101519,2024-10-18,P0019,C00225,south,6.0,6013.99,0.05,34279.74
T106746,2023-10-06,P0013,C00081,west,9.0,9164.46,0.0,82480.14
T101378,2024-08-04,P0028,C00072,west,3.0,13737.15,0.0,41211.45
T101023,2025-07-06,P0030,C00201,west,2.0,6824.34,0.0,13648.68
T102587,2025-05-03,P0007,C00237,central,11.0,14423.4,0.2,126925.92
T108127,2023-03-10,P0016,C00059,north,2.0,2604.21,0.0,5208.42
T105008,2023-03-31,P0037,C00232,west,3.0,8484.46,0.0,25453.38
T102857,2023-05-14,P0013,C00002,west,5.0,9164.46,0.0,45822.3
T106850,2025-04-13,P0019,C00243,west,7.0,6013.99,0.0,42097.93
T105903,2024-11-11,P0006,C00236,east,8.0,7884.39,0.2,50460.1
T101629,2025-05-30,P0005,C00041,east,4.0,8621.09,0.0,34484.36
T104888,2024-02-07,P0039,C00004,east,1.0,14579.92,0.0,14579.92
T104526,2023-08-09,P0027,C00014,central,2.0,9818.49,0.0,19636.98
T103523,2023-03-19,P0006,C00168,north,3.0,7884.39,0.0,23653.17
T106414,2023-10-19,P0001,C00077,south,1.0,6017.98,0.15,5115.28
T103607,2023-08-24,P0020,C00199,central,2.0,4508.3,0.05,8565.77
T108589,2024-07-01,P0020,C00078,west,6.0,4508.3,0.0,27049.8
T105220,2025-07-10,P0003,C00051,east,11.0,10949.99,0.0,120449.89
T100234,2023-04-23,P0008,C00054,central,9.0,499.0,0.0,4491.0
T106392,2023-07-29,P0033,C00161,west,5.0,10082.29,0.1,45370.31
T103796,2025-05-15,P0015,C00007,central,4.0,4549.66,0.05,17288.71
T104118,2024-10-11,P0032,C00164,north,3.0,5656.65,0.0,16969.95
T105001,2024-01-10,P0010,C00153,central,9.0,8164.43,0.0,73479.87
T103800,2023-09-08,P0012,C00191,south,1.0,14484.04,0.0,14484.04
T106216,2023-10-16,P0013,C00011,east,4.0,9164.46,0.15,31159.16
T107405,2023-04-15,P0008,C00170,west,5.0,499.0,0.0,2495.0
T105024,2025-01-13,P0006,C00069,central,4.0,7884.39,0.15,26806.93
T101948,2025-08-30,P0018,C00058,east,6.0,6437.51,0.0,38625.06
T100470,2024-06-15,P0024,C00050,east,4.0,11884.11,0.0,47536.44
T107487,2023-11-29,P0023,C00096,central,9.0,10713.43,0.0,96420.87
T103492,2025-12-30,P0031,C00168,north,1.0,1566.84,0.0,1566.84
T102671,2023-03-24,P0008,C00150,east,7.0,499.0,0.0,3493.0
T108935,2023-11-24,P0033,C00001,west,6.0,10082.29,0.0,60493.74
T102224,2024-04-04,P0026,C00195,east,5.0,13905.57,0.0,69527.85
T101106,2023-08-18,P0012,C00041,east,1.0,14484.04,0.1,13035.64
T102188,2023-04-11,P0022,C00154,west,6.0,3102.81,0.0,18616.86
T100818,2025-07-18,P0017,C00134,east,6.0,382.2,0.0,2293.2
T104523,2024-10-14,P0011,C00005,east,10.0,8863.25,0.0,88632.5
T108450,2025-12-27,P0025,C00200,north,11.0,9148.51,0.0,100633.61
T107745,2024-04-24,P0004,C00115,east,4.0,4999.13,0.0,19996.52
T108037,2025-09-01,P0035,C00209,east,3.0,8930.77,0.0,26792.31
T108564,2025-02-07,P0007,C00233,west,2.0,14423.4,0.15,24519.78
T100888,2023-09-03,P0029,C00056,south,4.0,12773.07,0.0,51092.28
T102437,2024-03-01,P0039,C00147,north,2.0,14579.92,0.1,26243.86
T100817,2023-11-21,P0001,C00119,south,1.0,6017.98,0.0,6017.98
T107354,2025-09-30,P0034,C00042,central,6.0,10038.95,0.0,60233.7
T103414,2024-12-15,P0014,C00092,south,5.0,500.0,0.15,2125.0
T102341,2025-06-21,P0034,C00038,west,6.0,10038.95,0.15,51198.64
T108223,2024-11-29,P0004,C00199,central,7.0,4999.13,0.0,34993.91
T103167,2023-07-28,P0029,C00201,west,2.0,12773.07,0.05,24268.83
T107430,2025-09-15,P0004,C00049,east,8.0,4999.13,0.1,35993.74
T106621,2024-05-16,P0040,C00019,central,10.0,12756.37,0.0,127563.7
T101264,2023-04-24,P0024,C00188,north,3.0,11884.11,0.0,35652.33
T105086,2024-08-26,P0034,C00210,north,1.0,10038.95,0.0,10038.95
T105194,2023-11-22,P0012,C00190,north,8.0,14484.04,0.1,104285.09
T104449,2023-07-07,P0025,C00120,west,4.0,9148.51,0.1,32934.64
T104945,2023-08-23,P0030,C00135,north,7.0,6824.34,0.05,45381.86
T104045,2023-11-20,P0010,C00053,west,9.0,8164.43,0.1,66131.88
T107262,2025-09-25,P0023,C00191,south,1.0,10713.43,0.2,8570.74
T107087,2024-08-03,P0007,C00040,north,10.0,14423.4,0.1,129810.6
T101228,2023-03-04,P0006,C00098,east,4.0,7884.39,0.0,31537.56
T106332,2024-07-03,P0011,C00247,central,8.0,8863.25,0.0,70906.0
T100761,2024-02-16,P0039,C00172,central,6.0,14579.92,0.0,87479.52
T105141,2023-10-30,P0033,C00062,south,12.0,10082.29,0.0,120987.48
T100052,2023-08-26,P0040,C00220,west,5.0,12756.37,0.0,63781.85
T106536,2025-10-07,P0001,C00233,west,4.0,6017.98,0.0,24071.92
T107106,2025-11-20,P0018,C00238,west,9.0,6437.51,0.0,57937.59
T100159,2024-12-15,P0004,C00060,east,5.0,4999.13,0.0,24995.65
T106219,2025-07-05,P0007,C00011,east,4.0,14423.4,0.0,57693.6
T101587,2023-09-13,P0032,C00031,south,6.0,5656.65,0.1,30545.91
T101589,2025-05-24,P0020,C00148,north,3.0,4508.3,0.15,11496.16
T105828,2023-12-17,P0008,C00179,north,6.0,499.0,0.2,2395.2
T105441,2024-04-08,P0006,C00066,west,4.0,7884.39,0.05,29960.68
T106339,2024-11-26,P0026,C00064,north,10.0,13905.57,0.05,132102.92
T103858,2024-03-03,P0011,C00147,north,5.0,8863.25,0.1000001128254308,39884.62
T108034,2024-05-26,P0008,C00156,south,4.0,499.0,0.0,1996.0
T105520,2025-05-27,P0006,C00034,east,4.0,7884.39,0.0,31537.56
T102828,2024-08-21,P0024,C00196,east,3.0,11884.11,0.0,35652.33
T100436,2023-11-23,P0004,C00141,south,3.0,4999.13,0.05,14247.52
T108095,2025-05-13,P0018,C00089,east,7.0,6437.51,0.0,45062.57
T103878,2024-11-27,P0019,C00043,west,5.0,6013.99,0.05,28566.45
T101588,2023-05-15,P0005,C00150,north,5.0,8621.09,0.0,43105.45
T102780,2024-05-20,P0031,C00208,central,10.0,1566.84,0.05,14884.98
T108795,2024-10-31,P0007,C00047,central,7.0,14423.4,0.0,100963.8
T107416,2024-04-30,P0005,C00055,south,3.0,8621.09,0.2,20690.62
T107395,2025-12-04,P0034,C00152,north,9.0,10038.95,0.0,90350.55
T104727,2023-09-16,P0007,C00020,north,5.0,14423.4,0.0,72117.0
T100973,2023-11-18,P0011,C00014,central,4.0,8863.25,0.0,35453.0
T101238,2024-03-31,P0022,C00071,east,5.0,3102.81,0.1,13962.64
T102951,2025-07-27,P0013,C00163,central,2.0,9164.46,0.0,18328.92
T102342,2024-01-19,P0020,C00136,south,1.0,4508.3,0.0,4508.3
T108228,2025-07-11,P0013,C00058,east,3.0,9164.46,0.0,27493.38
T102158,2024-06-09,P0027,C00144,west,1.0,9818.49,0.0,9818.49
T105436,2025-10-29,P0009,C00216,south,3.0,11247.7,0.05,32055.95
T101497,2025-03-31,P0012,C00147,north,4.0,14484.04,0.0,57936.16
T104545,2024-06-09,P0012,C00220,central,2.0,14484.04,0.0,28968.08
T104257,2025-05-22,P0028,C00182,north,7.0,13737.15,0.05,91352.05
T102422,2025-09-28,P0029,C00187,north,8.0,12773.07,0.0,102184.56
T105185,2025-03-15,P0010,C00188,north,2.0,8164.43,0.2,13063.09
T100357,2023-07-17,P0039,C00011,east,4.0,14579.92,0.0,58319.68
T105242,2023-10-02,P0026,C00190,north,7.0,13905.57,0.2,77871.19
T108509,2023-07-10,P0039,C00094,south,5.0,14579.92,0.1,65609.64
T108419,2024-04-19,P0036,C00122,west,8.0,4229.62,0.0,33836.96
T102092,2024-11-29,P0019,C00167,east,3.0,6013.99,0.0,18041.97
T102015,2025-11-02,P0026,C00081,west,1.0,13905.57,0.1,12515.01
T108251,2023-04-25,P0006,C00218,central,1.0,7884.39,0.0,7884.39
T107333,2023-11-13,P0040,C00078,west,6.0,12756.37,0.0,76538.22
T100187,2024-02-03,P0018,C00148,north,6.0,6437.51,0.0,38625.06
T107458,2024-10-13,P0008,C00229,east,3.0,499.0,0.0,1497.0
T103655,2024-03-10,P0004,C00212,south,1.0,4999.13,0.0,4999.13
T103426,2024-12-28,P0007,C00210,north,8.0,14423.4,0.0,115387.2
T105930,2025-04-11,P0007,C00160,south,9.0,14423.4,0.0,129810.6
T101381,2024-07-14,P0014,C00038,west,6.0,500.0,0.0,3000.0
T106146,2024-08-23,P0029,C00158,east,2.0,12773.07,0.0,25546.14
T100413,2025-12-29,P0008,C00237,central,9.0,499.0,0.05,4266.45
T105037,2024-10-29,P0028,C00103,west,4.0,13737.15,0.15000000000000002,46706.31
T104897,2025-03-03,P0029,C00150,east,3.0,12773.07,0.05,36403.25
T103336,2024-08-12,P0034,C00101,east,3.0,10038.95,0.05,28611.01
T103606,2025-05-03,P0026,C00135,north,1.0,13905.57,0.05,13210.29
T103175,2025-10-06,P0029,C00042,central,3.0,12773.07,0.1,34487.29
T107327,2024-08-07,P0040,C00031,south,5.0,12756.37,0.0,63781.85
T108852,2024-09-17,P0030,C00083,south,4.0,6824.34,0.0,27297.36
T106427,2023-12-05,P0013,C00233,west,9.0,9164.46,0.0,82480.14
T100256,2025-02-08,P0025,C00179,north,6.0,9148.51,0.0,54891.06
T105825,2023-05-11,P0021,C00239,east,2.0,359.09,0.0,718.18
T100200,2023-11-25,P0010,C00070,west,11.0,8164.43,0.0,89808.73
T102235,2024-10-31,P0015,C00099,north,7.0,4549.66,0.1,28662.86
T104743,2023-09-30,P0035,C00112,south,7.0,8930.77,0.0,62515.39
T101767,2024-07-27,P0029,C00045,west,5.0,12773.07,0.2,51092.28
T104236,2025-06-04,P0040,C00047,central,4.0,12756.37,0.0,51025.48
T107197,2025-06-02,P0001,C00036,north,2.0,6017.98,0.0,12035.96
T101572,2024-07-02,P0027,C00134,east,1.0,9818.49,0.0,9818.49
T100024,2023-05-23,P0012,C00157,central,4.0,14484.04,0.0,57936.16
T107946,2023-04-09,P0028,C00049,east,5.0,13737.15,0.0,68685.75
T101088,2023-02-23,P0013,C00048,south,5.0,9164.46,0.0,45822.3
T104674,2023-06-18,P0040,C00141,south,2.0,12756.37,0.0,25512.74
T102694,2023-01-08,P0007,C00239,east,1.0,14423.4,0.0,14423.4
T106248,2025-03-20,P0004,C00145,north,1.0,4999.13,0.0,4999.13
T103398,2024-12-20,P0031,C00139,south,5.0,1566.84,0.0,7834.2
T103559,2024-06-30,P0014,C00203,west,6.0,500.0,0.0,3000.0
T108342,2024-05-23,P0013,C00010,south,5.0,9164.46,0.05,43531.18
T102841,2025-01-16,P0014,C00062,south,4.0,500.0,0.0,2000.0
T102311,2023-06-15,P0020,C00235,east,4.0,4508.3,0.05,17131.54
T107542,2025-06-25,P0032,C00244,south,4.0,5656.65,0.2,18101.28
T103234,2023-08-09,P0028,C00148,north,4.0,13737.15,0.0,54948.6
T104152,2025-02-10,P0031,C00025,south,5.0,1566.84,0.2,6267.36
T101309,2025-10-24,P0025,C00017,east,6.0,9148.51,0.0,54891.06
T100695,2023-03-17,P0028,C00139,south,8.0,13737.15,0.0,109897.2
T105503,2023-02-12,P0014,C00232,west,4.0,500.0,0.1,1800.0
T103752,2024-04-26,P0003,C00215,east,3.0,10949.99,0.0,32849.97
T101227,2025-01-23,P0012,C00117,west,3.0,14484.04,0.1,39106.91
T101999,2025-02-21,P0030,C00241,south,6.0,6824.34,0.0,40946.04
T100276,2023-12-28,P0026,C00085,central,10.0,13905.57,0.0,139055.7
T106603,2025-10-24,P0020,C00183,south,10.0,4508.3,0.2,36066.4
T105841,2023-11-07,P0035,C00129,central,5.0,8930.77,0.0,44653.85
T107963,2025-05-07,P0013,C00154,west,2.0,9164.46,0.0,18328.92
T103637,2023-01-25,P0037,C00158,east,2.0,8484.46,0.0,16968.92
T106811,2025-11-10,P0009,C00063,north,7.0,11247.7,0.0,78733.9
T104778,2024-01-23,P0024,C00013,central,2.0,11884.11,0.0,23768.22
T108843,2023-10-24,P0021,C00193,east,2.0,359.09,0.05,682.27
T104117,2025-11-04,P0007,C00186,north,7.0,14423.4,0.050000000000000024,95915.61
T105799,2025-05-23,P0019,C00046,south,3.0,6013.99,0.0,18041.97
T101137,2024-09-07,P0009,C00118,central,3.0,11247.7,0.0,33743.1
T102767,2023-09-30,P0023,C00227,central,3.0,10713.43,0.1,28926.26
T106747,2025-03-26,P0010,C00229,east,8.0,8164.43,0.0,65315.44
T106351,2025-12-15,P0006,C00104,south,9.0,7884.39,0.1,63863.56
T100942,2023-01-19,P0020,C00138,central,3.0,4508.3,0.05,12848.66
T106314,2025-04-29,P0019,C00090,south,1.0,6013.99,0.0,6013.99
T108102,2024-07-12,P0035,C00176,east,5.0,8930.77,0.0,44653.85
T104935,2023-05-17,P0037,C00078,west,4.0,8484.46,0.0,33937.84
T103935,2024-02-27,P0031,C00012,east,7.0,1566.84,0.2,8774.3
T105740,2025-07-31,P0026,C00095,central,8.0,13905.57,0.0,111244.56
T102384,2025-02-09,P0032,C00125,north,6.0,5656.65,0.0,33939.9
T100115,2025-01-11,P0009,C00143,south,1.0,11247.7,0.0,11247.7
T107034,2023-11-26,P0024,C00156,south,9.0,11884.11,0.0,106956.99
T102250,2025-07-06,P0017,C00203,west,7.0,382.2,0.0,2675.4
T103119,2025-05-19,P0010,C00132,central,6.0,8164.43,0.0,48986.58
T104258,2023-10-10,P0014,C00131,west,2.0,500.0,0.0,1000.0
T105533,2024-06-14,P0016,C00060,west,6.0,2604.21,0.0,15625.26
T108426,2024-08-13,P0036,C00220,south,4.0,4229.62,0.0,16918.48
T102819,2023-04-18,P0028,C00075,east,5.0,13737.15,0.0,68685.75
T103822,2024-04-18,P0034,C00184,west,7.0,10038.95,0.1,63245.39
T108280,2025-09-28,P0004,C00130,east,3.0,4999.13,0.0,14997.39
T104699,2023-01-17,P0033,C00147,north,5.0,10082.29,0.0,50411.45
T108056,2024-05-03,P0016,C00118,south,1.0,2604.21,0.0,2604.21
T103802,2025-05-05,P0031,C00228,south,4.0,1566.84,0.1,5640.62
T103536,2023-03-25,P0021,C00018,central,3.0,359.09,0.0,1077.27
T103825,2025-08-17,P0023,C00057,east,4.0,10713.43,0.0,42853.72
T107573,2023-10-11,P0014,C00108,west,7.0,500.0,0.0,3500.0
T107502,2025-06-26,P0002,C00152,north,4.0,13910.88,0.0,55643.52
T104810,2025-01-22,P0002,C00016,west,3.0,13910.88,0.05,39646.01
T101946,2023-03-31,P0037,C00121,east,1.0,8484.46,0.0,8484.46
T106466,2025-03-03,P0021,C00239,east,4.0,359.09,0.0,1436.36
T105888,2024-11-07,P0013,C00119,south,14.0,9164.46,0.05,121887.32
T105335,2024-04-15,P0014,C00227,central,5.0,500.0,0.1,2250.0
T103488,2024-03-17,P0002,C00063,north,2.0,13910.88,0.0,27821.76
T101610,2025-03-13,P0028,C00165,west,7.0,13737.15,0.15,81736.04
T107338,2025-05-14,P0008,C00002,west,11.0,499.0,0.0,5489.0
T105823,2025-06-23,P0011,C00018,central,1.0,8863.25,0.0,8863.25
T104677,2024-05-30,P0022,C00232,west,7.0,3102.81,0.2,17375.74
T104959,2024-02-09,P0021,C00111,north,2.0,359.09,0.05,682.27
T107808,2025-05-24,P0005,C00029,east,4.0,8621.09,0.0,34484.36
T104761,2025-05-09,P0020,C00065,east,4.0,4508.3,0.0,18033.2
T102194,2025-06-15,P0014,C00065,east,1.0,500.0,0.1,450.0
T106592,2024-09-30,P0019,C00060,west,5.0,6013.99,0.0,30069.95
T105113,2023-05-08,P0002,C00249,west,2.0,13910.88,0.0,27821.76
T100557,2024-12-25,P0003,C00181,south,5.0,10949.99,0.0,54749.95
T106643,2024-10-08,P0038,C00051,east,12.0,5836.46,0.0,70037.52
T107678,2023-03-29,P0025,C00200,north,2.0,9148.51,0.1,16467.32
T101207,2025-06-04,P0029,C00040,north,6.0,12773.07,0.0,76638.42
T107133,2023-12-14,P0004,C00103,west,4.0,4999.13,0.0,19996.52
T106379,2023-03-10,P0034,C00053,west,2.0,10038.95,0.1,18070.11
T101510,2025-12-27,P0024,C00210,north,1.0,11884.11,0.1,10695.7
T103829,2024-07-12,P0015,C00007,central,1.0,4549.66,0.0,4549.66
T103732,2025-09-16,P0008,C00128,south,6.0,499.0,0.0,2994.0
T106558,2025-10-09,P0005,C00118,central,6.0,8621.09,0.0,51726.54
T103211,2023-10-18,P0011,C00200,north,5.0,8863.25,0.0,44316.25
T103630,2025-04-04,P0010,C00193,east,7.0,8164.43,0.0,57151.01
T101141,2024-09-01,P0033,C00234,east,4.0,10082.29,0.05,38312.7
T107399,2025-12-24,P0019,C00089,east,7.0,6013.99,0.0,42097.93
T100266,2024-02-25,P0008,C00226,west,1.0,499.0,0.0,499.0
T101140,2023-06-06,P0016,C00005,east,1.0,2604.21,0.0,2604.21
T103162,2025-04-22,P0017,C00198,west,7.0,382.2,0.0,2675.4
T107277,2024-01-13,P0028,C00156,south,1.0,13737.15,0.15,11676.58
T103730,2024-10-24,P0017,C00202,south,6.0,382.2,0.15,1949.22
T101909,2025-06-19,P0002,C00157,central,7.0,13910.88,0.0,97376.16
T106021,2024-09-28,P0029,C00051,east,2.0,12773.07,0.0,25546.14
T102660,2023-04-19,P0020,C00072,west,8.0,4508.3,0.0,36066.4
T100656,2024-05-28,P0006,C00151,east,4.0,7884.39,0.0,31537.56
T107799,2024-08-02,P0026,C00091,central,2.0,13905.57,0.0,27811.14
T106455,2024-08-24,P0018,C00107,east,2.0,6437.51,0.0,12875.02
T100998,2023-06-09,P0005,C00225,south,6.0,8621.09,0.1,46553.89
T106115,2025-08-29,P0034,C00208,central,4.0,10038.95,0.0,40155.8
T102834,2024-08-29,P0037,C00075,east,3.0,8484.46,0.15,21635.37
T108359,2023-01-06,P0017,C00200,north,3.0,382.2,0.0,1146.6
T101237,2023-11-18,P0033,C00182,north,1.0,10082.29,0.0,10082.29
T102151,2025-08-10,P0015,C00107,east,2.0,4549.66,0.1,8189.39
T106526,2023-01-24,P0019,C00164,north,2.0,6013.99,0.0,12027.98
T107938,2023-09-04,P0017,C00167,east,4.0,382.2,0.0,1528.8
T105091,2023-08-09,P0040,C00022,north,5.0,12756.37,0.0,63781.85
T102186,2023-06-26,P0013,C00094,south,4.0,9164.46,0.0,36657.84
T101134,2025-04-12,P0040,C00119,south,7.0,12756.37,0.1,80365.13
T105004,2023-08-19,P0014,C00095,central,3.0,500.0,0.0,1500.0
T101303,2024-02-25,P0032,C00001,west,4.0,5656.65,0.05,21495.27
T101627,2025-04-27,P0027,C00150,east,3.0,9818.49,0.0,29455.47
T106480,2025-12-29,P0002,C00233,west,5.0,13910.88,0.0,69554.4
T101522,2023-02-23,P0017,C00021,central,1.0,382.2,0.0,382.2
T108944,2023-06-28,P0038,C00152,north,3.0,5836.46,0.1,15758.44
T100358,2024-10-21,P0011,C00137,south,3.0,8863.25,0.0,26589.75
T100138,2024-06-29,P0033,C00006,east,1.0,10082.29,0.0,10082.29
T100299,2025-11-03,P0040,C00029,east,1.0,12756.37,0.2,10205.1
T101556,2024-08-11,P0015,C00092,south,3.0,4549.66,0.05,12966.53
T105099,2023-06-10,P0009,C00184,east,7.0,11247.7,1.8482401136444213e-16,78733.9
T100382,2023-12-22,P0010,C00017,east,7.0,8164.43,0.05,54293.46
T107965,2024-12-21,P0018,C00094,south,5.0,6437.51,0.0,32187.55
T105733,2024-09-21,P0007,C00152,north,5.0,14423.4,0.0,72117.0
T104857,2023-05-11,P0003,C00134,east,8.0,10949.99,0.0,87599.92
T107998,2025-03-15,P0033,C00202,central,3.0,10082.29,0.0,30246.87
T107306,2023-10-03,P0012,C00122,west,2.0,14484.04,0.05,27519.68
T105885,2025-05-20,P0006,C00044,south,2.0,7884.39,0.0,15768.78
T108132,2025-05-18,P0032,C00077,south,1.0,5656.65,0.0,5656.65
T108304,2024-01-03,P0028,C00159,north,3.0,13737.15,0.0,41211.45
T105498,2025-06-08,P0030,C00168,north,1.0,6824.34,0.0,6824.34
T105837,2025-04-01,P0037,C00142,central,1.0,8484.46,0.15,7211.79
T108410,2025-09-05,P0012,C00234,east,4.0,14484.04,0.0,57936.16
T102721,2023-07-30,P0036,C00111,north,3.0,4229.62,0.0,12688.86
T101932,2025-07-31,P0017,C00039,north,7.0,382.2,0.1,2407.86
T106109,2025-05-04,P0008,C00050,east,3.0,499.0,0.1,1347.3
T103236,2024-06-13,P0013,C00118,central,2.0,9164.46,0.0,18328.92
T103140,2023-03-19,P0014,C00088,south,4.0,500.0,0.0,2000.0
T104163,2025-12-05,P0014,C00038,west,9.0,500.0,0.0,4500.0
T108005,2023-04-03,P0038,C00249,west,3.0,5836.46,0.0,17509.38
T103807,2023-02-28,P0027,C00007,central,1.0,9818.49,0.0,9818.49
T108640,2024-09-16,P0029,C00099,north,6.0,12773.07,0.0,76638.42
T105761,2025-02-19,P0011,C00222,central,5.0,8863.25,0.0,44316.25
T104154,2025-10-23,P0030,C00149,north,10.0,6824.34,0.1,61419.06
T104172,2025-06-15,P0038,C00006,east,4.0,5836.46,0.1,21011.26
T100796,2025-04-26,P0023,C00094,south,11.0,10713.43,0.0,117847.73
T102416,2024-03-29,P0023,C00076,central,2.0,10713.43,5.0,20355.52
T100785,2024-07-27,P0029,C00075,east,4.0,12773.07,0.0,51092.28
T103158,2023-01-01,P0008,C00220,west,4.0,499.0,0.0,1996.0
T100123,2024-05-07,P0001,C00146,central,7.0,6017.98,0.05,40019.57
T102172,2025-04-01,P0037,C00170,west,2.0,8484.46,0.1,15272.03
T107269,2023-01-24,P0022,C00198,west,5.0,3102.81,0.0,15514.05
T101903,2023-07-30,P0018,C00234,east,4.0,6437.51,0.05,24462.54
T108473,2025-07-25,P0029,C00080,north,4.0,12773.07,0.0,51092.28
T104340,2024-01-19,P0026,C00155,west,1.0,13905.57,10.0,12515.01
T100910,2025-08-31,P0024,C00140,west,1.0,11884.11,0.05,11289.9
T102309,2024-08-24,P0008,C00237,central,4.0,499.0,0.0,1996.0
T108804,2023-07-24,P0037,C00234,east,8.0,8484.46,0.0,67875.68
T103634,2023-04-20,P0009,C00191,south,2.0,11247.7,0.0,22495.4
T101257,2023-10-01,P0022,C00222,central,4.0,3102.81,0.0,12411.24
T104458,2023-04-10,P0036,C00113,east,3.0,4229.62,0.05,12054.42
T101178,2023-01-15,P0012,C00115,east,3.0,14484.04,0.0,43452.12
T104652,2023-01-16,P0035,C00099,north,5.0,8930.77,0.0,44653.85
T103650,2024-06-13,P0021,C00071,east,5.0,359.09,0.1,1615.9
T100442,2023-01-28,P0007,C00162,north,5.0,14423.4,0.0,72117.0
T107712,2025-01-11,P0033,C00105,west,3.0,10082.29,0.1,27222.18
T101399,2025-07-13,P0009,C00198,west,3.0,11247.7,0.15,28681.64
T101457,2023-08-06,P0021,C00022,north,6.0,359.09,0.0,2154.54
T106193,2023-03-08,P0009,C00023,west,3.0,11247.7,0.0,33743.1
T101054,2025-03-20,P0016,C00061,west,4.0,2604.21,0.15,8854.31
T105593,2025-06-12,P0040,C00154,west,7.0,12756.37,0.0,89294.59
T103275,2024-08-04,P0032,C00126,west,6.0,5656.65,0.0,33939.9
T107920,2024-12-01,P0036,C00122,west,2.0,4229.62,0.0,8459.24
T103699,2025-09-23,P0009,C00146,central,1.0,11247.7,0.0,11247.7
T103759,2025-12-01,P0021,C00056,south,9.0,359.09,0.05,3070.22
T100929,2025-07-31,P0011,C00147,north,4.0,8863.25,0.15,30135.05
T107358,2023-04-03,P0022,C00205,north,5.0,3102.81,0.0,15514.05
T107801,2023-11-17,P0025,C00038,west,8.0,9148.51,0.0,73188.08
T101829,2024-11-15,P0032,C00075,north,7.0,5656.65,0.0,39596.55
T102928,2025-06-22,P0021,C00115,east,1.0,359.09,0.0,359.09
T105723,2024-09-19,P0001,C00150,east,6.0,6017.98,0.0,36107.88
T104221,2024-09-20,P0018,C00031,south,2.0,6437.51,0.0,12875.02
T103546,2023-07-11,P0037,C00036,north,5.0,8484.46,0.0,42422.3
T108091,2024-10-09,P0007,C00157,central,6.0,14423.4,0.1,77886.36
T106030,2023-03-15,P0005,C00008,south,7.0,8621.09,0.0,60347.63
T106688,2024-10-20,P0032,C00064,north,6.0,5656.65,0.05,32242.9
T102011,2024-10-11,P0006,C00155,west,3.0,7884.39,0.0,23653.17
T107625,2023-01-20,P0027,C00036,north,1.0,9818.49,0.1,8836.64
T106844,2025-01-16,P0004,C00158,east,1.0,4999.13,0.0,4999.13
T103219,2023-05-10,P0032,C00032,north,9.0,5656.65,0.1,45818.86
T102606,2023-12-29,P0035,C00079,south,4.0,8930.77,0.0,35723.08
T103264,2024-03-01,P0032,C00138,central,3.0,5656.65,0.0,16969.95
T104928,2023-10-16,P0021,C00170,west,4.0,359.09,0.0,1436.36
T107606,2025-05-23,P0011,C00001,west,2.0,8863.25,0.0,17726.5
T106691,2024-01-02,P0038,C00239,east,2.0,5836.46,0.1,10505.63
T100006,2025-10-09,P0032,C00223,central,5.0,5656.65,0.0,28283.25
T102980,2023-03-06,P0015,C00162,north,4.0,4549.66,0.1,16378.78
T103361,2023-01-27,P0029,C00247,north,1.0,12773.07,0.0,12773.07
T104774,2024-06-24,P0001,C00092,south,4.0,6017.98,0.0,24071.92
T101943,2024-06-15,P0021,C00183,south,3.0,359.09,0.0,1077.27
T107413,2024-02-10,P0018,C00188,north,9.0,6437.51,0.0,57937.59
T105499,2025-03-03,P0019,C00008,south,9.0,6013.99,0.05,51419.61
T101635,2024-06-30,P0029,C00112,south,8.0,12773.07,0.1,91966.1
T108702,2025-01-19,P0016,C00091,central,2.0,2604.21,0.0,5208.42
T106445,2025-12-07,P0014,C00129,central,7.0,500.0,0.0,3500.0
T103134,2023-05-14,P0010,C00206,north,5.0,8164.43,0.2,32657.72
T105160,2023-08-22,P0004,C00056,south,5.0,4999.13,0.0,24995.65
T108796,2024-11-28,P0023,C00203,west,5.0,10713.43,0.0,53567.15
T106906,2024-09-26,P0036,C00195,east,5.0,4229.62,0.1,19033.29
T102242,2023-10-21,P0018,C00191,south,7.0,6437.51,0.0,45062.57
T101474,2024-10-30,P0022,C00244,south,6.0,3102.81,0.05,17686.02
T107465,2024-04-18,P0015,C00169,central,3.0,4549.66,0.0,13648.98
T101889,2023-07-26,P0023,C00017,east,4.0,10713.43,0.0,42853.72
T103435,2023-06-17,P0019,C00030,north,1.0,6013.99,0.0,6013.99
T106258,2023-03-30,P0026,C00249,west,6.0,13905.57,0.0,83433.42
T107412,2025-03-31,P0031,C00195,east,3.0,1566.84,0.2,3760.42
T103705,2023-11-25,P0039,C00150,east,8.0,14579.92,0.15,99143.46
T102021,2023-01-31,P0014,C00110,east,3.0,500.0,0.0,1500.0
T104020,2024-12-10,P0021,C00062,south,1.0,359.09,0.0,359.09
T107903,2024-09-11,P0032,C00088,south,5.0,5656.65,0.1,25454.92
T108830,2025-12-27,P0027,C00118,central,1.0,9818.49,0.0,9818.49
T107742,2025-02-04,P0038,C00224,central,8.0,5836.46,0.0,46691.68
T102658,2024-07-09,P0028,C00214,central,3.0,13737.15,0.0,41211.45
T101130,2025-02-14,P0039,C00193,east,4.0,14579.92,0.0,58319.68
T105557,2023-11-26,P0012,C00145,north,6.0,14484.04,0.1,78213.82
T108802,2023-01-15,P0017,C00058,east,4.0,382.2,0.0,1528.8
T101819,2024-10-19,P0003,C00119,south,9.0,10949.99,0.2,78839.93
T106206,2025-07-18,P0030,C00053,west,4.0,6824.34,0.0,27297.36
T106161,2023-10-21,P0011,C00234,east,9.0,8863.25,0.0,79769.25
T104318,2023-03-10,P0016,C00154,west,7.0,2604.21,0.0,18229.47
T104144,2024-07-13,P0030,C00199,central,1.0,6824.34,0.0,6824.34
T104669,2025-09-18,P0022,C00224,central,4.0,3102.81,0.0,12411.24
T101236,2025-05-21,P0012,C00176,east,11.0,14484.04,0.0,159324.44
T105476,2025-04-01,P0010,C00166,central,2.0,8164.43,0.0,16328.86
T108970,2023-09-20,P0015,C00117,west,3.0,4549.66,0.1,12284.08
T101856,2023-04-14,P0034,C00007,central,5.0,10038.95,0.0,50194.75
T102282,2025-04-23,P0007,C00016,west,7.0,14423.4,0.1,90867.42
T106826,2023-10-19,P0036,C00057,east,9.0,4229.62,0.0,38066.58
T108496,2025-02-25,P0010,C00103,west,3.0,8164.43,0.0,24493.29
T104093,2025-12-25,P0008,C00074,east,7.0,499.0,0.0,3493.0
T105831,2024-05-24,P0003,C00065,east,4.0,10949.99,0.1,39419.96
T105200,2024-03-30,P0026,C00189,north,3.0,13905.57,0.05,39630.87
T103421,2024-03-04,P0028,C00159,north,4.0,13737.15,0.0,54948.6
T100386,2025-07-19,P0022,C00166,central,6.0,3102.81,0.0,18616.86
T101628,2023-04-07,P0035,C00016,west,3.0,8930.77,0.0,26792.31
T103585,2025-02-12,P0009,C00016,west,7.0,11247.7,0.0,78733.9
T106101,2024-08-29,P0018,C00010,south,3.0,6437.51,0.0,19312.53
T102714,2024-09-18,P0034,C00250,north,5.0,10038.95,0.0,50194.75
T107839,2024-12-18,P0016,C00031,south,6.0,2604.21,0.0,15625.26
T107169,2025-11-08,P0007,C00201,west,5.0,14423.4,0.1,64905.3
T108497,2025-06-28,P0036,C00145,north,4.0,4229.62,0.2,13534.78
T103189,2025-09-10,P0034,C00162,north,4.0,10038.95,0.05,38148.01
T107850,2024-08-18,P0013,C00141,south,3.0,9164.46,0.2,21994.7
T104305,2025-09-28,P0004,C00182,north,6.0,4999.13,0.05,28495.04
T100909,2024-05-13,P0010,C00097,west,3.0,8164.43,0.1,22043.96
T105385,2024-12-16,P0006,C00120,west,6.0,7884.39,0.0,47306.34
T107601,2024-08-07,P0021,C00107,central,4.0,359.09,0.1,1292.72
T101866,2024-04-24,P0002,C00185,central,1.0,13910.88,0.05,13215.34
T101842,2024-01-27,P0025,C00091,central,4.0,9148.51,0.1,32934.64
T102497,2025-03-06,P0035,C00247,north,3.0,8930.77,0.2,21433.85
T100201,2025-08-19,P0004,C00133,east,7.0,4999.13,0.05,33244.21
T108211,2024-09-03,P0021,C00033,north,1.0,359.09,0.0,359.09
T107612,2025-03-25,P0009,C00125,east,4.0,11247.7,0.05,42741.26
T105054,2023-09-11,P0022,C00007,central,1.0,3102.81,0.0,3102.81
T104006,2024-01-15,P0001,C00015,south,8.0,6017.98,0.2,38515.07
T102702,2023-08-31,P0040,C00137,south,5.0,12756.37,0.0,63781.85
T103449,2023-06-06,P0014,C00229,east,4.0,500.0,0.05,1900.0
T100331,2023-06-11,P0017,C00184,east,6.0,382.2,0.0,2293.2
T106201,2023-05-11,P0018,C00234,east,4.0,6437.51,0.1,23175.04
T108136,2024-04-28,P0014,C00226,west,1.0,500.0,0.0,500.0
T106719,2023-05-07,P0036,C00117,west,6.0,4229.62,0.0,25377.72
T105918,2023-01-10,P0028,C00047,central,4.0,13737.15,0.0,54948.6
T102459,2023-02-23,P0029,C00011,east,2.0,12773.07,0.0,25546.14
T101774,2024-07-14,P0007,C00033,north,1.0,14423.4,0.0,14423.4
T106260,2024-08-12,P0027,C00207,central,1.0,9818.49,0.0,9818.49
T106579,2025-06-08,P0018,C00250,north,2.0,6437.51,0.0,12875.02
T102686,2023-02-23,P0021,C00191,south,5.0,359.09,0.0,1795.45
T108333,2024-05-12,P0035,C00187,north,6.0,8930.77,0.1,48226.16
T108312,2025-07-18,P0003,C00090,south,4.0,10949.99,0.0,43799.96
T105804,2023-11-13,P0022,C00051,east,6.0,3102.81,0.0,18616.86
T107019,2023-08-06,P0024,C00107,east,3.0,11884.11,0.1,32087.1
T107635,2025-10-10,P0005,C00145,north,6.0,8621.09,0.1,46553.89
T107744,2024-12-29,P0032,C00082,east,10.0,5656.65,0.1,50909.85
T107682,2025-08-24,P0012,C00109,north,3.0,14484.04,0.0,43452.12
T107180,2025-09-12,P0013,C00036,north,6.0,9164.46,0.1,49488.08
T107565,2025-07-20,P0038,C00091,central,4.0,5836.46,0.0,23345.84
T105462,2023-07-07,P0037,C00054,central,5.0,8484.46,0.0,42422.3
T100173,2023-03-28,P0004,C00121,east,4.0,4999.13,0.0,19996.52
T106851,2025-05-07,P0009,C00152,north,6.0,11247.7,0.1,60737.58
T104615,2024-06-22,P0017,C00015,south,3.0,382.2,0.0,1146.6
T103321,2024-05-06,P0007,C00055,south,3.0,14423.4,0.15,36779.67
T105829,2023-06-29,P0005,C00073,south,7.0,8621.09,0.0,60347.63
T103372,2025-03-16,P0008,C00239,east,8.0,499.0,0.1,3592.8
T103311,2024-07-22,P0006,C00189,north,3.0,7884.39,0.1,21287.85
T106914,2023-06-30,P0007,C00085,central,8.0,14423.4,0.0,115387.2
T106250,2024-04-17,P0017,C00089,east,5.0,382.2,0.05,1815.45
T107876,2023-09-22,P0032,C00207,central,6.0,5656.65,0.0,33939.9
T106716,2023-10-24,P0020,C00124,west,2.0,4508.3,0.0,9016.6
T104679,2023-03-01,P0036,C00089,east,5.0,4229.62,0.0,21148.1
T103403,2023-10-11,P0015,C00111,north,5.0,4549.66,0.0,22748.3
T100018,2025-08-26,P0035,C00117,west,4.0,8930.77,0.15,30364.62
T103691,2025-08-28,P0020,C00011,south,4.0,4508.3,0.2,14426.56
T107594,2024-05-01,P0040,C00027,north,5.0,12756.37,0.2,51025.48
T104096,2024-02-20,P0022,C00185,central,7.0,3102.81,0.1,19547.7
T103628,2025-11-07,P0013,C00028,central,7.0,9164.46,0.0,64151.22
T107955,2023-10-27,P0019,C00250,north,1.0,6013.99,0.0,6013.99
T102174,2023-05-19,P0029,C00096,central,1.0,12773.07,0.0,12773.07
T101356,2024-12-26,P0021,C00112,south,5.0,359.09,0.0,1795.45
T105002,2025-10-15,P0003,C00153,central,8.0,10949.99,0.0,87599.92
T106086,2024-08-21,P0016,C00009,central,3.0,2604.21,0.15,6640.74
T108663,2023-06-15,P0012,C00216,south,4.0,14484.04,0.0,57936.16
T105670,2024-12-05,P0036,C00143,south,1.0,4229.62,0.05,4018.14
T103112,2023-11-20,P0011,C00061,west,8.0,8863.25,0.0,70906.0
T100182,2023-05-28,P0040,C00235,east,3.0,12756.37,0.05,36355.65
T107850,2024-08-18,P0013,C00141,south,3.0,9164.46,0.2,21994.7
T107948,2024-09-06,P0005,C00134,east,2.0,8621.09,0.2,13793.74
T101812,2024-01-30,P0009,C00081,west,1.0,11247.7,0.1,10122.93
T108199,2025-12-29,P0017,C00169,central,7.0,382.2,0.0,2675.4
T107276,2024-05-03,P0027,C00035,central,2.0,9818.49,0.0,19636.98
T104912,2025-02-01,P0023,C00200,north,2.0,10713.43,0.0,21426.86
T105668,2023-09-03,P0014,C00063,north,6.0,500.0,0.0,3000.0
T107382,2024-10-29,P0007,C00210,north,3.0,14423.4,0.0,43270.2
T101800,2023-09-24,P0025,C00042,central,2.0,9148.51,0.0,18297.02
T102429,2024-12-14,P0018,C00140,west,8.0,6437.51,0.0,51500.08
T105482,2023-11-13,P0039,C00117,west,11.0,14579.92,0.15,136322.25
T107760,2025-06-14,P0022,C00216,south,9.0,3102.81,0.1000000358098341,25132.76
T106182,2024-12-17,P0005,C00071,east,1.0,8621.09,0.0,8621.09
T101968,2025-08-12,P0006,C00191,south,3.0,7884.39,0.0,23653.17
T107217,2025-10-01,P0037,C00236,east,6.0,8484.46,0.1,45816.08
T106700,2024-11-13,P0034,C00012,east,8.0,10038.95,0.0,80311.6
T106209,2023-05-01,P0035,C00168,north,3.0,8930.77,0.0,26792.31
T104987,2025-06-18,P0018,C00160,south,4.0,6437.51,0.0,25750.04
T108894,2025-11-03,P0014,C00071,east,1.0,500.0,0.0,500.0
T104650,2023-07-31,P0023,C00214,central,5.0,10713.43,0.0,53567.15
T101159,2024-03-31,P0025,C00102,central,10.0,9148.51,0.0,91485.1
T101213,2024-09-10,P0008,C00052,east,10.0,499.0,0.0,4990.0
T106045,2023-01-17,P0008,C00144,west,3.0,499.0,0.2,1197.6
T101325,2024-01-26,P0028,C00072,west,2.0,13737.15,0.0,27474.3
T107603,2023-08-20,P0023,C00095,central,3.0,10713.43,0.0,32140.29
T106246,2024-01-19,P0010,C00135,north,3.0,8164.43,0.1,22043.96
T104796,2023-10-22,P0020,C00165,west,5.0,4508.3,0.2,18033.2
T101455,2023-12-27,P0008,C00206,north,9.0,499.0,0.0,4491.0
T105410,2024-11-30,P0031,C00158,east,3.0,1566.84,0.0,4700.52
T105883,2024-08-23,P0036,C00125,north,2.0,4229.62,0.15,7190.35
T107155,2024-06-13,P0013,C00160,south,4.0,9164.46,0.2,29326.27
T104962,2023-04-25,P0022,C00074,east,2.0,3102.81,0.0,6205.62
T107691,2025-04-19,P0033,C00247,north,7.0,10082.29,0.0,70576.03
T101644,2024-04-15,P0013,C00050,east,5.0,9164.46,0.0,45822.3
T102140,2024-01-19,P0035,C00249,west,4.0,8930.77,0.0,35723.08
T104536,2025-11-01,P0019,C00135,north,1.0,6013.99,0.0,6013.99
T104457,2024-08-19,P0031,C00143,south,8.0,1566.84,0.0,12534.72
T108118,2023-09-16,P0012,C00133,east,5.0,14484.04,0.0,72420.2
T105586,2025-12-12,P0011,C00234,east,5.0,8863.25,0.1,39884.62
T104378,2023-06-06,P0025,C00108,west,2.0,9148.51,0.1,16467.32
T100729,2023-08-21,P0013,C00124,west,1.0,9164.46,0.0,9164.46
T104357,2025-01-24,P0019,C00195,east,4.0,6013.99,0.0,24055.96
T106839,2023-09-11,P0029,C00026,north,7.0,12773.07,0.0,89411.49
T101936,2024-10-15,P0013,C00113,east,10.0,9164.46,0.15,77897.91
T103793,2024-11-12,P0015,C00008,north,3.0,4549.66,0.05,12966.53
T103736,2024-07-09,P0037,C00173,central,5.0,8484.46,0.2,33937.84
T102261,2025-05-21,P0004,C00193,east,1.0,4999.13,0.0,4999.13
T107181,2023-01-14,P0020,C00247,north,3.0,4508.3,0.0,13524.9
T101110,2023-04-14,P0035,C00055,south,2.0,8930.77,0.0,17861.54
T108165,2023-09-05,P0032,C00156,south,5.0,5656.65,0.0,28283.25
T102998,2024-10-07,P0032,C00066,west,4.0,5656.65,0.0,22626.6
T102394,2024-03-28,P0013,C00108,west,2.0,9164.46,0.2,14663.14
T101185,2024-12-14,P0025,C00165,west,8.0,9148.51,0.15,62209.87
T102007,2025-06-22,P0018,C00165,west,3.0,6437.51,0.1,17381.28
T100193,2023-12-16,P0029,C00013,central,10.0,12773.07,0.0,127730.7
T105611,2025-04-05,P0002,C00030,north,3.0,13910.88,0.0,41732.64
T108029,2024-10-10,P0005,C00202,central,3.0,8621.09,0.2,20690.62
T100578,2023-10-16,P0034,C00153,central,2.0,10038.95,0.1,18070.11
T105525,2024-08-24,P0028,C00238,west,2.0,13737.15,0.0,27474.3
T100771,2023-07-29,P0019,C00038,west,7.0,6013.99,0.1,37888.14
T102395,2023-12-16,P0007,C00218,central,7.0,14423.4,0.05,95915.61
T101478,2025-07-08,P0016,C00092,south,3.0,2604.21,0.05,7422.0
T101846,2025-12-29,P0025,C00081,west,7.0,9148.51,0.0,64039.57
T108298,2024-03-19,P0015,C00022,north,4.0,4549.66,0.05,17288.71
T104274,2023-07-23,P0039,C00145,north,2.0,14579.92,0.05,27701.85
T103740,2025-05-23,P0024,C00034,east,6.0,11884.11,0.0,71304.66
T104600,2023-08-03,P0018,C00180,central,1.0,6437.51,0.1,5793.76
T106452,2023-02-12,P0021,C00230,east,7.0,359.09,0.0,2513.63
T106687,2024-11-06,P0003,C00074,east,7.0,10949.99,0.0,76649.93
T104915,2023-08-13,P0006,C00009,central,2.0,7884.39,0.0,15768.78
T102073,2025-04-24,P0039,C00162,north,6.0,14579.92,0.0,87479.52
T104754,2024-05-22,P0027,C00068,north,4.0,9818.49,0.0,39273.96
T101896,2024-01-18,P0020,C00071,east,2.0,4508.3,0.0,9016.6
T107401,2025-11-19,P0026,C00181,south,9.0,13905.57,0.0,125150.13
T103659,2024-09-13,P0011,C00249,west,5.0,8863.25,0.05,42100.44
T102379,2024-08-05,P0035,C00223,central,4.0,8930.77,0.0,35723.08
T101447,2023-08-03,P0036,C00121,east,5.0,4229.62,0.0,21148.1
T100342,2025-05-17,P0040,C00191,south,2.0,12756.37,0.0,25512.74
T105127,2025-04-17,p0035 ,C00075,east,6.0,8930.77,0.0,53584.62
T103136,2024-11-16,P0023,C00248,north,7.0,10713.43,0.15,63744.91
T102527,2024-10-14,P0020,C00158,east,15.0,4508.3,0.2,54099.6
T100727,2024-09-09,P0014,C00094,south,2.0,500.0,0.05,950.0
T104577,2025-12-04,P0005,C00115,east,1.0,8621.09,0.0,8621.09
T100976,2023-07-03,P0029,C00106,west,3.0,12773.07,0.0,38319.21
T107097,2023-06-08,P0016,C00083,south,5.0,2604.21,0.0,13021.05
T105443,2023-06-18,P0040,C00158,east,3.0,12756.37,0.0,38269.11
T103516,2023-03-28,P0022,C00219,west,1.0,3102.81,0.0,3102.81
T106572,2025-12-19,P0001,C00030,north,5.0,6017.98,0.05,28585.4
T108924,2024-08-17,P0036,C00102,central,3.0,4229.62,0.0,12688.86
T103940,2023-07-23,P0021,C00231,north,3.0,359.09,0.0,1077.27
T101299,2025-12-07,P0014,C00084,north,3.0,500.0,0.2,1200.0
T108902,2025-03-09,P0032,C00025,south,3.0,5656.65,0.0,16969.95
T101348,2023-02-01,P0019,C00034,east,4.0,6013.99,0.1,21650.36
T100660,2025-12-21,P0006,C00144,west,9.0,7884.39,0.0,70959.51
T101492,2023-09-15,P0038,C00243,west,1.0,5836.46,0.1,5252.81
T106770,2023-01-29,P0040,C00223,central,1.0,12756.37,0.05,12118.55
T108478,2024-11-09,P0030,C00037,south,3.0,6824.34,0.1,18425.72
T108672,2024-09-17,P0028,C00122,west,1.0,13737.15,0.0,13737.15
T105154,2025-02-27,P0040,C00133,east,2.0,12756.37,0.0,25512.74
T102315,2024-03-04,P0027,C00036,north,1.0,9818.49,0.0,9818.49
T108763,2025-06-02,P0008,C00208,central,1.0,499.0,0.0,499.0
T108730,2025-07-17,P0015,C00095,central,3.0,4549.66,0.0,13648.98
T101085,2023-08-15,P0013,C00099,north,4.0,9164.46,0.0,36657.84
T102524,2023-02-14,P0016,C00183,south,3.0,2604.21,0.0,7812.63
T107260,2024-12-30,P0020,C00197,south,10.0,4508.3,0.0,45083.0
T105374,2023-04-20,P0026,C00192,central,8.0,13905.57,0.0,111244.56
T103198,2024-05-16,P0013,C00230,east,3.0,9164.46,0.15,23369.37
T105751,2024-01-08,P0022,C00134,east,4.0,3102.81,0.0,12411.24
T106808,2024-05-30,P0010,C00166,central,2.0,8164.43,0.1,14695.97
T105717,2023-08-17,P0006,C00199,central,5.0,7884.39,0.05,37450.85
T106857,2023-02-11,P0026,C00045,west,2.0,13905.57,0.2,22248.91
T100067,2025-04-25,P0001,C00220,central,3.0,6017.98,0.0,18053.94
T107915,2024-08-30,P0040,C00069,central,2.0,12756.37,0.0,25512.74
T108767,2024-01-31,P0029,C00186,north,8.0,12773.07,0.2,81747.65
T102269,2023-11-07,P0032,C00237,central,2.0,5656.65,0.0,11313.3
T107105,2024-02-21,P0015,C00192,central,2.0,4549.66,0.0,9099.32
T106048,2023-04-27,P0019,C00241,south,4.0,6013.99,0.0,24055.96
T104916,2025-01-07,P0036,C00212,south,2.0,4229.62,0.05,8036.28
T105322,2024-05-28,P0034,C00071,east,10.0,10038.95,0.0,100389.5
T108542,2024-05-21,P0025,C00081,west,3.0,9148.51,0.0,27445.53
T103447,2023-03-14,P0037,C00083,south,4.0,8484.46,0.0,33937.84
T102367,2025-01-01,P0031,C00236,east,3.0,1566.84,0.0500008509696799,4465.49
T105963,2024-10-01,P0020,C00127,south,6.0,4508.3,0.0,27049.8
T106721,2023-08-09,P0023,C00108,west,3.0,10713.43,0.0,32140.29
T102512,2023-01-27,P0036,C00231,north,1.0,4229.62,0.0,4229.62
T102723,2024-03-10,P0012,C00228,south,6.0,14484.04,0.0,86904.24
T108366,2024-07-19,P0034,C00191,south,5.0,10038.95,0.0,50194.75
T107439,2024-11-08,P0019,C00157,central,10.0,6013.99,0.1,54125.91
T101143,2024-04-15,P0011,C00019,central,5.0,8863.25,0.05,42100.44
T108875,2025-08-17,P0006,C00237,central,4.0,7884.39,0.0,31537.56
T105956,2023-07-24,P0010,C00204,central,5.0,8164.43,0.0,40822.15
T107309,2025-04-29,P0028,C00208,central,2.0,13737.15,0.2,21979.44
T108400,2023-03-16,P0024,C00230,east,5.0,11884.11,0.15,50507.47
T104728,2023-04-13,P0026,C00068,north,5.0,13905.57,0.0,69527.85
T105494,2024-07-13,P0019,C00125,north,2.0,6013.99,0.0,12027.98
T105755,2024-01-19,P0018,C00157,central,3.0,6437.51,0.0,19312.53
T108387,2023-04-01,P0014,C00188,north,5.0,500.0,0.0,2500.0
T103789,2025-02-10,P0021,C00005,east,4.0,359.09,0.0,1436.36
T102220,2023-01-06,P0025,C00092,south,3.0,9148.51,0.0,27445.53
T105075,2023-08-14,P0030,C00086,west,10.0,6824.34,0.1,61419.06
T102331,2025-10-25,P0004,C00224,central,3.0,4999.13,0.0,14997.39
T105394,2024-08-04,P0010,C00211,west,1.0,8164.43,0.2,6531.54
T106121,2024-11-02,P0028,C00011,east,12.0,13737.15,0.05,156603.51
T108138,2023-12-23,P0020,C00042,central,1.0,4508.3,0.0,4508.3
T108511,2025-06-11,P0037,C00110,east,1.0,8484.46,0.0,8484.46
T104088,2023-04-27,P0005,C00081,west,1.0,8621.09,0.0,8621.09
T101967,2025-12-04,P0020,C00024,south,1.0,4508.3,0.0,4508.3
T108185,2023-09-29,P0010,C00232,west,3.0,8164.43,0.0,24493.29
T107861,2025-08-05,P0021,C00121,east,3.0,359.09,0.0,1077.27
T108738,2025-11-26,P0006,C00027,north,1.0,7884.39,0.0,7884.39
T104365,2025-12-28,P0038,C00077,south,11.0,5836.46,0.0,64201.06
T100423,2023-01-21,P0035,C00230,east,4.0,8930.77,0.0,35723.08
T100280,2025-05-23,P0021,C00185,central,2.0,359.09,0.0,718.18
T101904,2025-04-05,P0009,C00179,north,4.0,11247.7,0.1,40491.72
T100595,2023-07-10,P0039,C00181,south,8.0,14579.92,0.0,116639.36
T107443,2025-04-30,P0008,C00032,north,7.0,499.0,0.2,2794.4
T103917,2024-05-23,P0016,C00035,central,4.0,2604.21,0.05,9896.0
T105661,2023-02-02,P0001,C00248,north,4.0,6017.98,0.0,24071.92
T105778,2025-12-01,P0017,C00185,central,2.0,382.2,0.0,764.4
T103618,2024-01-13,P0012,C00106,west,4.0,14484.04,0.0,57936.16
T100839,2024-10-07,P0026,C00223,central,3.0,13905.57,0.1,37545.04
T104596,2023-08-19,P0009,C00023,west,6.0,11247.7,0.1,60737.58
T106505,2024-11-15,P0027,C00046,south,5.0,9818.49,0.0,49092.45
T100141,2025-01-13,P0003,C00160,south,2.0,10949.99,0.1,19709.98
T102597,2025-03-18,P0013,C00166,central,4.0,9164.46,0.0,36657.84
T101377,2023-03-14,P0012,C00237,central,3.0,14484.04,0.0,43452.12
T103674,2025-10-01,P0032,C00062,south,2.0,5656.65,0.0,11313.3
T107816,2025-03-28,P0006,C00173,central,4.0,7884.39,0.0,31537.56
T102341,2025-06-21,P0034,C00038,west,6.0,10038.95,0.15,51198.64
T104741,2025-09-17,P0040,C00039,north,2.0,12756.37,0.05,24237.1
T103808,2025-08-26,P0034,C00176,west,6.0,10038.949999999999,0.0,60233.7
T101138,2023-07-14,P0021,C00055,south,4.0,359.09,0.0,1436.36
T102257,2024-06-13,P0024,C00013,central,3.0,11884.11,0.0,35652.33
T106485,2025-03-21,P0031,C00017,east,8.0,1566.84,0.0,12534.72
T101787,2024-08-05,P0023,C00138,central,6.0,10713.43,0.0,64280.58
T103938,2024-02-28,P0027,C00042,central,2.0,9818.49,0.15,16691.43
T106510,2023-10-08,P0029,C00217,central,5.0,12773.07,0.05,60672.08
T104646,2024-04-12,P0027,C00202,central,8.0,9818.49,0.0,78547.92
T100459,2024-09-28,P0019,C00007,central,4.0,6013.99,0.0,24055.96
T108698,2023-10-11,P0003,C00235,east,4.0,10949.99,0.0,43799.96
T100948,2024-08-01,P0023,C00082,east,1.0,10713.43,0.0,10713.43
T103700,2023-09-10,P0022,C00158,east,5.0,3102.81,0.0,15514.05
T101336,2024-06-20,P0032,C00020,north,2.0,5656.65,0.0,11313.3
T104628,2025-07-16,P0039,C00094,central,2.0,14579.92,0.0,29159.84
T108000,2024-06-02,P0009,C00244,south,3.0,11247.7,0.0,33743.1
T101602,2024-12-14,P0007,C00249,west,11.0,14423.4,0.0,158657.4
T102238,2025-01-05,P0017,C00031,south,3.0,382.2,0.0,1146.6
T100639,2025-07-22,P0031,C00087,east,4.0,1566.84,0.0,6267.36
T108954,2023-09-26,P0024,C00017,east,4.0,11884.11,0.0,47536.44
T103830,2025-05-03,P0040,C00016,west,2.0,12756.37,0.15,21685.83
T108567,2024-02-21,P0029,C00107,east,4.0,12773.07,0.0,51092.28
T106578,2024-05-17,P0033,C00230,east,3.0,10082.29,0.0,30246.87
T108244,2024-06-03,P0037,C00134,east,1.0,8484.46,0.0,8484.46
T106956,2023-01-18,P0005,C00233,west,4.0,8621.09,0.0,34484.36
T101958,2025-07-14,P0030,C00069,central,3.0,6824.34,0.0,20473.02
T101070,2025-08-09,P0005,C00229,east,9.0,8621.09,0.0,77589.81
T100155,2025-10-30,P0007,C00229,east,17.0,14423.4,0.05,232937.91
T102295,2025-06-15,P0040,C00088,south,4.0,12756.37,0.1,45922.93
T106410,2023-11-26,P0028,C00040,north,8.0,13737.15,0.2,87917.76
T104578,2025-07-05,P0010,C00208,central,7.0,8164.43,0.15,48578.36
T101089,2024-07-18,P0018,C00204,central,1.0,6437.511111111111,0.1,5793.76
T102940,2025-08-30,P0027,C00222,central,2.0,9818.49,0.0,19636.98
T100723,2024-08-24,P0006,C00249,west,2.0,7884.39,0.0,15768.78
T104384,2023-03-16,P0021,C00038,west,3.0,359.09,0.05,1023.41
T100930,2023-10-14,P0020,C00026,north,7.0,4508.3,0.2,25246.48
T102909,2023-06-20,P0029,C00158,east,3.0,12773.07,0.0,38319.21
T106468,2024-05-06,P0034,C00028,central,4.0,10038.95,0.0,40155.8
T100895,2025-06-01,P0036,C00006,east,1.0,4229.62,0.0,4229.62
T103247,2023-04-16,P0024,C00234,east,3.0,11884.11,0.05,33869.71
T102326,2023-01-06,P0021,C00245,central,1.0,359.09,0.0,359.09
T107467,2025-11-24,P0008,C00168,north,5.0,499.0,0.0,2495.0
T106247,2024-04-12,P0035,C00228,south,3.0,8930.77,0.0,26792.31
T107371,2025-01-01,P0017,C00058,east,1.0,382.2,0.1,343.98
T105038,2023-04-09,P0038,C00193,east,6.0,5836.46,0.05,33267.82
T104136,2024-07-18,P0036,C00234,east,3.0,4229.62,0.1,11419.97
T108494,2025-06-17,P0015,C00210,north,1.0,4549.66,0.0,4549.66
T101715,2024-06-24,p0019 ,C00134,east,2.0,6013.99,0.0,12027.98
T101698,2024-07-13,P0028,C00090,west,4.0,13737.15,0.0,54948.6
T108836,2025-03-04,P0009,C00097,west,1.0,11247.7,0.0,11247.7
T108705,2023-11-16,P0009,C00069,central,6.0,11247.7,0.0,67486.2
T108819,2024-04-17,P0012,C00232,west,3.0,14484.04,0.0,43452.12
T106800,2025-01-30,P0035,C00184,east,1.0,8930.77,0.1,8037.69
T103831,2025-10-13,P0021,C00126,west,6.0,359.09,0.1,1939.09
T103348,2025-05-22,P0024,C00194,east,3.0,11884.11,0.0,35652.33
T108678,2024-08-12,P0001,C00165,west,5.0,6017.98,0.0,30089.9
T100985,2023-11-17,P0003,C00243,west,1.0,10949.99,0.0,10949.99
T101821,2024-01-19,P0030,C00037,south,2.0,6824.34,0.1,12283.81
T104571,2025-01-24,P0027,C00042,central,4.0,9818.49,0.0,39273.96
T100587,2025-12-06,P0016,C00020,north,9.0,2604.21,0.0,23437.89
T108895,2024-09-26,P0014,C00044,south,5.0,500.0,0.1,2250.0
T105077,2023-07-01,P0013,C00096,central,2.0,9164.46,0.0,18328.92
T106415,2023-05-23,P0030,C00148,east,4.0,6824.34,0.0,27297.36
T106987,2024-12-19,P0027,C00245,central,13.0,9818.49,0.0,127640.37
T108682,2023-04-16,P0002,C00247,north,5.0,13910.88,0.1,62598.96
T107302,2024-07-16,P0009,C00113,east,6.0,11247.7,0.0,67486.2
T105483,2023-05-03,P0001,C00210,north,4.0,6017.98,0.0,24071.92
T106383,2025-04-13,P0002,C00060,south,3.0,13910.88,0.0,41732.64
T108658,2025-08-25,P0035,C00023,west,4.0,8930.77,0.2,28578.46
T105514,2024-09-20,P0011,C00006,east,7.0,8863.25,0.0,62042.75
T107972,2024-11-10,P0011,C00203,west,4.0,8863.25,0.0,35453.0
T105553,2024-11-10,P0026,C00244,south,3.0,13905.57,0.0,41716.71
T103557,2024-04-16,P0001,C00042,central,3.0,6017.98,0.0,18053.94
T101395,2024-11-04,P0025,C00125,north,7.0,9148.51,0.2,51231.66
T100264,2024-04-05,P0033,C00018,central,3.0,10082.29,0.0,30246.87
T103547,2024-01-13,P0024,C00021,central,5.0,11884.11,0.0,59420.55
T106286,2024-11-30,P0004,C00092,south,10.0,4999.13,0.0,49991.3
T103069,2025-02-10,P0028,C00165,south,4.0,13737.15,0.0,54948.6
T105025,2024-04-07,P0018,C00181,south,1.0,6437.51,0.1,5793.76
T107107,2024-01-03,P0034,C00074,east,4.0,10038.95,0.05,38148.01
T103864,2025-09-18,P0040,C00042,central,9.0,12756.37,0.0,114807.33
T108264,2023-09-06,P0032,C00144,west,4.0,5656.65,0.15,19232.61
T102400,2023-01-06,P0023,C00191,south,4.0,10713.43,0.0,42853.72
T107272,2024-06-08,P0026,C00049,east,4.0,13905.57,0.0,55622.28
T103711,2024-10-16,P0008,C00158,east,4.0,499.0,0.15,1696.6
T100246,2024-08-10,P0024,C00014,central,9.0,11884.11,0.0,106956.99
T101594,2025-10-23,P0006,C00098,east,5.0,7884.389999999999,0.0,39421.95
T108828,2023-11-08,P0011,C00029,east,11.0,8863.25,0.05,92620.96
T101529,2025-05-09,P0024,C00103,west,6.0,11884.11,0.0,71304.66
T108766,2025-12-20,P0037,C00229,east,13.0,8484.46,0.0,110297.98
T100923,2025-01-06,P0006,C00210,north,3.0,7884.39,0.0,23653.17
T106220,2025-12-21,P0011,C00062,south,11.0,8863.25,0.1,87746.18
T104364,2023-02-01,P0027,C00125,north,6.0,9818.49,0.0,58910.94
T100669,2025-11-24,P0024,C00060,south,7.0,11884.11,0.0,83188.77
T103604,2025-01-21,P0017,C00241,south,1.0,382.2,0.05,363.09
T105108,2023-01-23,P0004,C00065,east,2.0,4999.13,0.05,9498.35
T101910,2025-02-18,P0029,C00088,south,6.0,12773.07,0.2,61310.74
T107016,2024-06-03,P0014,C00159,north,5.0,500.0,0.0,2500.0
T105248,2023-05-21,P0003,C00062,north,5.0,10949.99,0.0,54749.95
T103958,2024-02-23,P0008,C00146,central,4.0,499.0,0.0,1996.0
T105643,2024-07-14,P0037,C00054,central,3.0,8484.46,0.0,25453.38
T102696,2025-04-08,P0016,C00195,east,7.0,2604.21,0.0,18229.47
T102591,2024-10-17,P0011,C00014,central,4.0,8863.25,0.0,35453.0
T105906,2023-11-21,P0007,C00004,east,3.0,14423.4,0.2,34616.16
T101781,2023-09-07,P0002,C00193,east,5.0,13910.88,0.2,55643.52
T103013,2023-09-06,P0022,C00058,east,3.0,3102.81,0.0,9308.43
T102307,2024-12-02,P0009,C00034,east,1.0,11247.7,0.0,11247.7
T107638,2025-11-23,P0040,C00010,south,5.0,12756.37,0.0,63781.85
T103690,2025-06-16,P0015,C00200,north,3.0,4549.66,0.15,11601.63
T100687,2023-08-20,P0006,C00049,east,9.0,7884.39,0.0,70959.51
T100612,2024-07-03,P0002,C00185,central,1.0,13910.88,0.0,13910.88
T106297,2024-03-02,P0006,C00211,west,2.0,7884.39,0.05,14980.34
T103200,2025-07-09,P0036,C00148,north,4.0,4229.62,0.0,16918.48
T102267,2023-07-22,P0010,C00123,north,4.0,8164.43,0.0,32657.72
T108918,2023-08-07,P0003,C00102,central,4.0,10949.99,0.0,43799.96
T107640,2024-08-14,P0038,C00112,south,2.0,5836.46,0.2,9338.34
T101898,2024-11-13,P0039,C00090,south,3.0,14579.92,0.15,37178.8
T108689,2023-12-15,P0001,C00242,east,12.0,6017.98,0.0,72215.76
T106362,2024-11-25,P0010,C00028,central,7.0,8164.43,0.1,51435.91
T100258,2023-08-01,P0006,C00022,north,3.0,7884.39,0.0,23653.17
T102924,2025-03-24,P0032,C00016,west,4.0,5656.65,0.0,22626.6
T104943,2025-10-28,P0019,C00044,south,5.0,6013.99,0.0,30069.95
T102822,2024-11-23,P0017,C00099,north,7.0,382.2,0.0,2675.4
T103339,2024-08-30,P0019,C00008,south,7.0,6013.99,0.0,42097.93
T103525,2024-11-04,P0029,C00021,central,5.0,12773.07,0.1,57478.82
T104563,2024-10-05,P0038,C00195,east,4.0,5836.46,0.0,23345.84
T105329,2023-05-13,P0032,C00069,central,3.0,5656.65,0.1,15272.95
T105223,2024-08-20,P0033,C00158,east,3.0,10082.29,0.0,30246.87
T102285,2025-08-17,P0017,C00169,central,2.0,382.2,0.0,764.4
T104654,2023-11-28,P0001,C00068,north,1.0,6017.98,0.0,6017.98
T108036,2025-02-10,P0023,C00203,west,7.0,10713.43,0.0,74994.01
T100484,2023-02-27,P0007,C00123,north,2.0,14423.4,0.0,28846.8
T102211,2025-01-18,P0040,C00020,north,1.0,12756.37,0.0,12756.37
T105416,2025-03-02,P0012,C00146,central,9.0,14484.04,0.0,130356.36
T106611,2024-06-26,P0011,C00050,east,3.0,8863.25,0.05,25260.26
T102555,2024-03-16,P0028,C00063,north,3.0,13737.15,0.0,41211.45
T100007,2025-02-22,P0033,C00008,south,6.0,10082.29,0.0,60493.74
T103657,2025-10-17,P0013,C00169,central,8.0,9164.46,0.05,69649.9
T108349,2024-01-13,P0017,C00141,south,8.0,382.2,0.0,3057.6
T104874,2025-10-27,P0001,C00184,east,8.0,6017.98,0.2,38515.07
T104402,2025-03-22,P0040,C00158,east,3.0,12756.37,0.0,38269.11
T105546,2024-02-20,P0029,C00206,north,3.0,12773.07,0.1,34487.29
T108112,2024-03-06,P0036,C00222,central,1.0,4229.62,0.2,3383.7
T102426,2023-04-23,P0029,C00238,west,4.0,12773.07,0.0,51092.28
T101814,2024-05-28,P0018,C00088,south,2.0,6437.51,0.0,12875.02
T108773,2023-03-21,P0038,C00184,east,4.0,5836.46,0.0,23345.84
T102274,2024-03-18,P0022,C00214,central,4.0,3102.81,0.05,11790.68
T101011,2025-01-11,P0019,C00102,central,1.0,6013.99,0.0,6013.99
T106810,2025-02-01,P0038,C00099,north,1.0,5836.46,0.0,5836.46
T101067,2025-06-16,P0029,C00203,west,1.0,12773.07,0.0,12773.07
T101991,2024-07-23,P0015,C00056,south,4.0,4549.66,0.0,18198.64
T103970,2025-11-16,P0024,C00224,central,9.0,11884.11,0.0,106956.99
T108265,2024-09-29,P0002,C00136,south,5.0,13910.88,0.0,69554.4
T105879,2024-10-12,P0018,C00144,west,3.0,6437.51,0.0,19312.53
T107160,2025-01-03,P0037,C00107,east,1.0,8484.46,0.15,7211.79
T104542,2024-12-04,P0035,C00151,east,5.0,8930.77,0.09999988802757218,40188.47
T108501,2025-09-26,P0035,C00114,south,3.0,8930.77,0.0,26792.31
T103867,2024-03-28,P0038,C00076,central,2.0,5836.46,0.05,11089.27
T108586,2025-10-26,P0027,C00074,east,5.0,9818.49,0.2,39273.96
T103048,2025-10-30,p0038 ,C00120,west,1.0,5836.46,0.0,5836.46
T100781,2023-09-25,P0008,C00133,east,1.0,499.0,0.0,499.0
T102675,2023-08-09,P0027,C00219,west,3.0,9818.49,0.0,29455.47
T101749,2023-04-26,P0037,C00160,south,1.0,8484.46,0.0,8484.46
T102791,2024-05-27,P0027,C00127,south,5.0,9818.49,0.1,44183.2
T105774,2025-11-17,P0036,C00141,south,1.0,4229.62,0.0,4229.62
T104979,2023-06-13,P0028,C00032,north,3.0,13737.15,0.0,41211.45
T106253,2025-09-11,P0004,C00164,north,3.0,4999.13,0.0,14997.39
T101091,2023-02-22,P0018,C00221,west,4.0,6437.51,0.0,25750.04
T106953,2024-04-24,P0030,C00057,central,3.0,6824.34,0.15,17402.07
T104627,2024-10-21,P0021,C00020,north,15.0,359.09,0.0,5386.35
T102324,2024-11-05,P0037,C00233,west,1.0,8484.46,0.2,6787.57
T108911,2023-01-08,P0033,C00170,west,1.0,10082.29,0.0,10082.29
T105055,2023-01-20,P0019,C00153,central,1.0,6013.99,0.15,5111.89
T102608,2023-06-11,P0030,C00098,east,2.0,6824.34,0.0,13648.68
T108214,2023-09-03,P0037,C00224,central,6.0,8484.46,0.0,50906.76
T102290,2024-09-06,P0003,C00140,west,5.0,10949.99,0.0,54749.95
T101727,2024-12-18,P0011,C00200,north,3.0,8863.25,0.0,26589.75
T100610,2025-06-06,P0029,C00094,south,9.0,12773.07,0.0,114957.63
T104666,2024-11-20,P0020,C00003,north,1.0,4508.3,0.0,4508.3
T107070,2023-02-05,P0017,C00125,north,2.0,382.2,0.2,611.52
T100343,2023-01-19,P0031,C00090,south,2.0,1566.84,0.0,3133.68
T107036,2025-02-23,P0019,C00194,east,4.0,6013.99,0.0,24055.96
T107837,2025-12-28,P0032,C00179,north,1.0,5656.65,0.0,5656.65
T103750,2023-04-09,P0017,C00233,west,5.0,382.2,0.2,1528.8
T107203,2024-09-26,P0033,C00084,north,2.0,10082.29,0.0,20164.58
T108484,2025-11-16,P0022,C00153,central,9.0,3102.81,0.0,27925.29
T105999,2024-04-05,P0017,C00177,south,3.0,382.2,0.0,1146.6
T103215,2025-07-27,P0001,C00125,north,4.0,6017.98,0.15,20461.13
T100097,2025-03-30,P0016,C00056,south,9.0,2604.21,0.05,22266.0
T108345,2025-08-13,P0037,C00100,east,4.0,8484.46,0.0,33937.84
T105176,2025-09-15,P0032,C00121,east,2.0,5656.65,0.0,11313.3
T101537,2025-01-26,P0022,C00197,south,2.0,3102.81,0.0,6205.62
T103588,2023-03-11,P0030,C00229,east,9.0,6824.34,0.0,61419.06
T106969,2023-10-09,P0029,C00077,south,2.0,12773.07,0.0,25546.14
T103648,2023-10-16,P0008,C00007,central,4.0,499.0,0.0,1996.0
T107997,2023-08-05,P0020,C00076,central,7.0,4508.3,0.0,31558.1
T106221,2025-03-09,P0001,C00036,north,3.0,6017.98,0.0,18053.94
T101517,2023-09-19,P0037,C00171,east,1.0,8484.46,0.05,8060.24
T105061,2024-09-03,P0011,C00112,south,7.0,8863.25,0.15,52736.34
T108523,2023-03-17,P0005,C00245,central,5.0,8621.09,0.0,43105.45
T104624,2025-05-10,P0033,C00120,west,3.0,10082.29,0.0,30246.87
T104272,2024-05-20,P0033,C00158,east,4.0,10082.29,0.0,40329.16
T103669,2025-07-31,P0021,C00205,north,3.0,359.09,0.15,915.68
T105800,2024-01-16,P0039,C00191,south,3.0,14579.92,0.0,43739.76
T102090,2025-06-24,P0004,C00036,north,1.0,4999.13,0.0,4999.13
T100572,2025-06-14,P0032,C00067,west,7.0,5656.65,0.1,35636.89
T108714,2025-10-06,P0033,C00077,south,6.0,10082.29,0.1,54444.37
T107616,2023-11-05,P0026,C00002,west,3.0,13905.57,0.0500001078704432,39630.87
T108266,2025-08-07,P0007,C00225,south,3.0,14423.4,0.0,43270.2
T103062,2023-05-23,P0039,C00081,west,2.0,14579.92,0.0,29159.84
T106372,2025-12-18,P0006,C00128,south,7.0,7884.39,0.0,55190.73
T107284,2023-06-04,P0028,C00194,east,2.0,13737.15,0.2,21979.44
T106532,2023-01-18,P0006,C00092,south,1.0,7884.39,0.05,7490.17
T106509,2023-08-16,P0014,C00068,north,6.0,500.0,0.0,3000.0
T106734,2024-10-22,P0007,C00158,east,10.0,14423.4,0.0,144234.0
T104479,2023-01-26,P0011,C00178,west,1.0,8863.25,0.0,8863.25
T104948,2023-02-07,P0033,C00040,north,2.0,10082.29,0.0,20164.58
T105976,2025-07-14,P0040,C00019,central,6.0,12756.37,0.1,68884.4
T100370,2025-08-30,P0039,C00236,east,7.0,14579.92,0.0,102059.44
T101938,2024-01-10,P0027,C00249,west,1.0,9818.49,0.05,9327.57
T105889,2023-09-28,P0010,C00163,east,3.0,8164.43,0.0,24493.29
T101753,2023-03-23,P0001,C00049,east,5.0,6017.98,0.0,30089.9
T103670,2024-06-08,P0040,C00203,west,1.0,12756.37,0.0,12756.37
T103652,2025-07-17,P0014,C00170,west,4.0,500.0,0.1,1800.0
T105201,2023-12-07,P0013,C00012,east,1.0,9164.46,0.0,9164.46
T102361,2025-05-04,P0040,C00065,east,1.0,12756.37,0.0,12756.37
T104260,2025-04-13,P0010,C00095,central,4.0,8164.43,0.05,31024.83
T105432,2024-07-21,P0001,C00225,south,7.0,6017.98,0.05,40019.57
T104991,2025-03-13,P0009,C00173,central,7.0,11247.7,0.0,78733.9
T106264,2023-11-03,P0018,C00020,north,3.0,6437.51,0.0,19312.53
T108625,2023-09-14,P0016,C00105,west,7.0,2604.21,0.0,18229.47
T103737,2023-12-02,P0009,C00044,south,13.0,11247.7,0.0,146220.1
T108424,2023-05-13,P0023,C00209,east,6.0,10713.43,0.0,64280.58
T106942,2023-05-02,P0002,C00071,east,5.0,13910.88,0.0,69554.4
T108361,2025-03-17,p0014 ,C00121,east,7.0,500.0,0.0,3500.0
T105591,2024-11-14,P0020,C00165,west,5.0,4508.3,0.0,22541.5
T101171,2025-04-03,P0016,C00087,east,6.0,2604.21,0.0,15625.26
T107727,2024-11-03,P0030,C00054,central,7.0,6824.34,0.1,42993.34
T106660,2025-05-31,P0001,C00043,west,4.0,6017.98,0.0,24071.92
T101422,2024-08-17,P0022,C00038,west,7.0,3102.81,0.2,17375.74
T108610,2025-05-02,P0021,C00112,south,9.0,359.09,0.0,3231.81
T106698,2025-04-18,P0026,C00094,south,11.0,13905.57,0.0,152961.27
T108524,2024-05-08,P0040,C00081,west,7.0,12756.37,0.0,89294.59
T106607,2025-11-15,P0003,C00051,east,7.0,10949.99,0.0,76649.93
T108348,2023-09-22,P0030,C00139,south,4.0,6824.34,0.0,27297.36
T100874,2024-05-23,P0033,C00166,central,4.0,10082.29,0.05,38312.7
T102297,2024-05-07,P0034,C00076,central,1.0,10038.95,0.05,9537.0
T102643,2023-10-21,P0029,C00156,south,5.0,12773.07,0.0,63865.35
T106199,2023-10-13,P0032,C00010,south,5.0,5656.65,0.05,26869.09
T101719,2024-10-29,P0013,C00092,south,4.0,9164.46,0.0,36657.84
T105347,2024-02-26,P0037,C00102,central,3.0,8484.46,0.0,25453.38
T105932,2024-09-17,P0011,C00121,east,3.0,8863.25,0.1,23930.78
T100840,2025-02-24,P0014,C00248,north,6.0,500.0,0.0,3000.0
T102568,2025-06-25,P0023,C00135,north,3.0,10713.43,0.0,32140.29
T100581,2023-09-29,P0035,C00131,west,6.0,8930.77,0.0,53584.62
T100204,2025-08-20,P0019,C00108,west,3.0,6013.99,0.0,18041.97
T101641,2023-03-28,P0032,C00079,south,3.0,5656.65,0.0,16969.95
T102014,2024-09-28,P0010,C00222,central,1.0,8164.43,0.0,8164.43
T103253,2025-12-15,P0013,C00075,south,3.0,9164.46,0.0,27493.38
T106552,2023-11-13,P0007,C00116,central,4.0,14423.4,0.0,57693.6
T100905,2024-02-03,P0033,C00189,north,2.0,10082.29,0.0,20164.58
T100631,2023-06-22,P0034,C00111,north,4.0,10038.95,0.0,40155.8
T107144,2024-12-19,P0036,C00249,west,10.0,4229.62,0.1,38066.58
T106449,2023-04-17,P0010,C00210,north,2.0,8164.43,0.0,16328.86
T101974,2023-06-28,P0019,C00026,north,9.0,6013.99,0.0,54125.91
T100162,2025-02-14,P0018,C00013,central,4.0,6437.51,0.2,20600.03
T104998,2025-10-15,P0015,C00055,south,5.0,4549.66,0.05,21610.88
T106867,2023-04-22,P0038,C00140,west,6.0,5836.46,0.05,33267.82
T108614,2023-11-30,P0004,C00230,east,9.0,4999.13,0.0,44992.17
T106399,2025-01-09,P0021,C00202,west,1.0,359.09,0.1,323.18
T104713,2025-10-27,P0017,C00202,east,8.0,382.2,0.0,3057.6
T100875,2023-09-30,P0012,C00020,north,4.0,14484.04,0.0,57936.16
T101431,2024-07-22,P0024,C00202,central,8.0,11884.11,0.0,95072.88
T104643,2025-08-07,P0013,C00249,west,3.0,9164.46,0.0,27493.38
T105080,2025-06-12,P0017,C00131,east,4.0,382.2,0.0,1528.8
T105783,2025-12-13,P0030,C00048,south,9.0,6824.34,0.1,55277.15
T108325,2025-02-14,P0003,C00244,south,4.0,10949.99,0.0,43799.96
T106277,2025-05-03,P0027,C00145,north,4.0,9818.49,0.0,39273.96
T106625,2025-06-23,P0023,C00126,east,3.0,10713.43,0.15,27319.25
T106394,2023-03-06,P0032,C00188,north,2.0,5656.65,0.0,11313.3
T108604,2025-01-17,P0028,C00077,south,1.0,13737.15,0.0,13737.15
T102856,2024-01-18,P0003,C00036,north,3.0,10949.99,0.05,31207.47
T101861,2024-11-18,P0023,C00043,west,3.0,10713.43,0.0,32140.29
T102659,2024-09-01,P0014,C00086,west,7.0,500.0,0.0,3500.0
T103384,2025-12-02,P0016,C00156,south,5.0,2604.21,0.1,11718.94
T108719,2024-10-27,P0037,C00236,east,1.0,8484.46,0.05,8060.24
T108913,2023-10-17,P0014,C00019,central,7.0,500.0,0.0,3500.0
T106662,2024-09-14,P0023,C00206,north,2.0,10713.43,0.0,21426.86
T107018,2024-09-29,P0024,C00085,central,4.0,11884.11,0.0,47536.44
T104733,2025-07-31,P0006,C00236,east,6.0,7884.39,0.1,42575.71
T103331,2024-11-23,P0015,C00110,east,8.0,4549.66,0.0,36397.28
T108202,2024-10-05,P0006,C00106,west,4.0,7884.39,0.15,26806.93
T107569,2025-04-30,P0013,C00088,south,7.0,9164.46,0.15,54528.54
T107017,2024-07-21,P0025,C00109,north,6.0,9148.51,0.1,49401.95
T102096,2023-10-14,P0005,C00158,east,4.0,8621.09,0.0,34484.36
T102003,2023-02-25,P0016,C00131,west,4.0,2604.21,0.2,8333.47
T107123,2024-07-24,P0016,C00235,east,3.0,2604.21,0.05,7422.0
T107792,2024-08-23,P0024,C00096,central,6.0,11884.11,0.1,64174.19
T106838,2023-03-15,P0021,C00037,south,2.0,359.09,0.0,718.18
T105017,2024-10-18,P0023,C00002,west,9.0,10713.43,0.0,96420.87
T100546,2023-07-15,P0006,C00102,central,3.0,7884.39,0.0,23653.17
T101449,2025-01-29,P0039,C00015,south,4.0,14579.92,0.0,58319.68
T107732,2023-03-19,P0040,C00154,west,2.0,12756.37,0.0,25512.74
T102610,2024-10-08,P0013,C00038,south,5.0,9164.458947368421,0.05,43531.18
T101900,2024-07-26,P0021,C00161,west,5.0,359.09,0.0,1795.45
T107913,2023-05-31,P0014,C00054,central,3.0,500.0,0.0,1500.0
T102757,2024-01-02,P0005,C00216,south,4.0,8621.09,0.0,34484.36
T106124,2023-08-20,P0018,C00012,east,4.0,6437.51,0.0,25750.04
T101885,2024-06-04,P0006,C00209,east,4.0,7884.39,0.0,31537.56
T108957,2025-09-21,P0001,C00098,east,4.0,6017.98,0.15,20461.13
T105738,2023-09-14,P0033,C00156,south,7.0,10082.29,0.0,70576.03
T107905,2025-02-15,P0018,C00138,central,2.0,6437.51,0.0,12875.02
T105890,2024-07-03,P0029,C00138,central,2.0,12773.07,0.1,22991.53
T102097,2025-02-04,P0022,C00074,east,8.0,3102.81,0.0,24822.48
T108466,2024-09-10,P0033,C00155,west,3.0,10082.29,0.0,30246.87
T105692,2023-11-25,P0001,C00189,north,14.0,6017.98,0.1,75826.55
T100499,2024-05-18,P0013,C00022,north,2.0,9164.46,0.1,16496.03
T105624,2023-06-01,P0033,C00174,central,4.0,10082.29,0.0,40329.16
T100836,2023-06-19,P0035,C00232,west,5.0,8930.77,0.05,42421.16
T103471,2024-08-10,P0040,C00237,central,4.0,12756.37,0.0,51025.48
T104697,2025-03-11,P0034,C00124,west,4.0,10038.95,0.0,40155.8
T108969,2025-05-03,P0014,C00098,east,2.0,500.0,0.0,1000.0
T102171,2024-05-13,P0016,C00145,north,3.0,2604.21,0.0,7812.63
T108411,2024-01-10,P0016,C00130,east,7.0,2604.21,0.0,18229.47
T105678,2024-09-14,P0004,C00126,west,6.0,4999.13,0.1,26995.3
T108365,2024-08-16,P0032,C00205,north,4.0,5656.65,0.0,22626.6
T100398,2024-09-09,P0034,C00195,east,6.0,10038.95,0.1,54210.33
T102010,2025-12-19,P0005,C00115,east,5.0,8621.09,0.0,43105.45
T105166,2025-06-08,P0022,C00147,north,3.0,3102.81,0.05,8843.01
T105871,2025-10-01,P0008,C00047,central,8.0,499.0,0.0,3992.0
T108928,2023-08-01,P0005,C00229,east,4.0,8621.09,0.0,34484.36
T101283,2023-07-18,P0007,C00004,east,2.0,14423.4,0.15,24519.78
T107096,2023-02-26,P0030,C00167,east,3.0,6824.34,0.1,18425.72
T107352,2025-11-03,P0010,C00157,central,3.0,8164.43,0.0,24493.29
T104256,2024-11-06,P0016,C00209,east,8.0,2604.21,0.0,20833.68
T101836,2024-01-23,P0024,C00157,central,2.0,11884.11,0.0,23768.22
T108748,2023-08-03,P0007,C00181,south,3.0,14423.4,0.15,36779.67
T101019,2025-03-28,P0038,C00182,north,4.0,5836.46,0.0,23345.84
T107279,2025-09-26,P0021,C00186,north,9.0,359.09,0.0,3231.81
T101326,2023-07-31,P0013,C00207,central,6.0,9164.46,0.0,54986.76
T106231,2025-06-11,P0015,C00119,south,8.0,4549.66,0.0,36397.28
T100475,2024-01-11,P0016,C00080,north,3.0,2604.21,0.0,7812.63
T102810,2024-07-12,P0038,C00104,south,4.0,5836.46,0.0,23345.84
T107550,2024-12-08,P0011,C00114,south,2.0,8863.25,0.0,17726.5
T101651,2024-11-02,P0013,C00201,west,10.0,9164.46,0.0,91644.6
T108760,2023-05-21,P0012,C00075,east,1.0,14484.04,0.2,11587.23
T101169,2024-05-03,P0011,C00222,central,5.0,8863.25,0.0,44316.25
T102528,2025-04-09,P0037,C00244,south,7.0,8484.46,0.0,59391.22
T101206,2025-05-19,P0035,C00154,west,12.0,8930.77,0.0,107169.24
T106533,2023-02-13,P0010,C00074,east,4.0,8164.43,0.2,26126.18
T105469,2025-01-12,P0016,C00238,west,4.0,2604.21,0.0,10416.84
T108556,2023-06-24,P0005,C00093,north,9.0,8621.09,0.1,69830.83
T104539,2024-09-23,P0037,C00033,north,5.0,8484.46,0.2,33937.84
T106345,2024-05-03,P0028,C00156,south,4.0,13737.15,0.0,54948.6
T100867,2025-04-15,P0033,C00226,west,6.0,10082.29,0.0,60493.74
T102974,2025-04-19,P0035,C00135,north,3.0,8930.77,0.0,26792.31
T105236,2023-05-29,P0011,C00198,west,6.0,8863.25,0.0,53179.5
T105093,2025-05-12,P0013,C00031,south,22.0,9164.46,0.0,201618.12
T105433,2025-07-07,P0016,C00060,west,1.0,2604.21,0.0,2604.21
T100541,2023-09-26,P0001,C00131,west,5.0,6017.98,0.0,30089.9
T105195,2025-05-24,P0035,C00130,east,8.0,8930.77,0.0,71446.16
T101132,2025-09-09,P0026,C00108,west,8.0,13905.57,0.0,111244.56
T108971,2024-10-04,P0014,C00231,north,4.0,500.0,0.0,2000.0
T107925,2025-01-24,P0002,C00105,west,2.0,13910.88,0.0,27821.76
T108508,2023-06-27,P0016,C00076,central,6.0,2604.21,0.05,14844.0
T103390,2024-08-05,P0002,C00103,west,3.0,13910.88,0.15,35472.74
T107238,2024-02-23,P0009,C00046,south,2.0,11247.7,0.0,22495.4
T102962,2024-02-14,P0031,C00225,south,3.0,1566.84,0.0,4700.52
T104155,2025-10-12,P0015,C00161,west,5.0,4549.66,0.0,22748.3
T103259,2023-04-23,P0016,C00143,south,4.0,2604.21,0.0,10416.84
T106034,2025-03-24,P0015,C00131,west,7.0,4549.66,0.0,31847.62
T107854,2023-02-26,P0029,C00162,north,5.0,12773.07,0.0,63865.35
T104068,2025-04-14,P0010,C00016,west,3.0,8164.43,0.2,19594.63
T102583,2024-05-07,P0022,C00131,west,4.0,3102.81,0.0,12411.24
T102813,2024-02-25,P0024,C00217,north,6.0,11884.11,0.1,64174.19
T107795,2025-09-07,P0014,C00066,west,8.0,500.0,0.0,4000.0
T102947,2024-07-10,P0034,C00137,south,5.0,10038.95,0.0,50194.75
T105174,2023-08-17,P0017,C00072,west,2.0,382.2,0.0,764.4
T106930,2025-08-10,P0039,C00191,south,4.0,14579.92,0.1,52487.71
T103586,2024-01-27,P0019,C00164,north,2.0,6013.99,0.0,12027.98
T108408,2024-08-01,P0020,C00064,north,2.0,4508.3,0.0,9016.6
T106581,2025-01-15,P0038,C00084,north,3.0,5836.46,0.0,17509.38
T102563,2023-01-16,P0011,C00069,central,1.0,8863.25,0.0,8863.25
T102630,2024-11-04,P0027,C00090,south,1.0,9818.49,0.0,9818.49
T108044,2023-12-17,P0026,C00117,west,10.0,13905.57,0.05,132102.92
T107968,2023-05-13,P0023,C00107,east,3.0,10713.43,0.2,25712.23
T105036,2025-04-01,P0023,C00214,central,2.0,10713.43,0.0,21426.86
T101080,2024-05-02,P0017,C00137,south,2.0,382.2,0.0,764.4
T104283,2025-01-18,P0039,C00169,central,4.0,14579.92,0.0,58319.68
T108606,2023-08-03,P0026,C00030,north,2.0,13905.57,0.05,26420.58
T102085,2024-12-12,P0028,C00037,south,10.0,13737.15,0.0,137371.5
T102452,2024-05-17,P0036,C00064,north,8.0,4229.62,0.0,33836.96
T104966,2023-10-29,P0012,C00246,south,1.0,14484.04,0.2,11587.23
T102023,2023-04-06,P0038,C00119,south,3.0,5836.46,0.0,17509.38
T106648,2024-06-21,P0003,C00242,east,6.0,10949.99,0.0,65699.94
T108181,2025-08-09,P0023,C00143,south,4.0,10713.43,0.0,42853.72
T107722,2023-08-19,P0024,C00070,west,4.0,11884.11,0.0,47536.44
T100226,2023-07-02,P0005,C00007,central,2.0,8621.09,0.0,17242.18
T101013,2023-12-20,P0011,C00074,east,10.0,8863.25,0.05,84200.88
T101929,2023-07-12,P0026,C00233,west,3.0,13905.57,0.0,41716.71
T107912,2023-10-17,P0021,C00248,north,11.0,359.09,0.0,3949.99
T105251,2024-02-15,P0026,C00216,south,1.0,13905.57,0.0,13905.57
T101404,2023-07-12,P0015,C00212,south,3.0,4549.66,0.05,12966.53
T102179,2025-05-20,P0034,C00072,west,4.0,10038.95,0.0,40155.8
T100697,2025-05-03,P0035,C00125,north,6.0,8930.77,0.1,48226.16
T101124,2025-08-30,P0019,C00211,west,9.0,6013.99,0.0,54125.91
T103895,2025-07-04,P0026,C00077,south,6.0,13905.57,0.0,83433.42
T106785,2025-06-17,P0039,C00012,east,6.0,14579.92,0.0,87479.52
T105110,2024-12-01,P0012,C00080,north,6.0,14484.04,0.0,86904.24
T101778,2023-11-13,P0034,C00056,south,3.0,10038.95,0.0,30116.85
T106418,2023-03-31,P0011,C00032,north,7.0,8863.25,0.0,62042.75
T102634,2025-11-11,P0034,C00245,central,5.0,10038.95,0.0,50194.75
T103489,2024-05-01,P0003,C00155,west,4.0,10949.99,0.1,39419.96
T106859,2023-10-05,P0007,C00221,west,9.0,14423.4,0.0,129810.6
T101037,2024-02-05,P0004,C00146,central,4.0,4999.13,0.0,19996.52
T106093,2024-11-18,P0032,C00139,south,7.0,5656.65,0.1,35636.89
T102256,2023-04-01,P0024,C00059,north,4.0,11884.11,0.0,47536.44
T107823,2024-12-09,P0018,C00079,south,3.0,6437.51,0.15,16415.65
T102613,2024-05-19,P0016,C00237,central,2.0,2604.21,0.0,5208.42
T100313,2023-07-21,P0014,C00087,south,4.0,500.0,0.0,2000.0
T102649,2025-08-22,P0031,C00097,west,8.0,1566.84,0.0,12534.72
T102281,2023-04-18,P0030,C00055,south,7.0,6824.34,0.15,40604.82
T107211,2023-01-11,P0002,C00129,central,4.0,13910.88,0.0,55643.52
T102547,2024-10-10,P0015,C00100,east,7.0,4549.66,0.05,30255.24
T105512,2024-06-03,P0040,C00083,south,4.0,12756.37,0.0,51025.48
T105132,2023-12-23,P0027,C00033,north,4.0,9818.49,0.0,39273.96
T102159,2025-05-12,P0006,C00103,west,4.0,7884.39,0.1,28383.8
T103137,2023-11-27,P0017,C00093,north,16.0,382.2,0.0,6115.2
T108271,2025-02-09,P0013,C00043,west,7.0,9164.46,0.05,60943.66
T105850,2024-07-08,P0019,C00020,north,2.0,6013.99,0.0,12027.98
T103967,2023-04-13,P0014,C00238,west,5.0,500.0,0.0,2500.0
T101428,2023-05-20,P0001,C00102,central,3.0,6017.98,0.0,18053.94
T108234,2024-03-09,P0025,C00046,south,5.0,9148.51,0.0,45742.55
T102520,2025-02-22,P0020,C00196,east,2.0,4508.3,0.0,9016.6
T106461,2025-09-12,P0018,C00008,south,6.0,6437.51,0.0,38625.06
T107281,2025-01-26,P0028,C00027,east,5.0,13737.15,0.0,68685.75
T107434,2023-02-10,P0019,C00138,central,5.0,6013.99,0.0,30069.95
T108960,2025-06-08,P0018,C00146,central,2.0,6437.51,0.0,12875.02
T105602,2024-10-12,P0012,C00174,central,6.0,14484.04,0.0,86904.24
T108998,2024-05-09,P0003,C00096,central,4.0,10949.99,0.2,35039.97
T100448,2025-08-23,P0022,C00054,central,2.0,3102.81,0.0,6205.62
T106348,2025-11-18,P0031,C00027,south,9.0,1566.84,0.0,14101.56
T101284,2023-11-23,P0010,C00213,south,11.0,8164.43,0.0,89808.73
T105995,2025-06-20,P0020,C00029,east,6.0,4508.3,0.0,27049.8
T107541,2025-10-14,P0002,C00141,south,3.0,13910.88,0.0,41732.64
T103727,2025-10-05,P0023,C00090,south,8.0,10713.43,0.0,85707.44
T100361,2023-03-19,P0030,C00058,east,1.0,6824.34,0.0,6824.34
T106279,2025-11-26,P0021,C00039,north,13.0,359.09,0.0,4668.17
T105230,2024-04-12,P0014,C00167,east,4.0,500.0,0.05,1900.0
T108813,2025-07-15,P0007,C00056,south,2.0,14423.4,0.2,23077.44
T108009,2023-12-31,P0002,C00109,north,7.0,13910.88,0.0,97376.16
T106251,2025-09-19,P0025,C00034,east,8.0,9148.51,0.0,73188.08
T105926,2025-02-20,P0040,C00041,east,7.0,12756.37,1.629652505080862e-16,89294.59
T105149,2024-01-31,P0038,C00106,west,6.0,5836.46,0.05,33267.82
T102460,2025-10-15,P0016,C00119,south,12.0,2604.21,0.0,31250.52
T100022,2023-09-19,P0027,C00242,east,6.0,9818.49,0.0,58910.94
T102066,2025-05-26,P0017,C00188,north,2.0,382.2,0.0,764.4
T101653,2025-12-04,P0019,C00195,east,7.0,6013.99,0.1,37888.14
T100702,2024-07-26,P0025,C00057,east,4.0,9148.51,0.0,36594.04
T107283,2024-01-17,P0004,C00151,east,4.0,4999.13,0.0,19996.52
T102743,2024-08-22,P0018,C00051,west,6.0,6437.51,0.1,34762.55
T101376,2024-04-21,P0008,C00089,east,5.0,499.0,0.0,2495.0
T108169,2023-11-18,P0011,C00124,west,4.0,8863.25,0.0,35453.0
T102468,2025-08-10,P0021,C00210,north,4.0,359.09,0.0,1436.36
T103754,2024-09-06,P0020,C00029,east,8.0,4508.3,0.0,36066.4
T102325,2025-12-19,P0005,C00192,central,13.0,8621.09,0.0,112074.17
T100460,2024-08-10,P0036,C00215,east,5.0,4229.62,0.0,21148.1
T105163,2023-11-23,P0003,C00202,east,1.0,10949.99,0.0,10949.99
T104183,2024-08-03,P0020,C00168,north,5.0,4508.3,0.0,22541.5
T105526,2023-05-25,P0037,C00043,west,1.0,8484.46,0.1999997642749214,6787.57
T104082,2023-06-22,P0039,C00192,central,11.0,14579.92,0.15,136322.25
T101486,2024-04-25,P0010,C00021,central,3.0,8164.43,0.0,24493.29
T103678,2023-05-20,P0019,C00132,central,3.0,6013.99,0.2,14433.58
T100282,2025-10-30,P0005,C00194,east,6.0,8621.09,0.0,51726.54
T104558,2025-11-13,P0025,C00135,north,5.0,9148.51,0.0,45742.55
T104308,2023-11-11,P0030,C00245,central,3.0,6824.34,0.0,20473.02
T104865,2025-01-07,P0002,C00026,north,2.0,13910.88,0.0,27821.76
T103537,2024-07-18,P0023,C00089,east,4.0,10713.43,0.0,42853.72
T107986,2025-08-02,P0024,C00051,east,6.0,11884.11,0.0,71304.66
T102581,2024-02-14,P0030,C00107,east,4.0,6824.34,0.0,27297.36
T101368,2025-10-21,P0007,C00157,central,6.0,14423.4,0.0,86540.4
T108632,2024-02-03,P0020,C00087,central,1.0,4508.3,0.1,4057.47
T106753,2024-05-19,P0030,C00100,east,4.0,6824.34,0.05,25932.49
T100597,2024-03-17,P0002,C00065,east,6.0,13910.88,0.0,83465.28
T104351,2023-08-26,P0034,C00125,north,2.0,10038.95,0.0,20077.9
T106346,2024-12-22,P0021,C00124,west,8.0,359.09,0.0,2872.72
T108953,2024-12-26,P0015,C00116,central,1.0,4549.66,0.0,4549.66
T104758,2023-03-27,P0034,C00093,north,1.0,10038.95,0.05,9537.0
T100646,2024-11-03,P0010,C00164,north,10.0,8164.43,0.2,65315.44
T108842,2024-03-20,P0013,C00210,north,4.0,9164.46,0.0,36657.84
T106023,2025-01-07,P0002,C00084,north,1.0,13910.88,0.0,13910.88
T106556,2025-06-18,P0020,C00029,east,3.0,4508.3,0.15,11496.16
T103468,2025-03-20,P0007,C00120,west,3.0,14423.4,0.0,43270.2
T106428,2024-11-17,P0026,C00157,central,16.0,13905.57,0.0,222489.12
T102990,2025-03-23,P0026,C00004,east,4.0,13905.57,0.0,55622.28
T108578,2024-10-10,P0005,C00057,east,7.0,8621.09,0.05,57330.25
T104875,2024-10-29,P0030,C00050,east,4.0,6824.34,0.0,27297.36
T102544,2023-10-05,P0006,C00171,east,11.0,7884.39,0.0,86728.29
T107472,2023-09-21,P0037,C00193,east,5.0,8484.46,0.0,42422.3
T105341,2023-01-24,P0022,C00156,south,3.0,3102.81,0.0,9308.43
T107366,2024-10-08,P0008,C00104,south,12.0,499.0,0.0,5988.0
T100733,2025-03-29,P0026,C00136,south,2.0,13905.57,0.0,27811.14
T104066,2024-06-17,P0021,C00197,south,1.0,359.09,0.1,323.18
T103988,2025-08-17,P0021,C00181,south,3.0,359.09,0.0,1077.27
T102160,2023-09-30,P0035,C00132,central,1.0,8930.77,0.0,8930.77
T100685,2024-08-27,P0029,C00104,south,4.0,12773.07,0.0,51092.28
T106416,2025-01-16,P0028,C00191,south,1.0,13737.15,0.0,13737.15
T103243,2023-05-05,P0022,C00102,central,3.0,3102.81,0.15,7912.17
T107236,2025-12-15,P0021,C00181,south,7.0,359.09,0.05,2387.95
T106726,2024-06-27,P0005,C00129,central,4.0,8621.09,0.15,29311.71
T108093,2025-02-26,P0011,C00004,east,9.0,8863.25,0.0,79769.25
T104083,2023-09-16,P0032,C00048,north,2.0,5656.65,0.1,10181.97
T102837,2023-06-04,P0013,C00052,east,3.0,9164.46,0.0,27493.38
T103697,2025-08-29,P0040,C00142,central,3.0,12756.37,0.0,38269.11
T106267,2023-09-21,P0021,C00152,north,4.0,359.09,0.0,1436.36
T104941,2025-07-30,P0025,C00056,south,8.0,9148.51,0.0,73188.08
T105946,2024-12-30,P0032,C00182,north,6.0,5656.65,0.0,33939.9
T104583,2024-01-14,P0013,C00180,central,1.0,9164.46,0.0,9164.46
T105784,2025-11-20,P0036,C00003,central,5.0,4229.62,0.0,21148.1
T104040,2023-10-04,P0033,C00197,south,8.0,10082.29,0.0,80658.32
T102230,2023-05-20,P0034,C00134,east,3.0,10038.95,0.0,30116.85
T107341,2024-04-30,P0037,C00052,east,6.0,8484.46,0.05,48361.42
T102320,2024-10-16,P0028,C00059,north,7.0,13737.15,0.0,96160.05
T104878,2024-01-02,P0026,C00048,south,2.0,13905.57,0.0,27811.14
T100521,2024-04-30,P0016,C00204,central,2.0,2604.21,0.1,4687.58
T100522,2025-07-17,P0040,C00073,south,2.0,12756.37,0.0,25512.74
T105345,2024-03-13,P0040,C00191,south,8.0,12756.37,0.0,102050.96
T107845,2023-04-20,P0034,C00170,west,3.0,10038.95,0.0,30116.85
T108084,2024-02-13,P0018,C00040,north,1.0,6437.51,0.0,6437.51
T108080,2025-02-18,P0021,C00014,central,2.0,359.09,0.1,646.36
T108803,2024-05-01,P0016,C00052,east,2.0,2604.21,0.0,5208.42
T107584,2025-07-06,P0017,C00200,north,8.0,382.2,0.0,3057.6
T100780,2023-09-15,P0024,C00109,north,3.0,11884.11,0.0,35652.33
T107859,2025-02-03,P0030,C00195,east,5.0,6824.34,0.0,34121.7
T106816,2023-05-25,P0014,C00091,central,3.0,500.0,0.0,1500.0
T105607,2025-02-06,P0022,C00237,central,1.0,3102.81,0.0,3102.81
T105978,2023-09-14,P0018,C00035,central,4.0,6437.51,0.0,25750.04
T100651,2023-11-30,P0035,C00234,east,6.0,8930.77,0.2,42867.7
T107498,2025-03-12,P0032,C00042,central,3.0,5656.65,0.05,16121.45
T102196,2025-03-26,P0018,C00211,west,4.0,6437.51,0.05,24462.54
T108514,2025-08-19,P0040,C00230,east,4.0,12756.37,0.0,51025.48
T100369,2023-02-19,P0007,C00210,north,3.0,14423.4,0.0,43270.2
T106594,2024-09-17,P0036,C00248,north,3.0,4229.62,0.0,12688.86
T104214,2025-01-16,P0027,C00216,south,4.0,9818.49,0.0,39273.96
T100377,2024-08-03,P0009,C00175,east,4.0,11247.7,0.05,42741.26
T107078,2024-01-17,P0037,C00231,north,6.0,8484.46,0.0,50906.76
T102216,2024-09-21,P0023,C00247,north,5.0,10713.43,0.0,53567.15
T107652,2023-11-26,P0016,C00210,north,8.0,2604.21,0.0,20833.68
T101613,2023-07-15,P0008,C00201,west,3.0,499.0,5.0,1422.15
T101827,2023-03-02,P0012,C00018,central,3.0,14484.04,0.0,43452.12
T103632,2023-12-18,P0031,C00172,central,10.0,1566.84,0.2,12534.72
T100962,2025-07-30,P0014,C00230,east,2.0,500.0,0.0,1000.0
T102993,2024-10-03,P0010,C00038,west,3.0,8164.43,0.10000004082750834,22043.96
T108818,2025-11-19,P0001,C00050,east,1.0,6017.98,0.0,6017.98
T107914,2025-05-04,P0001,C00053,west,3.0,6017.98,0.0,18053.94
T106817,2025-01-31,P0026,C00085,central,2.0,13905.57,0.0,27811.14
T100359,2025-12-06,P0011,C00122,west,7.0,8863.25,0.0,62042.75
T103839,2023-05-31,P0024,C00144,west,6.0,11884.11,0.0,71304.66
T108143,2024-02-17,P0040,C00061,west,1.0,12756.37,0.05,12118.55
T101246,2024-10-28,P0004,C00160,south,1.0,4999.13,0.0,4999.13
T107020,2024-10-13,P0004,C00195,east,3.0,4999.13,0.0,14997.39
T105087,2024-08-04,P0002,C00195,east,2.0,13910.88,0.0,27821.76
T103694,2024-11-08,P0005,C00054,central,5.0,8621.09,0.0,43105.45
T101573,2024-10-10,P0028,C00222,central,7.0,13737.15,0.1,86544.04
T106281,2025-11-20,P0002,C00112,south,5.0,13910.88,0.0,69554.4
T107372,2023-12-02,P0024,C00236,east,3.0,11884.11,0.0,35652.33
T102567,2023-05-09,P0020,C00004,east,5.0,4508.3,0.05,21414.42
T103423,2024-01-01,P0015,C00036,north,2.0,4549.66,0.0,9099.32
T102037,2025-02-28,P0007,C00248,north,3.0,14423.4,0.0,43270.2
T100772,2024-07-16,P0019,C00146,central,1.0,6013.99,0.0,6013.99
T105380,2024-10-07,P0016,C00129,central,6.0,2604.21,0.1,14062.73
T108721,2025-12-30,P0006,C00176,east,1.0,7884.39,0.1,7095.95
T103562,2025-02-16,P0020,C00086,west,7.0,4508.3,0.0,31558.1
T100562,2023-06-05,P0033,C00176,east,4.0,10082.29,0.1,36296.24
T102546,2024-08-11,P0019,C00205,north,1.0,6013.99,0.15,5111.89
T105510,2023-02-22,P0038,C00250,north,5.0,5836.46,0.1,26264.07
T105330,2025-12-24,P0034,C00170,west,9.0,10038.95,0.0,90350.55
T108725,2025-06-28,P0009,C00173,north,2.0,11247.7,0.0,22495.4
T104531,2025-02-19,P0016,C00200,north,6.0,2604.21,0.0,15625.26
T101674,2024-11-04,P0032,C00227,central,5.0,5656.65,0.05,26869.09
T100365,2024-08-24,P0036,C00009,central,3.0,4229.62,0.0,12688.86
T106605,2025-06-20,P0013,C00244,south,4.0,9164.46,0.0,36657.84
T106502,2025-01-31,P0032,C00144,west,3.0,5656.65,0.15,14424.46
T104327,2024-08-17,P0020,C00091,central,5.0,4508.3,0.0,22541.5
T106816,2023-05-25,P0014,C00091,central,3.0,500.0,0.0,1500.0
T101668,2024-05-13,P0040,C00051,east,4.0,12756.37,0.0,51025.48
T103088,2023-06-28,P0037,C00199,central,1.0,8484.46,0.0,8484.46
T107927,2023-05-04,P0013,C00105,west,2.0,9164.46,0.15,15579.58
T100407,2025-04-20,P0038,C00073,south,3.0,5836.46,0.1,15758.44
T108736,2024-01-17,P0013,C00070,west,8.0,9164.46,0.05,69649.9
T103456,2023-04-06,P0035,C00170,west,6.0,8930.77,0.0,53584.62
T106186,2024-07-17,P0019,C00177,south,4.0,6013.99,0.0,24055.96
T104182,2025-08-27,P0027,C00158,east,4.0,9818.49,0.0,39273.96
T103576,2023-04-16,P0009,C00060,central,3.0,11247.7,0.0,33743.1
T103271,2025-04-05,P0009,C00113,east,1.0,11247.7,0.1,10122.93
T104940,2024-02-12,P0020,C00151,east,8.0,4508.3,0.0,36066.4
T101031,2025-03-29,P0023,C00246,south,1.0,10713.43,0.0,10713.43
T108963,2023-01-14,P0006,C00072,west,1.0,7884.39,0.2,6307.51
T108116,2025-04-11,P0030,C00046,south,9.0,6824.34,0.0,61419.06
T108945,2024-06-10,P0030,C00099,north,6.0,6824.34,0.1,36851.44
T100855,2025-03-31,P0032,C00054,central,2.0,5656.65,0.0,11313.3
T103926,2025-11-06,P0035,C00209,east,7.0,8930.77,0.0,62515.39
T100078,2025-10-07,P0036,C00223,central,12.0,4229.62,0.0,50755.44
T102247,2025-11-14,P0029,C00171,east,11.0,12773.07,0.0,140503.77
T107448,2023-03-31,P0015,C00168,north,4.0,4549.66,0.0,18198.64
T107281,2025-01-26,P0028,C00027,south,5.0,13737.15,0.0,68685.75
T108724,2023-05-29,P0020,C00065,east,5.0,4508.3,0.0,22541.5
T107774,2024-05-20,P0032,C00077,south,2.0,5656.65,0.2,9050.64
T107011,2025-08-06,P0002,C00174,central,6.0,13910.88,0.0,83465.28
T100788,2025-09-07,P0038,C00040,north,2.0,5836.46,0.0,11672.92
T102279,2025-03-29,P0032,C00164,north,1.0,5656.65,0.0,5656.65
T104095,2024-03-22,P0040,C00130,east,2.0,12756.37,0.1,22961.47
T103897,2024-11-24,P0013,C00143,south,3.0,9164.46,0.1,24744.04
T106559,2024-12-03,P0040,C00069,central,6.0,12756.37,0.0,76538.22
T108268,2023-06-25,P0001,C00048,south,1.0,6017.98,0.15,5115.28
T108616,2024-01-18,P0017,C00148,north,1.0,382.2,0.1,343.98
T103631,2025-01-25,P0029,C00112,south,2.0,12773.07,0.0,25546.14
T107528,2025-09-25,P0039,C00136,south,1.0,14579.92,0.0,14579.92
T106272,2024-09-24,P0014,C00020,north,6.0,500.0,0.0,3000.0
T100424,2025-09-10,P0038,C00137,south,3.0,5836.46,0.15,14882.97
T100392,2023-07-07,P0022,C00133,east,6.0,3102.81,0.0,18616.86
T107506,2025-09-06,P0033,C00171,east,4.0,10082.29,0.0,40329.16
T100016,2025-02-08,P0027,C00142,central,5.0,9818.49,0.0,49092.45
T107515,2025-08-30,P0011,C00006,east,9.0,8863.25,0.05,75780.79
T104200,2025-01-10,P0039,C00206,north,1.0,14579.92,0.0,14579.92
T102672,2023-07-09,P0033,C00089,east,8.0,10082.29,0.0,80658.32
T102444,2024-09-30,P0023,C00164,north,5.0,10713.43,0.0,53567.15
T107198,2025-05-24,P0026,C00081,west,2.0,13905.57,0.2,22248.91
T106798,2025-11-24,P0034,C00077,south,7.0,10038.95,0.05,66759.02
T103493,2025-03-21,P0012,C00078,west,6.0,14484.04,0.0,86904.24
T106044,2024-01-18,P0004,C00045,west,7.0,4999.13,0.0,34993.91
T101459,2023-01-17,P0018,C00026,north,3.0,6437.51,0.0,19312.53
T107263,2023-10-30,P0033,C00052,east,4.0,10082.29,0.0,40329.16
T107334,2024-02-02,P0026,C00247,north,4.0,13905.57,0.0,55622.28
T106792,2025-01-31,P0021,C00002,west,4.0,359.09,0.2,1149.09
T108432,2024-02-14,P0040,C00094,south,1.0,12756.37,0.0,12756.37
T103835,2024-08-10,P0019,C00080,north,3.0,6013.99,0.0,18041.97
T108490,2025-03-02,P0023,C00102,central,3.0,10713.43,0.0,32140.29
T105683,2023-03-24,P0011,C00247,north,5.0,8863.25,0.05,42100.44
T108936,2024-08-07,P0029,C00055,south,4.0,12773.07,0.0,51092.28
T105827,2025-02-27,P0033,C00213,south,3.0,10082.29,0.0,30246.87
T108887,2025-04-04,P0029,C00191,south,8.0,12773.07,0.0,102184.56
T104724,2024-12-03,P0005,C00107,east,4.0,8621.09,0.0,34484.36
T107800,2025-02-21,P0036,C00212,south,6.0,4229.62,0.0,25377.72
T105887,2025-03-19,P0040,C00240,south,1.0,12756.37,0.0,12756.37
T102355,2023-05-25,P0002,C00084,north,1.0,13910.88,0.1,12519.79
T106036,2025-09-27,P0036,C00240,south,6.0,4229.62,0.0,25377.72
T104798,2025-04-11,P0014,C00069,central,9.0,500.0,0.1,4050.0
T102442,2024-08-28,P0003,C00066,west,3.0,10949.99,0.05,31207.47
T106837,2025-02-09,P0006,C00179,north,3.0,7884.39,0.0,23653.17
T104592,2024-11-10,P0027,C00098,east,12.0,9818.49,0.0,117821.88
T107818,2024-11-21,P0032,C00010,south,1.0,5656.65,0.0,5656.65
T100464,2023-08-31,P0007,C00217,north,3.0,14423.4,0.0,43270.2
T100163,2024-12-26,P0039,C00214,central,5.0,14579.92,0.05,3462731.0
T108440,2025-07-31,P0019,C00106,west,9.0,6013.99,0.0,54125.91
T108601,2025-12-19,P0025,C00029,east,14.0,9148.51,0.0,128079.14
T107278,2024-01-07,P0038,C00023,west,2.0,5836.46,0.0,11672.92
T108914,2024-05-25,P0031,C00145,north,2.0,1566.84,0.0,3133.68
T100241,2023-05-29,P0033,C00049,east,2.0,10082.29,0.0,20164.58
T102009,2024-07-21,P0006,C00196,east,3.0,7884.39,0.19999983088947487,18922.54
T106356,2025-09-25,P0032,C00208,central,3.0,5656.65,0.0,16969.95
T103084,2023-11-04,P0035,C00052,east,1.0,8930.77,0.2,7144.62
T106208,2025-07-17,P0036,C00221,west,9.0,4229.62,0.0,38066.58
T100900,2025-05-13,P0023,C00102,east,3.0,10713.43,0.0,32140.29
T105542,2024-11-11,P0040,C00203,west,8.0,12756.37,0.1,91845.86
T107688,2024-07-11,P0027,C00024,south,5.0,9818.49,0.0,49092.45
T108256,2023-08-03,P0030,C00177,south,2.0,6824.34,0.05,12966.25
T104837,2025-01-27,P0034,C00094,south,3.0,10038.95,0.0,30116.85
T102293,2024-06-26,P0037,C00161,west,5.0,8484.46,0.0,42422.3
T106548,2024-07-19,P0017,C00192,central,5.0,382.2,0.0,1911.0
T106574,2024-06-12,P0007,C00035,central,5.0,14423.4,0.0,72117.0
T104481,2024-12-02,P0002,C00079,south,5.0,13910.88,0.0,69554.4
T105302,2023-11-10,P0012,C00151,east,3.0,14484.04,0.15,36934.3
T104605,2024-09-02,P0040,C00180,central,2.0,12756.37,0.0,25512.74
T103716,2024-02-20,P0015,C00037,south,2.0,4549.66,0.0,9099.32
T108263,2023-12-25,P0014,C00162,north,7.0,500.0,0.0,3500.0
T106140,2024-04-23,P0030,C00190,north,1.0,6824.34,0.0,6824.34
T101764,2023-09-02,P0009,C00092,south,7.0,11247.7,0.0,78733.9
T101549,2025-08-03,P0031,C00157,central,3.0,1566.84,0.0,4700.52
T103029,2023-12-11,P0040,C00062,south,3.0,12756.37,0.1,34442.2
T107593,2024-04-23,P0021,C00030,north,6.0,359.09,0.0,2154.54
T106298,2025-12-18,P0034,C00227,central,7.0,10038.95,0.0,70272.65
T102044,2024-11-09,P0008,C00111,north,16.0,499.0,0.05,7584.8
T100767,2023-04-15,P0002,C00008,south,4.0,13910.88,0.05,52861.34
T105693,2023-05-02,P0010,C00180,central,4.0,8164.43,0.0,32657.72
T101508,2025-05-30,P0005,C00035,central,4.0,8621.09,0.0,34484.36
T103302,2024-07-07,P0013,C00140,west,2.0,9164.46,0.0,18328.92
T104517,2023-05-30,P0030,C00130,east,5.0,6824.34,0.0,34121.7
T104219,2024-03-31,P0006,C00003,north,2.0,7884.39,0.0,15768.78
T108270,2024-03-01,P0008,C00041,east,4.0,499.0,0.0,1996.0
T106582,2024-03-03,P0023,C00062,south,2.0,10713.43,0.05,20355.52
T103292,2023-03-24,P0006,C00023,west,3.0,7884.39,0.0,23653.17
T100819,2025-12-04,P0027,C00184,central,6.0,9818.49,0.0,58910.94
T101403,2023-12-05,P0029,C00086,west,3.0,12773.07,0.0,38319.21
T101382,2023-06-24,P0037,C00154,west,3.0,8484.46,0.2,20362.7
T102148,2023-05-20,P0003,C00229,east,3.0,10949.99,0.0,32849.97
T105671,2024-10-23,P0032,C00010,south,6.0,5656.65,0.05,32242.9
T101638,2024-02-29,P0002,C00209,east,6.0,13910.88,0.0,83465.28
T105891,2024-07-21,P0013,C00037,south,4.0,9164.46,0.0,36657.84
T100608,2023-08-07,P0023,C00134,east,7.0,10713.43,0.0,74994.01
T100399,2024-02-18,P0006,C00052,east,4.0,7884.39,0.1,28383.8
T106406,2024-03-02,P0003,C00231,north,5.0,10949.99,0.0,54749.95
T100882,2024-05-31,P0035,C00187,north,4.0,8930.77,0.0,35723.08
T103565,2024-06-29,P0025,C00032,north,3.0,9148.51,0.2,21956.42
T104285,2024-05-09,P0023,C00233,west,4.0,10713.43,0.0,42853.72
T101179,2025-05-01,P0022,C00009,central,1.0,3102.81,0.05,2947.67
T105448,2025-11-17,P0011,C00102,central,5.0,8863.25,0.2,35453.0
T104244,2023-08-06,P0015,C00129,central,3.0,4549.66,0.0,13648.98
T105218,2025-07-20,P0016,C00154,west,8.0,2604.21,0.0,20833.68
T106866,2024-02-13,P0010,C00117,west,5.0,8164.43,0.0,40822.15
T102130,2024-08-28,P0027,C00051,east,8.0,9818.49,0.0,78547.92
T105078,2023-07-29,P0011,C00229,east,3.0,8863.25,0.0,26589.75
T100456,2025-04-21,P0019,C00144,west,4.0,6013.99,0.1,21650.36
T108386,2025-08-17,P0008,C00002,west,8.0,499.0,0.0,3992.0
T105175,2023-10-12,P0004,C00240,south,7.0,4999.13,0.0,34993.91
T101950,2025-02-08,P0040,C00148,north,4.0,12756.37,0.0,51025.48
T105372,2023-04-01,P0028,C00230,east,3.0,13737.15,0.0,41211.45
T100689,2024-05-19,P0034,C00239,east,5.0,10038.95,0.0,50194.75
T108458,2025-05-19,P0013,C00151,east,6.0,9164.46,0.0,54986.76
T106525,2024-04-25,P0001,C00153,central,4.0,6017.98,0.0,24071.92
T108955,2025-11-09,P0039,C00012,east,13.0,14579.92,0.0,189538.96
T106488,2024-12-11,P0037,C00152,north,1.0,8484.46,0.0,8484.46
T101953,2024-10-21,P0022,C00064,north,7.0,3102.81,0.0,21719.67
T105636,2025-11-05,P0008,C00189,north,5.0,499.0,0.05,2370.25
T107149,2024-07-07,P0012,C00247,north,4.0,14484.04,0.0,57936.16
T106610,2024-04-27,P0033,C00239,east,4.0,10082.29,0.15,34279.79
T102710,2025-05-26,P0008,C00165,west,8.0,499.0,0.0,3992.0
T107442,2024-12-07,P0031,C00114,south,5.0,1566.84,0.0,7834.2
T107464,2023-05-12,P0008,C00060,west,1.0,499.0,0.0,499.0
T104349,2024-05-28,P0023,C00051,east,5.0,10713.43,0.05,50888.79
T104138,2024-03-28,P0038,C00220,north,2.0,5836.46,0.0,11672.92
T101884,2023-06-15,P0019,C00021,east,3.0,6013.99,0.0,18041.97
T107568,2025-01-30,P0001,C00082,east,4.0,6017.98,0.09999991691564274,21664.73
T104485,2023-06-18,P0034,C00059,north,5.0,10038.95,0.0,50194.75
T102494,2023-03-31,P0016,C00095,central,5.0,2604.21,0.1,11718.94
T107176,2023-10-31,P0022,C00234,east,8.0,3102.81,0.0,24822.48
T103036,2024-04-25,P0039,C00064,north,1.0,14579.92,0.05,13850.92
T105777,2025-09-15,P0018,C00092,south,3.0,6437.51,0.0,19312.53
T103603,2023-09-10,P0007,C00015,south,3.0,14423.4,0.0,43270.2
T100845,2023-02-28,P0009,C00038,west,3.0,11247.7,0.0,33743.1
T100542,2025-07-12,P0017,C00166,central,1.0,382.2,0.1,343.98
T103724,2024-02-25,P0008,C00193,east,4.0,499.0,0.0,1996.0
T104187,2023-07-08,P0016,C00207,central,4.0,2604.21,0.1,9375.16
T103679,2025-03-02,P0007,C00060,south,4.0,14423.4,0.0,57693.6
T108020,2024-03-07,P0015,C00108,west,1.0,4549.66,0.0,4549.66
T106075,2024-09-29,P0002,C00166,central,1.0,13910.88,0.0,13910.88
T108630,2025-06-05,P0023,C00185,central,6.0,10713.43,0.05,61066.55
T108203,2024-07-21,P0004,C00140,west,1.0,4999.13,0.0,4999.13
T106913,2025-12-18,P0034,C00018,central,7.0,10038.95,0.05,66759.02
T102964,2024-08-14,P0029,C00241,south,5.0,12773.07,0.0,63865.35
T102529,2023-08-09,P0002,C00002,west,6.0,13910.88,0.0,83465.28
T105772,2024-08-07,P0040,C00052,east,2.0,12756.37,0.0,25512.74
T101048,2025-07-17,P0038,C00027,north,4.0,5836.46,0.0,23345.84
T101960,2023-06-12,P0039,C00172,central,6.0,14579.92,0.0,87479.52
T102530,2024-06-17,P0026,C00240,south,4.0,13905.57,0.0,55622.28
T107403,2023-11-16,P0018,C00162,north,6.0,6437.51,0.0,38625.06
T106524,2025-09-09,P0009,C00249,west,4.0,11247.7,0.0,44990.8
T100237,2023-02-08,P0033,C00056,south,4.0,10082.29,0.0,40329.16
T104917,2023-08-24,P0012,C00033,north,7.0,14484.039999999999,0.0,101388.28
T106479,2025-11-07,P0040,C00167,east,1.0,12756.37,0.15,10842.91
T101133,2024-12-29,P0004,C00094,south,13.0,4999.13,0.0,64988.69
T105901,2023-01-06,P0038,C00060,west,2.0,5836.46,0.0,11672.92
T108249,2025-10-04,P0001,C00043,west,6.0,6017.98,0.0,36107.88
T104259,2025-12-17,P0037,C00030,north,9.0,8484.46,0.1,68724.13
T107922,2023-04-28,P0005,C00185,central,4.0,8621.09,0.1,31035.92
T105089,2025-03-01,P0017,C00159,north,8.0,382.2,0.15,2598.96
T107432,2023-08-19,P0020,C00109,north,4.0,4508.3,0.0,18033.2
T105472,2023-11-29,P0007,C00126,west,14.0,14423.4,0.0,201927.6
T105656,2025-01-04,P0012,C00037,south,4.0,14484.04,0.0,57936.16
T107751,2023-01-25,P0001,C00199,central,3.0,6017.98,0.0,18053.94
T108200,2024-09-13,P0027,C00015,south,4.0,9818.49,0.0,39273.96
T105907,2025-04-04,P0011,C00031,south,9.0,8863.25,0.0,79769.25
T102978,2025-03-04,P0012,C00125,north,3.0,14484.04,0.0,43452.12
T107953,2025-05-05,P0016,C00197,south,4.0,2604.21,0.1,9375.16
T105524,2024-08-12,P0003,C00004,east,10.0,10949.99,0.05,104024.9
T107729,2024-08-10,P0038,C00059,north,3.0,5836.46,0.0,17509.38
T106788,2025-05-28,P0021,C00081,west,1.0,359.09,0.0,359.09
T107495,2025-09-08,P0040,C00102,central,2.0,12756.37,0.0,25512.74
T103919,2023-07-30,P0033,C00068,north,3.0,10082.29,0.0,30246.87
T103138,2025-12-06,P0033,C00052,east,7.0,10082.29,0.1,63518.43
T108587,2025-05-02,P0039,C00069,central,8.0,14579.92,0.0,116639.36
T105789,2024-10-29,P0035,C00146,central,1.0,8930.77,0.05,8484.23
T104073,2023-03-25,P0028,C00185,central,3.0,13737.15,0.2,32969.16
T103287,2024-06-15,P0027,C00159,north,3.0,9818.49,0.0,29455.47
T103229,2023-09-22,P0025,C00244,west,7.0,9148.51,0.0,64039.57
T101826,2024-11-08,P0003,C00093,north,3.0,10949.99,0.0,32849.97
T105548,2024-04-26,P0007,C00157,central,1.0,14423.4,0.15,12259.89
T100593,2025-05-04,P0032,C00128,south,4.0,5656.65,0.0,22626.6
T102725,2024-03-14,P0034,C00214,central,2.0,10038.95,0.0,20077.9
T104137,2024-07-03,P0028,C00083,south,3.0,13737.15,0.05,39150.88
T100560,2024-04-20,P0025,C00103,west,6.0,9148.51,0.0,54891.06
T107870,2024-01-31,P0024,C00136,south,4.0,11884.11,0.0,47536.44
T107086,2025-08-23,P0038,C00097,west,3.0,5836.46,0.1,15758.44
T100243,2024-10-22,P0017,C00096,central,3.0,382.2,0.0,1146.6
T105435,2025-09-13,P0026,C00126,west,8.0,13905.57,0.1,100120.1
T104437,2025-03-22,P0026,C00095,east,7.0,13905.57,0.0,97338.99
T106982,2024-06-20,P0026,C00240,south,1.0,13905.57,0.0,13905.57
T100405,2023-07-24,P0038,C00113,east,4.0,5836.46,0.0,23345.84
T101442,2024-07-12,P0030,C00097,west,6.0,6824.34,0.0,40946.04
T100261,2023-10-10,P0012,C00236,east,7.0,14484.04,0.0,101388.28
T106744,2023-08-09,P0021,C00209,east,2.0,359.09,0.0,718.18
T108692,2023-09-29,P0011,C00135,north,8.0,8863.25,0.0,70906.0
T101689,2025-09-28,P0007,C00173,central,3.0,14423.4,0.0,43270.2
T101725,2025-08-04,P0040,C00168,north,1.0,12756.37,0.0,12756.37
T108193,2023-04-22,P0019,C00111,north,3.0,6013.99,0.15,15335.67
T104930,2024-12-09,P0032,C00045,west,3.0,5656.65,0.15,14424.46
T105962,2025-08-31,P0012,C00084,north,2.0,14484.04,0.0,28968.08
T102496,2025-03-14,P0014,C00079,south,3.0,500.0,0.0,1500.0
T106106,2023-08-23,P0031,C00232,west,4.0,1566.84,0.0,6267.36
T106761,2025-06-20,P0034,C00232,west,11.0,10038.95,0.2,88342.76
T100340,2025-09-24,P0038,C00231,north,3.0,5836.46,0.0,17509.38
T107488,2025-06-25,P0012,C00214,central,4.0,14484.04,0.0,57936.16
T101601,2024-10-06,P0008,C00110,east,4.0,499.0,0.0,1996.0
T107042,2025-11-08,P0032,C00142,central,9.0,5656.65,0.0,50909.85
T105782,2025-07-28,P0027,C00226,west,4.0,9818.49,0.0,39273.96
T104576,2025-03-03,P0039,C00003,north,7.0,14579.92,0.0,102059.44
T103725,2024-05-10,P0030,C00144,west,4.0,6824.34,0.05,25932.49
T102556,2024-02-19,P0021,C00216,south,2.0,359.09,0.0,718.18
T102785,2024-10-11,P0017,C00234,east,9.0,382.2,0.0,3439.8
T101523,2024-11-20,P0012,C00087,central,8.0,14484.04,0.0,115872.32
T107493,2023-01-28,P0011,C00071,east,1.0,8863.25,0.0,8863.25
T102831,2025-12-03,P0030,C00211,west,13.0,6824.34,0.0,88716.42
T101012,2025-04-29,P0002,C00213,south,7.0,13910.88,0.05,92507.35
T107091,2024-08-06,P0007,C00216,south,6.0,14423.4,0.1,77886.36
T108123,2024-12-23,P0014,C00223,central,8.0,500.0,0.1,3600.0
T101766,2025-08-08,P0036,C00002,west,6.0,4229.62,0.0,25377.72
T104551,2024-08-28,P0032,C00029,east,2.0,5656.65,0.0,11313.3
T106549,2023-03-17,P0008,C00169,central,5.0,499.0,0.15,2120.75
T104037,2025-09-18,P0026,C00163,south,7.0,13905.57,0.0,97338.99
T107645,2023-07-01,P0034,C00188,north,4.0,10038.95,0.2,32124.64
T107942,2023-12-31,P0005,C00167,east,12.0,8621.09,0.0,103453.08
T108149,2024-02-01,P0002,C00123,north,2.0,13910.88,0.1,25039.58
T108797,2025-09-20,P0032,C00209,east,9.0,5656.65,0.15,43273.37
T100363,2023-03-16,P0004,C00222,central,4.0,4999.13,0.0,19996.52
T105367,2024-10-31,P0013,C00120,west,4.0,9164.46,0.0,36657.84
T105542,2024-11-11,P0040,C00203,west,8.0,12756.37,0.1,91845.86
T107127,2024-08-14,P0032,C00201,west,6.0,5656.65,0.05,32242.9
T108617,2023-11-28,P0008,C00147,north,8.0,499.0,0.0,3992.0
T104725,2025-08-04,P0024,C00072,west,2.0,11884.11,0.0,23768.22
T104443,2025-06-04,P0024,C00202,north,2.0,11884.11,0.05,22579.81
T108631,2024-01-28,P0033,C00064,north,2.0,10082.29,0.0,20164.58
T108737,2024-05-03,P0009,C00193,east,8.0,11247.7,0.05,85482.52
T102562,2023-05-24,P0007,C00026,north,8.0,14423.4,0.05,109617.84
T107040,2025-07-29,P0035,C00057,east,9.0,8930.77,0.0,80376.93
T108753,2024-04-09,P0010,C00152,north,7.0,8164.43,0.0,57151.01
T105519,2025-04-21,P0005,C00137,south,1.0,8621.09,0.0,8621.09
T108762,2025-11-20,P0008,C00073,south,11.0,499.0,0.0,5489.0
T103083,2023-03-14,P0015,C00095,central,3.0,4549.66,0.1,12284.08
T102959,2024-11-22,P0039,C00127,south,3.0,14579.92,0.0,43739.76
T102102,2024-06-08,P0012,C00029,east,5.0,14484.04,0.1,65178.18
T100632,2025-12-22,P0024,C00143,south,9.0,11884.11,0.1,96261.29
T102493,2024-06-03,P0010,C00242,east,3.0,8164.43,0.0,24493.29
T102665,2023-07-25,P0019,C00077,south,5.0,6013.99,0.0,30069.95
T107290,2024-01-26,P0040,C00187,north,1.0,12756.37,0.0,12756.37
T104406,2024-10-10,P0005,C00233,west,7.0,8621.09,0.1,54312.87
T107389,2024-02-11,P0024,C00166,central,3.0,11884.11,0.0,35652.33
T107150,2024-10-12,P0028,C00187,north,3.0,13737.15,0.0,41211.45
T102334,2024-12-10,P0021,C00015,south,8.0,359.09,0.0,2872.72
T107709,2023-01-16,P0002,C00120,west,2.0,13910.88,0.0,27821.76
T106596,2024-05-05,P0027,C00135,north,6.0,9818.49,0.0,58910.94
T103619,2025-12-10,P0016,C00239,east,1.0,2604.21,0.05,2474.0
T105561,2025-07-31,P0002,C00226,west,7.0,13910.88,0.0,97376.16
T103883,2024-08-31,P0029,C00026,north,5.0,12773.07,0.1,57478.82
T106829,2023-03-15,P0008,C00082,east,5.0,499.0,0.1,2245.5
T104211,2024-08-06,P0019,C00137,south,2.0,6013.99,0.1,10825.18
T107449,2025-02-01,P0011,C00097,west,6.0,8863.25,0.05,50520.52
T101494,2025-12-24,P0009,C00028,central,9.0,11247.7,0.15,86044.9
T102401,2023-10-15,P0017,C00011,east,4.0,382.2,0.0,1528.8
T103874,2025-11-19,P0020,C00044,south,15.0,4508.3,0.0,67624.5
T101232,2024-02-25,P0001,C00166,central,3.0,6017.98,0.0,18053.94
T102661,2024-01-07,P0029,C00174,central,4.0,12773.07,0.0,51092.28
T102817,2024-06-25,P0003,C00038,west,4.0,10949.99,0.1,39419.96
T106875,2024-09-26,P0019,C00176,east,8.0,6013.99,0.1,43300.73
T102774,2025-08-04,P0023,C00145,north,4.0,10713.43,0.05,40711.03
T108949,2025-07-18,P0033,C00028,central,2.0,10082.29,0.0,20164.58
T107976,2025-12-19,P0024,C00125,north,9.0,11884.11,0.0,106956.99
T104153,2025-06-12,P0028,C00240,south,6.0,13737.15,0.0,82422.9
T108613,2023-01-07,P0022,C00178,west,3.0,3102.81,0.15,7912.17
T103061,2023-09-29,P0016,C00160,south,5.0,2604.21,0.0,13021.05
T100066,2024-06-26,P0011,C00142,central,3.0,8863.25,0.05,25260.26
T104250,2023-08-04,P0020,C00226,west,2.0,4508.3,0.05,8565.77
T101735,2024-06-25,P0011,C00123,north,6.0,8863.25,0.0,53179.5
T102823,2023-09-12,P0015,C00050,east,3.0,4549.66,0.2,10919.18
T106292,2023-07-11,P0039,C00174,central,2.0,14579.92,0.2,23327.87
T107665,2023-09-02,P0022,C00199,central,3.0,3102.808333333333,0.2,7446.74
T106909,2025-11-23,P0037,C00203,west,3.0,8484.46,0.0,25453.38
T102475,2025-09-25,P0022,C00111,north,1.0,3102.81,0.0,3102.81
T102564,2024-02-27,P0022,C00016,west,5.0,3102.81,0.2,12411.24
T105202,2024-09-18,P0018,C00173,central,4.0,6437.51,0.1500001553395646,21887.53
T103713,2024-09-30,P0014,C00069,central,10.0,500.0,0.0,5000.0
T108167,2023-04-06,P0022,C00030,north,6.0,3102.81,0.2,14893.49
T107773,2023-12-17,P0019,C00055,south,7.0,6013.99,0.1,37888.14
T100707,2023-12-28,P0006,C00129,central,9.0,7884.39,0.0,70959.51
T103046,2023-10-14,P0036,C00238,west,4.0,4229.62,0.0,16918.48
T108372,2024-09-05,P0023,C00215,east,3.0,10713.43,0.0,32140.29
T105189,2025-08-19,P0003,C00140,east,4.0,10949.99,0.15,37229.97
T107911,2024-10-25,P0039,C00133,east,12.0,14579.92,0.05,166211.09
T100072,2023-02-12,P0018,C00225,south,4.0,6437.51,0.0,25750.04
T106018,2023-09-04,P0018,C00236,east,1.0,6437.51,0.1,5793.76
T104448,2025-03-21,P0039,C00130,east,6.0,14579.92,0.0,87479.52
T105860,2025-12-10,P0015,C00030,north,3.0,4549.66,0.2,10919.18
T104839,2023-11-17,P0029,C00035,central,4.0,12773.07,0.0,51092.28
T104131,2025-01-12,P0007,C00222,central,2.0,14423.4,0.0,28846.8
T105101,2025-11-23,P0028,C00213,south,5.0,13737.15,0.1,61817.18
T106764,2025-11-10,P0024,C00241,south,3.0,11884.11,0.0,35652.33
T101190,2024-05-07,P0003,C00238,west,1.0,10949.99,0.1,9854.99
T106431,2023-08-11,P0007,C00022,north,2.0,14423.4,0.05,27404.46
T102601,2023-10-30,P0034,C00032,north,4.0,10038.95,0.15,34132.43
T101125,2024-09-14,P0010,C00102,central,3.0,8164.43,0.0,24493.29
T101241,2024-09-04,P0019,C00124,west,1.0,6013.99,0.05,5713.29
T106849,2023-08-16,P0007,C00222,central,1.0,14423.4,0.0,14423.4
T103602,2024-04-04,P0029,C00068,north,4.0,12773.07,0.0,51092.28
T102349,2024-02-23,P0002,C00084,north,2.0,13910.88,0.0,27821.76
T107544,2024-08-25,P0003,C00001,west,5.0,10949.99,0.0,54749.95
T103351,2025-01-20,P0011,C00039,north,4.0,8863.25,0.1,31907.7
T105094,2025-02-26,P0007,C00243,west,7.0,14423.4,0.0,100963.8
T106602,2025-07-06,P0039,C00219,west,3.0,14579.92,0.0,43739.76
T104008,2024-10-19,P0029,C00153,central,9.0,12773.07,0.15,97713.99
T106780,2023-08-31,P0017,C00247,north,4.0,382.2,0.0,1528.8
T101577,2024-03-20,P0011,C00040,north,2.0,8863.25,0.0,17726.5
T103906,2024-05-07,P0020,C00102,central,8.0,4508.3,0.0,36066.4
T103729,2024-05-04,P0033,C00009,central,8.0,10082.29,0.0,80658.32
T104358,2023-07-30,P0033,C00239,east,4.0,10082.29,0.1,36296.24
T105922,2024-06-26,P0024,C00113,east,2.0,11884.11,0.0,23768.22
T101343,2023-06-11,P0015,C00169,central,12.0,4549.66,0.05,51866.12
T107646,2023-08-28,P0034,C00137,south,5.0,10038.95,0.0,50194.75
T100440,2024-08-15,P0026,C00225,south,5.0,13905.57,0.0,69527.85
T106652,2024-01-31,P0032,C00011,east,4.0,5656.65,0.0,22626.6
T101100,2025-02-06,P0006,C00183,south,7.0,7884.39,0.0,55190.73
T102637,2025-04-27,P0033,C00125,north,6.0,10082.29,0.0,60493.74
T107104,2024-01-08,P0022,C00165,west,7.0,3102.81,0.05,20633.69
T100649,2025-03-31,P0007,C00030,north,2.0,14423.4,0.0,28846.8
T101546,2023-10-23,P0024,C00023,west,2.0,11884.11,0.05,22579.81
T108475,2025-03-28,P0003,C00067,south,6.0,10949.99,0.0,65699.94
T107672,2023-11-09,P0013,C00193,east,3.0,9164.46,0.05,26118.71
T102852,2024-12-22,P0027,C00182,north,5.0,9818.49,0.15,41728.58
T103503,2024-02-02,P0019,C00030,north,4.0,6013.99,0.0,24055.96
T107254,2023-10-27,P0023,C00047,central,7.0,10713.43,0.0,74994.01
T106804,2025-11-01,P0008,C00139,south,9.0,499.0,0.2,3592.8
T100630,2025-09-06,P0038,C00133,east,3.0,5836.46,0.15,14882.97
T104768,2024-02-07,P0005,C00001,west,4.0,8621.09,0.0,34484.36
T101249,2024-08-23,P0005,C00009,central,8.0,8621.09,0.1,62071.85
T106890,2023-04-03,P0026,C00209,east,3.0,13905.57,0.0,41716.71
T100482,2025-09-27,P0007,C00243,west,4.0,14423.4,0.0,57693.6
T101584,2023-03-04,P0004,C00164,north,3.0,4999.13,0.0,14997.39
T106830,2025-12-27,P0021,C00193,east,7.0,359.09,0.0,2513.63
T104676,2023-05-26,P0014,C00250,north,7.0,500.0,0.0,3500.0
T106385,2025-06-30,P0016,C00248,north,4.0,2604.21,0.05,9896.0
T101462,2024-11-11,P0009,C00030,north,8.0,11247.7,0.0,89981.6
T103040,2023-02-14,P0039,C00238,west,2.0,14579.92,0.0,29159.84
T105010,2024-01-04,P0013,C00213,south,3.0,9164.46,0.15,23369.37
T107737,2023-10-09,P0004,C00190,north,7.0,4999.13,0.0,34993.91
T103273,2023-09-05,P0023,C00129,central,2.0,10713.43,0.0,21426.86
T103683,2023-04-22,P0003,C00240,south,11.0,10949.99,0.0,120449.89
T106674,2024-03-20,P0003,C00107,east,4.0,10949.99,0.0,43799.96
T106807,2023-03-27,P0027,C00069,central,3.0,9818.49,0.0,29455.47
T104145,2023-12-17,P0039,C00236,east,4.0,14579.92,0.0,58319.68
T108877,2023-05-01,P0006,C00174,central,10.0,7884.39,0.0,78843.9
T108553,2025-10-23,P0003,C00166,central,6.0,10949.99,0.0,65699.94
T104954,2023-11-04,P0006,C00230,east,1.0,7884.39,0.2,6307.51
T103225,2025-12-28,P0020,C00218,central,9.0,4508.3,0.0,40574.7
T101072,2023-06-11,P0036,C00029,east,5.0,4229.62,0.0,21148.1
T104815,2023-08-02,P0025,C00250,north,6.0,9148.51,0.0,54891.06
T107223,2025-03-03,P0024,C00037,south,2.0,11884.11,0.0,23768.22
T102631,2023-11-10,P0007,C00164,north,8.0,14423.4,0.0,115387.2
T106825,2024-06-12,P0022,C00054,central,1.0,3102.81,0.0,3102.81
T101660,2024-10-23,P0026,C00163,central,10.0,13905.57,0.1,125150.13
T105752,2023-12-28,P0021,C00165,west,10.0,359.09,0.0,3590.9
T102425,2023-08-13,P0003,C00208,central,4.0,10949.99,0.0,43799.96
T105079,2023-06-04,P0017,C00093,north,3.0,382.2,0.2,917.28
T108332,2023-10-16,P0018,C00050,east,2.0,6437.51,0.2,10300.02
T105902,2024-03-07,P0040,C00141,south,6.0,12756.37,0.05,72711.31
T107642,2023-10-16,P0024,C00027,west,5.0,11884.11,0.0,59420.55
T103097,2024-10-26,P0001,C00172,central,4.0,6017.98,0.0,24071.92
T103976,2025-07-20,P0010,C00136,south,3.0,8164.43,0.0,24493.29
T101243,2023-12-15,P0018,C00216,south,6.0,6437.51,0.0,38625.06
T101300,2024-04-19,P0006,C00168,north,5.0,7884.39,0.05,37450.85
T106284,2023-10-12,P0020,C00192,central,6.0,4508.3,0.0,27049.8
T106702,2023-07-09,P0017,C00180,central,1.0,382.2,0.0,382.2
T105481,2023-04-09,P0010,C00212,south,4.0,8164.43,0.1,29391.95
T107962,2023-07-24,P0022,C00125,west,4.0,3102.81,0.0,12411.24
T105495,2025-08-26,P0031,C00054,central,2.0,1566.84,0.0,3133.68
T105291,2025-05-19,P0013,C00210,north,4.0,9164.46,0.2,29326.27
T101408,2024-06-08,P0019,C00012,east,2.0,6013.99,0.15,10223.78
T101845,2024-06-17,P0013,C00105,west,4.0,9164.46,0.0,36657.84
T101798,2025-07-26,P0031,C00127,north,4.0,1566.84,0.0,6267.36
T103957,2025-07-08,P0011,C00207,central,6.0,8863.25,0.0,53179.5
T101475,2023-08-18,P0005,C00046,south,1.0,8621.09,0.0,8621.09
T107633,2023-03-29,P0009,C00236,east,6.0,11247.7,0.0,67486.2
T100035,2025-10-27,P0034,C00082,east,5.0,10038.95,0.1,45175.28
T108644,2025-10-15,P0003,C00110,east,8.0,10949.99,0.15,74459.93
T106441,2025-11-11,P0029,C00037,south,1.0,12773.07,0.0,12773.07
T100444,2023-02-12,P0002,C00156,south,1.0,13910.88,0.0,13910.88
T102359,2023-12-21,P0011,C00145,north,6.0,8863.25,0.0,53179.5
T103654,2024-08-18,P0032,C00075,east,2.0,5656.65,0.0,11313.3
T106302,2023-01-09,P0018,C00230,east,3.0,6437.51,0.2,15450.02
T108606,2023-08-03,P0026,C00030,north,2.0,13905.57,0.05,26420.58
T103179,2024-12-18,P0033,C00082,east,3.0,10082.29,0.0,30246.87
T101286,2024-07-05,P0006,C00198,west,3.0,7884.39,0.0,23653.17
T107459,2023-05-29,P0011,C00066,west,1.0,8863.25,0.2,7090.6
T104445,2023-01-26,P0025,C00039,north,4.0,9148.51,0.0,36594.04
T103416,2024-06-20,P0024,C00089,east,4.0,11884.11,0.0,47536.44
T102137,2024-04-23,P0002,C00199,central,5.0,13910.88,0.2,55643.52
T106787,2025-05-05,P0007,C00080,north,4.0,14423.4,0.0,57693.6
T102636,2024-09-30,P0011,C00062,south,6.0,8863.25,0.1,47861.55
T104016,2023-11-14,P0024,C00009,central,6.0,11884.11,0.0,71304.66
T104097,2024-06-15,P0025,C00181,south,4.0,9148.51,0.0,36594.04
T101681,2024-02-16,P0013,C00131,west,4.0,9164.46,0.0,36657.84
T106813,2024-07-31,P0011,C00135,north,4.0,8863.25,0.0,35453.0
T108890,2025-05-13,P0031,C00042,central,7.0,1566.84,0.05,10419.49
T107707,2025-03-11,P0007,C00043,west,7.0,14423.4,0.0,100963.8
T105767,2024-12-26,P0034,C00192,central,11.0,10038.95,0.0,110428.45
T106972,2023-09-25,P0005,C00154,west,5.0,8621.09,0.1,38794.9
T105275,2024-07-08,P0035,C00166,central,2.0,8930.77,0.0,17861.54
T106894,2023-09-23,P0018,C00242,east,5.0,6437.51,0.0,32187.55
T101692,2023-05-21,P0012,C00175,east,5.0,14484.04,2.0093724165863737e-16,72420.2
T107426,2025-02-09,P0019,C00034,east,6.0,6013.99,0.0,36083.94
T108003,2025-11-29,P0002,C00244,south,1.0,13910.88,0.15,11824.25
T103635,2025-10-13,P0018,C00247,north,10.0,6437.51,0.2,51500.08
T100372,2024-10-12,P0015,C00081,west,10.0,4549.66,0.0,45496.6
T107726,2025-04-25,P0030,C00217,west,2.0,6824.34,0.0,13648.68
T106012,2025-08-21,P0030,C00116,central,6.0,6824.34,0.0,40946.04
T105453,2023-04-14,P0035,C00068,north,5.0,8930.77,0.05,42421.16
T105921,2025-10-30,P0012,C00158,east,13.0,14484.04,0.0,188292.52
T104882,2025-05-21,P0001,C00042,central,3.0,6017.98,0.0,18053.94
T104565,2024-10-16,P0016,C00211,west,4.0,2604.21,0.09999961600638968,9375.16
T100140,2024-08-16,P0007,C00088,south,2.0,14423.4,0.15,24519.78
T104884,2025-02-13,P0003,C00039,north,4.0,10949.99,0.0,43799.96
T104419,2024-01-21,P0010,C00186,north,3.0,8164.43,0.0,24493.29
T108781,2023-05-02,P0029,C00109,north,5.0,12773.07,0.0,63865.35
T103667,2023-05-19,P0019,C00242,east,3.0,6013.99,0.0,18041.97
T100714,2024-10-14,P0034,C00128,south,6.0,10038.95,0.0,60233.7
T105923,2023-03-01,P0006,C00130,east,6.0,7884.39,0.0,47306.34
T106542,2025-06-16,P0012,C00131,west,2.0,14484.04,0.1,26071.27
T105243,2023-12-19,P0032,C00235,east,1.0,5656.65,0.0,5656.65
T103188,2025-08-30,P0025,C00211,west,2.0,9148.51,0.0,18297.02
T108539,2024-08-27,P0012,C00084,north,5.0,14484.04,0.0,72420.2
T104431,2023-01-31,P0003,C00104,south,3.0,10949.99,0.0,32849.97
T108624,2025-09-04,P0001,C00076,central,8.0,6017.98,0.0,48143.84
T106762,2024-06-26,P0021,C00012,east,6.0,359.09,0.0,2154.54
T100406,2024-08-04,P0029,C00028,central,2.0,12773.07,0.0,25546.14
T100020,2025-04-14,P0002,C00045,west,3.0,13910.88,0.0,41732.64
T101004,2025-04-26,P0012,C00073,south,4.0,14484.04,0.0,57936.16
T107073,2024-04-19,P0026,C00135,north,4.0,13905.57,0.0,55622.28
T104986,2023-04-28,P0025,C00034,east,2.0,9148.51,0.1,16467.32
T102411,2025-04-28,P0022,C00076,central,3.0,3102.81,0.0,9308.43
T102545,2025-09-15,P0006,C00193,east,4.0,7884.39,0.0,31537.56
T107538,2025-03-29,P0036,C00108,west,4.0,4229.62,0.2,13534.78
T102390,2024-07-25,P0011,C00146,central,2.0,8863.25,0.0,17726.5
T108071,2023-12-21,P0018,C00217,north,6.0,6437.51,0.0,38625.06
T100042,2025-07-19,P0034,C00224,central,4.0,10038.95,0.0,40155.8
T102830,2024-08-04,P0016,C00021,central,4.0,2604.21,0.0,10416.84
T105859,2023-10-26,P0001,C00102,central,4.0,6017.98,0.0,24071.92
T103371,2024-08-21,P0014,C00230,west,7.0,500.0,0.0,3500.0
T103022,2025-11-24,P0034,C00187,north,9.0,10038.95,0.0,90350.55
T103364,2024-01-07,P0037,C00015,south,3.0,8484.46,0.0,25453.38
T104399,2025-05-06,P0005,C00051,east,6.0,8621.09,0.1,46553.89
T105252,2024-12-01,P0019,C00123,north,4.0,6013.99,0.0,24055.96
T100011,2024-04-25,P0014,C00219,west,7.0,500.0,0.0,3500.0
T104760,2023-02-22,P0010,C00144,west,2.0,8164.43,0.05,15512.42
T101177,2024-02-26,P0025,C00131,west,4.0,9148.51,0.0,36594.04
T106772,2023-06-11,P0020,C00176,east,7.0,4508.3,0.05,29980.2
T101947,2023-01-13,P0007,C00133,east,3.0,14423.4,0.0,43270.2
T102501,2024-02-04,P0030,C00240,south,4.0,6824.34,0.0,27297.36
T108457,2025-04-28,P0009,C00198,west,8.0,11247.7,0.0,89981.6
T102863,2023-06-28,P0015,C00116,central,6.0,4549.66,0.0,27297.96
T107630,2024-07-15,P0009,C00015,south,11.0,11247.7,0.0,123724.7
T103865,2023-02-11,P0022,C00211,west,3.0,3102.81,0.0,9308.43
T106228,2024-11-21,P0019,C00007,central,3.0,6013.99,0.0,18041.97
T101026,2024-07-30,P0036,C00040,north,3.0,4229.62,0.05,12054.42
T103848,2024-02-18,P0003,C00047,central,5.0,10949.99,0.0,54749.95
T102989,2025-07-07,P0034,C00189,north,6.0,10038.95,0.15,51198.64
T100961,2025-03-12,P0029,C00084,north,6.0,12773.07,0.15,65142.66
T102889,2024-08-19,P0030,C00136,south,7.0,6824.34,0.0,47770.38
T103015,2024-07-03,P0005,C00020,north,3.0,8621.09,0.1,23276.94
T103338,2023-11-23,P0018,C00001,west,8.0,6437.51,0.1,46350.07
T106105,2025-08-22,P0011,C00173,central,2.0,8863.25,0.2,14181.2
T106245,2023-06-16,P0008,C00168,east,3.0,499.0,0.0,1497.0
T106434,2024-05-17,P0006,C00212,south,5.0,7884.39,0.0,39421.95
T107118,2025-07-03,P0022,C00249,west,8.0,3102.81,0.0,24822.48
T100735,2025-11-30,P0020,C00029,east,1.0,4508.3,0.0,4508.3
T104400,2025-12-11,P0030,C00113,east,5.0,6824.34,0.0,34121.7
T101440,2024-12-26,P0023,C00047,central,6.0,10713.43,0.0,64280.58
T108886,2025-03-28,P0031,C00125,north,6.0,1566.84,0.0,9401.04
T108696,2025-06-16,P0011,C00142,central,7.0,8863.25,0.0,62042.75
T102875,2023-03-05,P0002,C00171,east,4.0,13910.88,0.0,55643.52
T103986,2025-10-24,P0015,C00014,central,6.0,4549.66,0.0,27297.96
T100916,2023-06-12,P0009,C00039,north,6.0,11247.7,0.0,67486.2
T108288,2025-06-13,P0009,C00200,north,3.0,11247.7,0.05,32055.95
T107842,2024-11-29,P0023,C00175,east,8.0,10713.43,0.15,72851.32
T104089,2023-07-03,P0025,C00047,central,2.0,9148.51,0.0,18297.02
T108739,2024-01-02,P0022,C00041,east,4.0,3102.81,0.1,11170.12
T107851,2025-05-09,P0025,C00128,south,6.0,9148.51,0.0,54891.06
T102772,2023-03-20,P0034,C00069,central,4.0,10038.95,0.0,40155.8
T101624,2024-09-13,P0026,C00220,north,8.0,13905.57,0.1,100120.1
T107964,2025-01-29,P0035,C00010,south,3.0,8930.77,0.0,26792.31
T100821,2025-04-16,P0038,C00234,east,4.0,5836.46,0.0,23345.84
T101367,2023-04-14,P0032,C00072,west,5.0,5656.65,0.2,22626.6
T103712,2025-01-29,P0031,C00221,west,1.0,1566.84,0.0,1566.84
T108984,2023-10-15,P0012,C00019,central,2.0,14484.04,0.0,28968.08
T101388,2025-05-13,P0035,C00113,east,8.0,8930.77,0.0,71446.16
T100850,2023-03-09,P0034,C00049,east,3.0,10038.95,0.0,30116.85
T101000,2024-02-16,P0028,C00022,north,5.0,13737.15,0.0,68685.75
T107473,2024-06-05,P0030,C00193,east,6.0,6824.34,0.0,40946.04
T107480,2023-06-24,P0006,C00124,west,6.0,7884.39,0.0,47306.34
T104114,2025-02-24,P0027,C00220,central,4.0,9818.49,0.0,39273.96
T101637,2024-10-23,P0040,C00200,north,4.0,12756.37,0.0,51025.48
T101667,2025-07-26,P0014,C00147,north,6.0,500.0,0.0,3000.0
T104589,2025-06-11,P0011,C00129,central,3.0,8863.25,0.2,21271.8
T103173,2024-03-22,P0008,C00037,south,7.0,499.0,0.0,3493.0
T107654,2023-02-14,P0028,C00137,south,5.0,13737.15,0.05,65251.46
T101347,2025-07-26,P0025,C00002,west,3.0,9148.51,0.1,24700.98
T107848,2023-02-20,P0021,C00120,west,1.0,359.09,0.0,359.09
T103230,2024-09-03,P0022,C00091,central,2.0,3102.81,0.0,6205.62
T107331,2024-03-06,P0026,C00155,west,4.0,13905.57,0.0,55622.28
T107094,2024-06-12,P0011,C00140,west,2.0,8863.25,0.0,17726.5
T108470,2025-03-17,P0028,C00136,south,3.0,13737.15,0.0,41211.45
T107588,2024-11-07,P0025,C00053,west,12.0,9148.51,0.05,104293.01
T104783,2025-04-22,P0021,C00010,south,4.0,359.09,0.0,1436.36
T107853,2024-12-31,P0029,C00228,west,8.0,12773.07,0.0,102184.56
T103232,2024-11-04,P0021,C00206,north,7.0,359.09,0.0,2513.63
T105704,2025-07-11,P0036,C00200,north,2.0,4229.62,0.0,8459.24
T108787,2023-11-06,P0004,C00129,central,6.0,4999.13,0.0,29994.78
T100703,2025-02-18,P0025,C00037,south,2.0,9148.51,0.2,14637.62
T105105,2023-04-23,p0010 ,C00021,central,5.0,8164.43,0.0,40822.15
T108011,2025-11-13,P0027,C00038,west,3.0,9818.49,0.0,29455.47
T103291,2024-06-19,P0024,C00015,south,6.0,11884.11,0.0,71304.66
T103673,2023-07-29,P0039,C00138,central,2.0,14579.92,0.0,29159.84
T102408,2025-04-14,P0038,C00157,central,4.0,5836.46,0.0,23345.84
T108733,2025-12-02,P0001,C00240,south,1.0,6017.98,0.0,6017.98
T101327,2024-01-19,P0035,C00246,south,5.0,8930.77,0.1,40188.47
T108779,2024-06-04,P0040,C00026,north,2.0,12756.37,0.0,25512.74
T105773,2025-11-12,P0011,C00177,south,7.0,8863.25,0.15,52736.34
T106095,2024-10-09,P0023,C00231,north,2.0,10713.43,0.0,21426.86
T105406,2024-01-16,P0011,C00037,south,4.0,8863.25,0.0,35453.0
T108215,2023-05-24,P0025,C00230,east,1.0,9148.51,0.05,8691.08
T107362,2023-11-15,P0026,C00194,east,3.0,13905.57,0.0,41716.71
T106083,2024-07-19,P0011,C00154,west,3.0,8863.25,0.1,23930.78
T104909,2023-04-15,P0016,C00021,central,1.0,2604.21,0.2,2083.37
T104440,2025-09-23,P0011,C00209,east,3.0,8863.25,0.0,26589.75
T101863,2023-10-26,P0034,C00244,south,4.0,10038.95,0.0,40155.8
T100986,2025-07-01,P0006,C00217,north,4.0,7884.39,0.05,29960.68
T107979,2025-05-23,P0020,C00170,west,2.0,4508.3,0.1,8114.94
T103952,2023-10-12,P0022,C00203,west,3.0,3102.81,0.0,9308.43
T107933,2025-12-16,P0031,C00132,central,5.0,1566.84,0.0,7834.2
T108531,2025-10-14,P0020,C00065,east,3.0,4508.3,0.0,13524.9
T108254,2023-03-12,P0007,C00022,north,3.0,14423.4,0.0,43270.2
T104049,2023-11-06,P0022,C00142,central,6.0,3102.81,0.0,18616.86
T106257,2025-06-10,P0009,C00042,central,3.0,11247.7,0.0,33743.1
T103485,2024-07-14,P0019,C00247,north,3.0,6013.99,0.0,18041.97
T106089,2025-02-04,P0039,C00166,central,3.0,14579.92,0.0,43739.76
T102474,2023-03-17,P0038,C00012,east,4.0,5836.46,0.15,19843.96
T105238,2024-09-23,P0026,C00168,north,4.0,13905.57,0.0,55622.28
T106454,2025-04-17,P0017,C00151,east,8.0,382.2,0.0,3057.6
T103873,2023-03-26,P0019,C00169,central,2.0,6013.99,0.0,12027.98
T101198,2024-07-13,P0036,C00200,north,2.0,4229.62,0.0,8459.24
T104181,2025-08-17,P0003,C00139,south,8.0,10949.99,0.0,87599.92
T101518,2023-06-25,P0006,C00159,north,4.0,7884.39,0.15,26806.93
T108262,2023-05-09,P0015,C00173,central,4.0,4549.66,0.0,18198.64
T105477,2024-09-12,P0016,C00006,east,1.0,2604.21,0.0,2604.21
T106812,2025-09-23,P0008,C00160,south,7.0,499.0,0.0,3493.0
T101799,2025-04-23,P0007,C00205,north,3.0,14423.4,0.0,43270.2
T101014,2025-05-22,P0040,C00016,west,2.0,12756.37,0.05,24237.1
T100128,2024-04-09,P0001,C00149,north,4.0,6017.98,0.0,24071.92
T101364,2024-07-16,P0008,C00179,north,2.0,499.0,0.0,998.0
T107739,2023-09-27,P0009,C00209,east,3.0,11247.7,0.0,33743.1
T104470,2023-10-08,P0020,C00123,east,7.0,4508.3,0.0,31558.1
T100891,2025-09-03,P0038,C00142,central,4.0,5836.46,0.0,23345.84
T102793,2025-07-18,P0031,C00146,central,4.0,1566.84,0.0,6267.36
T101969,2025-09-08,P0009,C00188,north,1.0,11247.7,0.0,11247.7
T105455,2024-03-01,P0023,C00015,south,1.0,10713.43,0.0,10713.43
T104403,2023-08-24,P0015,C00182,north,6.0,4549.66,0.15,23203.27
T105757,2025-05-01,P0015,C00164,north,4.0,4549.66,0.0,18198.64
T106527,2025-08-22,P0039,C00249,west,6.0,14579.92,0.0,87479.52
T106294,2024-08-02,P0016,C00243,west,12.0,2604.21,0.0,31250.52
T103923,2023-11-11,P0022,C00197,south,9.0,3102.81,0.0,27925.29
T105413,2025-07-08,P0040,C00154,west,4.0,12756.37,0.0,51025.48
T108404,2023-11-25,P0001,C00134,east,8.0,6017.98,0.1,43329.46
T103249,2023-11-14,P0032,C00144,west,9.0,5656.65,0.0,50909.85
T106570,2023-08-21,P0020,C00116,central,2.0,4508.3,0.0,9016.6
T106638,2023-10-30,P0018,C00229,east,8.0,6437.51,0.2,41200.06
T108355,2025-05-17,P0010,C00120,west,6.0,8164.43,0.0,48986.58
T101208,2023-06-03,P0018,C00029,east,3.0,6437.51,0.0,19312.53
T103868,2024-01-29,P0013,C00024,south,1.0,9164.46,0.04999967264847022,8706.24
T108612,2025-04-11,P0002,C00056,south,4.0,13910.88,0.0,55643.52
T104065,2024-04-18,P0023,C00217,north,10.0,10713.43,0.0,107134.3
T108385,2024-12-07,P0039,C00215,east,4.0,14579.92,0.0,58319.68
T108770,2024-02-15,P0017,C00168,north,1.0,382.2,0.0,382.2
T101239,2025-08-01,P0015,C00182,north,7.0,4549.66,0.0,31847.62
T102289,2024-04-01,P0010,C00056,south,5.0,8164.43,0.0,40822.15
T102740,2023-12-25,P0036,C00073,south,7.0,4229.62,0.0,29607.34
T100275,2023-05-16,P0016,C00081,west,4.0,2604.21,0.0,10416.84
T104585,2025-11-10,P0024,C00149,north,3.0,11884.11,0.0,35652.33
T101035,2024-09-15,P0037,C00034,east,5.0,8484.46,0.0,42422.3
T101229,2023-03-27,P0039,C00138,central,4.0,14579.92,0.0,58319.68
T106834,2023-11-27,P0004,C00210,north,4.0,4999.13,0.15,16997.04
T101008,2023-09-17,P0013,C00162,north,6.0,9164.46,0.0,54986.76
T108190,2023-09-20,P0013,C00035,central,2.0,9164.46,0.2,14663.14
T107182,2025-12-01,P0033,C00097,west,1.0,10082.29,0.0,10082.29
T105178,2024-06-10,P0015,C00080,north,4.0,4549.66,0.0,18198.64
T103828,2025-07-14,P0038,C00113,east,2.0,5836.46,0.0,11672.92
T102532,2025-07-20,P0005,C00219,west,3.0,8621.09,0.0,25863.27
T104293,2024-05-25,P0026,C00237,central,4.0,13905.57,0.0,55622.28
T101058,2025-10-20,P0010,C00064,north,3.0,8164.43,0.0,24493.29
T106262,2024-01-22,P0032,C00070,west,5.0,5656.65,0.0,28283.25
T107469,2023-07-06,P0005,C00187,north,4.0,8621.09,0.0,34484.36
T100281,2024-04-17,P0004,C00167,east,11.0,4999.13,0.05,52240.91
T101043,2025-06-24,P0015,C00077,south,4.0,4549.66,0.0,18198.64
T101316,2024-08-03,P0035,C00064,north,4.0,8930.77,0.0,35723.08
T106654,2025-07-04,P0031,C00200,north,7.0,1566.84,0.1,9871.09
T100968,2023-12-24,P0028,C00097,west,10.0,13737.15,0.1,123634.35
T102381,2024-06-01,P0016,C00104,south,3.0,2604.21,0.15,6640.74
T108480,2023-08-01,P0039,C00107,east,4.0,14579.92,0.2,46655.74
T101939,2025-12-18,P0040,C00100,east,3.0,12756.37,0.0,38269.11
T107233,2023-05-15,p0009 ,C00008,south,3.0,11247.7,0.0,33743.1
T101274,2024-10-12,P0031,C00198,west,3.0,1566.84,0.0,4700.52
T100619,2023-10-08,P0010,C00223,central,4.0,8164.43,0.0,32657.72
T108148,2023-04-24,P0002,C00164,north,2.0,13910.88,0.0,27821.76
T101742,2024-06-17,P0026,C00212,south,6.0,13905.57,0.2,66746.74
T101390,2025-04-30,P0019,C00078,west,8.0,6013.99,0.0,48111.92
T108183,2024-06-22,P0032,C00146,central,7.0,5656.65,0.2,31677.24
T105943,2024-01-30,P0007,C00134,east,2.0,14423.4,0.0,28846.8
T101579,2023-03-05,P0018,C00163,west,5.0,6437.51,0.2,25750.04
T101655,2024-03-25,P0029,C00207,central,3.0,12773.07,0.0,38319.21
T103568,2025-08-20,P0014,C00225,south,8.0,500.0,0.15,3400.0
T102352,2024-03-07,P0016,C00118,central,10.0,2604.21,0.0,26042.1
T102212,2024-06-20,P0002,C00064,north,3.0,13910.88,0.05,39646.01
T106116,2023-09-14,P0019,C00240,south,3.0,6013.99,0.0,18041.97
T106052,2024-10-05,P0023,C00103,west,6.0,10713.43,0.0,64280.58
T103178,2025-09-12,P0028,C00240,south,13.0,13737.15,0.05,169653.8
T103192,2025-02-19,P0023,C00096,central,3.0,10713.43,0.2,25712.23
T101307,2025-09-20,P0039,C00133,east,9.0,14579.92,0.0,131219.28
T106099,2025-04-20,P0020,C00083,south,6.0,4508.3,0.15,22992.33
T107029,2025-11-18,P0035,C00042,central,7.0,8930.77,0.0,62515.39
T100575,2024-09-11,P0016,C00005,east,5.0,2604.21,0.05,12370.0
T102360,2025-10-03,P0003,C00040,north,6.0,10949.99,0.0,65699.94
T106656,2023-03-22,P0020,C00139,north,2.0,4508.3,0.0,9016.6
T107115,2023-09-13,P0034,C00139,south,5.0,10038.95,0.0,50194.75
T105802,2024-03-22,P0006,C00165,west,4.0,7884.39,0.0,31537.56
T107865,2024-06-14,P0004,C00079,south,2.0,4999.13,0.0,9998.26
T108591,2024-01-30,P0038,C00090,south,3.0,5836.46,0.0,17509.38
T101280,2023-10-09,P0012,C00129,central,7.0,14484.04,0.0,101388.28
T108176,2025-07-09,P0036,C00066,west,7.0,4229.62,0.0,29607.34
T104957,2025-10-29,P0018,C00001,west,3.0,6437.51,0.0,19312.53
T108252,2024-05-17,P0039,C00183,south,6.0,14579.92,0.2,69983.62
T105897,2023-10-14,P0016,C00084,north,5.0,2604.21,0.0,13021.05
T105724,2024-11-19,P0014,C00119,south,8.0,500.0,0.15,3400.0
T101993,2023-10-03,P0021,C00133,central,1.0,359.09,0.15,305.23
T102639,2024-12-29,P0005,C00120,west,5.0,8621.09,0.0,43105.45
T100269,2024-12-03,P0006,C00202,central,5.0,7884.39,0.05,37450.85
T100629,2023-10-11,P0021,C00093,north,8.0,359.09,0.0,2872.72
T107457,2023-09-07,P0006,C00142,central,5.0,7884.39,0.0,39421.95
T103081,2024-10-14,P0009,C00168,north,7.0,11247.7,0.0,78733.9
T103466,2023-12-04,P0016,C00111,north,7.0,2604.21,0.0,18229.47
T106430,2024-08-29,P0025,C00228,south,6.0,9148.51,0.0,54891.06
T108488,2024-02-26,P0017,C00164,north,7.0,382.2,0.1,2407.86
T107062,2023-08-31,P0007,C00086,west,8.0,14423.4,0.0,115387.2
T104396,2025-09-24,P0018,C00156,south,7.0,6437.51,0.0,45062.57
T104023,2024-02-22,P0028,C00081,central,2.0,13737.15,0.0,27474.3
T108868,2023-12-14,P0035,C00082,east,6.0,8930.77,0.2,42867.7
T105543,2025-08-30,P0014,C00157,central,4.0,500.0,0.0,2000.0
T105568,2023-01-20,P0027,C00170,west,4.0,9818.49,0.05,37310.26
T102046,2025-11-21,P0023,C00126,west,9.0,10713.43,0.0,96420.87
T104356,2025-08-04,P0006,C00143,south,1.0,7884.39,0.0,7884.39
T107889,2023-03-22,P0017,C00016,west,4.0,382.2,0.1,1375.92
T102113,2023-04-19,P0012,C00047,central,4.0,14484.04,0.0,57936.16
T100027,2024-04-05,P0017,C00126,west,2.0,382.2,0.0,764.4
T102040,2025-08-29,P0031,C00170,west,6.0,1566.84,0.0,9401.04
T103928,2025-07-31,P0003,C00212,south,1.0,10949.99,0.0,10949.99
T102938,2024-10-08,P0015,C00030,north,5.0,4549.66,0.0,22748.3
T103216,2025-04-27,P0010,C00212,south,4.0,8164.43,0.0,32657.72
T104933,2025-02-14,P0039,C00009,central,2.0,14579.92,0.0,29159.84
T103814,2023-09-04,P0037,C00130,east,4.0,8484.46,0.2,27150.27
T100129,2025-09-21,P0040,C00043,west,4.0,12756.37,0.1,45922.93
T107461,2025-12-03,P0018,C00107,east,13.0,6437.51,0.0,83687.63
T106104,2025-02-04,P0038,C00155,west,6.0,5836.46,0.0,35018.76
T102278,2023-12-26,P0022,C00001,west,6.0,3102.81,0.0,18616.86
T104599,2024-12-26,P0032,C00117,west,6.0,5656.65,0.0,33939.9
T100013,2025-01-18,P0010,C00011,east,5.0,8164.43,0.0,40822.15
T108405,2024-08-12,P0030,C00036,north,5.0,6824.34,0.0,34121.7
T104476,2024-12-27,P0023,C00053,west,6.0,10713.43,0.0,64280.58
T105947,2023-08-28,P0035,C00222,central,1.0,8930.77,0.0,8930.77
T101525,2024-10-05,P0015,C00173,central,14.0,4549.66,0.0,63695.24
T102365,2025-03-18,P0027,C00016,west,6.0,9818.49,0.0,58910.94
T104648,2023-07-19,P0007,C00184,east,2.0,14423.399999999998,0.2,23077.44
T103052,2025-08-13,P0029,C00007,central,6.0,12773.07,0.1,68974.58
T104005,2025-03-20,P0036,C00062,south,11.0,4229.62,0.0,46525.82
T106980,2023-09-28,P0018,C00204,central,5.0,6437.51,0.0,32187.55
T102340,2023-01-13,P0034,C00107,east,1.0,10038.95,0.0,10038.95
T100374,2025-01-26,P0002,C00162,north,2.0,13910.88,0.1,25039.58
T107337,2023-03-17,P0003,C00222,central,4.0,10949.99,0.0,43799.96
T106477,2023-12-11,P0030,C00178,west,4.0,6824.34,0.15,23202.76
T100525,2025-10-20,P0012,C00066,west,6.0,14484.04,0.2,69523.39
T100939,2023-07-13,P0022,C00156,south,5.0,3102.81,0.05,14738.35
T103369,2025-12-28,P0013,C00200,north,7.0,9164.46,0.1,57736.1
T105718,2024-06-20,P0040,C00121,east,7.0,12756.37,1.629652505080862e-16,89294.59
T104573,2025-04-13,P0011,C00050,east,2.0,8863.25,0.2,14181.2
T106895,2024-07-10,P0029,C00055,south,6.0,12773.07,0.15,65142.66
T102147,2025-08-01,P0030,C00214,central,4.0,6824.34,0.0,27297.36
T103591,2025-04-20,P0007,C00236,east,2.0,14423.4,0.15,24519.78
T107944,2024-09-12,P0018,C00196,east,1.0,6437.51,0.0,6437.51
T108668,2024-04-27,P0005,C00079,south,6.0,8621.09,0.0,51726.54
T102958,2025-06-09,P0011,C00005,east,2.0,8863.25,0.0,17726.5
T106164,2024-03-26,P0023,C00069,central,3.0,10713.43,0.0,32140.29
T103623,2024-12-12,P0023,C00145,north,8.0,10713.43,0.0,85707.44
T100529,2024-09-04,P0011,C00225,south,3.0,8863.25,0.0,26589.75
T103714,2025-11-29,P0032,C00057,east,11.0,5656.65,0.0,62223.15
T107852,2025-12-01,P0025,C00124,west,11.0,9148.51,0.1,90570.25
T104732,2023-08-14,P0033,C00108,west,2.0,10082.29,0.0,20164.58
T101269,2023-04-15,P0029,C00192,central,3.0,12773.07,0.15,32571.33
T104281,2023-04-27,P0017,C00060,north,2.0,382.2,0.2,611.52
T101394,2025-05-04,P0013,C00115,east,3.0,9164.46,0.0,27493.38
T104850,2024-08-27,P0012,C00143,south,1.0,14484.04,0.0,14484.04
T104009,2024-03-25,P0007,C00117,west,8.0,14423.4,0.0,115387.2
T104390,2025-05-23,P0016,C00065,east,6.0,2604.21,0.0,15625.26
T101797,2024-05-04,P0032,C00130,east,10.0,5656.65,0.0,56566.5
T102979,2023-03-26,P0037,C00031,south,4.0,8484.46,0.0,33937.84
T101441,2023-07-16,P0027,C00159,north,6.0,9818.49,0.0,58910.94
T107527,2025-08-25,P0015,C00132,central,4.0,4549.66,0.0,18198.64
T102625,2025-05-20,P0025,C00040,north,3.0,9148.51,0.0,27445.53
T103811,2023-08-03,P0028,C00032,north,4.0,13737.15,0.0,54948.6
T105631,2024-12-21,P0011,C00158,east,1.0,8863.25,0.0,8863.25
T107545,2023-07-19,P0012,C00179,north,3.0,14484.04,0.0,2172606.0
T101273,2024-12-09,p0033 ,C00017,east,1.0,10082.29,0.0,10082.29
T106563,2024-01-17,P0003,C00110,east,1.0,10949.99,0.0,10949.99
T104703,2024-04-09,P0022,C00123,north,6.0,3102.81,0.0,18616.86
T107090,2024-05-25,P0005,C00032,north,2.0,8621.09,0.0,17242.18
T101712,2024-06-12,P0024,C00137,south,11.0,11884.11,0.2,104580.17
T108893,2025-04-10,P0029,C00181,south,6.0,12773.07,0.1,68974.58
T100955,2023-07-07,P0002,C00170,south,3.0,13910.88,0.0,41732.64
T106675,2025-08-23,P0030,C00203,west,2.0,6824.34,0.1,12283.81
T108821,2023-03-21,P0028,C00149,north,4.0,13737.15,0.15,46706.31
T108028,2025-11-23,P0022,C00165,west,3.0,3102.81,10.0,8377.59
T108548,2023-12-03,P0026,C00204,central,1.0,13905.57,0.1,12515.01
T108720,2024-10-13,P0009,C00240,south,4.0,11247.7,0.0,44990.8
T108293,2024-07-24,P0022,C00144,west,6.0,3102.81,0.05,17686.02
T100403,2024-09-23,P0025,C00027,south,7.0,9148.51,0.2,51231.66
T102071,2023-09-27,P0033,C00049,east,3.0,10082.29,0.0,30246.87
T108879,2023-12-16,P0014,C00098,east,9.0,500.0,0.0,4500.0
T101977,2024-09-22,P0012,C00058,east,2.0,14484.04,0.05,27519.68
T100158,2025-02-27,P0035,C00133,east,6.0,8930.77,0.0,53584.62
T105844,2024-10-20,P0029,C00121,east,6.0,12773.07,0.0,76638.42
T107005,2024-07-19,P0010,C00177,south,2.0,8164.43,0.0,16328.86
T103888,2025-06-15,P0015,C00014,central,4.0,4549.66,0.05,17288.71
T105451,2025-09-02,P0020,C00059,north,4.0,4508.3,0.2,14426.56
T100902,2025-10-19,P0035,C00114,south,12.0,8930.77,0.0,107169.24
T100352,2025-01-02,P0019,C00234,east,2.0,6013.99,0.2,9622.38
T105326,2025-04-18,P0017,C00092,south,7.0,382.2,0.1,2407.86
T106078,2025-10-08,P0025,C00066,west,8.0,9148.51,0.0,73188.08
T106236,2024-11-12,P0012,C00162,north,11.0,14484.04,0.0,159324.44
T104540,2025-04-17,P0032,C00157,central,2.0,5656.65,0.0,11313.3
T104130,2023-06-30,P0028,C00218,central,2.0,13737.15,0.0,27474.3
T100754,2024-12-27,P0032,C00132,central,8.0,5656.65,0.0,45253.2
T105833,2025-09-07,P0039,C00119,south,3.0,14579.92,0.0,43739.76
T102971,2024-02-23,P0004,C00219,west,2.0,4999.13,0.0,9998.26
T101082,2025-12-24,P0028,C00078,west,9.0,13737.15,0.0,123634.35
T102920,2024-04-12,P0020,C00122,west,4.0,4508.3,0.0,18033.2
T100311,2025-05-20,P0038,C00076,central,4.0,5836.46,0.0,23345.84
T104644,2024-01-22,P0029,C00179,north,4.0,12773.07,0.0,51092.28
T100661,2025-05-30,P0019,C00173,central,6.0,6013.99,0.0,36083.94
T107057,2023-07-09,P0008,C00023,west,5.0,499.0,0.15,2120.75
T101989,2025-12-30,P0011,C00004,east,9.0,8863.25,0.0,79769.25
T103665,2024-03-11,P0011,C00116,central,3.0,8863.25,0.0,26589.75
T100306,2025-11-09,P0035,C00200,north,5.0,8930.77,0.1,40188.47
T102335,2024-07-24,P0011,C00237,central,6.0,8863.25,0.1,47861.55
T104790,2025-06-23,P0002,C00205,north,4.0,13910.88,0.0,55643.52
T102356,2023-12-29,P0027,C00018,central,4.0,9818.49,0.0,39273.96
T103702,2023-01-16,P0038,C00035,central,2.0,5836.46,0.0,11672.92
T103804,2023-10-21,P0012,C00195,east,4.0,14484.04,0.0,57936.16
T101927,2025-12-23,P0006,C00140,west,1.0,7884.39,0.05,7490.17
T108506,2024-03-28,P0007,C00092,south,1.0,14423.4,0.15000000000000002,12259.89
T103427,2023-08-17,P0030,C00005,east,9.0,6824.34,0.0,61419.06
T100749,2024-06-03,P0032,C00076,central,2.0,5656.65,0.0,11313.3
T103638,2025-04-22,P0036,C00198,west,2.0,4229.62,0.2,6767.39
T107323,2023-05-29,P0006,C00042,north,4.0,7884.39,0.0,31537.56
T101266,2023-06-03,P0013,C00034,east,5.0,9164.46,0.15,38948.95
T107364,2025-05-24,P0012,C00217,north,3.0,14484.04,0.2,34761.7
T107639,2025-06-10,P0016,C00227,central,6.0,2604.21,0.0,15625.26
T102956,2024-11-29,P0015,C00157,central,5.0,4549.66,0.0,22748.3
T103595,2025-01-09,P0035,C00179,north,3.0,8930.77,0.05,25452.69
T102134,2024-09-19,P0029,C00056,south,4.0,12773.07,0.0,51092.28
T107179,2024-01-16,P0033,C00149,north,1.0,10082.29,0.0,10082.29
T107157,2024-06-01,P0007,C00010,south,3.0,14423.4,0.05,41106.69
T107121,2023-06-30,P0025,C00203,west,1.0,9148.51,0.1,8233.66
T105066,2024-11-18,P0027,C00066,west,7.0,9818.49,0.0,68729.43
T104109,2024-04-01,P0035,C00169,central,1.0,8930.77,0.2,7144.62
T104969,2023-08-21,P0021,C00147,north,3.0,359.09,0.0,1077.27
T104904,2023-01-08,P0021,C00085,central,1.0,359.09,0.0,359.09
T100514,2025-02-13,P0020,C00235,east,5.0,4508.3,0.0,22541.5
T100894,2025-10-14,P0001,C00183,south,6.0,6017.98,0.2,28886.3
T100409,2023-07-09,P0020,C00123,north,6.0,4508.3,0.1000000000000001,24344.82
T107508,2025-09-03,P0017,C00185,central,6.0,382.2,0.0,2293.2
T107065,2023-09-12,P0023,C00037,south,6.0,10713.43,0.05,61066.55
T103461,2025-05-07,P0037,C00048,south,6.0,8484.46,0.05,48361.42
T100899,2025-03-30,P0007,C00209,east,3.0,14423.4,0.0,43270.2
T100207,2023-05-08,P0012,C00081,west,3.0,14484.04,0.0,43452.12
T108177,2025-03-20,P0011,C00079,south,3.0,8863.25,0.05,25260.26
T100458,2024-03-10,P0009,C00108,west,7.0,11247.7,0.05,74797.2
T102054,2025-11-27,P0015,C00234,east,11.0,4549.66,0.05,47543.95
T102430,2023-05-05,P0013,C00243,west,5.0,9164.46,0.0,45822.3
T100250,2023-09-13,P0033,C00085,central,5.0,10082.29,0.0,50411.45
T108376,2025-02-05,P0026,C00172,central,4.0,13905.57,0.0,55622.28
T105437,2023-01-03,P0004,C00182,north,3.0,4999.13,0.0,14997.39
T101107,2023-04-29,P0003,C00048,south,2.0,10949.99,0.0,21899.98
T108156,2023-03-08,P0022,C00153,central,4.0,3102.81,0.0,12411.24
T105979,2024-07-30,P0021,C00190,north,6.0,359.09,0.0,2154.54
T101713,2023-06-20,P0002,C00011,east,4.0,13910.88,0.0,55643.52
T103911,2024-11-14,P0038,C00092,south,8.0,5836.46,0.05,44357.1
T108090,2024-04-16,P0040,C00042,central,2.0,12756.37,0.05,24237.1
T100715,2024-12-01,P0008,C00034,east,3.0,499.0,0.0,1497.0
T100552,2023-09-22,P0034,C00072,west,2.0,10038.95,0.0,20077.9
T101439,2023-01-19,P0019,C00192,central,4.0,6013.99,0.0,24055.96
T102270,2023-05-01,P0022,C00145,north,4.0,3102.81,0.1,11170.12
T103144,2024-07-19,P0017,C00146,central,6.0,382.2,0.0,2293.2
T106917,2023-06-24,P0040,C00239,east,6.0,12756.37,0.05,72711.31
T102056,2025-01-30,P0038,C00155,west,3.0,5836.46,0.0,17509.38
T101925,2025-07-06,P0005,C00215,east,2.0,8621.09,0.0,17242.18
T100634,2024-09-24,P0029,C00069,central,3.0,12773.07,0.2,30655.37
T106082,2025-05-09,P0019,C00047,central,4.0,6013.99,0.0,24055.96
T100316,2023-07-07,P0023,C00161,west,3.0,10713.43,0.1,28926.26
T108447,2023-08-01,P0032,C00076,central,3.0,5656.65,0.0,16969.95
T108824,2024-07-10,P0037,C00136,south,5.0,8484.46,0.0,42422.3
T105424,2024-08-19,P0002,C00106,west,1.0,13910.88,0.05,13215.34
T100427,2025-05-02,P0014,C00164,north,1.0,500.0,0.0,500.0
T107470,2025-08-06,P0014,C00050,east,7.0,500.0,0.1,3150.0
T100105,2024-06-02,P0039,C00036,north,7.0,14579.92,0.0,102059.44
T103041,2023-01-21,P0016,C00082,east,1.0,2604.21,0.0,2604.21
T104238,2025-04-18,P0035,C00221,west,11.0,8930.77,0.0,98238.47
T102169,2024-05-07,P0008,C00105,west,5.0,499.0,0.0,2495.0
T101709,2025-03-27,P0004,C00131,west,9.0,4999.13,0.1,40492.95
T100089,2023-07-09,P0023,C00195,east,3.0,10713.43,0.0,32140.29
T107014,2025-03-26,P0040,C00017,east,4.0,12756.37,0.0,51025.48
T102241,2025-06-02,P0018,C00213,south,3.0,6437.51,0.1,17381.28
T103174,2024-02-19,P0001,C00228,south,1.0,6017.98,0.0,6017.98
T108089,2024-12-07,P0040,C00228,south,8.0,12756.37,0.0,102050.96
T106259,2024-04-30,P0013,C00022,north,4.0,9164.46,0.15,31159.16
T106732,2024-06-07,P0040,C00044,south,5.0,12756.37,0.0,63781.85
T101949,2025-03-15,P0014,C00233,west,4.0,500.0,0.1,1800.0
T104044,2023-09-16,P0040,C00080,north,5.0,12756.37,0.05,60592.76
T108978,2025-06-20,P0010,C00032,north,1.0,8164.43,0.15,6939.77
T102848,2023-12-30,P0017,C00200,north,3.0,382.2,0.0,1146.6
T106368,2023-09-15,P0024,C00084,north,2.0,11884.11,0.0,23768.22
T100001,2023-05-29,P0011,C00238,west,6.0,8863.25,0.0,53179.5
T106139,2023-05-07,P0022,C00081,west,6.0,3102.81,0.0,18616.86
T104337,2025-07-02,P0011,C00084,north,3.0,8863.25,0.1,23930.78
T106047,2025-07-14,P0029,C00120,west,6.0,12773.07,0.0,76638.42
T100935,2025-06-24,P0004,C00091,central,3.0,4999.13,0.0,14997.39
T100713,2025-01-18,P0026,C00164,north,3.0,13905.57,0.0,41716.71
T102720,2024-03-15,P0033,C00163,east,4.0,10082.29,0.0,40329.16
T105502,2025-03-12,P0036,C00119,south,6.0,4229.62,0.0,25377.72
T105205,2023-04-02,P0029,C00201,west,5.0,12773.07,0.2,51092.28
T107702,2024-08-29,P0025,C00076,central,5.0,9148.51,0.05,43455.42
T100591,2023-01-01,P0040,C00122,west,4.0,12756.37,0.0,51025.48
T108946,2023-10-03,P0007,C00112,south,7.0,14423.4,0.0,100963.8
T107552,2023-02-12,P0019,C00138,central,2.0,6013.99,0.0,12027.98
T102936,2025-03-23,P0006,C00002,east,7.0,7884.39,0.0,55190.73
T108628,2025-08-06,P0037,C00229,east,7.0,8484.46,0.05,56421.66
T102448,2023-04-09,P0002,C00245,central,3.0,13910.88,0.0,41732.64
T101576,2025-02-08,P0008,C00122,west,4.0,499.0,0.0,1996.0
T108086,2025-10-23,P0026,C00057,east,5.0,13905.57,0.1,62575.07
T103762,2024-06-28,P0019,C00105,west,5.0,6013.99,0.0,30069.95
T100213,2023-05-29,P0037,C00223,central,2.0,8484.46,0.0,16968.92
T100778,2024-01-22,P0025,C00041,east,9.0,9148.51,0.15,69986.1
T105511,2025-07-28,P0011,C00041,east,8.0,8863.25,0.05,67360.7
T103496,2023-07-18,P0027,C00165,west,3.0,9818.49,0.0,29455.47
T107884,2025-05-24,P0010,C00042,central,3.0,8164.43,0.0,24493.29
T102043,2025-04-10,P0027,C00231,north,4.0,9818.49,0.0,39273.96
T108876,2024-11-16,P0019,C00135,north,1.0,6013.99,0.0,6013.99
T108665,2023-01-01,P0027,C00199,central,4.0,9818.49,0.2,31419.17
T105420,2025-10-13,P0033,C00220,east,5.0,10082.29,0.1,45370.31
T106154,2024-01-22,P0009,C00200,north,3.0,11247.7,0.2,26994.48
T101567,2024-05-23,P0027,C00246,south,8.0,9818.49,0.0,78547.92
T100165,2025-08-02,P0008,C00247,north,4.0,499.0,0.0,1996.0
T104702,2025-09-21,P0015,C00102,central,1.0,4549.66,0.0,4549.66
T103566,2024-06-05,P0022,C00051,east,4.0,3102.81,0.0,12411.24
T107698,2024-07-24,P0036,C00076,central,3.0,4229.62,0.0,12688.86
T108881,2023-01-29,P0006,C00228,south,4.0,7884.39,0.0,31537.56
T105439,2023-08-13,P0038,C00100,east,3.0,5836.46,0.0,17509.38
T102013,2025-08-12,P0015,C00199,central,1.0,4549.66,0.05,4322.18
T100273,2025-11-19,P0006,C00219,west,11.0,7884.39,0.0,86728.29
T103860,2024-06-29,P0006,C00216,south,3.0,7884.39,1.5380512663172473e-16,23653.17
T104167,2023-03-05,P0032,C00046,south,3.0,5656.65,0.15,14424.46
T108018,2025-06-29,P0036,C00149,north,4.0,4229.62,0.0,16918.48
T103788,2023-04-15,P0030,C00122,west,5.0,6824.34,0.0,34121.7
T105183,2025-10-17,P0012,C00162,north,10.0,14484.04,0.15,123114.34
T100394,2024-07-01,P0016,C00184,east,6.0,2604.21,0.0,15625.26
T100583,2024-04-27,P0031,C00200,north,4.0,1566.84,0.0,6267.36
T101682,2023-12-29,P0031,C00045,west,4.0,1566.84,0.0,6267.36
T106192,2023-09-05,P0030,C00045,west,5.0,6824.34,0.0,34121.7
T100116,2024-10-22,P0009,C00038,west,4.0,11247.7,0.0,44990.8
T106644,2023-01-01,P0015,C00212,south,3.0,4549.66,0.1,12284.08
T108227,2025-08-02,P0028,C00080,north,2.0,13737.15,0.0,27474.3
T106869,2024-12-10,P0028,C00149,north,3.0,13737.15,0.0,41211.45
T102873,2025-08-06,P0039,C00158,east,3.0,14579.92,0.15,37178.8
T108133,2024-07-21,P0003,C00244,south,5.0,10949.99,0.0,54749.95
T100520,2023-02-09,P0035,C00232,west,2.0,8930.77,0.0,17861.54
T101763,2023-07-25,P0009,C00155,west,5.0,11247.7,0.0,56238.5
T101875,2025-10-08,P0005,C00106,west,3.0,8621.09,0.0,25863.27
T105355,2025-06-28,P0004,C00229,east,3.0,4999.13,0.1,13497.65
T103965,2024-01-14,P0040,C00138,central,2.0,12756.37,0.0,25512.74
T103344,2023-05-05,P0012,C00157,central,4.0,14484.04,0.0,57936.16
T106598,2025-10-23,P0013,C00153,central,8.0,9164.46,0.0,73315.68
T102253,2024-09-16,P0033,C00039,north,3.0,10082.29,0.0,30246.87
T106877,2025-06-07,P0017,C00127,south,6.0,382.2,0.0,2293.2
T103224,2023-11-21,P0033,C00116,central,4.0,10082.29,0.1,36296.24
T100526,2024-09-04,P0026,C00143,south,6.0,13905.57,0.0,83433.42
T107521,2023-12-30,P0017,C00187,north,3.0,382.2,0.0,1146.6
T102946,2024-01-09,P0021,C00031,south,2.0,359.09,0.0,718.18
T104473,2024-12-19,P0027,C00245,central,8.0,9818.49,0.0,78547.92
T103899,2023-05-06,P0028,C00130,east,2.0,13737.15,0.0,27474.3
T105655,2023-06-06,P0010,C00101,east,3.0,8164.43,0.0,24493.29
T100692,2023-12-14,P0007,C00174,central,6.0,14423.4,0.0,86540.4
T106059,2024-10-23,P0018,C00030,north,6.0,6437.51,0.0,38625.06
T100959,2023-07-13,P0020,C00072,west,5.0,4508.3,0.0,22541.5
T104444,2024-01-02,P0022,C00241,south,4.0,3102.81,0.1,11170.12
T108595,2023-11-26,P0010,C00150,east,12.0,8164.43,0.0,97973.16
T106342,2023-02-02,P0009,C00218,central,5.0,11247.7,0.15,47802.72
T106131,2024-09-11,P0011,C00194,east,7.0,8863.25,0.0,62042.75
T103633,2023-10-10,P0034,C00247,north,5.0,10038.95,0.0,50194.75
T105805,2024-03-17,P0009,C00074,east,5.0,11247.7,0.0,56238.5
T101050,2024-03-06,P0027,C00213,south,3.0,9818.49,0.0,29455.47
T100590,2023-05-04,P0011,C00048,south,5.0,8863.25,0.0,44316.25
T100519,2023-10-10,P0023,C00013,central,8.0,10713.43,0.0,85707.44
T103380,2024-05-29,P0011,C00018,central,2.0,8863.25,0.1,15953.85
T103676,2025-11-08,P0018,C00241,south,2.0,6437.51,0.0,12875.02
T105776,2025-06-11,P0005,C00029,east,9.0,8621.09,0.1,69830.83
T108238,2024-07-18,P0040,C00127,south,3.0,12756.37,0.0,38269.11
T106573,2024-07-11,P0003,C00155,west,3.0,10949.99,0.0,32849.97
T105179,2023-03-16,P0014,C00194,east,2.0,500.0,0.0,1000.0
T101607,2025-08-20,P0016,C00175,east,7.0,2604.21,0.0,18229.47
T103610,2025-11-09,P0018,C00079,south,5.0,6437.51,0.0,32187.55
T108896,2024-08-17,P0029,C00189,north,8.0,12773.07,0.0,102184.56
T106635,2024-08-22,P0016,C00233,west,3.0,2604.21,0.1,7031.37
T107469,2023-06-07,P0005,C00187,north,4.0,8621.09,0.0,34484.36
T101809,2024-12-16,P0005,C00055,south,11.0,8621.09,0.0,94831.99
T100791,2024-09-02,P0005,C00041,east,6.0,8621.09,0.0,51726.54
T100792,2024-10-01,P0007,C00162,north,7.0,14423.4,0.0,100963.8
T103056,2023-01-15,P0034,C00079,south,3.0,10038.95,0.0,30116.85
T101855,2024-03-30,P0010,C00218,central,1.0,8164.43,0.0,8164.43
T108634,2024-04-24,P0036,C00234,east,4.0,4229.62,0.2,13534.78
T101980,2025-06-03,P0003,C00212,south,3.0,10949.99,0.0,32849.97
T103233,2023-06-06,P0006,C00114,south,3.0,7884.389999999999,0.0,23653.17
T103598,2025-10-28,P0017,C00124,west,10.0,382.2,0.0,3822.0
T100933,2023-01-22,P0001,C00212,south,4.0,6017.98,0.0,24071.92
T108559,2023-01-14,P0022,C00170,west,2.0,3102.81,0.0,6205.62
T107424,2023-03-01,P0040,C00152,north,3.0,12756.37,0.0,38269.11
T105626,2025-08-15,P0024,C00206,west,2.0,11884.11,0.15,20202.99
T105506,2025-06-30,P0013,C00051,east,2.0,9164.46,0.0,18328.92
T106072,2025-10-22,P0036,C00153,central,3.0,4229.62,0.05,12054.42
T101682,2023-12-29,P0031,C00045,west,4.0,1566.84,0.0,6267.36
T104179,2023-05-06,P0029,C00202,central,5.0,12773.07,0.0,63865.35
T104026,2024-05-29,P0004,C00002,west,4.0,4999.13,0.0,19996.52
T108557,2023-08-29,P0035,C00028,central,4.0,8930.77,0.0,35723.08
T106446,2024-11-25,p0034 ,C00100,east,5.0,10038.95,0.0,50194.75
T104116,2024-04-23,P0022,C00004,east,3.0,3102.81,0.0,9308.43
T100988,2025-02-19,P0023,C00123,north,2.0,10713.43,0.0,21426.86
T107755,2025-09-11,P0036,C00001,west,1.0,4229.62,0.1,3806.66
T108374,2025-03-22,P0019,C00140,west,4.0,6013.99,0.0,24055.96
T103453,2024-07-12,P0020,C00013,central,5.0,4508.3,0.0,22541.5
T102896,2023-11-23,P0015,C00058,east,6.0,4549.66,0.0,27297.96
T103778,2025-03-14,P0036,C00128,south,4.0,4229.62,0.05,16072.56
T105658,2025-12-25,P0017,C00188,north,5.0,382.2,0.0,1911.0
T108315,2025-08-01,P0029,C00144,west,7.0,12773.07,0.0,89411.49
T103093,2025-02-26,P0032,C00118,central,2.0,5656.65,0.0,11313.3
T103155,2023-08-25,P0014,C00110,east,3.0,500.0,0.0,1500.0
T105069,2025-09-01,P0004,C00189,north,8.0,4999.13,0.1,35993.74
T105806,2023-08-06,P0021,C00056,south,7.0,359.09,-1.8091260483303595e-16,2513.63
T103201,2024-07-03,P0009,C00136,south,2.0,11247.7,0.15,19121.09
T108113,2024-06-25,P0007,C00024,south,3.0,14423.4,0.0,43270.2
T108771,2023-11-10,P0040,C00095,central,8.0,12756.37,0.0,102050.96
T101098,2024-05-09,P0035,C00163,east,4.0,8930.77,0.0,35723.08
T108269,2024-12-23,P0036,C00140,west,10.0,4229.62,0.0,42296.2
T102844,2023-06-21,P0007,C00064,north,5.0,14423.4,0.0,72117.0
T100886,2023-03-05,P0016,C00030,north,3.0,2604.21,0.2,6250.1
T103342,2025-10-30,P0037,C00082,east,5.0,8484.46,-1.7151256801690213e-16,42422.3
T107797,2025-05-24,P0031,C00179,north,8.0,1566.84,0.0,12534.72
T106540,2023-01-31,P0012,C00242,east,1.0,14484.04,0.1,13035.64
T108522,2025-03-01,P0013,C00172,central,6.0,9164.46,0.0,54986.76
T106096,2024-04-08,P0017,C00142,central,1.0,382.2,0.0,382.2
T100515,2025-04-27,P0010,C00181,south,6.0,8164.43,0.2,39189.26
T103356,2023-02-14,P0039,C00131,west,5.0,14579.92,0.1,65609.64
T104833,2023-08-17,P0009,C00220,west,2.0,11247.7,0.2,17996.32
T101453,2025-04-10,P0024,C00230,east,7.0,11884.11,0.0,83188.77
T103553,2024-02-09,P0026,C00030,north,3.0,13905.57,0.0,41716.71
T103609,2024-09-11,P0024,C00180,central,3.0,11884.11,0.0,35652.33
T108103,2024-02-09,P0004,C00053,west,2.0,4999.13,0.0,9998.26
T104665,2024-04-15,P0010,C00178,west,7.0,8164.43,0.0,57151.01
T102506,2023-08-16,P0039,C00193,east,4.0,14579.92,0.0,58319.68
T102994,2024-11-12,P0029,C00094,south,16.0,12773.07,0.0,204369.12
T103999,2023-08-05,P0029,C00092,south,7.0,12773.07,0.0,89411.49
T106222,2025-12-01,P0031,C00207,central,1.0,1566.84,0.0,1566.84
T108856,2024-01-21,P0023,C00116,central,3.0,10713.43,0.1,28926.26
T104221,2024-09-20,P0018,C00031,south,2.0,6437.51,0.0,12875.02
T100906,2024-12-15,P0036,C00053,west,1.0,4229.62,0.0,4229.62
T100028,2023-01-12,P0038,C00219,west,4.0,5836.46,0.1,21011.26
T108407,2023-10-31,P0019,C00112,south,2.0,6013.99,0.2,9622.38
T102507,2024-04-05,P0033,C00247,east,2.0,10082.29,0.0,20164.58
T102428,2025-04-20,P0028,C00233,west,7.0,13737.15,0.0,96160.05
T105043,2025-10-06,P0021,C00199,central,5.0,359.09,0.0,1795.45
T105346,2024-12-06,P0039,C00120,west,8.0,14579.92,0.0,116639.36
T100762,2025-07-24,P0032,C00109,north,11.0,5656.65,0.0,62223.15
T103747,2025-08-07,P0035,C00102,central,3.0,8930.77,0.0,26792.31
T104811,2024-05-26,P0035,C00006,east,3.0,8930.77,0.0,26792.31
T100284,2023-08-19,P0018,C00105,west,3.0,6437.51,0.0,19312.53
T100686,2024-02-10,P0019,C00201,west,3.0,6013.99,0.0,18041.97
T104799,2024-07-13,P0011,C00101,east,1.0,8863.25,0.0,8863.25
T107437,2023-08-22,P0034,C00018,central,4.0,10038.95,0.0,40155.8
T102353,2023-02-13,P0001,C00121,east,1.0,6017.98,0.0,6017.98
T106353,2023-03-08,P0003,C00127,south,2.0,10949.99,0.0,21899.98
T108083,2024-12-31,P0019,C00196,east,8.0,6013.99,0.0,48111.92
T104569,2023-10-26,P0027,C00062,south,4.0,9818.49,0.0,39273.96
T100021,2023-07-11,P0008,C00124,west,3.0,499.0,0.0,1497.0
T102752,2024-01-01,P0029,C00121,east,2.0,12773.07,0.0,25546.14
T100885,2023-06-13,P0005,C00007,central,3.0,8621.09,0.0,25863.27
T108491,2024-07-04,P0027,C00213,south,5.0,9818.49,0.0,49092.45
T100917,2025-07-12,P0010,C00117,west,13.0,8164.43,0.20000001884346527,84910.07
T107882,2023-09-21,P0025,C00022,north,4.0,9148.51,0.0,36594.04
T101040,2025-07-17,P0018,C00030,north,4.0,6437.51,0.1,23175.04
T106335,2023-05-24,P0001,C00040,north,6.0,6017.98,0.0,36107.88
T107971,2023-04-11,P0012,C00074,east,8.0,14484.04,0.1,104285.09
T107491,2024-02-05,P0037,C00015,south,1.0,8484.46,0.1,7636.01
T101265,2025-12-17,P0035,C00239,east,11.0,8930.77,0.05,93326.55
T104579,2025-03-16,P0038,C00153,central,9.0,5836.46,0.0,52528.14
T108444,2025-04-14,P0017,C00201,west,1.0,382.2,0.0,382.2
T107059,2025-10-25,P0036,C00069,central,5.0,4229.62,0.0,21148.1
T108774,2025-02-22,P0021,C00165,west,4.0,359.09,0.0,1436.36
T100277,2023-05-09,P0011,C00013,central,2.0,8863.25,0.05,16840.18
T105084,2024-11-26,P0025,C00163,south,3.0,9148.51,0.0,27445.53
T102084,2024-02-26,P0032,C00113,east,1.0,5656.65,0.05,5373.82
T101245,2025-01-09,P0017,C00249,west,5.0,382.2,0.0,1911.0
T102382,2023-04-13,P0020,C00016,west,7.0,4508.3,0.0,31558.1
T100571,2023-10-06,P0003,C00111,north,9.0,10949.99,0.1,88694.92
T101435,2025-06-06,P0032,C00208,central,2.0,5656.65,0.0,11313.3
T103902,2023-01-19,P0001,C00171,east,1.0,6017.98,0.0,6017.98
T105089,2025-01-03,P0017,C00159,north,8.0,382.2,0.15,2598.96
T101247,2024-06-29,P0040,C00057,east,4.0,12756.37,0.0,51025.48
T107549,2025-12-30,P0013,C00232,west,11.0,9164.46,0.10000003967897333,90728.15
T104681,2025-10-20,P0011,C00062,south,3.0,8863.25,0.0,26589.75
T103526,2023-08-26,P0001,C00203,west,2.0,6017.98,0.0,12035.96
T106557,2024-05-16,P0025,C00062,south,5.0,9148.51,0.1,41168.3
T102514,2023-10-12,P0037,C00190,north,4.0,8484.46,0.1,30544.06
T105445,2023-01-14,P0011,C00017,east,4.0,8863.25,0.0,35453.0
T101007,2024-12-03,P0027,C00047,central,6.0,9818.49,0.05,55965.39
T104770,2024-02-19,P0024,C00235,east,6.0,11884.11,0.0,71304.66
T106508,2024-12-10,P0039,C00135,north,6.0,14579.92,0.2,69983.62
T106999,2025-10-18,P0026,C00014,central,5.0,13905.57,0.0,69527.85
T104543,2024-05-11,P0015,C00143,south,10.0,4549.66,0.0,45496.6
T107578,2024-02-13,P0001,C00206,north,4.0,6017.98,0.0,24071.92
T107883,2025-03-26,P0039,C00046,south,3.0,14579.92,0.0,43739.76
T108723,2025-06-12,P0003,C00170,west,3.0,10949.99,0.0,32849.97
T104455,2025-09-12,P0029,C00154,west,9.0,12773.07,0.0,114957.63
T102064,2025-04-09,P0024,C00061,west,6.0,11884.11,0.0,71304.66
T105352,2023-11-02,P0033,C00039,east,1.0,10082.29,0.0,10082.29
T107936,2023-04-30,P0035,C00174,central,5.0,8930.77,0.0,44653.85
T101690,2024-03-24,P0011,C00158,east,3.0,8863.25,0.0,26589.75
T103117,2023-09-27,P0004,C00206,north,5.0,4999.13,0.0,24995.65
T108669,2023-10-08,P0006,C00106,west,6.0,7884.39,0.05,44941.02
T105343,2023-07-11,P0003,C00126,west,9.0,10949.99,0.0,98549.91
T101985,2025-12-23,P0001,C00061,west,3.0,6017.98,0.0,18053.94
T100294,2024-08-24,P0023,C00187,north,8.0,10713.43,0.0,85707.44
T101547,2023-07-22,P0038,C00224,central,2.0,5836.46,0.05,11089.27
T102012,2023-02-08,P0034,C00017,east,1.0,10038.95,0.0,10038.95
T100588,2024-03-29,P0023,C00164,north,4.0,10713.43,0.0,42853.72
T103329,2023-06-20,P0032,C00202,north,6.0,5656.65,0.0,33939.9
T102403,2024-01-04,P0028,C00012,east,1.0,13737.15,0.0,13737.15
T102129,2025-02-19,P0008,C00106,west,7.0,499.0,0.0,3493.0
T103998,2023-03-29,P0035,C00177,south,5.0,8930.77,0.1,40188.47
T101574,2024-07-21,P0011,C00013,central,5.0,8863.25,0.1,39884.62
T103741,2023-10-27,P0031,C00075,central,5.0,1566.84,0.05,7442.49
T103508,2025-12-06,P0022,C00171,east,4.0,3102.81,0.0,12411.24
T108402,2024-01-06,P0027,C00109,north,1.0,9818.49,0.05,9327.57
T102719,2025-11-09,P0001,C00109,north,5.0,6017.98,0.0,30089.9
T108380,2025-11-18,P0032,C00232,west,3.0,5656.65,0.0,16969.95
T104521,2025-03-08,P0026,C00098,south,3.0,13905.57,0.0,41716.71
T106678,2023-08-28,P0014,C00059,north,5.0,500.0,0.0,2500.0
T105150,2025-04-18,P0038,C00110,east,7.0,5836.46,0.0,40855.22
T102808,2024-05-22,P0007,C00087,west,5.0,14423.4,0.0,72117.0
T108691,2023-09-03,P0007,C00160,south,5.0,14423.4,0.0,72117.0
T100556,2024-01-04,P0016,C00180,central,5.0,2604.21,0.05,12370.0
T106276,2023-01-04,P0016,C00006,east,1.0,2604.21,0.1,2343.79
T108069,2024-03-03,P0028,C00005,east,1.0,13737.15,0.0,13737.15
T104795,2023-03-16,P0030,C00194,east,1.0,6824.34,0.0,6824.34
T102469,2024-05-05,P0034,C00249,west,1.0,10038.95,0.0,10038.95
T103738,2024-11-01,P0035,C00105,west,7.0,8930.77,0.0,62515.39
T104286,2023-02-15,P0040,C00142,central,1.0,12756.37,0.0,12756.37
T108233,2025-12-19,P0029,C00228,south,3.0,12773.07,0.1,34487.29
T105289,2023-02-20,P0009,C00161,west,6.0,11247.7,0.0,67486.2
T101716,2024-02-20,P0031,C00123,north,3.0,1566.84,0.05,4465.49
T107512,2025-08-10,P0020,C00165,west,6.0,4508.3,0.05,25697.31
T102604,2024-04-12,P0005,C00130,east,4.0,8621.09,0.0,34484.36
T100362,2023-05-04,P0010,C00181,south,6.0,8164.43,0.0,48986.58
T106924,2024-08-02,P0005,C00077,south,5.0,8621.09,0.0,43105.45
T101704,2025-05-05,P0022,C00233,south,2.0,3102.81,0.0,6205.62
T106959,2023-11-15,P0040,C00043,west,6.0,12756.37,0.0,76538.22
T106714,2023-10-26,P0009,C00162,north,2.0,11247.7,0.1,20245.86
T106496,2024-03-13,P0029,C00082,east,3.0,12773.07,0.2,30655.37
T102139,2024-04-15,P0003,C00061,west,4.0,10949.99,0.05,41609.96
T103239,2025-06-13,P0026,C00113,east,4.0,13905.57,0.15,47278.94
T102383,2025-09-28,P0013,C00220,south,2.0,9164.46,0.0,18328.92
T107314,2025-04-23,P0011,C00189,north,1.0,8863.25,0.0,8863.25
T104311,2023-07-01,P0016,C00129,central,4.0,2604.21,0.0,10416.84
T101285,2023-06-03,P0007,C00123,north,1.0,14423.4,0.0,14423.4
T101312,2024-04-15,P0029,C00159,north,7.0,12773.07,0.0,89411.49
T107967,2023-09-03,P0005,C00135,north,3.0,8621.09,0.15,21983.78
T101996,2025-06-24,P0038,C00106,west,3.0,5836.46,0.0,17509.38
T103930,2024-07-28,P0004,C00019,central,3.0,4999.13,0.05,14247.52
T106183,2024-04-16,P0031,C00242,east,4.0,1566.84,0.0,6267.36
T105985,2025-09-14,P0004,C00167,east,6.0,4999.129824561404,0.05,28495.04
T107614,2024-09-09,P0008,C00033,north,4.0,499.0,0.0,1996.0
T101591,2023-03-29,P0003,C00197,south,4.0,10949.99,0.0,43799.96
T108560,2024-12-25,P0016,C00074,east,8.0,2604.21,0.0,20833.68
T102162,2024-05-20,P0001,C00093,north,4.0,6017.98,0.0,24071.92
T102396,2024-05-08,P0029,C00078,west,8.0,12773.07,0.0,102184.56
T100317,2025-12-16,P0038,C00147,north,7.0,5836.46,0.0,40855.22
T106367,2024-07-14,P0008,C00058,east,6.0,499.0,0.0,2994.0
T108611,2023-08-05,P0002,C00036,north,3.0,13910.88,0.0,41732.64
T103111,2023-08-04,P0034,C00094,south,3.0,10038.95,0.0,30116.85
T105233,2025-12-15,P0039,C00209,east,14.0,14579.92,0.1,183706.99
T108026,2023-07-28,P0014,C00081,central,2.0,500.0,0.0,1000.0
T105068,2024-02-06,P0015,C00098,east,1.0,4549.66,0.0,4549.66
T104036,2023-11-21,P0002,C00044,south,8.0,13910.88,0.2,89029.63
T100795,2023-07-14,P0011,C00041,east,6.0,8863.25,0.0,53179.5
T103020,2025-06-11,P0026,C00027,south,6.0,13905.57,0.0,83433.42
T101711,2023-07-12,P0008,C00088,north,2.0,499.0,0.0,998.0
T103387,2023-09-27,P0002,C00012,east,5.0,13910.88,0.15,59121.24
T100036,2025-05-08,P0003,C00036,north,4.0,10949.99,0.05,41609.96
T104549,2024-10-12,P0036,C00250,north,3.0,4229.62,0.0,12688.86
T100913,2025-10-02,P0007,C00102,central,3.0,14423.4,0.0,43270.2
T105721,2023-05-06,P0019,C00010,south,3.0,6013.99,0.0,18041.97
T105295,2023-10-29,P0004,C00068,north,5.0,4999.13,0.0,24995.65
T103972,2024-09-11,P0035,C00224,central,7.0,8930.77,0.0,62515.39
T105370,2025-08-24,P0023,C00187,north,4.0,10713.43,0.0,42853.72
T106471,2024-02-24,P0015,C00126,west,4.0,4549.66,0.0,18198.64
T104133,2024-05-07,P0017,C00046,south,3.0,382.2,0.0,1146.6
T100974,2024-03-25,P0034,C00014,central,5.0,10038.95,0.0,50194.75
T107291,2023-09-16,P0004,C00164,north,3.0,4999.13,0.0,14997.39
T100983,2025-11-16,P0008,C00218,central,3.0,499.0,0.0,1497.0
T108035,2023-02-16,P0017,C00055,south,1.0,382.2,0.0,382.2
T100954,2024-10-09,P0015,C00156,south,3.0,4549.66,0.0,13648.98
T107428,2024-06-29,P0035,C00106,west,5.0,8930.77,0.0,44653.85
T101560,2025-04-12,P0035,C00021,central,3.0,8930.77,0.2,21433.85
T104135,2023-08-05,P0010,C00216,south,2.0,8164.43,0.05,15512.42
T105582,2024-04-06,P0014,C00189,north,3.0,500.0,0.05,1425.0
T108013,2025-12-21,P0012,C00090,south,7.0,14484.04,0.0,101388.28
T104265,2024-10-26,P0006,C00165,west,10.0,7884.39,0.0,78843.9
T101355,2023-01-10,P0040,C00235,east,4.0,12756.37,0.0,51025.48
T108483,2025-03-06,P0019,C00183,south,3.0,6013.99,0.0,18041.97
T105016,2024-10-25,P0007,C00140,west,6.0,14423.4,0.0,86540.4
T108871,2025-07-01,P0021,C00132,central,8.0,359.09,0.0,2872.72
T100987,2024-12-03,P0035,C00155,north,7.0,8930.77,0.0,62515.39
T102682,2024-02-10,P0032,C00112,south,10.0,5656.65,0.0,56566.5
T107490,2025-06-29,P0034,C00201,west,1.0,10038.95,0.0,10038.95
T105047,2025-12-11,P0005,C00143,south,11.0,8621.09,0.0,94831.99
T101640,2023-09-18,P0040,C00239,east,6.0,12756.37,0.0,76538.22
T101290,2025-03-01,P0025,C00038,west,3.0,9148.51,0.0,27445.53
T103681,2025-10-13,P0031,C00011,east,6.0,1566.84,0.0,9401.04
T101380,2023-02-09,P0016,C00183,south,4.0,2604.21,0.2,8333.47
T101933,2024-12-21,P0039,C00229,east,5.0,14579.92,0.1,65609.64
T104675,2025-09-04,P0026,C00155,west,4.0,13905.57,0.1,50060.05
T102376,2023-06-08,P0026,C00031,south,3.0,13905.57,0.15,35459.2
T103160,2025-08-24,P0015,C00247,north,6.0,4549.66,0.0,27297.96
T102030,2025-09-17,P0004,C00041,east,4.0,4999.13,0.05,18996.69
T100892,2025-11-09,P0012,C00071,east,3.0,14484.04,0.0,43452.12
T107287,2023-03-09,P0039,C00133,east,1.0,14579.92,0.0,14579.92
T104876,2025-04-14,P0005,C00055,south,2.0,8621.09,0.0,17242.18
T104069,2023-08-15,P0027,C00044,south,3.0,9818.49,0.0,29455.47
T104255,2025-12-01,P0014,C00063,north,11.0,500.0,0.05,5225.0
T100002,2024-10-02,P0010,C00051,east,3.0,8164.43,0.0,24493.29
T108257,2025-08-24,P0020,C00215,east,6.0,4508.3,0.0,27049.8
T108552,2023-01-13,P0038,C00236,east,3.0,5836.46,0.0,17509.38
T102109,2025-07-20,P0037,C00084,north,2.0,8484.46,0.0,16968.92
T100849,2025-10-04,P0026,C00164,north,10.0,13905.57,0.0,139055.7
T102737,2024-11-01,P0021,C00204,central,5.0,359.09,0.0,1795.45
T102466,2024-10-17,P0019,C00023,west,6.0,6013.99,0.05,34279.74
T107657,2025-06-14,P0011,C00208,central,3.0,8863.25,0.0,26589.75
T101914,2023-08-07,P0015,C00023,west,2.0,4549.66,0.05,8644.35
T101596,2025-07-22,P0016,C00182,north,2.0,2604.21,0.1,4687.58
T105872,2023-05-03,P0040,C00091,central,1.0,12756.37,0.0,12756.37
T101913,2023-10-15,P0028,C00110,east,7.0,13737.15,0.0,96160.05
T105139,2024-05-13,P0025,C00034,east,3.0,9148.51,0.0,27445.53
T108840,2024-12-24,P0028,C00006,east,5.0,13737.15,0.0,68685.75
T105640,2023-03-04,P0029,C00129,central,6.0,12773.07,0.0,76638.42
T102736,2023-02-21,P0010,C00030,north,4.0,8164.43,0.0,32657.72
T100726,2023-11-14,P0002,C00039,north,9.0,13910.88,0.1,112678.13
T107214,2025-07-24,P0017,C00188,north,3.0,382.2,0.0,1146.6
T100053,2024-01-16,P0035,C00091,central,5.0,8930.77,0.1,40188.47
T101796,2025-03-14,P0017,C00133,east,1.0,382.2,0.1,343.98
T107684,2025-01-31,P0006,C00155,west,1.0,7884.39,0.0,7884.39
T103845,2023-02-06,P0029,C00148,north,5.0,12773.07,0.0,63865.35
T106007,2025-04-23,P0033,C00167,east,6.0,10082.29,0.0,60493.74
T106402,2023-07-14,P0017,C00194,east,3.0,382.2,0.09999999999999988,1031.94
T102553,2024-01-19,P0002,C00092,south,5.0,13910.88,0.05,66076.68
T102800,2024-04-22,P0013,C00167,east,4.0,9164.46,0.0,36657.84
T100936,2023-11-16,P0034,C00022,north,11.0,10038.95,0.0,110428.45
T102265,2025-10-05,P0032,C00114,south,8.0,5656.65,0.0,45253.2
T100824,2023-03-16,P0033,C00234,east,5.0,10082.29,0.05,47890.88
T104321,2025-11-17,P0009,C00203,west,3.0,11247.7,0.05,32055.95
T107274,2023-06-21,P0023,C00106,west,5.0,10713.43,0.0,53567.15
T103401,2024-07-27,P0009,C00117,west,5.0,11247.7,0.0,56238.5
T101389,2024-01-04,P0027,C00140,west,6.0,9818.49,0.0,58910.94
T103564,2023-04-29,P0008,C00123,north,7.0,499.0,0.15,2969.05
T107410,2025-12-06,P0003,C00199,central,9.0,10949.99,0.05,93622.41
T100884,2024-09-04,P0009,C00087,east,6.0,11247.7,0.2,53988.96
T105429,2023-11-16,P0038,C00065,east,1.0,5836.46,0.0,5836.46
T105703,2025-07-12,P0013,C00002,west,4.0,9164.46,0.0,36657.84
T105690,2025-06-05,P0037,C00118,central,3.0,8484.46,0.0,25453.38
T104867,2024-09-30,P0012,C00085,central,3.0,14484.04,0.1,39106.91
T106707,2023-02-24,P0011,C00126,west,4.0,8863.25,0.0,35453.0
T107982,2024-06-16,P0004,C00215,east,5.0,4999.13,0.1,22496.09
T106369,2025-01-26,P0036,C00173,central,5.0,4229.62,0.15,17975.88
T101868,2024-02-04,P0006,C00209,east,4.0,7884.39,0.0,31537.56
T105181,2023-01-29,P0023,C00111,north,1.0,10713.43,0.0,10713.43
T100010,2024-05-23,P0024,C00013,central,2.0,11884.11,0.0,23768.22
T103415,2023-03-15,P0036,C00248,north,2.0,4229.62,0.0,8459.24
T105421,2024-01-29,P0001,C00163,south,7.0,6017.98,0.15,35806.98
T107486,2023-01-20,P0032,C00064,south,4.0,5656.65,0.0,22626.6
T101463,2024-02-29,P0008,C00071,east,3.0,499.0,0.0,1497.0
T100806,2023-01-07,P0030,C00112,south,4.0,6824.34,0.0,27297.36
T104805,2024-01-06,P0008,C00134,east,5.0,499.0,0.0,2495.0
T107547,2024-03-23,P0021,C00134,east,5.0,359.09,0.0,1795.45
T107896,2025-09-10,P0034,C00054,central,4.0,10038.95,0.0,40155.8
T104068,2025-04-14,P0010,C00016,west,3.0,8164.43,0.2,19594.63
T102108,2023-12-03,P0019,C00191,south,4.0,6013.99,0.0,24055.96
T108923,2025-03-04,P0005,C00052,east,6.0,8621.09,0.2,41381.23
T102041,2025-07-24,P0012,C00209,east,3.0,14484.04,0.0,43452.12
T102234,2023-05-09,P0008,C00195,east,3.0,499.0,0.15,1272.45
T107307,2024-01-16,P0021,C00005,east,6.0,359.09,0.0,2154.54
T100963,2024-02-18,P0024,C00082,east,2.0,11884.11,0.15,20202.99
T107511,2023-04-12,P0017,C00077,south,4.0,382.2,0.05,1452.36
T107877,2025-11-15,P0040,C00116,central,9.0,12756.37,0.0,114807.33
T104494,2023-05-13,P0022,C00235,east,6.0,3102.81,0.0,18616.86
T102632,2023-11-28,P0001,C00171,east,3.0,6017.98,0.15,15345.85
T106094,2023-02-16,P0033,C00107,east,2.0,10082.29,0.0,20164.58
T107092,2025-09-10,P0009,C00222,central,6.0,11247.7,0.05,64111.89
T100704,2023-09-19,P0023,C00023,west,9.0,10713.43,0.0,96420.87
T100431,2023-10-06,P0036,C00002,west,3.0,4229.62,0.0,12688.86
T104388,2023-11-16,P0011,C00068,north,11.0,8863.25,0.1,87746.18
T106077,2023-07-14,P0011,C00159,north,5.0,8863.25,0.0,44316.25
T100145,2024-02-01,P0016,C00214,central,6.0,2604.21,0.05,14844.0
T106467,2025-06-02,P0017,C00129,central,2.0,382.2,0.0,764.4
T102033,2023-06-30,P0019,C00163,south,3.0,6013.99,0.05,17139.87
T100375,2024-06-30,P0024,C00049,east,4.0,11884.11,0.1,42782.8
T101165,2024-07-17,P0022,C00052,east,2.0,3102.81,0.0,6205.62
T103500,2025-08-20,P0005,C00011,east,3.0,8621.09,0.0,25863.27
T102050,2025-09-07,P0026,C00010,south,2.0,13905.57,0.0,27811.14
T103760,2024-02-26,P0006,C00056,south,2.0,7884.39,0.0,15768.78
T102624,2023-05-05,P0026,C00053,west,4.0,13905.57,0.0,55622.28
T104484,2023-06-16,P0010,C00249,west,3.0,8164.43,0.0,24493.29
T104435,2025-09-04,P0030,C00134,east,2.0,6824.34,0.0,13648.68
T108008,2023-03-06,P0009,C00136,south,5.0,11247.7,0.0,56238.5
T108237,2025-06-28,P0012,C00133,east,3.0,14484.04,0.0,43452.12
T107069,2023-11-19,P0039,C00108,west,11.0,14579.92,0.0,160379.12
T104361,2023-09-27,P0017,C00114,south,4.0,382.2,0.1,1375.92
T102424,2024-08-21,P0012,C00054,east,8.0,14484.04,0.0,115872.32
T101262,2023-11-20,P0011,C00116,central,8.0,8863.25,0.0,70906.0
T101771,2023-06-04,P0020,C00156,south,3.0,4508.3,0.0,13524.9
T103511,2023-10-09,P0012,C00099,north,9.0,14484.04,0.1,117320.72
T100271,2023-01-23,P0025,C00231,north,2.0,9148.51,0.0,18297.02
T104792,2025-05-25,P0005,C00241,south,1.0,8621.09,0.1,7758.98
T104843,2024-10-29,P0013,C00123,north,17.0,9164.46,0.0,155795.82
T100244,2023-10-29,P0032,C00031,south,2.0,5656.65,0.1,10181.97
T108973,2024-02-13,P0036,C00165,west,1.0,4229.62,0.0,4229.62
T104572,2025-08-02,P0005,C00178,west,4.0,8621.09,0.0,34484.36
T102032,2023-04-16,P0029,C00129,central,5.0,12773.07,0.0,63865.35
T105053,2024-09-26,P0023,C00186,north,4.0,10713.43,0.1,38568.35
T108375,2025-12-07,P0015,C00245,central,3.0,4549.66,0.0,13648.98
T100813,2024-01-30,P0016,C00046,south,7.0,2604.21,0.0,18229.47
T108810,2023-12-20,P0026,C00121,east,4.0,13905.57,0.0,55622.28
T106010,2024-10-04,P0015,C00035,central,1.0,4549.66,0.0,4549.66
T103810,2023-07-18,P0004,C00155,west,3.0,4999.13,0.0,14997.39
T105727,2024-03-18,P0018,C00054,central,3.0,6437.51,0.0,19312.53
T107583,2023-12-14,P0034,C00200,north,3.0,10038.95,0.0,30116.85
T104864,2024-11-17,P0017,C00154,west,3.0,382.2,0.1,1031.94
T108163,2025-09-13,P0011,C00173,central,7.0,8863.25,0.0,62042.75
T101804,2025-12-18,P0032,C00009,central,9.0,5656.65,0.0,50909.85
T108472,2025-12-20,P0005,C00147,north,7.0,8621.09,0.2,48278.1
T104346,2024-04-23,P0002,C00124,west,3.0,13910.88,0.0,41732.64
T102461,2025-02-22,P0027,C00032,north,4.0,9818.49,0.0,39273.96
T100545,2023-12-19,P0001,C00186,north,1.0,6017.98,0.05,5717.08
T103241,2024-05-27,P0002,C00077,south,11.0,13910.88,0.05,145368.7
T100738,2025-06-25,P0022,C00209,east,2.0,3102.81,0.1,5585.06
T100310,2025-04-01,P0017,C00124,west,8.0,382.2,0.0,3057.6
T103521,2024-07-11,P0038,C00218,central,5.0,5836.46,0.05,27723.18
T107037,2024-10-10,P0017,C00037,central,7.0,382.2,0.15,2274.09
T101131,2023-08-13,P0019,C00014,central,1.0,6013.99,0.2,4811.19
T105545,2023-03-26,P0003,C00045,west,4.0,10949.99,0.0,43799.96
T100492,2025-12-02,P0003,C00080,north,4.0,10949.99,0.0,43799.96
T104111,2025-12-11,P0003,C00091,central,3.0,10949.99,0.0,32849.97
T107328,2024-02-29,P0034,C00023,west,4.0,10038.95,0.0,40155.8
T102769,2024-12-20,P0036,C00177,south,6.0,4229.62,0.0,25377.72
T107564,2024-05-19,P0023,C00146,central,5.0,10713.43,0.0,53567.15
T100920,2025-07-29,P0038,C00210,north,6.0,5836.46,0.15,29765.95
T108934,2023-12-12,P0038,C00100,east,9.0,5836.46,0.0,52528.14
T108307,2025-02-02,P0034,C00073,south,4.0,10038.95,0.0,40155.8
T103587,2024-09-28,P0019,C00025,south,5.0,6013.99,0.15,25559.46
T106640,2025-11-27,P0012,C00228,south,3.0,14484.04,0.0,43452.12
T103959,2025-03-05,P0012,C00010,south,6.0,14484.04,0.05,82559.03
T107694,2023-06-06,P0029,C00100,east,3.0,12773.07,0.2,30655.37
T100038,2024-03-02,P0005,C00132,central,6.0,8621.09,0.05,49140.21
T104459,2024-09-07,P0022,C00169,central,6.0,3102.81,0.0,18616.86
T107126,2025-08-05,P0005,C00008,south,4.0,8621.09,0.0,34484.36
T104278,2024-06-19,P0027,C00216,south,5.0,9818.49,0.0,49092.45
T107129,2024-02-25,P0030,C00065,east,1.0,6824.34,0.0,6824.34
T102983,2023-05-03,P0033,C00032,north,1.0,10082.29,0.15,8569.95
T105290,2023-06-25,P0005,C00081,west,3.0,8621.09,0.1,23276.94
T106948,2024-04-08,P0026,C00038,west,1.0,13905.57,0.0,13905.57
T100130,2024-11-05,P0013,C00142,central,5.0,9164.46,-1.587863903423317e-16,45822.3
T105217,2024-08-27,P0009,C00070,west,3.0,11247.7,0.0,33743.1
T103159,2024-04-08,P0012,C00011,east,12.0,14484.04,0.0,173808.48
T102667,2023-02-12,P0017,C00013,central,2.0,382.2,0.0,764.4
T107138,2024-02-02,P0014,C00049,east,4.0,500.0,0.0,2000.0
T103223,2025-09-25,P0016,C00069,central,1.0,2604.21,0.1,2343.79
T101182,2024-08-20,P0002,C00101,east,2.0,13910.88,0.0,27821.76
T107693,2025-11-17,P0029,C00229,east,5.0,12773.07,0.05,60672.08
T105392,2023-08-27,P0004,C00135,north,2.0,4999.13,0.0,9998.26
T100614,2024-03-09,P0021,C00011,east,8.0,359.09,0.0,2872.72
T102708,2023-02-21,P0030,C00059,north,1.0,6824.34,0.2,5459.47
T101466,2025-02-16,P0035,C00176,east,9.0,8930.77,0.0,80376.93
T104497,2023-09-26,P0012,C00166,central,7.0,14484.04,0.0,101388.28
T103042,2025-12-29,P0010,C00151,east,7.0,8164.43,0.15,48578.36
T100934,2024-11-13,P0007,C00007,central,7.0,14423.4,0.1,90867.42
T102419,2025-02-17,P0023,C00047,central,4.0,10713.43,0.0,42853.72
T105085,2025-04-23,P0013,C00121,east,8.0,9164.46,0.0,73315.68
T103294,2025-08-08,P0015,C00122,west,1.0,4549.66,0.0,4549.66
T106737,2023-07-13,P0029,C00116,central,3.0,12773.07,0.15,32571.33
T108412,2023-07-07,P0032,C00013,central,3.0,5656.65,0.0,16969.95
T104822,2024-11-02,P0012,C00085,central,5.0,14484.04,0.05,68799.19
T100826,2023-12-29,P0004,C00136,south,7.0,4999.13,0.0,34993.91
T101521,2024-01-05,P0032,C00174,central,1.0,5656.65,0.0,5656.65
T106831,2025-01-27,P0006,C00197,south,3.0,7884.39,0.0,23653.17
T102930,2024-04-03,P0016,C00216,south,3.0,2604.21,0.0,7812.63
T104232,2025-12-17,P0017,C00084,north,9.0,382.2,0.05,3267.81
T107686,2025-01-13,P0016,C00058,east,3.0,2604.21,0.0,7812.63
T100628,2025-06-17,P0002,C00177,south,9.0,13910.88,0.0,125197.92
T104430,2024-07-29,P0003,C00037,south,7.0,10949.99,0.0,76649.93
T103853,2025-05-17,p0013 ,C00207,central,3.0,9164.46,0.0,27493.38
T100390,2025-03-19,P0035,C00233,west,1.0,8930.77,0.2,7144.62
T104345,2024-11-01,P0014,C00136,south,1.0,500.0,0.0,500.0
T108988,2024-03-22,P0037,C00186,north,6.0,8484.46,0.0,50906.76
T107124,2025-05-06,P0013,C00240,south,8.0,9164.46,0.05,69649.9
T105913,2025-11-02,P0015,C00230,east,3.0,4549.66,0.1,12284.08
T103990,2023-07-13,P0017,C00090,south,3.0,382.2,0.0,1146.6
T100400,2025-06-21,P0010,C00137,south,3.0,8164.43,0.0,24493.29
T104806,2023-04-11,P0028,C00120,west,5.0,13737.15,0.0,68685.75
T105135,2024-07-05,P0004,C00159,north,6.0,4999.13,0.2,23995.82
T108122,2025-01-07,P0007,C00130,east,2.0,14423.4,0.0,28846.8
T103359,2024-01-26,P0026,C00046,south,1.0,13905.57,0.0,13905.57
T100046,2025-04-01,P0036,C00127,south,2.0,4229.62,0.0,8459.24
T105657,2025-11-09,P0005,C00020,north,1.0,8621.09,0.05,8190.04
T100488,2023-07-03,P0011,C00147,north,1.0,8863.25,0.05,8420.09
T103993,2025-03-26,P0033,C00048,south,7.0,10082.29,0.2,56460.82
T103642,2023-06-29,P0014,C00043,west,5.0,500.0,0.0,2500.0
T103726,2023-08-25,P0003,C00242,east,5.0,10949.99,0.05,52012.45
T108707,2023-02-12,P0030,C00183,south,6.0,6824.34,0.0,40946.04
T105208,2024-03-24,P0021,C00090,south,5.0,359.09,0.1,1615.9
T106609,2024-12-28,P0005,C00250,north,3.0,8621.09,0.0,25863.27
T107704,2023-11-30,P0010,C00240,south,1.0,8164.43,0.0,8164.43
T105319,2025-06-29,P0032,C00203,west,4.0,5656.65,0.0,22626.6
T100709,2023-04-03,P0003,C00248,north,1.0,10949.99,0.0,10949.99
T107119,2023-08-23,P0018,C00081,west,6.0,6437.51,0.0,38625.06
T102421,2025-02-01,P0024,C00027,north,6.0,11884.11,0.0,71304.66
T105604,2024-01-16,P0022,C00109,north,5.0,3102.81,0.0,15514.05
T101750,2025-04-04,P0013,C00139,south,1.0,9164.46,0.15,7789.79
T105073,2023-08-24,P0027,C00058,east,2.0,9818.49,0.0,19636.98
T108209,2024-11-18,P0019,C00158,east,1.0,6013.99,0.0,6013.99
T104062,2023-07-03,P0009,C00034,east,4.0,11247.7,0.1,40491.72
T108860,2023-11-06,P0022,C00123,north,5.0,3102.81,0.05,14738.35
T100338,2024-10-25,P0013,C00191,south,12.0,9164.46,0.0,109973.52
T100215,2025-02-08,P0008,C00021,central,7.0,499.0,0.0,3493.0
T103663,2025-06-24,P0013,C00187,north,4.0,9164.46,0.0,36657.84
T101341,2025-11-11,P0002,C00068,north,7.0,13910.88,0.0,97376.16
T108700,2024-09-09,P0008,C00126,west,2.0,499.0,0.0,998.0
T105616,2024-07-31,P0023,C00225,south,2.0,10713.43,0.15,18212.83
T103894,2025-09-09,P0031,C00036,north,6.0,1566.84,0.0,9401.04
T100329,2025-02-04,P0018,C00078,west,6.0,6437.51,0.0,38625.06
T107900,2023-01-16,P0036,C00136,south,2.0,4229.62,0.0,8459.24
T103004,2023-04-22,P0019,C00151,east,5.0,6013.99,0.1,27062.96
T106960,2023-08-05,P0029,C00094,south,3.0,12773.07,0.05,36403.25
T104090,2023-06-11,P0008,C00153,central,6.0,499.0,0.0,2994.0
T103115,2025-08-08,P0006,C00235,east,6.0,7884.39,0.05,44941.02
T108958,2025-03-25,P0021,C00113,east,8.0,359.09,0.0,2872.72
T102322,2024-02-19,P0009,C00139,south,6.0,11247.7,0.0,67486.2
T106667,2025-06-20,P0022,C00054,central,8.0,3102.81,0.0,24822.48
T107009,2024-04-29,P0004,C00160,south,2.0,4999.13,0.0,9998.26
T104197,2025-08-27,P0009,C00118,central,3.0,11247.7,0.0,33743.1
T103549,2024-06-18,P0039,C00088,south,1.0,14579.92,0.1,13121.93
T101458,2023-07-21,P0002,C00236,east,4.0,13910.88,0.05,52861.34
T100171,2025-07-28,P0023,C00190,north,6.0,10713.43,0.0,64280.58
T104203,2025-11-15,P0012,C00081,west,5.0,14484.04,0.0,72420.2
T108487,2025-12-21,P0032,C00198,west,9.0,5656.65,0.0,50909.85
T103569,2025-08-15,P0023,C00186,north,3.0,10713.43,0.0,32140.29
T104226,2024-01-06,P0004,C00007,central,1.0,4999.13,0.2,3999.3
T105158,2024-06-20,P0009,C00136,south,5.0,11247.7,0.0,56238.5
T104120,2024-11-18,P0014,C00111,north,3.0,500.0,0.0,1500.0
T106185,2024-08-11,P0026,C00042,central,6.0,13905.57,0.0,83433.42
T101639,2024-09-21,P0015,C00002,west,5.0,4549.66,0.0,22748.3
T100938,2023-10-04,P0029,C00069,central,1.0,12773.07,0.05,12134.42
T100060,2025-09-20,P0035,C00234,east,7.0,8930.77,0.1,56263.85
T101240,2025-02-28,P0015,C00243,west,7.0,4549.66,0.0,31847.62
T105760,2024-12-19,P0001,C00094,south,1.0,6017.98,0.0,6017.98
T105136,2023-11-19,P0014,C00110,east,4.0,500.0,0.0,2000.0
T102343,2024-07-09,P0016,C00098,east,5.0,2604.21,0.0,13021.05
T106856,2024-03-02,P0036,C00092,south,6.0,4229.62,0.1,22839.95
T102120,2025-10-22,P0035,C00132,central,5.0,8930.77,0.05,42421.16
T101524,2024-01-02,P0029,C00222,central,1.0,12773.07,0.0,12773.07
T107617,2025-05-13,P0007,C00155,west,7.0,14423.4,0.15,85819.23
T100153,2024-07-25,P0005,C00133,east,3.0,8621.09,0.15,21983.78
T106344,2024-01-28,P0029,C00084,north,3.0,12773.07,0.0,38319.21
T100481,2025-02-20,P0020,C00085,central,3.0,4508.3,0.0,13524.9
T106122,2025-02-16,P0015,C00173,central,1.0,4549.66,0.0,4549.66
T104460,2025-08-05,P0038,C00096,central,7.0,5836.46,0.0,40855.22
T107674,2025-11-21,P0019,C00121,east,3.0,6013.99,0.15,15335.67
T107101,2024-04-08,P0001,C00081,west,2.0,6017.98,0.15,10230.57
T103920,2024-05-18,P0023,C00169,central,2.0,10713.43,0.0,21426.86
T107658,2023-11-28,P0039,C00120,west,6.0,14579.92,0.15,74357.59
T107411,2024-08-21,P0029,C00180,central,6.0,12773.07,0.0,76638.42
T101762,2023-01-03,P0012,C00107,east,2.0,14484.04,0.0,28968.08
T107634,2025-09-11,P0020,C00090,south,19.0,4508.3,0.0,85657.7
T107315,2024-07-27,P0038,C00209,east,4.0,5836.46,0.0,23345.84
T100750,2025-08-05,P0031,C00215,east,4.0,1566.84,0.0,6267.36
T107715,2025-03-04,P0006,C00135,north,12.0,7884.39,0.0,94612.68
T101785,2023-02-13,P0040,C00095,central,2.0,12756.37,0.1,22961.47
T108272,2024-03-12,P0003,C00172,central,6.0,10949.99,0.0,65699.94
T107479,2023-01-26,P0015,C00098,east,4.0,4549.66,0.0,18198.64
T106212,2025-10-02,P0033,C00127,south,5.0,10082.29,0.0,50411.45
T104501,2023-04-27,P0031,C00062,south,3.0,1566.84,0.0,4700.52
T104853,2024-04-10,P0006,C00026,north,10.0,7884.39,0.0,78843.9
T102711,2025-12-02,P0013,C00099,north,5.0,9164.46,0.05,43531.18
T106766,2025-01-03,P0024,C00014,central,8.0,11884.11,0.05,90319.24
T108126,2025-09-12,P0032,C00195,east,13.0,5656.65,0.0,73536.45
T104193,2025-04-17,P0038,C00083,south,3.0,5836.46,0.0,17509.38
T101333,2023-11-02,P0004,C00071,east,6.0,4999.13,0.0,29994.78
T101250,2024-08-27,P0028,C00233,west,4.0,13737.15,0.0,54948.6
T106887,2024-03-18,P0031,C00137,south,3.0,1566.84,0.1,4230.47
T102854,2024-08-27,P0015,C00129,central,4.0,4549.66,0.1,16378.78
T100186,2024-03-11,P0007,C00037,south,4.0,14423.4,0.0,57693.6
T101136,2024-10-05,P0018,C00099,north,6.0,6437.51,0.0,38625.06
T108562,2024-11-21,P0025,C00001,west,3.0,9148.51,0.0,27445.53
T108851,2025-07-30,P0024,C00020,north,4.0,11884.11,0.1,42782.8
T102058,2023-02-17,P0019,C00250,north,4.0,6013.99,0.1,21650.36
T108310,2025-05-27,P0003,C00040,north,4.0,10949.99,0.2,35039.97
T103850,2023-07-25,P0033,C00035,central,4.0,10082.29,0.0,40329.16
T100148,2023-07-11,P0039,C00060,central,5.0,14579.920000000002,0.0,72899.6
T104124,2023-01-16,P0011,C00097,west,1.0,8863.25,0.0,8863.25
T104889,2023-02-27,P0012,C00093,north,5.0,14484.04,0.0,72420.2
T108142,2023-05-02,P0019,C00104,south,2.0,6013.99,0.0,12027.98
T103363,2025-01-09,P0009,C00147,north,8.0,11247.7,0.0,89981.6
T104788,2024-07-15,P0028,C00068,north,3.0,13737.15,0.0,41211.45
T102866,2025-08-11,P0038,C00117,west,6.0,5836.46,0.0,35018.76
T103776,2025-05-12,P0014,C00050,east,3.0,500.0,0.0,1500.0
T101386,2023-06-03,P0032,C00068,north,4.0,5656.65,0.0,22626.6
T105941,2025-01-16,P0012,C00065,east,1.0,14484.04,0.05,13759.84
T103067,2024-09-14,P0033,C00225,south,2.0,10082.29,0.0,20164.58
T108250,2023-02-18,P0037,C00126,west,5.0,8484.46,0.0,42422.3
T105695,2025-07-10,P0022,C00140,west,3.0,3102.81,0.0,9308.43
T103629,2025-01-01,P0039,C00030,north,3.0,14579.92,0.0,43739.76
T108618,2025-06-18,P0038,C00013,central,1.0,5836.46,0.0,5836.46
T104797,2023-01-21,P0008,C00028,central,1.0,499.0,0.0,499.0
T108114,2023-12-26,P0029,C00191,south,10.0,12773.07,0.2,102184.56
T103028,2024-05-05,P0036,C00149,north,4.0,4229.62,0.0,16918.48
T102969,2024-06-11,P0031,C00171,east,4.0,1566.84,0.0,6267.36
T108464,2025-06-24,P0029,C00170,west,6.0,12773.07,0.0,76638.42
T101708,2025-10-27,P0012,C00105,west,13.0,14484.04,0.0,188292.52
T102953,2024-12-26,P0039,C00174,central,1.0,14579.92,0.0,14579.92
T100454,2025-12-16,P0013,C00187,north,5.0,9164.46,0.15,38948.95
T106964,2025-02-13,P0011,C00250,north,4.0,8863.25,0.0,35453.0
T106136,2023-09-05,P0011,C00226,west,4.0,8863.25,0.05,33680.35
T105868,2023-12-22,P0029,C00170,west,3.0,12773.07,0.05,36403.25
T106411,2025-06-07,P0032,C00234,east,3.0,5656.65,0.0,16969.95
T100609,2024-02-11,P0016,C00143,south,1.0,2604.21,0.0,2604.21
T104263,2025-04-21,P0024,C00136,south,6.0,11884.11,0.0,71304.66
T104826,2024-10-15,P0021,C00022,north,1.0,359.09,0.0,359.09
T100645,2023-11-16,P0030,C00223,central,6.0,6824.34,0.2,32756.83
T107454,2023-10-20,P0021,C00174,central,1.0,359.09,0.05,341.14
T102074,2024-04-30,P0006,C00226,west,3.0,7884.39,0.0,23653.17
T104052,2024-09-11,P0036,C00133,east,6.0,4229.62,0.0,25377.72
T108399,2025-11-24,P0033,C00240,south,13.0,10082.29,0.0,131069.77
T107796,2023-05-30,P0040,C00137,south,5.0,12756.37,0.0,63781.85
T101622,2024-06-27,P0002,C00195,east,6.0,13910.88,0.0,83465.28
T104683,2025-01-26,P0039,C00079,south,4.0,14579.92,0.0,58319.68
T105497,2025-12-13,P0031,C00051,east,14.0,1566.84,0.0,21935.76
T107141,2023-11-04,P0020,C00188,north,8.0,4508.3,0.15,30656.44
T107320,2025-10-28,P0025,C00169,central,5.0,9148.51,0.0,45742.55
T105796,2023-11-28,P0021,C00166,central,1.0,359.09,0.05,341.14
T107184,2024-05-14,P0012,C00115,east,5.0,14484.04,0.0,72420.2
T102081,2024-02-10,P0016,C00186,north,1.0,2604.21,0.0,2604.21
T107077,2025-03-30,P0038,C00104,south,2.0,5836.46,0.0,11672.92
T100040,2025-05-08,P0027,C00188,north,3.0,9818.49,0.0,29455.47
T105475,2024-06-23,P0029,C00038,west,3.0,12773.07,0.05,36403.25
T102089,2023-01-06,P0018,C00070,west,3.0,6437.51,0.0,19312.53
T103924,2025-02-26,P0018,C00211,west,2.0,6437.51,0.0,12875.02
T102175,2025-05-05,P0012,C00137,south,9.0,14484.04,0.0,130356.36
T107313,2023-06-28,P0001,C00116,central,6.0,6017.98,0.0,36107.88
T108431,2025-03-11,P0029,C00163,west,6.0,12773.07,0.0,76638.42
T100074,2025-12-19,P0015,C00109,north,11.0,4549.66,0.2,40037.01
T108040,2023-09-05,P0030,C00102,central,1.0,6824.34,0.0,6824.34
T103798,2025-05-13,P0035,C00128,south,7.0,8930.77,0.0,62515.39
T102657,2024-05-09,P0017,C00122,west,6.0,382.2,0.0,2293.2
T103180,2025-11-16,P0037,C00110,east,5.0,8484.46,0.0,42422.3
T102076,2023-08-08,P0008,C00210,north,4.0,499.0,0.0,1996.0
T100441,2024-07-26,P0023,C00156,south,2.0,10713.43,0.0,21426.86
T108409,2023-08-09,P0010,C00243,west,4.0,8164.43,0.0,32657.72
T102051,2025-04-24,P0020,C00078,west,4.0,4508.3,0.0,18033.2
T102541,2025-12-09,P0030,C00167,east,7.0,6824.34,0.2,38216.3
T107402,2023-11-24,P0019,C00147,north,6.0,6013.99,0.05,34279.74
T101301,2025-04-15,P0030,C00176,east,6.0,6824.34,0.2,32756.83
T105877,2025-02-08,P0007,C00111,north,4.0,14423.4,0.0,57693.6
T107368,2024-06-10,P0038,C00228,south,3.0,5836.46,0.0,17509.38
T103430,2025-09-10,P0026,C00199,central,1.0,13905.57,0.0,13905.57
T101304,2024-12-07,P0033,C00236,east,8.0,10082.29,0.0,80658.32
T100236,2023-02-05,P0026,C00047,central,5.0,13905.57,0.0,69527.85
T108284,2023-01-16,P0026,C00050,east,4.0,13905.57,0.0,55622.28
T102599,2025-10-12,P0002,C00175,east,6.0,13910.88,0.05,79292.02
T104616,2025-01-08,P0017,C00100,east,3.0,382.2,0.15,974.61
T102573,2025-06-26,P0015,C00172,central,4.0,4549.66,0.15,15468.84
T103280,2023-02-21,P0012,C00250,north,4.0,14484.04,0.0,57936.16
T103186,2024-12-02,P0014,C00195,east,8.0,500.0,0.0,4000.0
T103953,2023-07-28,P0018,C00095,central,6.0,6437.51,0.05,36693.81
T102768,2025-08-20,P0012,C00211,west,6.0,14484.04,0.2,69523.39
T104831,2025-04-29,P0013,C00143,south,3.0,9164.46,0.05,26118.71
T104223,2024-04-30,P0025,C00095,central,4.0,9148.51,0.05,34764.34
T107894,2025-03-17,P0037,C00055,south,2.0,8484.46,0.0,16968.92
T102106,2024-05-14,P0002,C00109,north,4.0,13910.88,0.1,50079.17
T102679,2024-05-22,P0019,C00210,north,4.0,6013.99,0.0,24055.96
T107325,2024-10-16,P0019,C00128,south,9.0,6013.99,0.0,54125.91
T102761,2025-12-13,P0010,C00236,east,5.0,8164.43,0.0,40822.15
T104688,2025-09-29,P0010,C00092,south,4.0,8164.43,0.1,29391.95
T105399,2024-05-01,P0030,C00096,central,6.0,6824.34,0.0,40946.04
T101387,2025-08-20,P0016,C00081,east,6.0,2604.21,0.0,15625.26
T102901,2023-01-01,P0034,C00064,north,6.0,10038.95,0.1,54210.33
T103577,2023-08-02,P0016,C00146,central,3.0,2604.21,0.05,7422.0
T108078,2024-10-20,P0016,C00071,east,9.0,2604.21,0.05,22266.0
T108805,2025-05-14,P0006,C00083,south,6.0,7884.39,0.05,44941.02
T107083,2024-10-25,P0012,C00034,east,4.0,14484.04,0.0,57936.16
T108948,2024-09-29,P0034,C00200,north,6.0,10038.95,0.15,51198.64
T107393,2024-12-23,P0040,C00017,east,5.0,12756.37,0.0,63781.85
T105000,2025-10-27,P0023,C00133,east,13.0,10713.43,0.0,139274.59
T105853,2025-05-15,P0014,C00189,north,6.0,500.0,0.1,2700.0
T101279,2024-08-10,P0003,C00019,central,2.0,10949.99,0.0,21899.98
T108588,2023-03-11,P0013,C00168,north,6.0,9164.46,0.0,54986.76
T100804,2024-03-15,P0035,C00086,west,6.0,8930.77,0.0,53584.62
T106404,2023-12-25,P0039,C00102,central,7.0,14579.92,0.0,102059.44
T101555,2023-11-15,P0021,C00018,central,6.0,359.09,0.0,2154.54
T108647,2023-07-29,P0005,C00193,east,1.0,8621.09,0.1,7758.98
T103190,2023-12-18,P0035,C00236,east,10.0,8930.77,0.0,89307.7
T104566,2025-04-07,P0040,C00229,east,3.0,12756.37,0.0,38269.11
T104802,2025-12-28,P0002,C00204,central,11.0,13910.88,0.0,153019.68
T108904,2023-09-03,P0014,C00132,central,3.0,500.0,0.0,1500.0
T107166,2025-05-26,P0024,C00160,south,3.0,11884.11,0.0,35652.33
T104841,2024-07-09,P0011,C00141,south,8.0,8863.25,0.15,60270.1
T103594,2024-09-27,P0025,C00081,west,5.0,9148.51,0.0,45742.55
T106035,2023-02-01,P0037,C00131,west,2.0,8484.46,0.05,16120.47
T106852,2025-03-28,P0011,C00240,south,3.0,8863.25,0.0,26589.75
T106958,2025-10-01,P0015,C00188,north,6.0,4549.659649122807,0.05,25933.06
T101920,2025-07-28,P0025,C00016,west,7.0,9148.51,0.0,64039.57
T100513,2024-01-21,P0029,C00136,south,1.0,12773.07,0.05,12134.42
T104177,2025-10-12,P0002,C00209,east,5.0,13910.88,0.14999999999999997,59121.24
T106843,2023-11-28,P0016,C00110,east,1.0,2604.21,0.0,2604.21
T101308,2024-06-19,P0007,C00182,north,5.0,14423.4,0.0,72117.0
T105667,2023-09-29,P0004,C00017,east,1.0,4999.13,0.0,4999.13
T100914,2025-06-21,P0004,C00145,north,2.0,4999.13,0.0,9998.26
T103452,2025-10-15,P0027,C00238,west,6.0,9818.49,0.0,58910.94
T103695,2024-04-29,P0011,C00154,west,2.0,8863.25,0.0,17726.5
T104242,2024-03-07,P0022,C00003,north,3.0,3102.81,0.0,9308.43
T103156,2024-09-07,P0005,C00118,central,5.0,8621.09,0.0,43105.45
T102198,2024-03-22,P0005,C00096,central,1.0,8621.09,0.0,8621.09
T107840,2025-09-19,P0025,C00084,north,3.0,9148.51,0.1,24700.98
T100774,2025-02-09,P0016,C00179,north,8.0,2604.21,0.1,18750.31
T104425,2024-11-05,P0020,C00188,north,8.0,4508.3,0.15,30656.44
T106150,2024-01-23,P0011,C00246,south,1.0,8863.25,0.0,8863.25
T106097,2023-05-03,P0010,C00045,west,3.0,8164.43,0.0,24493.29
T100943,2023-09-21,P0003,C00096,central,7.0,10949.99,0.0,76649.93
T100822,2025-07-14,P0023,C00030,north,2.0,10713.43,0.0,21426.86
T106878,2025-12-20,P0023,C00247,north,11.0,10713.43,0.0,117847.73
T105005,2025-05-23,P0024,C00110,east,11.0,11884.11,0.0,130725.21
T106612,2025-07-19,P0034,C00242,east,8.0,10038.95,0.0,80311.6
T104277,2024-02-08,P0028,C00101,east,3.0,13737.15,0.05,39150.88
T100164,2023-07-19,P0022,C00202,north,4.0,3102.81,0.1,11170.12
T105619,2023-05-22,P0032,C00092,central,4.0,5656.65,0.2,18101.28
T104547,2023-05-13,P0015,C00073,south,5.0,4549.66,0.0,22748.3
T103983,2024-08-16,P0001,C00035,central,6.0,6017.98,0.2,28886.3
T102538,2023-05-28,P0001,C00248,north,3.0,6017.98,0.0,18053.94
T106957,2023-07-21,P0004,C00081,west,6.0,4999.13,0.15,25495.56
T103191,2025-01-22,P0011,C00106,west,2.0,8863.25,0.1,15953.85
T101311,2024-03-08,P0037,C00017,east,5.0,8484.46,0.0,42422.3
T108510,2023-12-10,P0030,C00167,east,4.0,6824.34,0.15,23202.76
T105207,2024-04-25,P0034,C00148,north,4.0,10038.95,0.0,40155.8
T108674,2023-07-15,P0019,C00226,west,9.0,6013.99,0.0,54125.91
T108204,2024-03-18,P0012,C00095,central,1.0,14484.04,0.1,13035.64
T107585,2025-07-10,P0036,C00042,central,1.0,4229.62,0.1,3806.66
T105383,2023-05-30,P0008,C00180,central,5.0,499.0,0.1,2245.5
T103054,2024-01-16,P0001,C00237,central,2.0,6017.98,0.0,12035.96
T103675,2025-05-11,P0030,C00197,south,4.0,6824.34,0.1,24567.62
T107776,2025-09-19,P0021,C00237,central,1.0,359.09,0.1,323.18
T107218,2024-01-22,P0033,C00167,east,1.0,10082.29,0.1,9074.06
T106722,2025-09-21,P0024,C00019,central,3.0,11884.11,0.0,35652.33
T103310,2025-09-11,P0023,C00078,west,4.0,10713.43,0.1,38568.35
T106904,2023-05-12,P0005,C00070,west,3.0,8621.09,0.0,25863.27
T107221,2024-10-07,P0040,C00092,south,5.0,12756.37,0.05,60592.76
T100327,2024-05-14,P0020,C00209,east,2.0,4508.3,0.0,9016.6
T105886,2025-06-17,P0006,C00156,south,6.0,7884.39,0.05,44941.02
T102490,2024-04-09,P0036,C00205,north,3.0,4229.62,0.2,10151.09
T108834,2023-09-06,P0035,C00245,central,5.0,8930.77,0.1,40188.47
T106103,2024-07-19,P0022,C00170,west,3.0,3102.81,0.0,9308.43
T105954,2024-09-21,P0038,C00236,east,5.0,5836.46,0.0,29182.3
T108807,2025-05-08,P0012,C00057,east,2.0,14484.04,0.0,28968.08
T104408,2025-11-21,P0019,C00194,east,11.0,6013.99,0.0,66153.89
T100832,2024-06-25,P0005,C00031,south,3.0,8621.09,0.0,25863.27
T103079,2024-04-29,P0022,C00223,central,5.0,3102.81,0.0,15514.05
T107516,2024-12-04,P0040,C00019,central,5.0,12756.37,1.1407567535566034e-16,63781.85
T103462,2024-06-21,P0033,C00083,south,7.0,10082.29,0.1,63518.43
T105297,2024-12-16,P0018,C00240,south,3.0,6437.51,0.0,19312.53
T101823,2024-05-19,P0036,C00028,central,6.0,4229.62,0.0,25377.72
T107643,2025-09-10,P0035,C00200,north,6.0,8930.77,0.0,53584.62
T100054,2025-06-17,P0019,C00047,central,6.0,6013.99,0.0,36083.94
T106230,2025-04-25,P0033,C00231,north,4.0,10082.29,0.15,34279.79
T104064,2023-06-20,P0017,C00052,east,1.0,382.2,0.0,382.2
T103451,2023-12-05,P0006,C00128,south,3.0,7884.39,0.0,23653.17
T106305,2025-07-28,P0004,C00010,south,6.0,4999.13,0.0,29994.78
T101901,2025-07-27,P0032,C00214,central,4.0,5656.65,0.1,20363.94
T101481,2024-08-18,P0009,C00128,south,3.0,11247.7,0.1,30368.79
T104873,2024-02-13,P0034,C00061,west,1.0,10038.95,0.0,10038.95
T104895,2023-08-22,P0003,C00018,central,5.0,10949.99,0.0,54749.95
T107810,2023-08-05,P0029,C00238,west,3.0,12773.07,0.0,38319.21
T108038,2024-05-06,P0002,C00093,north,5.0,13910.88,0.0,69554.4
T104150,2023-06-28,P0011,C00048,south,6.0,8863.25,0.05,50520.52
T107068,2023-05-26,P0035,C00007,central,4.0,8930.77,0.0,35723.08
T103335,2024-03-27,P0025,C00056,south,6.0,9148.51,0.0,54891.06
T106016,2025-04-27,P0035,C00230,east,4.0,8930.77,0.0,35723.08
T107811,2024-01-11,P0032,C00195,east,1.0,5656.65,0.2,4525.32
T104926,2023-08-23,P0040,C00084,north,4.0,12756.37,0.15,43371.66
T100946,2024-06-25,P0006,C00169,central,4.0,7884.39,0.0,31537.56
T105797,2025-04-15,P0036,C00101,east,2.0,4229.62,0.05,8036.28
T103293,2025-09-08,P0034,C00245,central,3.0,10038.95,0.0,30116.85
T102161,2024-02-20,P0011,C00058,east,2.0,8863.25,0.1,15953.85
T108965,2025-01-24,P0007,C00044,south,4.0,14423.4,0.0,57693.6
T105083,2024-01-29,P0038,C00184,east,4.0,5836.46,0.0,23345.84
T106645,2024-07-14,P0033,C00044,south,3.0,10082.29,0.2,24197.5
T108347,2025-12-24,P0027,C00190,north,13.0,9818.49,0.0,127640.37
T103057,2024-05-30,P0032,C00147,north,6.0,5656.65,0.0,33939.9
T107342,2025-01-16,P0005,C00069,central,3.0,8621.09,0.2,20690.62
T105490,2023-11-11,P0036,C00096,central,8.0,4229.62,0.05,32145.11
T106733,2025-07-14,P0003,C00040,north,2.0,10949.99,0.0,21899.98
T100768,2023-07-21,P0011,C00052,east,4.0,8863.25,0.0,35453.0
T102065,2024-05-02,P0012,C00180,central,3.0,14484.04,0.0,43452.12
T108661,2024-10-10,P0030,C00011,east,12.0,6824.34,0.1,73702.87
T103495,2023-03-31,P0004,C00037,south,2.0,4999.13,0.0,9998.26
T107311,2023-11-21,P0002,C00132,central,6.0,13910.88,0.2,66772.22
T100285,2025-07-11,P0030,C00209,east,1.0,6824.34,0.0,6824.34
T101500,2024-07-13,P0023,C00114,south,4.0,10713.43,0.0,42853.72
T104524,2024-12-25,P0003,C00150,east,6.0,10949.99,0.1,59129.95
T108577,2024-07-26,P0037,C00162,north,4.0,8484.46,0.0,33937.84
T102332,2025-09-12,P0031,C00134,east,2.0,1566.84,0.0,3133.68
T102717,2025-07-12,P0017,C00250,north,3.0,382.2,0.0,1146.6
T102079,2025-01-07,P0028,C00115,east,5.0,13737.15,0.0,68685.75
T103389,2025-10-30,P0036,C00128,south,5.0,4229.62,0.05,20090.69
T100722,2025-05-14,P0024,C00167,east,3.0,11884.11,0.0,35652.33
T100951,2023-01-01,P0001,C00242,east,2.0,6017.98,0.2,9628.77
T108058,2025-06-14,P0006,C00240,south,1.0,7884.39,0.0,7884.39
T102482,2024-07-28,P0020,C00117,central,4.0,4508.3,0.0,18033.2
T102262,2023-07-11,P0009,C00080,north,3.0,11247.7,0.0,33743.1
T100989,2025-12-12,P0013,C00246,south,11.0,9164.46,0.2,80647.25
T103212,2023-11-02,P0013,C00141,south,6.0,9164.46,0.05,52237.42
T101759,2023-09-08,P0019,C00110,east,3.0,6013.99,0.0,18041.97
T108222,2025-08-13,P0022,C00145,north,1.0,3102.81,0.0,3102.81
T104422,2024-05-03,P0027,C00209,east,3.0,9818.49,0.0,29455.47
T106704,2025-01-25,P0003,C00134,east,1.0,10949.99,0.05,10402.49
T105479,2025-06-27,P0022,C00186,north,1.0,3102.81,0.1,2792.53
T101724,2024-05-13,P0006,C00003,north,6.0,7884.39,0.0,47306.34
T105182,2024-12-06,P0009,C00151,east,10.0,11247.7,0.0,112477.0
T108597,2025-02-11,P0029,C00152,north,4.0,12773.07,0.0,51092.28
T100341,2025-07-15,P0025,C00138,central,3.0,9148.51,0.0,27445.53
T103701,2025-12-09,P0008,C00012,east,6.0,499.0,0.0,2994.0
T104243,2024-11-08,P0025,C00147,north,5.0,9148.51,0.05,43455.42
T100688,2024-06-16,P0033,C00164,north,5.0,10082.29,0.0,50411.45
T103432,2023-04-27,P0006,C00065,east,5.0,7884.39,0.0,39421.95
T105203,2024-06-13,P0012,C00086,west,7.0,14484.04,0.05,96318.87
T104944,2025-03-17,P0011,C00040,north,2.0,8863.25,0.0,17726.5
T100966,2023-02-14,P0007,C00043,west,1.0,14423.4,0.0,14423.4
T103120,2024-04-11,P0035,C00240,south,5.0,8930.77,0.2,35723.08
T108645,2024-09-23,P0014,C00062,south,1.0,500.0,0.0,500.0
T108049,2024-10-04,P0013,C00245,central,7.0,9164.46,0.0,64151.22
T102203,2025-06-18,P0023,C00126,west,3.0,10713.43,0.0,32140.29
T102713,2025-05-07,P0012,C00062,south,2.0,14484.04,0.0,28968.08
T104757,2025-07-04,P0025,C00198,west,13.0,9148.51,0.0,118930.63
T105098,2023-06-11,P0006,C00191,south,4.0,7884.39,0.0,31537.56
T104164,2023-03-07,P0009,C00192,central,2.0,11247.7,0.0,22495.4
T108701,2024-09-03,P0039,C00066,west,3.0,14579.92,0.05,41552.77
T106320,2024-10-11,P0022,C00120,west,8.0,3102.81,0.0,24822.48
T105280,2025-01-18,P0016,C00217,north,3.0,2604.21,0.1,7031.37
T105975,2025-04-28,P0032,C00026,north,6.0,5656.65,0.0,33939.9
T103572,2025-05-20,P0032,C00243,west,2.0,5656.65,0.0,11313.3
T105299,2023-09-25,P0011,C00193,east,2.0,8863.25,0.0,17726.5
T101990,2023-12-30,P0039,C00019,east,3.0,14579.92,0.0,43739.76
T101205,2023-11-07,P0014,C00203,west,1.0,500.0,0.0,500.0
T104971,2025-06-25,P0029,C00154,west,2.0,12773.07,0.0,25546.14
T106783,2024-06-16,P0004,C00208,central,10.0,4999.13,0.0,49991.3
T103600,2024-04-21,P0008,C00074,east,6.0,499.0,0.0,2994.0
T106490,2024-03-09,P0019,C00081,west,6.0,6013.99,0.05,34279.74
T108070,2024-05-04,P0012,C00215,east,7.0,14484.04,0.05,96318.87
T107973,2024-02-16,P0035,C00151,east,2.0,8930.77,0.0,17861.54
T101625,2023-11-10,P0017,C00200,north,8.0,382.2,0.0,3057.6
T100536,2025-03-24,P0012,C00068,north,2.0,14484.04,0.2,23174.46
T107970,2024-03-05,P0038,C00244,south,1.0,5836.46,0.1,5252.81
T104212,2025-06-06,P0027,C00172,central,4.0,9818.49,0.0,39273.96
T106456,2024-02-07,P0007,C00151,east,1.0,14423.4,0.0,14423.4
T103507,2025-02-19,P0040,C00166,central,6.0,12756.37,0.0,76538.22
T107112,2024-02-22,P0008,C00185,central,4.0,499.0,0.05,1896.2
T102708,2023-02-21,P0030,C00059,north,1.0,6824.34,0.2,5459.47
T105031,2023-03-26,P0030,C00080,north,7.0,6824.34,0.0,47770.38
T106514,2025-11-29,P0016,C00214,central,3.0,2604.21,0.1,7031.37
T104662,2025-03-25,P0004,C00057,central,7.0,4999.13,0.0,34993.91
T104021,2023-02-14,P0007,C00064,north,5.0,14423.4,0.1,64905.3
T101854,2024-01-01,P0005,C00075,west,3.0,8621.09,0.0,25863.27
T108596,2023-02-19,P0020,C00028,central,5.0,4508.3,0.0,22541.5
T102872,2024-04-24,P0030,C00246,south,3.0,6824.34,0.0,20473.02
T103030,2023-08-09,P0009,C00155,west,1.0,11247.7,0.0,11247.7
T101645,2024-02-18,P0003,C00212,south,1.0,10949.99,0.0,10949.99
T103417,2023-04-11,P0030,C00150,east,2.0,6824.34,0.0,13648.68
T103476,2024-07-20,P0011,C00030,north,7.0,8863.25,0.0,62042.75
T108708,2023-02-20,P0012,C00086,west,2.0,14484.04,0.0,28968.08
T101792,2024-12-27,P0020,C00025,east,6.0,4508.3,0.0,27049.8
T103797,2025-01-15,P0034,C00130,east,3.0,10038.95,0.15,25599.32
T103368,2023-04-07,P0027,C00182,north,6.0,9818.49,0.0,58910.94
T107196,2025-10-28,P0012,C00011,east,3.0,14484.04,0.0,43452.12
T108789,2025-09-18,P0033,C00014,central,4.0,10082.29,0.0,40329.16
T105109,2025-03-04,P0016,C00195,east,2.0,2604.21,0.0,5208.42
T106024,2025-12-24,P0011,C00141,west,7.0,8863.25,0.0,62042.75
T108471,2025-06-11,P0025,C00089,east,2.0,9148.51,0.05,17382.17
T100126,2024-11-02,P0027,C00233,west,5.0,9818.49,0.1,44183.2
T105959,2025-03-15,P0029,C00059,north,2.0,12773.07,0.0,25546.14
T103876,2023-03-10,P0036,C00088,south,1.0,4229.62,0.0,4229.62
T104451,2025-03-20,P0024,C00151,east,1.0,11884.11,0.0,11884.11
T107147,2023-06-07,P0021,C00174,central,4.0,359.09,0.0,1436.36
T103531,2023-05-03,P0029,C00078,west,5.0,12773.07,0.0,63865.35
T100827,2024-03-23,P0003,C00075,east,5.0,10949.99,0.05,52012.45
T107790,2025-04-01,P0033,C00246,south,8.0,10082.29,0.05,76625.4
T100984,2025-01-02,P0010,C00217,north,2.0,8164.43,0.0,16328.86
T107783,2024-10-06,P0015,C00109,north,4.0,4549.66,0.0,18198.64
T102443,2024-01-10,P0006,C00138,central,3.0,7884.39,0.0,23653.17
T100345,2025-01-09,P0026,C00125,north,4.0,13905.57,0.0,55622.28
T100814,2025-03-27,P0025,C00221,west,4.0,9148.51,0.0,36594.04
T106166,2025-02-28,P0013,C00093,north,2.0,9164.46,0.0,18328.92
T105779,2023-07-23,P0012,C00116,central,2.0,14484.04,0.15,24622.87
T102116,2024-11-29,P0039,C00110,east,8.0,14579.92,0.0,116639.36
T100793,2023-03-14,P0036,C00163,central,5.0,4229.62,0.05,20090.69
T106898,2024-03-29,P0007,C00115,east,3.0,14423.4,0.0,43270.2
T102674,2025-07-24,P0035,C00125,north,1.0,8930.77,0.0,8930.77
T100094,2024-08-31,P0028,C00065,east,4.0,13737.15,0.0,54948.6
T104225,2023-07-19,P0005,C00223,central,3.0,8621.09,0.0,25863.27
T103756,2024-01-03,P0011,C00158,east,1.0,8863.25,0.15,7533.76
T102891,2024-07-10,P0020,C00213,south,4.0,4508.3,0.0,18033.2
T102371,2025-09-02,P0034,C00104,south,1.0,10038.95,0.0,10038.95
T108561,2023-01-03,P0013,C00222,central,1.0,9164.46,0.0,9164.46
T103228,2024-12-09,P0019,C00142,central,5.0,6013.99,0.0,30069.95
T107863,2024-02-14,P0003,C00084,north,4.0,10949.99,0.0,43799.96
T106359,2025-07-07,P0024,C00074,east,2.0,11884.11,0.0,23768.22
T108377,2023-03-23,P0031,C00240,south,3.0,1566.84,0.0,4700.52
T107326,2025-02-08,P0027,C00188,north,3.0,9818.49,0.0,29455.47
T106028,2024-06-22,P0025,C00190,north,3.0,9148.51,0.0,27445.53
T101865,2025-03-09,P0023,C00014,central,6.0,10713.43,0.0,64280.58
T104612,2023-08-08,P0013,C00192,central,2.0,9164.46,0.0,18328.92
T102645,2024-10-24,P0020,C00223,central,6.0,4508.3,0.0,27049.8
T102243,2023-09-07,P0018,C00167,east,5.0,6437.51,0.0,32187.55
T105373,2025-03-12,P0022,C00088,south,2.0,3102.81,0.0,6205.62
T102336,2025-01-23,P0004,C00230,east,3.0,4999.13,0.0,14997.39
T100950,2023-01-25,P0021,C00056,south,1.0,359.09,0.0,359.09
T101120,2024-12-20,P0003,C00125,north,10.0,10949.99,0.0,109499.9
T102204,2025-07-11,P0002,C00160,south,2.0,13910.88,0.0,27821.76
T100419,2025-06-14,P0013,C00131,west,7.0,9164.46,0.05,60943.66
T100922,2025-05-30,P0035,C00119,south,4.0,8930.77,0.0,35723.08
T105408,2025-03-08,P0033,C00209,east,3.0,10082.29,0.0,30246.87
T105788,2023-10-22,P0005,C00032,north,4.0,8621.09,0.05,32760.14
T105742,2023-09-27,P0016,C00183,south,4.0,2604.21,0.05,9896.0
T107667,2023-05-05,P0032,C00055,south,3.0,5656.65,0.1,15272.95
T105567,2024-03-25,P0032,C00173,central,2.0,5656.65,0.0,11313.3
T108135,2023-09-30,P0001,C00240,south,4.0,6017.98,0.1,21664.73
T101202,2023-12-23,P0024,C00148,north,4.0,11884.11,0.0,47536.44
T105765,2023-11-01,P0015,C00160,south,2.0,4549.66,0.0,9099.32
T101970,2025-08-01,P0035,C00205,north,4.0,8930.77,0.0,35723.08
T104018,2024-05-17,P0032,C00069,central,3.0,5656.65,0.0,16969.95
T103687,2024-09-07,P0026,C00208,central,4.0,13905.57,0.0,55622.28
T101997,2025-07-16,P0026,C00029,east,4.0,13905.57,0.0,55622.28
T104033,2025-10-24,P0009,C00160,south,5.0,11247.7,0.0,56238.5
T101248,2023-05-09,P0018,C00108,west,5.0,6437.51,0.0,32187.55
T102192,2023-09-09,P0034,C00107,east,4.0,10038.95,0.0,40155.8
T102712,2023-07-30,P0030,C00183,south,1.0,6824.34,0.0,6824.34
T102190,2024-11-30,P0026,C00021,central,8.0,13905.57,0.0,111244.56
T104670,2025-10-06,P0033,C00093,north,5.0,10082.29,0.0,50411.45
T105142,2023-09-19,P0020,C00157,central,6.0,4508.3,0.15,22992.33
T105984,2024-04-05,P0027,C00056,south,3.0,9818.49,0.0,29455.47
T106565,2024-12-17,P0033,C00029,east,13.0,10082.29,0.15,111409.3
T107804,2024-05-06,P0033,C00055,south,2.0,10082.29,0.0,20164.58
T106943,2025-06-10,P0021,C00185,central,6.0,359.09,10.0,1939.09
T102136,2024-12-14,P0027,C00121,east,3.0,9818.49,0.1,26509.92
T101065,2024-02-01,P0030,C00053,west,2.0,6824.34,0.0,13648.68
T100600,2023-08-15,P0037,C00231,north,4.0,8484.46,0.2,27150.27
T104227,2025-10-10,P0033,C00115,east,12.0,10082.29,0.0,120987.48
T107577,2024-12-03,P0025,C00100,east,13.0,9148.51,0.0,118930.63
T100077,2023-10-14,P0028,C00172,central,8.0,13737.15,0.0,109897.2
T107546,2024-08-08,P0025,C00061,west,6.0,9148.51,0.2,43912.85
T102898,2025-04-18,P0012,C00073,south,2.0,14484.04,0.0,28968.08
T104820,2025-11-01,P0038,C00119,south,5.0,5836.46,0.0,29182.3
T108479,2025-10-14,P0019,C00187,north,6.0,6013.99,0.0,36083.94
T106413,2023-09-16,P0040,C00237,central,6.0,12756.37,0.0,76538.22
T108007,2024-01-14,P0015,C00171,east,3.0,4549.66,0.0,13648.98
T105468,2023-12-20,P0020,C00080,north,3.0,4508.3,0.0,13524.9
T105951,2024-04-03,P0025,C00160,south,4.0,9148.51,0.15,31104.93
T103391,2023-08-14,P0024,C00105,west,2.0,11884.11,0.0,23768.22
T105415,2024-05-10,P0003,C00123,north,3.0,10949.99,0.0,32849.97
T102560,2023-07-13,P0023,C00196,east,1.0,10713.43,0.0,10713.43
T108162,2025-11-16,P0026,C00196,east,5.0,13905.57,0.0,69527.85
T102635,2023-07-25,P0027,C00222,central,2.0,9818.49,0.0,19636.98
T105256,2024-12-03,P0002,C00197,south,1.0,13910.88,0.0,13910.88
T103530,2023-06-29,P0023,C00081,west,4.0,10713.43,0.0,42853.72
T101908,2024-06-23,P0028,C00074,east,4.0,13737.15,0.05,52201.17
T100235,2025-06-06,P0003,C00247,north,7.0,10949.99,0.0,76649.93
T101604,2023-01-21,P0040,C00088,south,4.0,12756.37,0.0,51025.48
T107984,2024-08-29,P0038,C00038,west,6.0,5836.46,0.0,35018.76
T103490,2025-09-05,P0003,C00165,west,3.0,10949.99,0.0,32849.97
T101994,2023-02-19,P0011,C00112,south,5.0,8863.25,0.1,39884.62
T102824,2023-10-09,P0004,C00029,east,7.0,4999.13,0.0,34993.91
T108462,2024-10-22,P0028,C00045,west,1.0,13737.15,0.0,13737.15
T101342,2023-01-08,P0038,C00129,central,5.0,5836.46,0.0,29182.3
T101619,2023-03-02,P0040,C00121,east,7.0,12756.37,0.0,89294.59
T105287,2025-05-22,P0023,C00034,east,2.0,10713.43,0.0,21426.86
T102060,2025-06-30,P0008,C00108,west,3.0,499.0,0.0,1497.0
T101224,2025-11-28,P0039,C00065,east,7.0,14579.92,0.15,86750.52
T102219,2025-10-30,P0039,C00092,south,10.0,14579.92,0.2,116639.36
T106038,2024-07-11,P0026,C00026,north,6.0,13905.57,0.1,75090.08
T100260,2024-03-11,P0006,C00246,south,4.0,7884.39,0.15,26806.93
T108538,2023-02-13,P0039,C00133,east,3.0,14579.92,0.0,43739.76
T103744,2025-10-04,P0036,C00155,west,6.0,4229.62,0.2,20302.18
T102026,2024-04-30,P0014,C00012,east,4.0,500.0,0.0,2000.0
T106988,2025-05-05,P0021,C00123,north,9.0,359.09,0.0,3231.81
T104234,2024-08-27,P0023,C00128,south,6.0,10713.43,0.0,64280.58
T101917,2025-06-06,P0015,C00037,south,4.0,4549.66,0.0,18198.64
T101828,2025-09-16,P0038,C00189,north,2.0,5836.46,0.0,11672.92
T106233,2024-04-25,P0039,C00145,north,5.0,14579.92,0.05,69254.62
T108507,2025-05-09,P0024,C00018,central,8.0,11884.11,0.0,95072.88
T106283,2025-10-31,P0003,C00115,east,3.0,10949.99,0.0,32849.97
T104208,2025-05-08,P0040,C00009,central,2.0,12756.37,0.1,22961.47
T100224,2023-09-30,P0031,C00083,south,3.0,1566.84,0.0,4700.52
T106469,2025-03-20,P0038,C00202,central,4.0,5836.46,0.1,21011.26
T108584,2023-06-27,P0012,C00216,south,3.0,14484.04,0.2,34761.7
T100846,2024-06-03,P0017,C00116,central,2.0,382.2,0.0,764.4
T104289,2025-08-17,P0006,C00121,east,11.0,7884.39,0.0,86728.29
T105560,2023-05-18,P0023,C00115,east,3.0,10713.43,0.05,30533.28
T102551,2024-05-04,P0036,C00016,west,1.0,4229.62,0.0,4229.62
T100117,2024-11-10,P0025,C00230,east,1.0,9148.51,0.0,9148.51
T105966,2025-03-14,P0015,C00149,north,3.0,4549.66,0.0,13648.98
T108195,2025-06-19,P0024,C00126,west,2.0,11884.11,0.0,23768.22
T107489,2025-01-08,P0026,C00071,east,6.0,13905.57,0.0,83433.42
T100005,2025-03-10,P0008,C00080,north,3.0,499.0,0.1,1347.3
T105342,2025-08-13,P0018,C00013,central,1.0,6437.51,0.05,6115.63
T104324,2024-06-30,P0035,C00012,east,4.0,8930.77,0.1,32150.77
T101063,2023-07-29,P0039,C00095,central,5.0,14579.92,0.0,72899.6
T102590,2025-08-19,P0036,C00011,east,4.0,4229.62,0.0,16918.48
T103735,2023-03-09,P0015,C00079,south,6.0,4549.66,0.0,27297.96
T103517,2025-03-01,P0021,C00072,west,2.0,359.09,0.0,718.18
T106986,2024-01-25,P0031,C00006,east,2.0,1566.84,0.049998723545480024,2977.0
T106767,2024-02-20,P0003,C00077,south,5.0,10949.99,0.0,54749.95
T105622,2024-06-28,P0003,C00172,central,4.0,10949.99,0.0,43799.96
T101605,2023-08-30,P0007,C00216,south,3.0,14423.4,0.0,43270.2
T101733,2023-05-19,P0019,C00016,west,5.0,6013.99,0.0,30069.95
T108516,2024-01-10,P0038,C00047,central,4.0,5836.46,0.0,23345.84
T103812,2025-06-16,P0040,C00140,west,7.0,12756.37,0.0,89294.59
T108772,2024-10-04,P0013,C00127,south,7.0,9164.46,-1.1341885024452266e-16,64151.22
T101761,2023-11-19,P0010,C00145,north,6.0,8164.43,0.0,48986.58
T105401,2023-07-11,P0012,C00220,west,6.0,14484.04,0.0,86904.24
T102739,2023-09-24,P0011,C00165,west,2.0,8863.25,0.1,15953.85
T102472,2023-10-31,P0011,C00055,south,4.0,8863.25,0.0,35453.0
T106738,2024-04-26,P0026,C00094,south,3.0,13905.57,0.1,37545.04
T106891,2023-05-18,P0025,C00052,east,4.0,9148.51,0.0,36594.04
T107943,2024-08-03,P0035,C00193,north,3.0,8930.77,0.0,26792.31
T104206,2024-10-17,P0030,C00146,central,14.0,6824.34,0.15,81209.65
T106371,2023-12-08,P0032,C00088,south,3.0,5656.65,0.0,16969.95
T100232,2024-02-18,P0023,C00037,south,2.0,10713.43,0.0,21426.86
T108258,2023-06-30,P0014,C00155,west,5.0,500.0,0.0,2500.0
T107561,2024-06-10,P0009,C00071,east,5.0,11247.7,0.0,56238.5
T106168,2025-09-06,P0010,C00120,west,3.0,8164.43,0.05,23268.63
T103596,2024-04-13,P0006,C00217,north,4.0,7884.39,0.0,31537.56
T106288,2025-11-08,P0029,C00165,west,11.0,12773.07,0.0,140503.77
T104632,2025-03-29,P0001,C00002,west,6.0,6017.98,0.0,36107.88
T100125,2023-06-22,P0002,C00074,east,7.0,13910.88,0.05,92507.35
T107641,2024-08-05,P0006,C00088,south,1.0,7884.39,0.0,7884.39
T106229,2024-06-11,P0003,C00178,west,3.0,10949.99,0.0,32849.97
T101296,2024-07-06,P0028,C00048,south,2.0,13737.15,0.0,27474.3
T101976,2024-04-09,P0032,C00050,east,2.0,5656.65,0.0,11313.3
T108641,2023-10-17,P0016,C00051,east,8.0,2604.21,0.0,20833.68
T105750,2025-06-28,P0004,C00224,central,4.0,4999.13,0.2,15997.22
T108152,2024-05-16,P0007,C00216,south,2.0,14423.4,0.0,28846.8
T103086,2024-07-25,P0010,C00179,north,3.0,8164.43,0.0,24493.29
T108453,2023-03-15,P0019,C00212,south,5.0,6013.99,0.15,25559.46
T106882,2024-04-30,P0002,C00246,south,6.0,13910.88,0.0,83465.28
T108482,2023-10-12,P0025,C00246,south,4.0,9148.51,0.1,32934.64
T107673,2023-05-01,P0023,C00126,west,3.0,10713.43,0.0,32140.29
T103345,2024-04-29,P0024,C00181,south,3.0,11884.11,0.0,35652.33
T108172,2024-08-02,P0020,C00024,south,8.0,4508.3,0.0,36066.4
T108592,2023-10-27,P0002,C00192,central,2.0,13910.88,0.0,27821.76
T105870,2025-12-03,P0011,C00067,central,1.0,8863.25,0.0,8863.25
T106506,2023-05-18,P0022,C00056,south,4.0,3102.81,0.1,11170.12
T102797,2024-05-16,P0039,C00182,north,4.0,14579.92,0.0,58319.68
T100918,2024-05-25,P0039,C00007,central,2.0,14579.92,0.1,26243.86
T101646,2025-04-04,P0025,C00182,north,4.0,9148.51,0.1,32934.64
T105122,2023-11-11,P0031,C00243,west,8.0,1566.84,0.1,11281.25
T105126,2025-05-19,P0017,C00113,east,4.0,382.2,0.0,1528.8
T104621,2024-11-22,P0027,C00139,south,12.0,9818.49,0.0,117821.88
T106809,2023-06-24,P0014,C00115,east,4.0,500.0,0.0,2000.0
T100364,2023-05-17,P0033,C00106,west,4.0,10082.29,0.0,40329.16
T102125,2023-01-13,P0006,C00209,east,3.0,7884.39,0.0,23653.17
T108150,2024-04-10,P0009,C00008,south,7.0,11247.7,0.0,78733.9
T100055,2024-04-27,P0015,C00142,central,3.0,4549.66,0.1,12284.08
T100638,2024-02-02,P0018,C00059,north,2.0,6437.51,0.0,12875.02
T100302,2025-10-11,P0003,C00018,central,1.0,10949.99,0.0,10949.99
T105811,2025-10-06,P0013,C00066,west,8.0,9164.46,0.0499999454414117,69649.9
T101276,2025-08-04,P0018,C00222,central,6.0,6437.51,0.0,38625.06
T104432,2023-02-16,P0024,C00131,west,4.0,11884.11,0.15,40405.97
T103644,2023-12-09,P0038,C00105,west,3.0,5836.46,0.0,17509.38
T104143,2023-06-03,P0027,C00024,south,3.0,9818.49,0.1,26509.92
T102878,2023-01-29,P0027,C00148,north,2.0,9818.49,0.05,18655.13
T106493,2023-10-30,P0016,C00250,north,2.0,2604.21,0.0,5208.42
T105240,2024-06-03,P0034,C00215,east,3.0,10038.95,0.0,30116.85
T108579,2025-07-01,P0003,C00127,south,1.0,10949.99,0.05,10402.49
T106937,2023-06-09,P0027,C00177,south,5.0,9818.49,0.2,39273.96
T107240,2024-10-17,P0038,C00113,east,6.0,5836.46,0.0,35018.76
T102593,2023-01-30,P0007,C00246,south,1.0,14423.4,0.0,14423.4
T102393,2024-10-24,P0021,C00053,west,7.0,359.09,0.0,2513.63
T100523,2023-08-08,P0006,C00005,east,2.0,7884.39,0.0,15768.78
T106376,2023-09-11,P0037,C00248,north,2.0,8484.46,0.0,16968.92
T106981,2025-01-08,P0034,C00217,north,9.0,10038.95,0.0,90350.55
T106677,2023-05-31,P0032,C00211,west,5.0,5656.65,0.2,22626.6
T103900,2024-09-23,P0003,C00195,east,3.0,10949.99,0.0,32849.97
T108782,2023-04-07,P0002,C00004,east,4.0,13910.88,0.0,55643.52
T105585,2023-10-18,P0040,C00214,central,1.0,12756.37,0.15,10842.91
T108534,2025-11-25,P0017,C00198,west,9.0,382.2,0.0,3439.8
T107956,2024-02-07,P0019,C00021,central,1.0,6013.99,0.0,6013.99
T107570,2025-08-17,P0011,C00038,west,1.0,8863.25,0.05,8420.09
T106777,2025-12-30,P0007,C00089,east,14.0,14423.4,0.1,181734.84
T100671,2024-04-26,P0025,C00058,east,5.0,9148.51,0.0,45742.55
T104188,2023-01-10,P0011,C00208,south,4.0,8863.25,0.0,35453.0
T100666,2024-05-08,P0008,C00207,central,6.0,499.0,0.15,2544.9
T103266,2024-10-19,P0002,C00163,central,6.0,13910.88,0.0,83465.28
T101887,2023-04-24,P0006,C00085,central,2.0,7884.39,0.0,15768.78
T107687,2025-05-12,P0023,C00204,central,3.0,10713.43,0.0,32140.29
T106031,2023-03-02,P0013,C00167,east,1.0,9164.46,0.0,9164.46
T106090,2024-01-19,P0038,C00073,south,3.0,5836.46,0.0,17509.38
T106238,2025-10-11,P0037,C00052,east,9.0,8484.46,0.0,76360.14
T107350,2024-01-17,P0040,C00199,central,1.0,12756.37,0.0,12756.37
T107830,2024-12-19,P0008,C00157,central,6.0,499.0,0.1,2694.6
T100760,2024-04-29,P0011,C00165,west,1.0,8863.25,0.1,7976.92
T106254,2024-04-05,P0039,C00076,central,3.0,14579.92,0.0,43739.76
T103818,2024-07-13,P0013,C00163,east,6.0,9164.46,0.15,46738.75
T106269,2025-04-01,P0032,C00184,east,2.0,5656.65,0.0,11313.3
T104300,2023-04-25,P0015,C00119,south,10.0,4549.66,0.0,45496.6
T105569,2023-08-27,P0022,C00115,east,3.0,3102.81,0.05,8843.01
T107941,2024-02-05,P0021,C00065,east,1.0,359.09,0.0,359.09
T104164,2023-03-07,P0009,C00192,central,2.0,11247.7,0.0,22495.4
T105971,2025-07-26,P0018,C00043,west,4.0,6437.51,0.0,25750.04
T103579,2023-07-16,P0026,C00011,east,3.0,13905.57,0.0,41716.71
T102832,2024-08-20,P0002,C00157,central,4.0,13910.88,0.0,55643.52
T105449,2024-03-21,P0002,C00183,south,2.0,13910.88,0.0,27821.76
T103472,2023-06-26,P0007,C00163,central,8.0,14423.4,0.15,98079.12
T106327,2024-05-09,P0037,C00189,north,4.0,8484.46,0.0,33937.84
T100137,2024-05-24,P0021,C00176,east,3.0,359.09,0.1,969.54
T107043,2024-07-10,P0032,C00066,west,10.0,5656.65,0.15,48081.52
T104892,2025-11-30,P0004,C00080,north,9.0,4999.13,0.0,44992.17
T102180,2024-10-29,P0005,C00147,north,1.0,8621.09,0.0,8621.09
T107730,2025-06-16,P0023,C00085,central,3.0,10713.43,0.0,32140.29
T103177,2024-10-24,P0009,C00126,west,1.0,11247.7,0.0,11247.7
T104854,2023-10-07,P0015,C00092,south,2.0,4549.66,0.0,9099.32
T104637,2025-04-04,P0001,C00225,south,12.0,6017.98,0.0,72215.76
T105115,2023-07-06,P0016,C00077,south,5.0,2604.21,0.15,11067.89
T107648,2023-11-03,P0007,C00004,east,3.0,14423.4,0.0,43270.2
T104261,2024-06-20,P0036,C00235,east,4.0,4229.62,0.15,14380.71
T101331,2024-02-24,P0003,C00220,west,7.0,10949.99,0.0,76649.93
T107002,2025-02-24,P0036,C00205,north,5.0,4229.62,0.0,21148.1
T106941,2024-06-12,P0003,C00247,north,5.0,10949.99,0.0,54749.95
T108017,2023-01-03,P0022,C00248,north,1.0,3102.81,0.0,3102.81
T106241,2023-07-22,P0033,C00199,central,2.0,10082.29,0.0,20164.58
T103214,2024-09-16,P0017,C00162,west,4.0,382.2,0.0,1528.8
T106881,2023-09-15,P0032,C00145,north,2.0,5656.65,0.0,11313.3
T104530,2025-07-09,P0025,C00188,north,4.0,9148.51,0.0,36594.04
T104673,2023-08-02,P0030,C00198,west,7.0,6824.34,0.1,42993.34
T106996,2025-05-13,P0026,C00128,south,6.0,13905.57,0.0,83433.42
T101252,2025-09-06,P0010,C00094,south,1.0,8164.43,0.0,8164.43
T103374,2024-01-08,P0003,C00071,east,7.0,10949.99,0.0,76649.93
T102814,2023-10-31,P0036,C00244,south,8.0,4229.62,0.2,27069.57
T104719,2023-08-16,P0031,C00177,south,4.0,1566.84,0.05,5953.99
T106544,2024-03-20,P0022,C00242,east,10.0,3102.81,0.15,26373.88
T104858,2023-10-04,P0040,C00030,north,4.0,12756.37,0.0,51025.48
T107901,2024-05-01,P0037,C00219,west,3.0,8484.46,0.05,24180.71
T108427,2025-10-05,P0011,C00237,central,3.0,8863.25,0.14999990597880758,22601.29
T101077,2023-11-22,P0018,C00070,west,9.0,6437.51,0.2,46350.07
T104363,2024-05-20,P0033,C00146,central,3.0,10082.29,0.0,30246.87
T100770,2025-06-28,P0040,C00053,west,4.0,12756.37,0.0,51025.48
T100249,2023-07-22,P0030,C00134,east,5.0,6824.34,0.0,34121.7
T107239,2023-03-29,P0021,C00101,east,5.0,359.09,0.0,1795.45
T103419,2024-02-03,P0023,C00051,east,3.0,10713.43,0.15,27319.25
T104976,2023-08-05,P0015,C00027,north,3.0,4549.66,0.0,13648.98
T104544,2023-11-19,P0028,C00088,south,6.0,13737.15,0.0,82422.9
T105565,2025-07-01,P0040,C00155,west,7.0,12756.37,0.05,84829.86
T107939,2024-05-28,P0018,C00100,east,3.0,6437.51,0.0,19312.53
T100716,2025-09-24,P0015,C00209,east,4.0,4549.66,0.05,17288.71
T108798,2023-03-19,P0018,C00036,south,2.0,6437.51,0.0,12875.02
T102048,2023-09-02,P0002,C00016,east,1.0,13910.88,0.0,13910.88
T105997,2023-09-14,P0008,C00220,south,4.0,499.0,0.0,1996.0
T106600,2025-09-01,P0018,C00064,north,7.0,6437.51,0.0,45062.57
T107245,2024-11-29,P0016,C00174,central,3.0,2604.21,0.0,7812.63
T104178,2023-07-29,P0023,C00048,south,2.0,10713.43,0.0,21426.86
T104809,2023-08-31,P0026,C00089,east,9.0,13905.57,0.2,100120.1
T108643,2024-09-20,P0021,C00095,central,2.0,359.09,0.05,682.27
T107140,2024-12-26,P0018,C00020,north,5.0,6437.51,0.0,32187.55
T107190,2025-03-25,P0013,C00065,east,1.0,9164.46,0.15,7789.79
T101460,2023-11-18,P0006,C00226,west,9.0,7884.39,0.1,63863.56
T105989,2025-12-07,P0004,C00051,east,7.0,4999.13,0.0,34993.91
T102000,2024-04-29,P0021,C00141,south,6.0,359.09,0.0,2154.54
T108175,2024-05-27,P0015,C00114,south,2.0,4549.66,0.0,9099.32
T100404,2025-06-24,P0034,C00085,central,3.0,10038.95,0.0,30116.85
T100384,2025-01-12,P0036,C00214,central,1.0,4229.62,0.0,4229.62
T108648,2024-09-27,P0016,C00238,west,2.0,2604.21,0.1,4687.58
T101633,2025-07-10,P0036,C00017,east,6.0,4229.62,0.1,22839.95
T108711,2023-03-17,P0012,C00205,north,4.0,14484.04,0.0,57936.16
T104784,2025-07-12,P0032,C00112,south,1.0,5656.65,0.2,4525.32
T108619,2024-10-03,P0037,C00022,north,3.0,8484.46,0.0,25453.38
T106970,2024-12-23,P0003,C00227,central,10.0,10949.99,0.0,109499.9
T103925,2023-11-25,P0018,C00178,east,8.0,6437.51,0.0,51500.08
T104158,2024-01-07,P0017,C00213,south,3.0,382.2,0.0,1146.6
T107449,2025-02-01,P0011,C00097,west,6.0,8863.25,0.05,50520.52
T108415,2024-06-14,P0002,C00223,central,2.0,13910.88,0.15,23648.5
T102193,2025-03-06,P0015,C00105,west,2.0,4549.66,0.1,8189.39
T101015,2025-09-17,P0004,C00019,central,11.0,4999.13,0.0,54990.43
T105124,2023-08-16,P0040,C00234,east,5.0,12756.37,0.0,63781.85
T107418,2023-01-27,P0021,C00227,central,2.0,359.09,0.1,646.36
T107409,2024-10-21,P0021,C00103,west,3.0,359.09,0.0,1077.27
T102871,2025-12-12,P0039,C00057,east,13.0,14579.92,0.0,189538.96
T100009,2025-01-07,P0017,C00031,south,2.0,382.2,0.0,764.4
T101838,2025-04-17,P0032,C00162,north,6.0,5656.65,0.0,33939.9
T104804,2024-06-04,P0035,C00120,west,5.0,8930.77,0.0,44653.85
T100255,2025-05-09,P0037,C00154,west,3.0,8484.46,0.0,25453.38
T107026,2023-06-16,P0022,C00181,south,6.0,3102.81,0.0,18616.86
T105713,2025-09-27,P0020,C00011,east,4.0,4508.3,0.0,18033.2
T103324,2024-06-21,P0034,C00086,west,5.0,10038.95,0.0,50194.75
T107714,2024-11-09,P0003,C00093,north,1.0,10949.99,0.1,9854.99
T101581,2024-11-10,P0020,C00217,north,5.0,4508.3,0.05,21414.42
T100924,2025-04-19,P0028,C00151,east,3.0,13737.15,0.05,39150.88
T102779,2023-01-09,P0009,C00159,north,5.0,11247.7,0.0,56238.5
T107891,2025-05-19,P0033,C00250,north,2.0,10082.29,0.0,20164.58
T106132,2024-08-08,P0019,C00153,central,1.0,6013.99,0.0,6013.99
T105320,2024-08-16,P0023,C00117,west,1.0,10713.43,0.0,10713.43
T107312,2024-04-05,P0006,C00193,east,3.0,7884.39,0.0,23653.17
T107102,2023-09-04,P0028,C00242,east,4.0,13737.15,0.0,54948.6
T106042,2024-04-17,P0038,C00141,south,2.0,5836.46,0.05,11089.27
T103775,2023-01-04,P0017,C00098,east,7.0,382.2,0.1,2407.86
T104835,2025-12-06,P0005,C00024,south,1.0,8621.09,0.15,7327.93
T104964,2025-04-04,P0021,C00110,east,7.0,359.09,0.0,2513.63
T100539,2025-10-09,P0009,C00162,north,6.0,11247.7,0.0,67486.2
T107483,2024-10-29,P0011,C00114,south,15.0,8863.25,0.0,132948.75
T102745,2024-08-23,P0003,C00177,south,3.0,10949.99,0.0,32849.97
T103719,2024-07-30,P0029,C00133,east,2.0,12773.07,0.15,21714.22
T106819,2025-03-04,P0031,C00148,north,4.0,1566.84,0.0,6267.36
T104468,2025-04-04,P0037,C00243,west,3.0,8484.46,0.15,21635.37
T100667,2024-10-22,P0022,C00008,south,7.0,3102.81,0.0,21719.67
T107575,2025-12-13,P0018,C00109,north,13.0,6437.51,0.2,66950.1
T108549,2025-06-28,P0022,C00040,north,4.0,3102.81,0.05,11790.68
T105063,2025-07-01,P0007,C00050,east,6.0,14423.4,0.15,73559.34
T101353,2024-06-04,P0014,C00092,south,3.0,500.0,0.0,1500.0
T107114,2024-11-13,P0023,C00064,north,3.0,10713.43,0.0,32140.29
T108910,2025-09-13,P0038,C00159,north,7.0,5836.46,0.0,40855.22
T102703,2025-09-13,P0031,C00077,south,7.0,1566.84,0.15,9322.7
T103330,2024-06-18,P0032,C00019,central,3.0,5656.65,0.0,16969.95
T108053,2025-01-08,P0031,C00053,west,2.0,1566.84,0.0,3133.68
T103584,2025-05-15,P0017,C00132,central,6.0,382.2,0.1,2063.88
T108608,2023-09-12,P0030,C00025,central,1.0,6824.34,0.1,6141.91
T105645,2025-04-29,P0013,C00216,south,3.0,9164.46,0.1,24744.04
T103376,2024-06-29,P0017,C00092,south,3.0,382.2,0.0,1146.6
T101256,2025-06-11,P0014,C00108,west,9.0,500.0,0.0,4500.0
T106190,2025-01-06,P0014,C00177,south,7.0,500.0,0.0,3500.0
T105348,2023-11-17,P0014,C00147,north,3.0,500.0,0.2,1200.0
T104175,2024-08-18,P0032,C00136,south,2.0,5656.65,0.15,9616.3
T104910,2025-02-08,P0034,C00045,west,3.0,10038.95,0.0,30116.85
T101852,2025-06-20,P0008,C00205,north,6.0,499.0,0.0,2994.0
T106316,2023-12-05,P0032,C00139,east,4.0,5656.65,0.05,21495.27
T108985,2025-05-25,P0024,C00176,east,9.0,11884.11,0.0,106956.99
T102105,2023-10-03,P0007,C00248,north,5.0,14423.4,0.15,61299.45
T100133,2024-12-03,P0025,C00141,south,10.0,9148.51,0.0,91485.1
T105029,2024-10-26,P0017,C00184,east,7.0,382.2,0.0,2675.4
T100928,2025-11-02,P0032,C00124,west,3.0,5656.65,0.0,848497.5
T100823,2024-03-18,P0039,C00227,central,4.0,14579.92,0.0,58319.68
T107576,2024-09-23,P0025,C00076,central,4.0,9148.51,0.0,36594.04
T101531,2024-01-12,P0035,C00062,south,6.0,8930.77,0.1,48226.16
T101214,2023-09-02,P0001,C00231,north,4.0,6017.98,0.05,22868.32
T100504,2023-06-13,P0038,C00103,west,4.0,5836.46,0.0,23345.84
T106530,2023-11-21,P0027,C00074,east,11.0,9818.49,0.0,108003.39
T103072,2025-10-28,P0005,C00007,central,6.0,8621.09,0.0,51726.54
T106619,2025-01-28,P0022,C00002,west,5.0,3102.81,0.05,14738.35
T103709,2025-04-24,P0004,C00239,east,4.0,4999.13,0.0,19996.52
T104849,2023-04-26,P0015,C00162,north,6.0,4549.66,0.0,27297.96
T104748,2024-05-16,P0029,C00167,east,4.0,12773.07,0.04999992171028579,48537.67
T104268,2024-09-28,P0018,C00105,west,5.0,6437.51,0.0,32187.55
T107421,2024-11-16,P0030,C00202,west,3.0,6824.34,0.0,20473.02
T104186,2023-08-18,P0002,C00203,west,3.0,13910.88,0.0,41732.64
T105301,2024-07-04,P0021,C00005,east,2.0,359.09,0.0,718.18
T102923,2025-12-27,P0033,C00118,central,7.0,10082.29,0.0,70576.03
T106588,2023-07-21,P0036,C00030,north,8.0,4229.62,0.0,33836.96
T101810,2024-10-11,P0030,C00209,east,10.0,6824.34,0.0,68243.4
T103486,2024-04-08,P0023,C00207,central,6.0,10713.43,0.0,64280.58
T107419,2025-11-18,P0033,C00076,central,7.0,10082.29,0.1,63518.43
T103141,2025-08-04,P0036,C00008,south,12.0,4229.62,0.2,40604.35
T101324,2024-11-10,P0033,C00142,central,10.0,10082.29,0.0,100822.9
T104312,2023-02-18,P0008,C00071,east,5.0,499.0,0.0,2495.0
T107494,2024-04-11,P0027,C00053,west,3.0,9818.49,0.15,25037.15
T108664,2023-11-12,P0021,C00119,south,4.0,359.09,0.0,1436.36
T105541,2024-10-29,P0008,C00150,east,10.0,499.0,0.0,4990.0
T106172,2025-09-24,P0004,C00182,north,6.0,4999.13,0.1,26995.3
T101540,2025-10-20,P0034,C00035,central,10.0,10038.95,0.0,100389.5
T102681,2023-03-13,P0004,C00113,east,4.0,4999.13,0.0,19996.52
T105017,2024-10-18,P0023,C00002,west,9.0,10713.43,0.0,96420.87
T106313,2024-11-19,P0002,C00068,north,7.0,13910.88,0.05,92507.35
T101191,2024-09-11,P0006,C00161,west,3.0,7884.39,0.0,23653.17
T105293,2025-08-23,P0007,C00165,west,3.0,14423.4,0.05,41106.69
T101542,2023-03-10,P0007,C00174,central,5.0,14423.4,0.0,72117.0
T107056,2023-05-17,P0036,C00203,west,2.0,4229.62,0.0,8459.24
T102539,2025-10-29,P0039,C00240,south,8.0,14579.92,0.1,104975.42
T100953,2023-05-21,P0032,C00184,east,3.0,5656.65,0.0,16969.95
T107241,2025-10-28,P0035,C00150,east,5.0,8930.77,0.0,44653.85
T106731,2025-07-03,P0009,C00067,central,1.0,11247.7,0.0,11247.7
T104846,2024-12-11,P0002,C00088,south,3.0,13910.88,0.0,41732.64
T106801,2024-08-17,P0023,C00108,west,1.0,10713.43,0.0,10713.43
T108010,2025-03-31,P0008,C00050,east,6.0,499.0,0.05,2844.3
T104330,2023-12-23,P0014,C00020,north,3.0,500.0,0.05,1425.0
T105334,2024-04-11,P0040,C00041,east,4.0,12756.37,0.0,51025.48
T107330,2024-07-07,P0017,C00016,west,2.0,382.2,0.15,649.74
T104729,2025-09-19,P0039,C00051,east,3.0,14579.92,0.05,41552.77
T106541,2025-12-18,P0009,C00206,north,9.0,11247.7,0.1,91106.37
T105305,2023-05-08,P0030,C00191,south,9.0,6824.34,0.05,58348.11
T105161,2024-08-27,P0008,C00113,east,11.0,499.0,0.0,5489.0
T107860,2024-12-11,P0017,C00012,east,1.0,382.2,0.0,382.2
T102156,2025-06-01,P0033,C00122,west,4.0,10082.29,0.15,34279.79
T101062,2025-11-02,P0011,C00128,south,1.0,8863.25,0.0,8863.25
T101167,2024-12-07,P0027,C00024,south,6.0,9818.49,0.0,58910.94
T103636,2024-06-27,P0022,C00249,west,2.0,3102.81,0.0,6205.62
T107651,2025-03-16,P0020,C00051,east,2.0,4508.3,0.1,8114.94
T105588,2025-08-05,P0038,C00206,north,1.0,5836.46,0.0,5836.46
T107192,2024-12-27,P0001,C00138,central,3.0,6017.98,0.0,18053.94
T104491,2023-04-16,P0021,C00066,west,5.0,359.09,0.2,1436.36
T107266,2025-03-23,P0032,C00087,north,6.0,5656.65,0.05,32242.9
T104980,2023-02-22,P0019,C00183,south,1.0,6013.99,0.05,5713.29
T108335,2025-08-18,P0034,C00026,north,3.0,10038.95,0.049999916989990775,28611.01
T107425,2023-08-08,P0016,C00208,central,3.0,2604.21,0.1,7031.37
T104946,2024-11-05,P0012,C00003,north,8.0,14484.04,0.0,115872.32
T102782,2023-08-05,P0029,C00117,west,3.0,12773.07,0.0,38319.21
T100717,2023-02-18,P0031,C00218,central,2.0,1566.84,0.0,3133.68
T102502,2025-08-27,P0016,C00054,central,4.0,2604.21,0.0,10416.84
T104360,2024-06-24,P0026,C00054,central,6.0,13905.57,0.1,75090.08
T104171,2024-09-06,P0008,C00074,east,4.0,499.0,0.0,1996.0
T108082,2024-01-31,P0032,C00177,south,2.0,5656.65,0.0,11313.3
T108898,2025-11-11,P0027,C00151,east,11.0,9818.49,0.0,108003.39
T100395,2024-12-25,P0018,C00223,central,8.0,6437.51,0.2,41200.06
T107186,2024-06-13,P0035,C00212,south,2.0,8930.77,0.0,17861.54
T108956,2024-07-31,P0040,C00018,central,5.0,12756.37,0.15,54214.57
T104492,2025-01-01,P0029,C00059,north,1.0,12773.07,0.0,12773.07
T101365,2024-03-05,P0014,C00083,south,1.0,500.0,0.0,500.0
T108685,2025-12-30,P0009,C00232,west,11.0,11247.699999999999,0.0,123724.7
T105917,2025-12-05,P0016,C00208,central,5.0,2604.21,0.15,11067.89
T104968,2024-01-04,P0019,C00102,central,4.0,6013.99,0.05,22853.16
T102914,2023-06-28,P0007,C00044,south,4.0,14423.4,0.0,57693.6
T105644,2025-08-12,P0021,C00199,central,6.0,359.09,0.0,2154.54
T103766,2024-01-12,P0006,C00016,west,5.0,7884.39,0.15,33508.66
T103440,2023-01-06,P0002,C00008,south,1.0,13910.88,0.0,13910.88
T107357,2023-01-27,P0003,C00047,central,4.0,10949.99,0.0,43799.96
T106806,2023-05-13,P0023,C00095,central,2.0,10713.43,0.0,21426.86
T102143,2023-11-04,P0040,C00074,east,6.0,12756.37,0.0,76538.22
T105104,2025-06-08,P0021,C00220,central,7.0,359.09,0.0,2513.63
T105073,2023-08-24,P0027,C00058,east,2.0,9818.49,0.0,19636.98
T101571,2025-05-14,P0022,C00118,central,3.0,3102.81,0.1,8377.59
T104079,2025-12-16,P0035,C00079,south,9.0,8930.77,1.81045919872367e-16,80376.93
T101122,2024-08-01,P0004,C00036,north,6.0,4999.13,0.0,29994.78
T102786,2024-01-26,P0038,C00041,east,2.0,5836.46,0.0,11672.92
T102967,2023-06-11,P0023,C00135,north,8.0,10713.43,0.1,77136.7
T102504,2025-03-07,P0040,C00011,east,4.0,12756.37,0.05,48474.21
T105988,2024-07-22,P0008,C00229,east,8.0,499.0,0.0,3992.0
T107164,2023-06-28,P0006,C00016,west,6.0,7884.39,0.0,47306.34
T100728,2024-01-17,P0019,C00105,west,1.0,6013.99,0.0,6013.99
T107587,2024-02-09,P0018,C00103,west,1.0,6437.51,0.1,5793.76
T107543,2023-01-13,P0021,C00172,central,1.0,359.09,0.15,305.23
T100412,2024-11-20,P0019,C00151,east,7.0,6013.99,0.0,42097.93
T105745,2023-03-15,P0039,C00185,central,1.0,14579.92,0.0,14579.92
T107668,2024-06-20,P0018,C00112,south,5.0,6437.51,0.15,27359.42
T100825,2024-07-10,P0019,C00098,east,3.0,6013.99,0.0,18041.97
T103267,2025-07-07,P0022,C00053,west,3.0,3102.81,0.1,8377.59
T103974,2024-03-03,P0028,C00081,west,7.0,13737.15,0.0,96160.05
T108306,2023-10-31,P0006,C00080,north,12.0,7884.39,0.0,94612.68
T100417,2023-07-18,P0009,C00208,central,2.0,11247.7,0.0,22495.4
T106748,2023-10-03,P0019,C00009,central,5.0,6013.99,0.0,30069.95
T102082,2024-08-30,P0007,C00155,west,5.0,14423.4,0.05,68511.15
T103373,2023-03-20,P0017,C00015,south,5.0,382.2,0.0,1911.0
T105726,2023-10-08,P0019,C00087,central,5.0,6013.99,0.1,27062.96
T104107,2024-10-03,P0039,C00029,east,14.0,14579.92,0.0,204118.88
T104380,2023-09-17,P0016,C00098,east,4.0,2604.21,0.05,9896.0
T107723,2025-02-06,P0033,C00135,north,2.0,10082.29,0.1,18148.12
T101066,2023-01-31,P0024,C00083,south,4.0,11884.11,0.0,47536.44
T103913,2024-01-08,P0017,C00118,central,3.0,382.2,0.0,1146.6
T105536,2023-01-23,P0025,C00035,central,4.0,9148.51,0.0,36594.04
T108002,2023-07-25,P0011,C00244,south,6.0,8863.25,0.0,53179.5
T105387,2023-10-26,P0025,C00026,north,5.0,9148.51,0.0,45742.55
T105732,2024-06-04,P0037,C00133,east,3.0,8484.46,0.0,25453.38
T102738,2023-09-20,P0014,C00243,west,1.0,500.0,0.0,500.0
T105052,2025-05-30,P0026,C00130,east,6.0,13905.57,0.0,83433.42
T104000,2023-01-01,P0035,C00030,north,2.0,8930.77,0.0,17861.54
T102427,2023-09-08,P0034,C00153,central,1.0,10038.95,0.2,8031.16
T106833,2024-02-14,P0012,C00214,central,4.0,14484.04,0.0,57936.16
T101687,2023-11-26,P0009,C00154,west,4.0,11247.7,0.0,44990.8
T100851,2025-12-28,P0003,C00122,west,9.0,10949.99,0.1,88694.92
T106303,2024-01-04,P0022,C00100,east,2.0,3102.81,0.0,6205.62
T105878,2024-03-08,P0029,C00161,west,3.0,12773.07,0.0,38319.21
T108527,2025-01-15,P0009,C00122,west,1.0,11247.7,0.1,10122.93
T102839,2024-02-09,P0018,C00188,north,5.0,6437.51,0.1,28968.8
T104611,2023-04-25,P0022,C00174,central,7.0,3102.81,0.0,21719.67
T102489,2023-10-09,P0011,C00104,south,3.0,8863.25,0.0,26589.75
T106905,2025-05-21,P0026,C00058,east,6.0,13905.57,0.0,83433.42
T107390,2025-03-12,P0003,C00033,north,6.0,10949.99,0.15,55844.95
T102849,2024-01-13,P0025,C00108,west,3.0,9148.51,0.2,21956.42
T106665,2024-12-09,P0040,C00238,west,1.0,12756.37,0.0,12756.37
T105881,2024-12-12,P0037,C00175,east,5.0,8484.46,0.0,42422.3
T104452,2024-12-16,P0036,C00046,south,5.0,4229.62,0.0,21148.1
T106484,2024-03-31,P0004,C00114,south,7.0,4999.13,0.05,33244.21
T102479,2024-08-13,P0023,C00048,south,6.0,10713.43,0.0,64280.58
T106617,2025-05-29,P0034,C00022,north,4.0,10038.95,0.0,40155.8
T102141,2025-07-14,P0026,C00030,north,4.0,13905.57,0.0,55622.28
T105188,2023-08-17,P0005,C00076,central,1.0,8621.09,0.0,8621.09
T102744,2024-12-20,P0033,C00044,south,6.0,10082.29,0.0,60493.74
T107253,2025-09-19,P0024,C00209,east,1.0,11884.11,0.0,11884.11
T103506,2024-07-09,P0035,C00181,south,2.0,8930.77,0.1,16075.39
T101679,2023-05-27,P0014,C00066,west,4.0,500.0,0.0,2000.0
T104249,2024-08-25,P0020,C00063,north,1.0,4508.3,0.0,4508.3
T103147,2025-12-18,P0019,C00189,north,5.0,6013.99,0.2,24055.96
T108130,2023-01-16,P0026,C00190,north,1.0,13905.57,0.0,13905.57
T107004,2025-06-27,P0040,C00188,north,4.0,12756.37,0.0,51025.48
T100580,2025-06-11,P0020,C00039,north,2.0,4508.3,0.15000000000000008,7664.11
T104070,2024-03-17,P0038,C00216,south,3.0,5836.46,0.0,17509.38
T103343,2024-09-03,P0002,C00214,central,4.0,13910.88,0.0,55643.52
T107404,2024-02-03,P0014,C00135,north,8.0,500.0,0.0,4000.0
T103672,2025-07-03,P0011,C00004,east,7.0,8863.25,0.0,62042.75
T100559,2024-08-10,P0035,C00085,central,1.0,8930.77,0.0,8930.77
T105237,2025-12-05,P0029,C00190,north,1.0,12773.07,0.1,11495.76
T107805,2024-09-03,P0004,C00141,south,7.0,4999.13,0.0,34993.91
T100512,2024-04-12,P0036,C00061,west,5.0,4229.62,0.1,19033.29
T101081,2025-04-01,P0002,C00096,central,11.0,13910.88,0.15,130066.73
T101664,2024-09-29,P0027,C00003,north,2.0,9818.49,0.0,19636.98
T101931,2024-02-10,P0027,C00147,north,2.0,9818.49,0.05,18655.13
T108812,2025-10-21,P0027,C00141,south,3.0,9818.49,0.0,29455.47
T101150,2024-06-23,P0038,C00212,south,1.0,5836.46,0.0,5836.46
T102838,2025-06-23,P0002,C00135,north,2.0,13910.88,0.0,27821.76
T105949,2023-05-21,P0020,C00123,north,5.0,4508.3,0.0,22541.5
T108308,2025-03-26,P0031,C00150,east,2.0,1566.84,0.2,2506.94
T105177,2025-06-27,P0018,C00040,north,6.0,6437.51,0.0,38625.06
T100830,2025-06-29,P0005,C00176,east,7.0,8621.09,0.0,60347.63
T108311,2025-10-26,P0025,C00049,east,8.0,9148.51,0.0,73188.08
T104752,2025-11-26,P0038,C00213,south,5.0,5836.46,0.0,29182.3
T108863,2025-06-13,P0009,C00194,east,4.0,11247.7,0.0,44990.8
T100635,2025-02-25,P0005,C00233,west,5.0,8621.09,0.0,43105.45
T104465,2024-01-16,P0027,C00065,east,3.0,9818.49,0.0,29455.47
T106799,2025-06-09,P0017,C00011,east,4.0,382.2,0.1,1375.92
T107987,2025-04-13,P0009,C00028,central,2.0,11247.7,0.05,21370.63
T107079,2023-03-13,p0011 ,C00105,west,2.0,8863.25,0.0,17726.5
T106966,2025-11-01,P0024,C00227,central,3.0,11884.11,0.05,33869.71
T104142,2023-12-08,P0040,C00219,west,9.0,12756.37,0.0,114807.33
T107027,2024-04-04,P0039,C00229,east,1.0,14579.92,0.1,13121.93
T100876,2023-04-14,P0001,C00148,north,2.0,6017.98,0.0,12035.96
T104869,2024-04-20,P0011,C00007,central,5.0,8863.25,0.0,44316.25
T105315,2024-08-26,P0007,C00132,central,4.0,14423.4,0.1,51924.24
T105222,2024-10-18,P0006,C00124,west,4.0,7884.39,0.0,31537.56
T100004,2024-03-31,P0009,C00126,west,6.0,11247.7,0.0,67486.2
T103051,2023-10-01,P0039,C00172,central,5.0,14579.92,0.15000000000000002,61964.66
T105691,2023-03-17,P0029,C00149,north,2.0,12773.07,0.0,25546.14
T103124,2023-08-20,P0027,C00232,west,1.0,9818.49,0.1,8836.64
T102491,2024-11-01,P0031,C00018,central,2.0,1566.84,0.15,2663.63
T103854,2025-03-30,P0035,C00178,west,6.0,8930.77,0.05,50905.39
T104777,2023-09-01,P0013,C00101,east,4.0,9164.46,0.0,36657.84
T107509,2023-08-21,P0009,C00180,central,2.0,11247.7,0.0,22495.4
T106457,2024-06-23,P0036,C00058,east,3.0,4229.62,0.05,12054.42
T106293,2023-11-16,P0024,C00203,west,9.0,11884.11,0.2,85565.59
T101148,2025-09-06,P0012,C00188,north,2.0,14484.04,0.0,28968.08
T100574,2025-04-16,P0016,C00189,north,4.0,2604.21,0.0,10416.84
T103769,2024-03-02,P0025,C00009,central,4.0,9148.51,0.0,36594.04
T104146,2023-12-15,P0009,C00128,south,6.0,11247.7,0.0,67486.2
T100853,2024-11-04,P0002,C00169,central,8.0,13910.88,0.0,111287.04
T105919,2023-07-27,P0021,C00148,east,1.0,359.09,0.1,323.18
T106614,2024-09-10,P0035,C00009,central,3.0,8930.77,0.0,26792.31
T106002,2023-11-12,P0017,C00021,central,4.0,382.2,0.0,1528.8
T104495,2024-06-17,P0014,C00179,north,1.0,500.0,0.2,400.0
T108173,2023-10-21,P0032,C00179,north,4.0,5656.65,0.15,19232.61
T106655,2025-12-10,P0039,C00067,north,9.0,14579.92,0.0,131219.28
T102368,2024-04-03,P0009,C00127,south,5.0,11247.7,0.0,56238.5
T104780,2025-03-28,P0008,C00149,south,4.0,499.0,0.0,1996.0
T107992,2024-07-07,P0040,C00166,central,2.0,12756.37,0.0,25512.74
T102950,2024-07-16,P0029,C00045,west,1.0,12773.07,0.0,12773.07
T105625,2024-10-14,P0011,C00010,south,3.0,8863.25,0.0,26589.75
T106971,2025-01-20,P0036,C00084,north,2.0,4229.62,0.0,8459.24
T108716,2025-12-30,P0029,C00160,south,5.0,12773.07,0.0,63865.35
T101841,2023-06-10,P0010,C00055,south,8.0,8164.43,0.15,55518.12
T105986,2023-12-23,P0033,C00164,north,3.0,10082.29,0.0,30246.87
T100537,2025-11-05,P0028,C00211,west,7.0,13737.15,0.0,96160.05
T102806,2025-01-25,P0004,C00069,central,3.0,4999.13,0.0,14997.39
T105801,2023-04-02,P0002,C00030,north,8.0,13910.88,0.0,111287.04
T105596,2024-07-13,P0006,C00096,central,3.0,7884.39,0.0,23653.17
T107206,2025-12-10,P0011,C00044,south,1.0,8863.25,0.0,8863.25
T107343,2025-10-27,P0036,C00142,central,8.0,4229.62,0.0,33836.96
T107560,2023-10-29,P0033,C00018,central,4.0,10082.29,0.0,40329.16
T108096,2024-10-28,P0031,C00028,central,6.0,1566.84,0.0,9401.04
T100784,2025-09-12,P0029,C00026,north,7.0,12773.07,0.0,89411.49
T101409,2024-10-20,P0001,C00076,central,3.0,6017.98,0.0,18053.94
T100154,2023-01-29,p0028 ,C00048,south,1.0,13737.15,0.1,12363.44
T107806,2023-09-09,P0009,C00114,south,1.0,11247.7,0.1,10122.93
T103009,2025-07-25,P0020,C00143,south,6.0,4508.3,0.05,25697.31
T101686,2023-07-14,P0002,C00223,central,2.0,13910.88,0.0,27821.76
T104014,2023-01-17,P0025,C00099,north,3.0,9148.51,0.0,27445.53
T107455,2025-10-21,P0014,C00086,west,6.0,500.0,0.1,2700.0
T103863,2025-02-16,P0020,C00061,west,3.0,4508.301754385965,0.05,12848.66
T102733,2025-07-30,P0013,C00197,south,6.0,9164.46,0.0,54986.76
T101895,2023-03-09,P0033,C00010,south,3.0,10082.29,0.0,30246.87
T105442,2025-09-20,P0036,C00233,west,1.0,4229.62,0.0,4229.62
T100569,2023-12-04,P0019,C00070,west,3.0,6013.99,0.0,18041.97
T106709,2024-10-31,P0015,C00217,north,6.0,4549.66,0.0,27297.96
T105854,2025-07-22,P0027,C00133,east,2.0,9818.49,0.0,19636.98
T101816,2024-01-06,P0009,C00202,north,2.0,11247.7,0.1,20245.86
T108319,2023-10-30,P0017,C00211,west,5.0,382.2,0.0,1911.0
T103394,2023-06-05,P0027,C00127,south,5.0,9818.49,0.05,46637.83
T103327,2023-03-06,P0023,C00142,central,5.0,10713.43,0.0,53567.15
T107350,2024-01-17,P0040,C00199,central,1.0,12756.37,0.0,12756.37
T106102,2023-01-23,P0032,C00162,north,1.0,5656.65,0.0,5656.65
T102975,2023-08-24,P0018,C00188,north,4.0,6437.51,0.0,25750.04
T100980,2025-06-22,P0001,C00062,south,6.0,6017.98,0.0,36107.88
T100190,2024-07-16,P0005,C00122,west,3.0,8621.09,0.0,25863.27
T105088,2023-05-13,P0034,C00056,south,4.0,10038.95,0.0,40155.8
T100699,2023-12-13,P0037,C00014,central,3.0,8484.46,0.2,20362.7
T108897,2024-09-05,P0029,C00045,west,2.0,12773.07,0.0,25546.14
T100606,2023-07-29,P0014,C00126,west,7.0,500.0,0.0,3500.0
T100301,2024-08-09,P0031,C00069,central,4.0,1566.84,0.15,5327.26
T103420,2023-02-10,P0019,C00189,north,5.0,6013.99,0.1,27062.96
T108939,2025-06-11,P0019,C00116,central,2.0,6013.99,0.0,12027.98
T101060,2025-05-22,P0009,C00152,north,3.0,11247.7,2.156280132585158e-16,33743.1
T103444,2024-05-10,P0039,C00042,central,6.0,14579.92,0.15,74357.59
T101069,2023-11-25,P0020,C00126,west,3.0,4508.3,0.0,13524.9
T102205,2023-05-17,P0034,C00115,east,4.0,10038.95,0.2,32124.64
T107339,2025-04-07,P0019,C00051,east,8.0,6013.99,0.0,48111.92
T108208,2023-06-08,P0035,C00199,central,3.0,8930.77,0.0,26792.31
T107679,2023-02-15,P0032,C00059,north,1.0,5656.65,0.0,5656.65
T104642,2024-11-17,P0019,C00008,south,7.0,6013.99,0.05,39993.03
T107683,2025-01-02,P0039,C00083,south,3.0,14579.92,0.05,41552.77
T107996,2023-09-18,P0016,C00025,south,2.0,2604.21,0.0,5208.42
T105600,2024-05-22,P0028,C00208,central,4.0,13737.15,0.0,54948.6
T107022,2024-09-11,P0022,C00107,east,5.0,3102.81,0.0,15514.05
T104893,2025-03-26,P0011,C00152,north,3.0,8863.25,0.0,26589.75
T100225,2025-07-24,P0003,C00210,north,1.0,10949.99,0.1,9854.99
T103354,2023-07-30,P0021,C00090,south,2.0,359.09,0.05,682.27
T105895,2025-05-06,P0010,C00092,south,4.0,8164.43,0.0,32657.72
T108754,2023-04-14,P0030,C00002,west,3.0,6824.34,0.0,20473.02
T103436,2025-08-11,P0033,C00225,south,6.0,10082.29,0.1,54444.37
T101693,2025-01-27,P0033,C00074,east,6.0,10082.29,0.05,57469.05
T106893,2023-03-11,P0015,C00142,central,3.0,4549.66,0.05,12966.53
T101045,2023-01-23,P0012,C00073,south,4.0,14484.04,0.0,57936.16
T103446,2024-07-10,P0020,C00218,east,5.0,4508.3,0.0,22541.5
T108050,2024-05-15,P0035,C00166,central,3.0,8930.77,0.2,21433.85
T103474,2024-10-04,P0004,C00062,south,7.0,4999.13,0.0,34993.91
T104735,2023-08-25,P0020,C00128,south,5.0,4508.3,0.0,22541.5
T104496,2025-09-01,P0026,C00111,north,3.0,13905.57,0.0,41716.71
T101218,2024-06-03,P0033,C00125,north,3.0,10082.29,0.0,30246.87
T106015,2024-02-21,P0026,C00158,east,2.0,13905.57,0.0,27811.14
T103987,2023-06-16,P0028,C00053,west,3.0,13737.15,0.0,41211.45
T104911,2024-12-16,P0035,C00189,north,8.0,8930.77,0.05,67873.85
T104493,2025-08-22,P0035,C00105,west,1.0,8930.77,0.0,8930.77
T106944,2023-01-10,P0028,C00006,east,1.0,13737.15,0.0,13737.15
T105699,2025-01-02,P0021,C00129,west,5.0,359.09,0.0,1795.45
T108352,2023-11-25,P0012,C00018,central,1.0,14484.04,0.0,14484.04
T100956,2023-07-20,P0033,C00102,central,5.0,10082.29,0.0,50411.45
T102869,2024-12-27,P0016,C00161,west,10.0,2604.21,0.0,26042.1
T104433,2023-10-05,P0036,C00078,west,2.0,4229.62,0.0,8459.24
T104973,2025-09-07,P0001,C00027,west,3.0,6017.98,0.1,16248.55
T102961,2025-11-26,P0030,C00223,central,7.0,6824.34,0.0,47770.38
T102200,2025-08-25,P0010,C00135,north,4.0,8164.43,0.0,32657.72
T100098,2025-03-30,P0008,C00110,east,6.0,499.0,0.0,2994.0
T108982,2024-04-09,P0025,C00152,north,4.0,9148.51,0.0,36594.04
T102557,2023-10-15,P0020,C00092,south,7.0,4508.3,0.0,31558.1
T108445,2025-03-19,P0008,C00248,north,2.0,499.0,0.1,898.2
T104199,2023-08-06,P0002,C00110,east,7.0,13910.88,0.0,97376.16
T105539,2024-12-29,P0006,C00245,central,5.0,7884.39,0.0,39421.95
T101648,2024-12-26,P0026,C00111,north,3.0,13905.57,0.0,41716.71
T106197,2024-05-07,P0007,C00231,north,3.0,14423.4,0.0,43270.2
T106295,2024-04-19,P0009,C00135,north,4.0,11247.7,0.0,44990.8
T104499,2025-01-03,P0003,C00106,west,3.0,10949.99,0.0,32849.97
T101154,2023-01-26,P0008,C00026,north,4.0,499.0,0.0,1996.0
T102255,2024-04-15,P0018,C00166,central,5.0,6437.51,0.0,32187.55
T103170,2024-01-07,P0001,C00140,west,1.0,6017.98,0.0,6017.98
T107400,2024-01-22,P0001,C00219,west,1.0,6017.98,0.0,6017.98
T107158,2024-10-13,P0023,C00213,south,3.0,10713.43,0.0,32140.29
T103108,2025-06-12,P0028,C00238,west,4.0,13737.15,0.0,54948.6
T104548,2025-04-14,P0004,C00097,west,7.0,4999.13,0.0,34993.91
T105423,2025-01-12,P0004,C00048,south,7.0,4999.13,0.0,34993.91
T102049,2024-10-21,P0023,C00056,south,9.0,10713.43,0.0,96420.87
T108815,2025-05-20,p0006 ,C00108,west,4.0,7884.39,0.05,29960.68
T108932,2023-04-18,P0015,C00144,west,4.0,4549.66,0.15,15468.84
T100262,2023-03-29,P0007,C00215,east,6.0,14423.4,0.0,86540.4
T104061,2023-06-29,P0023,C00053,west,6.0,10713.43,0.1,57852.52
T105534,2023-06-08,P0027,C00152,north,5.0,9818.49,0.0,49092.45
T106616,2023-04-11,P0011,C00091,central,7.0,8863.25,0.0,62042.75
T108120,2023-04-30,P0010,C00247,north,4.0,8164.43,0.1,29391.95
T108155,2023-11-22,P0035,C00144,west,6.0,8930.77,0.0,53584.62
T101802,2024-06-11,P0033,C00245,central,2.0,10082.29,0.0,20164.58
T104736,2025-11-15,P0008,C00100,east,9.0,499.0,0.0,4491.0
T102385,2025-03-08,P0017,C00249,west,3.0,382.2,0.0,1146.6
T106694,2023-09-12,P0023,C00166,central,3.0,10713.43,0.0,32140.29
T105759,2023-12-12,P0021,C00184,east,3.0,359.09,0.0,1077.27
T101959,2024-10-01,P0039,C00050,east,7.0,14579.92,0.0,102059.44
T102976,2023-08-02,P0036,C00203,west,8.0,4229.62,0.0,33836.96
T108680,2024-12-22,P0013,C00219,west,10.0,9164.46,0.2,73315.68
T101843,2025-02-07,P0034,C00230,east,3.0,10038.95,0.0,30116.85
T101734,2025-07-30,P0029,C00166,central,2.0,12773.07,0.0,25546.14
T102911,2025-08-22,P0034,C00091,central,9.0,10038.95,0.0,90350.55
T108338,2024-06-04,P0001,C00151,east,1.0,6017.98,0.05,5717.08
T101986,2025-03-20,P0020,C00120,west,3.0,4508.3,0.15,11496.16
T106546,2025-01-07,P0011,C00026,north,2.0,8863.25,0.0,17726.5
T107098,2024-09-10,P0019,C00129,central,5.0,6013.99,0.0,30069.95
T102811,2025-11-20,P0028,C00077,south,5.0,13737.15,0.0,68685.75
T100659,2024-04-21,P0035,C00235,east,5.0,8930.77,0.0,44653.85
T102511,2023-06-14,P0001,C00071,east,2.0,6017.98,0.0,12035.96
T104282,2024-09-19,P0022,C00112,south,2.0,3102.81,0.0,6205.62
T108800,2023-04-18,P0033,C00116,central,2.0,10082.29,0.05,19156.35
T106287,2023-12-08,P0023,C00062,south,3.0,10713.43,0.0,32140.29
T101930,2024-09-07,P0025,C00035,central,7.0,9148.51,0.0,64039.57
T107125,2025-11-13,P0016,C00169,central,11.0,2604.21,0.0,28646.31
T100197,2024-03-01,P0016,C00031,south,3.0,2604.21,0.0,7812.63
T107777,2025-04-09,P0031,C00108,west,3.0,1566.84,0.1,4230.47
T102931,2023-05-28,P0005,C00192,central,2.0,8621.09,0.0,17242.18
T108004,2025-05-16,P0022,C00188,north,4.0,3102.81,0.0,12411.24
T102327,2025-08-09,P0003,C00182,north,1.0,10949.99,0.0,10949.99
T104389,2023-04-12,P0026,C00181,south,1.0,13905.57,0.0,13905.57
T104218,2023-12-24,P0007,C00030,north,7.0,14423.4,0.1,90867.42
T100202,2024-07-04,P0001,C00151,east,2.0,6017.98,0.0,12035.96
T103510,2025-01-17,P0009,C00085,central,2.0,11247.7,0.0,22495.4
T104931,2025-02-23,P0013,C00013,central,4.0,9164.46,0.1,32992.06
T105535,2024-11-11,P0011,C00181,south,3.0,8863.25,0.0,26589.75
T105791,2024-09-22,P0020,C00154,west,5.0,4508.3,0.0,22541.5
T101707,2023-01-11,P0024,C00216,south,8.0,11884.11,0.0,95072.88
T105172,2024-10-14,P0039,C00215,east,4.0,14579.92,0.0,58319.68
T105249,2024-12-30,P0003,C00137,south,6.0,10949.99,0.0,65699.94
T106528,2025-01-15,P0020,C00112,south,1.0,4508.3,0.0,4508.3
T108981,2023-10-03,P0010,C00154,west,9.0,8164.43,0.0,73479.87
T105855,2024-08-26,P0012,C00180,central,3.0,14484.04,0.0,43452.12
T108164,2024-08-06,P0006,C00181,south,6.0,7884.39,0.0,47306.34
T100854,2023-12-31,P0030,C00171,east,12.0,6824.34,0.15,69608.27
T104737,2024-05-20,P0032,C00237,central,2.0,5656.65,0.0,11313.3
T100698,2023-07-13,P0032,C00036,north,8.0,5656.65,0.0,45253.2
T103696,2025-09-08,P0022,C00041,east,1.0,3102.81,0.0,3102.81
T101636,2025-11-28,P0029,C00104,south,7.0,12773.07,0.0,89411.49
T107280,2025-09-03,P0020,C00163,west,3.0,4508.3,0.2,10819.92
T107554,2025-11-02,P0006,C00219,west,11.0,7884.39,0.1,78055.46
T103581,2024-10-03,P0036,C00115,central,3.0,4229.62,0.1,11419.97
T101291,2025-05-23,P0017,C00244,south,4.0,382.2,0.0,1528.8
T106585,2025-01-01,P0026,C00122,west,2.0,13905.57,0.0,27811.14
T101853,2023-02-25,P0015,C00183,south,6.0,4549.66,0.0,27297.96
T105232,2023-09-27,P0015,C00139,south,3.0,4549.66,0.0,13648.98
T103763,2023-12-03,P0036,C00004,east,3.0,4229.62,0.05,12054.42
T103304,2023-04-22,P0014,C00114,south,6.0,500.0,0.0,3000.0
T101495,2024-08-17,P0032,C00110,east,2.0,5656.65,0.0,11313.3
T107994,2025-12-27,P0024,C00245,central,13.0,11884.11,0.0,154493.43
T101998,2024-07-17,P0029,C00161,west,7.0,12773.07,0.0,89411.49
T100663,2023-09-25,P0037,C00102,central,4.0,8484.46,0.0,33937.84
T103748,2025-01-25,P0009,C00209,east,4.0,11247.7,0.0,44990.8
T104413,2025-11-18,P0029,C00221,west,11.0,12773.07,0.0,140503.77
T105530,2024-04-21,P0025,C00133,east,5.0,9148.51,0.0,45742.55
T105575,2024-12-12,P0016,C00247,north,1.0,2604.21,0.0,2604.21
T108901,2025-07-18,P0006,C00238,west,2.0,7884.39,0.0,15768.78
T107526,2025-07-03,P0014,C00142,central,4.0,500.0,0.15,1700.0
T105864,2024-06-21,P0039,C00078,west,1.0,14579.92,0.1,13121.93
T106776,2023-05-05,P0031,C00166,central,2.0,1566.84,0.05,2977.0
T101306,2023-07-08,P0033,C00125,north,5.0,10082.29,0.0,50411.45
T107392,2023-09-16,P0028,C00134,east,4.0,13737.15,0.1,49453.74
T105592,2025-05-19,P0018,C00082,north,3.0,6437.51,0.0,19312.53
T101663,2024-12-21,P0007,C00078,west,8.0,14423.4,0.0,115387.2
T105450,2024-12-16,P0008,C00204,central,5.0,499.0,0.0,2495.0
T103627,2025-03-11,P0018,C00232,west,6.0,6437.51,0.1,34762.55
T102693,2025-01-05,P0016,C00217,north,8.0,2604.21,0.2,16666.94
T105915,2023-12-31,P0008,C00046,south,3.0,499.0,0.2,1197.6
T103157,2023-10-10,P0007,C00064,north,1.0,14423.4,0.05,13702.23
T106668,2024-11-03,P0019,C00188,north,8.0,6013.99,0.0,48111.92
T101059,2023-08-15,P0008,C00036,north,4.0,499.0,0.0,1996.0
T104636,2025-09-07,P0029,C00186,north,2.0,12773.07,0.0,25546.14
T103242,2023-08-04,P0008,C00066,west,2.0,499.0,0.0,998.0
T101678,2025-01-27,P0011,C00132,central,7.0,8863.25,0.0,62042.75
T106892,2025-09-28,P0024,C00025,south,9.0,11884.11,0.05,101609.14
T106374,2023-04-05,P0019,C00090,south,8.0,6013.99,0.0,48111.92
T107574,2024-04-19,P0032,C00036,north,1.0,5656.65,0.0,5656.65
T101757,2023-12-01,P0011,C00249,west,3.0,8863.25,0.05,25260.26
T106019,2023-08-18,P0013,C00208,central,3.0,9164.46,0.0,27493.38
T105116,2025-04-06,P0010,C00242,east,3.0,8164.43,0.0,24493.29
T108755,2023-02-03,P0025,C00100,east,4.0,9148.51,0.0,36594.04
T107408,2023-11-26,P0010,C00143,south,4.0,8164.43,0.1,29391.95
T102790,2024-03-11,P0023,C00033,north,3.0,10713.43,0.15,27319.25
T100863,2025-09-30,P0039,C00049,east,13.0,14579.92,0.1,170585.06
T107858,2023-04-22,P0008,C00201,west,2.0,499.0,0.0,998.0
T101484,2025-06-07,P0039,C00097,west,4.0,14579.92,0.0,58319.68
T107035,2023-05-04,P0007,C00102,central,5.0,14423.4,0.0,72117.0
T107721,2024-06-27,P0027,C00200,north,5.0,9818.49,0.0,49092.45
T105977,2023-03-01,P0033,C00216,south,2.0,10082.29,0.0,20164.58
T105134,2023-07-23,P0022,C00061,west,2.0,3102.81,0.0,6205.62
T100206,2023-06-18,P0003,C00107,east,1.0,10949.99,0.0,10949.99
T104488,2024-11-06,P0018,C00004,east,3.0,6437.51,0.0,19312.53
T106938,2023-08-23,P0011,C00040,north,3.0,8863.25,0.0,26589.75
T106910,2024-08-04,P0035,C00139,south,5.0,8930.77,0.0,44653.85
T100502,2024-05-22,P0017,C00009,central,5.0,382.2,0.05,1815.45
T107385,2024-09-03,P0035,C00102,central,5.0,8930.77,1.6294132788513027e-16,44653.85
T101028,2024-03-03,P0032,C00116,central,1.0,5656.65,0.0,5656.65
T103840,2024-10-29,P0029,C00057,east,6.0,12773.07,0.0,76638.42
T108110,2024-04-23,P0013,C00231,north,3.0,9164.46,0.0,27493.38
T105056,2024-06-11,P0016,C00020,north,1.0,2604.21,0.2,2083.37
T108154,2023-03-10,P0005,C00139,south,6.0,8621.09,0.0,51726.54
T102731,2024-03-02,P0010,C00053,west,8.0,8164.43,0.15,55518.12
T108996,2024-02-11,P0004,C00077,south,3.0,4999.13,0.0,14997.39
T102454,2023-09-15,P0015,C00208,central,6.0,4549.66,0.0,27297.96
T107215,2023-01-02,P0011,C00036,north,3.0,8863.25,0.0,26589.75
T103104,2025-05-01,P0015,C00104,south,7.0,4549.66,0.0,31847.62
T108392,2023-02-01,P0031,C00051,east,1.0,1566.84,0.0,1566.84
T106278,2025-09-12,P0030,C00158,east,8.0,6824.34,0.1,49135.25
T103099,2025-05-20,P0013,C00236,east,1.0,9164.46,0.0,9164.46
T106184,2023-03-15,P0034,C00023,west,3.0,10038.95,0.0,30116.85
T103561,2025-03-11,P0020,C00118,central,13.0,4508.3,0.0,58607.9
T105892,2025-09-12,P0008,C00107,east,3.0,499.0,0.0,1497.0
T100391,2024-11-16,P0003,C00149,north,1.0,10949.99,0.05,10402.49
T106736,2025-02-17,P0005,C00035,central,1.0,8621.09,0.0,8621.09
T105618,2024-12-17,P0029,C00188,north,3.0,12773.07,0.0,38319.21
T105258,2023-01-12,P0004,C00028,central,4.0,4999.13,0.0,19996.52
T102695,2023-01-29,P0020,C00015,south,2.0,4508.3,0.0,9016.6
T102027,2023-08-26,P0030,C00102,central,3.0,6824.34,0.0,20473.02
T105463,2023-04-15,P0006,C00043,south,2.0,7884.39,0.0,15768.78
T102568,2025-06-25,P0023,C00135,north,3.0,10713.43,0.0,32140.29
T108006,2025-12-01,P0006,C00175,east,13.0,7884.39,0.0,102497.07
T100064,2023-08-05,P0016,C00135,north,4.0,2604.21,0.0,10416.84
T102062,2023-12-11,P0021,C00072,west,1.0,359.09,0.0,359.09
T105276,2025-06-05,P0025,C00112,south,7.0,9148.51,0.1,57635.61
T107208,2024-08-11,P0020,C00013,central,2.0,4508.3,0.0,9016.6
T108684,2023-08-03,P0028,C00150,east,4.0,13737.15,0.0,54948.6
T108571,2023-05-22,P0025,C00117,west,2.0,9148.51,0.0,18297.02
T106331,2023-12-11,P0014,C00012,east,7.0,500.0,0.2,2800.0
T104859,2023-09-18,P0010,C00058,east,4.0,8164.43,0.0,32657.72
T104887,2024-01-01,P0025,C00206,north,4.0,9148.51,0.0,36594.04
T100878,2025-02-25,P0014,C00235,east,1.0,500.0,0.05,475.0
T108529,2025-02-02,P0022,C00153,central,3.0,3102.81,0.05,8843.01
T107916,2024-01-05,P0014,C00176,east,4.0,500.0,0.0,2000.0
T106863,2023-06-16,P0035,C00100,east,8.0,8930.77,0.05,67873.85
T107892,2025-12-05,P0025,C00019,central,7.0,9148.51,0.0,64039.57
T106439,2025-12-29,P0023,C00218,central,7.0,10713.43,0.0,74994.01
T107869,2025-06-27,P0038,C00212,south,4.0,5836.46,0.05,22178.55
T101016,2025-10-14,P0027,C00094,south,12.0,9818.49,0.15,100148.6
T107629,2024-09-06,P0017,C00146,central,7.0,382.2,0.0,2675.4
T100995,2024-06-27,P0016,C00034,east,11.0,2604.21,0.0,28646.31
T104297,2025-06-30,P0038,C00225,south,7.0,5836.46,0.0,40855.22
T100161,2025-03-12,P0020,C00213,south,3.0,4508.3,0.0,13524.9
T105675,2024-01-08,P0009,C00150,east,5.0,11247.7,0.0,56238.5
T106873,2025-09-18,P0019,C00160,south,8.0,6013.99,0.05,45706.32
T107989,2025-07-26,P0021,C00070,west,1.0,359.09,0.0,359.09
T103843,2025-07-05,P0038,C00167,east,3.0,5836.46,0.0,17509.38
T101021,2023-11-21,P0037,C00117,west,3.0,8484.46,0.0,25453.38
T103073,2023-03-08,P0026,C00038,west,5.0,13905.57,0.2,55622.28
T107555,2024-12-25,P0011,C00170,west,6.0,8863.25,0.0,53179.5
T103943,2023-10-12,P0007,C00100,east,2.0,14423.4,0.0,28846.8
T101585,2024-05-26,P0039,C00044,south,2.0,14579.92,0.05,27701.85
T103152,2025-11-24,P0039,C00078,west,11.0,14579.92,0.0,160379.12
T108226,2025-01-31,P0036,C00063,north,5.0,4229.62,0.0,21148.1
T100775,2024-03-29,P0035,C00008,south,3.0,8930.77,0.0,26792.31
T107099,2025-03-26,P0005,C00072,west,4.0,8621.09,0.0,34484.36
T105486,2024-06-05,P0040,C00055,south,6.0,12756.37,0.05,72711.31
T106235,2025-06-16,P0013,C00052,east,7.0,9164.46,0.0,64151.22
T107041,2025-09-10,P0030,C00039,north,8.0,6824.34,0.0,54594.72
T102612,2024-06-05,P0027,C00176,east,5.0,9818.49,0.0,49092.45
T107513,2024-04-25,P0036,C00158,east,1.0,4229.62,0.15,3595.18
T108433,2024-10-11,P0016,C00249,west,3.0,2604.21,0.0,7812.63
T108792,2024-08-04,P0028,C00209,east,7.0,13737.15,0.2,76928.04
T105393,2025-10-27,P0034,C00117,west,6.0,10038.95,0.05,57222.02
T108838,2025-05-23,P0026,C00113,east,4.0,13905.57,0.0,55622.28
T103890,2023-07-08,P0039,C00100,east,4.0,14579.92,0.0,58319.68
T103556,2024-02-26,P0008,C00052,east,2.0,499.0,0.0,998.0
T101528,2025-03-07,P0029,C00062,south,2.0,12773.07,0.0,25546.14
T101267,2023-11-11,P0010,C00122,west,1.0,8164.43,0.0,8164.43
T107734,2023-05-20,P0035,C00069,central,4.0,8930.77,0.0,35723.08
T101899,2023-03-15,P0027,C00217,north,6.0,9818.49,0.0,58910.94
T104658,2023-09-13,P0022,C00163,central,3.0,3102.81,0.0,9308.43
T103005,2023-12-09,P0036,C00190,north,6.0,4229.62,0.0,25377.72
T102734,2025-01-11,P0021,C00139,south,4.0,359.09,0.2,1149.09
T100189,2024-06-23,P0005,C00233,west,6.0,8621.09,0.1,46553.89
T102747,2023-04-28,P0002,C00019,central,3.0,13910.88,0.0,41732.64
T102047,2024-01-28,P0031,C00140,west,2.0,1566.84,0.15,2663.63
T107849,2025-12-27,P0021,C00223,central,5.0,359.09,0.0,1795.45
T102558,2023-07-06,P0012,C00150,east,3.0,14484.04,0.0,43452.12
T108666,2025-10-16,P0003,C00137,south,6.0,10949.99,0.0,65699.94
T106396,2025-02-07,P0016,C00170,west,3.0,2604.21,0.1,7031.37
T103385,2024-09-08,P0035,C00209,east,7.0,8930.77,0.0,62515.39
T104555,2024-12-22,P0026,C00180,central,8.0,13905.57,0.0,111244.56
T101184,2023-07-29,P0010,C00235,east,5.0,8164.43,0.2,32657.72
T106420,2024-04-25,P0013,C00112,south,4.0,9164.46,0.1,32992.06
T105051,2025-01-21,P0008,C00147,north,6.0,499.0,0.0,2994.0
T105311,2023-07-17,P0032,C00189,north,9.0,5656.65,0.0,50909.85
T102433,2025-06-02,P0021,C00195,east,9.0,359.09,0.2,2585.45
T106949,2024-12-12,P0025,C00045,west,8.0,9148.51,0.0,73188.08
T100769,2024-03-25,P0021,C00067,east,2.0,359.09,0.0,718.18
T101685,2023-01-19,P0001,C00248,north,2.0,6017.98,0.0,12035.96
T108322,2025-01-23,P0034,C00002,west,7.0,10038.95,0.2,56218.12
T105578,2025-05-03,P0025,C00032,north,4.0,9148.51,0.0,36594.04
T104426,2023-11-07,P0035,C00051,east,3.0,8930.77,0.0,26792.31
T100466,2025-08-17,P0017,C00026,north,2.0,382.2,0.0,764.4
T106265,2024-03-15,P0031,C00222,central,5.0,1566.84,0.0,7834.2
T105734,2024-03-09,P0031,C00191,south,2.0,1566.84,0.0,3133.68
T105191,2025-09-10,P0010,C00030,north,2.0,8164.43,0.0,16328.86
T105390,2025-12-07,P0008,C00014,central,3.0,499.0,0.0,1497.0
T100860,2023-07-12,P0034,C00248,north,6.0,10038.95,0.2,48186.96
T107270,2025-04-11,P0007,C00105,west,11.0,14423.4,0.2,126925.92
