transaction_id,date,product_id,customer_id,region,quantity,unit_price,discount,revenue
T108225,2025-02-14,P0009,C00202,,5.0,11247.7,0.2,44990.8
T103133,03/08/2023,P0033,C00001,West,4.0,10082.29,0.2,32263.33
T101446,2023-08-03,P0039,C00018,Central,3.0,14579.92,0.05,41552.77
T104568,07-Jul-2024,P0016,C00213,,7.0,2604.21,0.15,15495.05
T106022,2024-01-09,P0020,C00238,West,1.0,4508.3,0.0,4508.3
T104855,2024-09-09,P0006,C00002,West,3.0,7884.39,0.0,23653.17
T104165,25-Aug-2024,P0035,C00008,South,2.0,8930.77,0.0,17861.54
T100764,16/10/2024,P0006,C00049,East,4.0,,0.1,28383.8
T106049,29-May-2025,P0040,C00160,South,8.0,12756.37,0.0,102050.96
T103377,06/18/2023,P0012,C00233,West,3.0,14484.04,0.0,43452.12
T107222,14/12/2023,P0035,C00032,North,4.0,8930.77,0.1,32150.77
T102855,2023-01-22,P0029,C00233,West,3.0,12773.07,0.0,38319.21
T107048,12-Sep-2023,P0036,C00229,East,4.0,4229.62,0.0,16918.48
T106715,14/07/2024,P0040,C00113,East,3.0,12756.37,0.15,32528.74
T100927,04/16/2025,P0015,C00039,North,3.0,4549.66,0.05,12966.53
T104230,02/26/2025,P0027,C00127,SOUTH ,5.0,9818.49,0.0,49092.45
T107807,22-Jun-2023,P0036,C00210,North,5.0,4229.62,0.0,21148.1
T100330,06/19/2024,P0026,C00178,West,4.0,13905.57,0.0,55622.28
T104429,21-Jun-2023,P0039,C00238,West,6.0,14579.92,0.15,74357.59
T104890,06/04/2024,P0020,C00177,,3.0,4508.3,0.0,13524.9
T106889,09/22/2023,P0032,C00052,East,2.0,5656.65,0.15,9616.3
T104303,04/09/2025,P0022,C00228,,3.0,3102.81,0.0,9308.43
T104794,08/09/2025,P0006,C00116,Central,6.0,7884.39,0.0,47306.34
T105996,03/03/2025,P0012,C00118,Central,7.0,14484.04,0.0,101388.28
T104818,2024-01-31,P0030,C00135,North,,6824.34,0.0,40946.04
T101934,03/04/2023,P0031,C00158,East,4.0,1566.84,0.0,6267.36
T100567,2023-11-03,P0017,C00014,Central,9.0,382.2,0.0,3439.8
T101084,08/23/2023,P0005,C00205,North,1.0,8621.09,0.0,8621.09
T103422,10/12/2023,P0029,C00245,Central,3.0,12773.07,0.0,38319.21
T101426,11/01/2025,P0032,C00084,North,1.0,5656.65,0.05,5373.82
T106177,03/21/2023,P0032,C00123,North,5.0,5656.65,0.0,28283.25
T103686,31/03/2023,P0001,C00196,East,2.0,6017.98,0.0,12035.96
T101056,2025-05-20,P0026,C00184,East,4.0,13905.57,0.0,55622.28
T100653,02/10/2023,P0026,C00093,North,3.0,13905.57,0.0,41716.71
T102760,09/07/2025,P0014,C00225,SOUTH ,4.0,500.0,0.0,2000.0
T100730,2025-03-27,P0040,C00005,East,6.0,12756.37,0.05,72711.31
T104253,27-Dec-2024,P0014,C00003,North,10.0,500.0,0.0,5000.0
T101156,05/21/2024,P0029,C00044,South,4.0,12773.07,0.0,51092.28
T104262,11-Jul-2025,P0039,C00210,North,1.0,14579.92,0.0,14579.92
T102152,22/06/2025,P0024,C00154,West,3.0,11884.11,0.0,35652.33
T102214,08-Jul-2025,P0040,C00209,East,6.0,12756.37,0.0,76538.22
T101568,2024-01-25,P0017,C00118,Central,2.0,382.2,,764.4
T106398,2024-08-01,P0034,C00039,North,1.0,10038.95,0.1,9035.06
T105550,2025-04-06,P0029,C00193,East,2.0,12773.07,0.0,25546.14
T103817,15-Jul-2025,P0017,C00194,East,3.0,382.2,20.0,917.28
T105266,22-Jul-2023,P0022,C00092,SOUTH ,2.0,3102.81,0.05,5895.34
T107589,08/11/2024,P0036,C00012,East,1.0,4229.62,0.2,3383.7
T101002,22/02/2023,P0005,C00116,Central,3.0,8621.09,0.05,24570.11
T106252,2023-10-02,P0016,C00182,North,8.0,2604.21,0.0,20833.68
T100994,12-Nov-2025,P0008,C00239,East,7.0,499.0,0.0,3493.0
T104630,29-Mar-2024,P0016,C00074,East,7.0,2604.21,0.0,18229.47
T105461,2025-06-18,P0033,C00063,North,7.0,10082.29,0.0,70576.03
T105428,06/07/2025,P0038,C00047,Central,1.0,5836.46,0.1,5252.81
T105756,2024-07-28,P0003,C00079,South,3.0,10949.99,0.0,32849.97
T106995,04/02/2025,P0013,C00117,West,unknown,9164.46,0.0,27493.38
T103105,2023-11-21,P0006,C00242,East,6.0,7884.39,,47306.34
T100286,2025-12-25,P0008,C00164,North,5.0,499.0,0.0,2495.0
T103870,27-Jan-2024,P0016,C00116,Central,3.0,2604.21,0.05,7422.0
T105532,07/21/2024,P0031,C00244,South,4.0,1566.84,0.0,6267.36
T104687,26/02/2023,P0040,C00212,South,1.0,12756.37,0.05,12118.55
T101877,2025-07-05,P0004,C00180,Central,4.0,4999.13,0.0,"₹19,996.52"
T104180,06/05/2024,P0032,C00071, East,8.0,5656.65,0.0,45253.2
T100248,24/08/2023,P0034,C00056,south,3.0,10038.95,0.2,1204674.0
T108820,10-Jul-2024,P0026,C00249,West,3.0,13905.57,0.0,41716.71
T100093,2025-02-02,P0010,C00107,east,4.0,8164.43,0.0,32657.72
T104397,05-Apr-2024,P0015,C00056,South,4.0,4549.66,0.0,18198.64
T107798,2023-12-09,P0020,C00225,SOUTH ,4.0,4508.3,0.0,18033.2
T104983,04/03/2025,P0026,C00200,North,8.0,13905.57,0.05,105682.33
T107273,13-Dec-2023,P0008,C00205,North,6.0,499.0,0.0,2994.0
T102715,15/11/2025,P0038,C00072,West,3.0,5836.46,0.0,17509.38
T105480,2025-09-18,P0027,C00209,East,11.0,9818.49,0.0,108003.39
T106448,2024-12-21,P0001,C00188,North,1.0,6017.98,0.0,6017.98
T100623,2023-06-03,P0035,C00015,South,3.0,8930.77,0.0,26792.31
T102446,2023-04-26,P0027,C00070,West,6.0,9818.49,0.05,55965.39
T104763,2024-03-08,P0021,C00162,north,7.0,359.09,0.0,2513.63
T106064,24/03/2024,P0005,C00197,South,8.0,8621.09,0.0,68968.72
T103123,2025-10-10,P0035,C00114,South,6.0,8930.77,0.1,48226.16
T105169,2023-02-04,P0012,C00024,South  ,5.0,14484.04,0.0,72420.2
T102495,2024-12-20,P0006,C00099,North,10.0,7884.39,0.2,63075.12
T107741,14-Apr-2023,P0027,C00150,East,4.0,9818.49,0.0,39273.96
T102870,16/07/2023,P0011,C00237,Central,7.0,8863.25,0.0,62042.75
T107074,23-Jul-2024,P0036,C00212,South,8.0,4229.62,0.0,33836.96
T107001,23-Jan-2024,P0021,C00177,South,2.0,359.09,0.0,718.18
T102718,2023-05-17,P0009,C00097,West,4.0,11247.7,0.0,44990.8
T107787,2025-05-04,P0024,C00201,West,7.0,11884.11,0.0,83188.77
T101945,04/10/2024,P0002,C00028,Central,10.0,13910.88,0.0,139108.8
T108659,10-Mar-2025,P0022,C00078,West,9.0,3102.81,0.0,27925.29
T107305,2025-11-28,P0029,C00193,East,11.0,12773.07,0.0,140503.77
T103656,05/31/2025,P0022,C00001,West,6.0,3102.81,0.0,18616.86
T105558,2024-03-14,P0032,C00099,North,3.0,5656.65,0.05,"₹16,121.45"
T107923,25/10/2025,P0010,C00216,South,8.0,8164.43,0.0,65315.44
T104315,22-Oct-2025,P0010,C00020,North,13.0,8164.43,0.0,106137.59
T105430,2024-07-06,P0008,C00190,North,5.0,499.0,0.0,2495.0
T106203,22/08/2025,P0023,C00113,East,2.0,10713.43,0.05,20355.52
T106717,28-Dec-2023,P0033,C00206,North,7.0,10082.29,0.0,70576.03
T104830,06/01/2024,P0026,C00087,,1.0,13905.57,0.0,13905.57
T102303,22/01/2023,P0013,C00168,North,3.0,9164.46,0.0,"₹27,493.38"
T102867,2024-03-04,P0038,C00014,Central,1.0,5836.46,0.0,5836.46
T104209,02/16/2023,P0030,C00028,Central,4.0,6824.34,0.15,23202.76
T105908,01-Sep-2023,P0028,C00222,Central,3.0,13737.15,0.05,39150.88
T101162,2025-05-12,P0017,C00096,Central,6.0,382.2,0.1,2063.88
T100620,28-Feb-2024,P0022,C00220,,1.0,3102.81,0.0,3102.81
T102002,2023-08-24,P0025,C00125,North,4.0,9148.51,0.0,36594.04
T106976,06/29/2024,P0035,C00231,north,6.0,8930.77,0.0,53584.62
T101780,07-Dec-2025,P0016,C00188,North,7.0,2604.21,0.0,18229.47
T103070,26-Jul-2025,P0012,C00215,East,1.0,14484.04,0.2,11587.23
T103497,21/06/2024,P0023,C00093,North,5.0,10713.43,0.0,53567.15
T103862,02/24/2023,P0040,C00175,East,-1.0,12756.37,0.0,12756.37
T101623,20/07/2024,P0010,C00044,,4.0,8164.43,0.2,26126.18
T102124,20-May-2025,P0028,C00070,West,4.0,13737.15,0.05,52201.17
T102498,2024-09-21,P0018,C00113,East,5.0,6437.51,0.0,32187.55
T106205,12-May-2023,P0011,C00128,South,1.0,8863.25,0.0,8863.25
T101038,04/15/2024,P0017,C00210,North,4.0,382.2,0.0,1528.8
T105847,21/02/2025,P0011,C00154,West,2.0,8863.25,0.0,17726.5
T101328,08/12/2023,P0029,C00215,East,6.0,12773.07,0.0,76638.42
T105766,2023-07-06,P0037,C00189,North,3.0,8484.46,0.0,25453.38
T108521,22-Feb-2023,P0036,C00225,SOUTH ,3.0,4229.62,0.1,11419.97
T103846,11/29/2023,P0029,C00032,North,6.0,12773.07,0.0,76638.42
T103660,29/03/2023,P0032,C00161,West,4.0,5656.65,0.0,"₹22,626.60"
T102246,2025-09-01,P0039,C00227,Central,4.0,14579.92,0.2,46655.74
T101726,21-Sep-2024,P0026,C00130,East,4.0,13905.57,0.0,55622.28
T100360,02/03/2024,P0040,C00148,North,3.0,12756.37,0.15,32528.74
T108620,25-Sep-2024,P0036,C00221,West,2.0,4229.62,0.0,8459.24
T100318,29-Jul-2025,P0018,C00081,West,7.0,6437.51,0.0,45062.57
T104038,17/12/2024,P0019,C00034,East,8.0,6013.99,0.2,38489.54
T107122,06/06/2023,P0040,C00020,North,1.0,12756.37,0.2,10205.1
T102548,09/09/2024,P0032,C00150,East,4.0,5656.65,0.1,20363.94
T104269,2023-11-10,P0039,C00030,North,6.0,14579.92,0.1,78731.57
T107466,2024-12-06,P0015,C00022,North,3.0,4549.66,0.0,13648.98
T100095,23/02/2025,P0022,C00091,Central,3.0,3102.81,0.0,9308.43
T100711,2025-05-16,P0024,C00152,North,6.0,11884.11,0.0,71304.66
T108287,26-Apr-2024,P0023,C00019,Central,3.0,10713.43,0.05,30533.28
T106211,15/06/2025,P0035,C00108,West,4.0,8930.77,0.0,35723.08
T102227,17-Dec-2023,P0031,C00076,Central,3.0,1566.84,0.0,4700.52
T102754,2024-03-04,P0035,C00007,Central,10.0,8930.77,0.0,89307.7
T104905,07/17/2025,P0013,C00199,Central,6.0,9164.46,0.0,54986.76
T100700,08/08/2025,P0029,C00237,Central,4.0,12773.07,0.05,48537.67
T103154,22-Jan-2024,P0036,C00063,North,2.0,4229.62,0.0,8459.24
T106338,2023-12-11,P0015,C00146,Central,4.0,4549.66,0.1,16378.78
T100267,11/26/2024,P0028,C00067,,8.0,13737.15,0.05,104402.34
T100119,06/03/2023,P0015,C00068,north,8.0,4549.66,0.0,36397.28
T101614,05/20/2023,P0040,C00170,West,4.0,12756.37,0.0,51025.48
T104415,18/04/2024,P0015,C00050,East,4.0,4549.66,0.0,18198.64
T102375,2023-06-20,P0008,C00049,East,,499.0,0.0,1996.0
T104336,09-Mar-2024,P0009,C00066,West,4.0,11247.7,,44990.8
T108241,2023-06-17,P0005,C00210,North,3.0,8621.09,0.0,25863.27
T105851,18-May-2025,P0009,C00133,East,3.0,11247.7,0.0,33743.1
T107819,2025-05-04,p0037 ,C00202,,6.0,8484.46,0.15,43270.75
T102312,28/04/2025,P0039,C00075,,1.0,14579.92,0.0,14579.92
T101354,03-Sep-2025,P0003,C00063,North,4.0,10949.99,0.0,43799.96
T105639,06/26/2023,P0005,C00141,South,7.0,8621.09,0.1,54312.87
T105336,2023-05-29,P0036,C00179,North,6.0,4229.62,0.0,25377.72
T105955,17-Jul-2023,P0015,C00116,Central,1.0,4549.66,0.0,4549.66
T108301,2024-11-27,P0016,C00127,SOUTH ,8.0,2604.21,0.0,20833.68
T103777,04/27/2025,P0038,C00129,Central,1.0,5836.46,0.0,5836.46
T100080,12/11/2023,P0037,C00112,South,6.0,8484.46,0.0,50906.76
T101483,03/12/2025,P0004,C00116,Central,8.0,4999.13,0.0,39993.04
T104067,03/14/2024,P0026,C00238,West,3.0,13905.57,0.0,41716.71
T104880,2023-09-07,P0017,C00179,North,5.0,382.2,0.0,1911.0
T104700,2024-12-31,P0040,C00026,North,16.0,12756.37,0.2,163281.54
T100940,26-Nov-2024,P0003,C00098,East,3.0,10949.99,0.0,32849.97
T100509,2023-08-26,P0013,C00015,South,3.0,9164.46,0.0,27493.38
T103317,06/28/2023,P0033,C00017, East,1.0,10082.29,0.15,8569.95
T102478,2023-10-10,P0025,C00105,west,9.0,9148.51,0.0,82336.59
T101937,2024-03-09,P0021,C00209,East,3.0,359.09,0.0,1077.27
T102149,31-Aug-2025,P0014,C00207,Central,2.0,500.0,0.0,1000.0
T102025,11-Jul-2023,P0035,C00231,north,5.0,8930.77,0.0,44653.85
T108318,13/01/2023,P0008,C00162,north,1.0,499.0,0.0,499.0
T107172,19/05/2025,P0017,C00189,North,11.0,382.2,0.05,3993.99
T101183,21/03/2024,P0001,C00232,West,4.0,6017.98,0.0,24071.92
T102691,05/09/2023,P0024,C00196,East,6.0,11884.11,0.0,71304.66
T105327,28/08/2024,P0030,C00085,Central,5.0,6824.34,0.15,29003.44
T103244,28-Feb-2023,P0001,C00147,North,1.0,6017.98,0.0,6017.98
T108829,12/12/2025,P0008,C00155,West,11.0,499.0,0.2,4391.2
T100668,09/10/2025,P0019,C00001,West,8.0,6013.99,0.2,38489.54
T102354,2024-01-16,P0039,C00020,North,1.0,14579.92,0.0,14579.92
T100789,2023-10-04,P0022,C00205,,4.0,3102.81,0.05,11790.68
T104587,09/07/2024,P0024,C00132,Central,4.0,11884.11,0.15,40405.97
T106499,12-Apr-2025,P0006,C00027,,3.0,7884.39,0.0,23653.17
T101452,12/04/2023,P0002,C00123,North,7.0,13910.88,0.0,97376.16
T104970,14-Jul-2023,P0002,C00075,,3.0,13910.88,0.0,41732.64
T108757,11/21/2023,P0029,C00206,North,1.0,12773.07,0.0,12773.07
T106498,11-Nov-2025,P0016,C00040,North,11.0,2604.21,0.1,25781.68
T100511,04/07/2025,P0038,C00029,East,11.0,5836.46,0.05,60991.01
T108844,07-May-2024,P0015,C00042,,2.0,4549.66,,9099.32
T103534,24/04/2024,P0038,C00060,,5.0,5836.46,0.0,"₹29,182.30"
T102825,2023-09-14,P0003,C00210,North,4.0,10949.99,0.05,41609.96
T103960,12/25/2024,P0021,C00052,East,1.0,359.09,0.0,359.09
T107907,17-Oct-2023,P0002,C00137,South,1.0,13910.88,0.05,13215.34
T108235,05/28/2025,P0032,C00127,SOUTH ,4.0,,0.0,22626.6
T103646,07/29/2024,P0005,C00211,West,2.0,8621.09,0.0,17242.18
T100169,04/11/2024,P0027,C00188,North,6.0,9818.49,0.2,47128.75
T107735,06/07/2024,P0017,C00190,North,3.0,382.2,0.1,1031.94
T107710,07/09/2024,P0017,C00069,Central,3.0,382.2,0.05,1089.27
T102128,26-Aug-2023,P0017,C00229,East,5.0,382.2,0.0,1911.0
T105633,09/21/2023,P0010,C00106,West,unknown,8164.43,0.0,57151.01
T100554,30-Jul-2023,P0016,C00135,North,1.0,2604.21,0.0,2604.21
T107030,2024-12-14,P0027,C00188,North,5.0,9818.49,0.0,49092.45
T101022,07/28/2025,P0013,C00212,South,,9164.46,0.0,9164.46
T100828,09/19/2023,P0014,C00058,East,,500.0,0.0,3000.0
T105186,2025-07-28,P0005,C00195,East,6.0,8621.09,0.0,"₹51,726.54"
T107475,02/21/2025,P0012,C00246,South,5.0,14484.04,0.0,72420.2
T104204,28/09/2023,P0003,C00104,South,1.0,10949.99,0.0,10949.99
T103685,2025-11-02,P0005,C00162,north,5.0,8621.09,0.0,43105.45
T106978,12/31/2023,P0006,C00028,Central,3.0,7884.39,0.0,23653.17
T102006,07/11/2023,P0013,C00020,North,3.0,9164.46,0.05,26118.71
T100088,29-May-2023,P0040,C00120,West,2.0,12756.37,0.2,20410.19
T104899,04/29/2023,P0039,C00013,Central,4.0,14579.92,0.05,55403.7
T103433,28/03/2025,P0005,C00230,East,7.0,8621.09,0.05,57330.25
T105018,10/05/2023,P0026,C00075,,2.0,13905.57,0.05,26420.58
T107136,12/14/2023,P0009,C00013,Central,7.0,11247.7,0.0,78733.9
T107039,18-Jul-2025,P0014,C00228,South,1.0,500.0,0.0,500.0
T107131,18/06/2025,P0032,C00001,West,1.0,5656.65,0.15,4808.15
T108764,2023-03-04,P0025,C00217,,6.0,9148.51,0.0,54891.06
T101906,09/20/2025,P0012,C00245,Central,1.0,14484.04,0.0,14484.04
T104775,2023-03-25,P0027,C00077,South,2.0,9818.49,0.0,19636.98
T103519,2023-05-10,P0004,C00178,West,4.0,4999.13,0.0,19996.52
T106334,24-Jun-2024,P0021,C00185,Central,7.0,359.09,0.0,2513.63
T107137,2025-04-28,P0018,C00119,South,6.0,6437.51,0.2,30900.05
T102680,12/31/2024,P0007,C00096,Central,8.0,14423.4,0.0,115387.2
T101737,10/19/2024,P0034,C00178,West,4.0,10038.95,0.05,38148.01
T101807,2024-01-21,P0001,C00018,Central,1.0,6017.98,0.0,6017.98
T103333,24/03/2025,P0004,C00043,West,6.0,4999.13,0.0,29994.78
T104060,02/08/2025,P0027,C00092,SOUTH ,5.0,9818.49,0.0,49092.45
T102864,08/03/2024,P0024,C00115,East,4.0,11884.11,0.05,45159.62
T104661,05/29/2025,P0001,C00181,South,6.0,6017.98,0.0,36107.88
T105471,24/12/2025,P0019,C00044,South,1.0,6013.99,0.2,4811.19
T102896,11/23/2023,P0015,C00058,East,6.0,4549.66,0.0,27297.96
T103884,21/03/2024,P0004,C00193,East,3.0,4999.13,0.0,14997.39
T102706,10/14/2024,P0029,C00036,North,3.0,12773.07,0.05,36403.25
T103593,03-Jun-2024,P0006,C00221,West,6.0,7884.39,0.05,44941.02
T106701,2025-01-31,P0032,C00233,West,3.0,5656.65,0.0,16969.95
T103745,19-Dec-2023,P0034,C00096,Central,6.0,10038.95,0.0,60233.7
T105826,2025-03-13,P0028,C00077,South,4.0,13737.15,0.0,54948.6
T108182,28-Oct-2025,P0005,C00198,,5.0,8621.09,0.0,43105.45
T107370,2023-09-12,P0021,C00236,East,1.0,,0.0,359.09
T100076,04/11/2024,P0040,C00161,West,,12756.37,0.05,48474.21
T107151,08-Jul-2025,P0029,C00057,East,1.0,12773.07,0.0,12773.07
T105013,2025-10-01,P0032,C00207,Central,5.0,5656.65,0.0,28283.25
T106998,02/28/2023,P0034,C00067,,1.0,10038.95,0.0,10038.95
T101670,25/09/2024,P0012,C00221,West,5.0,14484.04,0.0,72420.2
T107637,13/05/2023,P0007,C00086,West,6.0,14423.4,0.0,86540.4
T105814,2025-04-18,P0001,C00077,South,1.0,6017.98,0.1,5416.18
T108602,17/05/2025,P0031,C00037,South,3.0,1566.84,0.2,3760.42
T100315,30/07/2025,P0009,C00167,East,4.0,11247.7,0.0,44990.8
T105949,21/05/2023,P0020,C00123,North,5.0,4508.3,0.0,22541.5
T103574,26/07/2025,P0039,C00190,North,3.0,14579.92,0.0,43739.76
T105882,22-Jun-2024,P0004,C00170,West,5.0,4999.13,0.0,24995.65
T107898,2024-04-20,P0035,C00200,North,4.0,8930.77,0.0,35723.08
T107680,21-Jul-2025,P0006,C00217,North,9.0,7884.39,0.1,63863.56
T104823,13/07/2025,P0007,C00012,East,,14423.4,0.0,28846.8
T107503,10/15/2025,P0008,C00199,Central,5.0,499.0,0.0,2495.0
T107049,2024-11-06,P0026,C00239,East,3.0,13905.57,0.0,41716.71
T101765,2023-02-28,P0013,C00029,East,8.0,9164.46,0.0,73315.68
T106306,10/28/2025,P0001,C00124,West,1.0,6017.98,0.0,6017.98
T101470,15/06/2023,P0009,C00005,East,2.0,11247.7,0.0,22495.4
T103997,03/09/2023,P0019,C00044,South,2.0,6013.99,0.0,12027.98
T105130,17-Nov-2024,P0036,C00073,South,3.0,4229.62,0.0,12688.86
T103460,06/14/2024,P0004,C00131,West,-3.0,4999.13,0.05,14247.52
T100747,13-Apr-2023,P0039,C00043,West,5.0,,0.0,72899.6
T105304,13/12/2024,P0003,C00105,West,,10949.99,0.0,142349.87
T102455,23/04/2025,P0019,C00080,North,1.0,6013.99,0.0,6013.99
T107359,08/09/2024,P0007,C00224,Central,5.0,,0.0,"₹72,117.00"
T105929,2025-10-22,P0001,C00226,West,13.0,6017.98,0.0,78233.74
T105058,15-Jun-2023,P0022,C00143,South,-5.0,3102.81,0.0,15514.05
T107613,2025-03-01,P0013,C00090,SOUTH ,2.0,9164.46,0.05,17412.47
T108430,17-Jan-2025,P0019,C00244,South,3.0,6013.99,0.0,18041.97
T104556,29/11/2023,P0024,C00002,West,4.0,11884.11,0.15,40405.97
T106547,2025-05-23,P0038,C00026,North,1.0,5836.46,0.0,5836.46
T100265,2023-10-05,P0005,C00177,South,5.0,8621.09,0.1,38794.9
T103971,13/06/2024,P0032,C00103,West,3.0,5656.65,0.0,16969.95
T101803,07/09/2024,P0015,C00245,Central,6.0,4549.66,,24568.16
T101071,2024-09-12,P0012,C00024,South,3.0,14484.04,0.05,41279.51
T107757,05-May-2024,P0013,C00171,East,6.0,9164.46,0.0,54986.76
T100457,08/04/2023,P0007,C00221,West,4.0,,0.0,57693.6
T106984,03/27/2023,P0026,C00033,North,2.0,13905.57,0.2,22248.91
T104391,11/08/2025,P0025,C00073,South,4.0,9148.51,0.0,"₹36,594.04"
T108437,2023-03-06,P0007,C00165,West,6.0,14423.4,0.0,86540.4
T108741,2023-04-17,P0028,C00166,Central  ,2.0,13737.15,0.0,27474.3
T101791,05/02/2024,P0031,C00107,East,2.0,1566.84,0.0,3133.68
T108697,15-Dec-2025,P0005,C00148,North,9.0,8621.09,0.0,77589.81
T107716,16-Nov-2023,P0022,C00012,East,11.0,3102.81,0.0,34130.91
T101631,05/17/2023,P0001,C00091,Central,2.0,6017.98,0.0,12035.96
T105527,10/02/2023,P0027,C00225,SOUTH ,7.0,9818.49,0.0,68729.43
T108884,14/01/2023,P0011,C00135,North,5.0,8863.25,0.0,44316.25
T101559,05/19/2025,P0010,C00024,South,3.0,8164.43,0.05,23268.63
T101018,28-Jul-2023,P0036,C00162,north,9.0,4229.62,0.0,38066.58
T107252,07-Nov-2023,P0032,C00097,West,4.0,5656.65,0.0,22626.6
T103153,2024-01-14,P0001,C00245,Central,4.0,6017.98,0.0,24071.92
T108279,09-Nov-2025,P0005,C00060,,11.0,8621.09,0.0,94831.99
T106504,11/05/2024,P0011,C00219,West,1.0,8863.25,0.0,8863.25
T102531,11/22/2024,P0017,C00073,South,3.0,382.2,0.0,1146.6
T101413,03/03/2024,P0023,C00096,Central,2.0,10713.43,0.0,"₹21,426.86"
T107345,02/09/2025,P0010,C00030,North,4.0,8164.43,0.1,29391.95
T107193,31/12/2024,P0002,C00031,South,8.0,13910.88,0.0,111287.04
T100708,2024-03-16,P0034,C00236,East,6.0,10038.95,0.05,57222.02
T103107,08/13/2025,P0021,C00156,South,2.0,359.09,0.1,646.36
T102753,06/06/2024,P0026,C00016,West,1.0,13905.57,0.0,13905.57
T108221,20-Apr-2025,P0004,C00050,East,7.0,4999.13,0.15,29744.82
T104975,06/26/2023,P0001,C00109,North,2.0,6017.98,0.0,12035.96
T105310,02/19/2024,P0021,C00065, East,2.0,359.09,0.1,646.36
T108213,02/26/2023,P0008,C00160,South,4.0,499.0,0.0,1996.0
T108633,27/11/2023,P0038,C00025,South,3.0,5836.46,0.05,16633.91
T107885,23-Jan-2025,P0038,C00099,,2.0,5836.46,0.0,11672.92
T108853,16-Mar-2023,P0004,C00117,West,5.0,4999.13,0.0,24995.65
T102846,2023-09-16,P0032,C00155,West,6.0,5656.65,0.0,33939.9
T108544,21-Jan-2023,P0017,C00146,Central,1.0,382.2,0.0,₹382.20
T108051,2024-01-05,P0018,C00037,South,3.0,6437.51,0.0,19312.53
T105040,2025-04-18,P0032,C00106,,4.0,5656.65,0.0,22626.6
T107664,08/01/2024,P0002,C00089,East,1.0,13910.88,0.0,13910.88
T108104,19/10/2024,P0002,C00048,South,10.0,13910.88,0.0,139108.8
T102698,2023-07-07,P0019,C00183,South,4.0,6013.99,0.15,20447.57
T103428,2025-04-04,P0040,C00111,North,6.0,12756.37,0.0,76538.22
T105193,09/06/2024,P0029,C00141,South,2.0,12773.07,0.05,24268.83
T106224,2025-04-12,P0001,C00089,East,6.0,6017.98,0.0,36107.88
T106360,17/04/2024,P0025,C00058,East,4.0,9148.51,0.2,29275.23
T106443,25-Mar-2024,P0008,C00023,West,4.0,499.0,0.0,1996.0
T100761,2024-02-16,P0039,C00172,Central,6.0,14579.92,0.0,87479.52
T105440,11/30/2024,P0018,C00153,Central,10.0,6437.51,0.05,61156.34
T106159,2023-08-01,P0001,C00240,South,,6017.98,0.0,18053.94
T103680,29/06/2024,P0040,C00019,Central,7.0,12756.37,0.0,89294.59
T100908,01/30/2025,P0029,C00241,South,1.0,12773.07,0.1,11495.76
T105340,05/14/2025,P0030,C00193,East,4.0,6824.34,0.0,27297.36
T101010,2025-02-14,P0016,C00018,Central,1.0,2604.21,0.0,2604.21
T100624,05/09/2024,P0010,C00059,North,3.0,8164.43,0.05,23268.63
T101402,19-Sep-2025,P0024,C00184,East,1.0,11884.11,0.0,11884.11
T101603,2025-05-09,P0011,C00227,Central,4.0,8863.25,0.1,31907.7
T106271,05/07/2024,P0005,C00120,West,2.0,8621.09,0.0,17242.18
T105350,04/08/2025,P0016,C00019,Central,4.0,2604.21,0.1,9375.16
T107940,25/10/2024,P0028,C00131,West,3.0,13737.15,0.05,39150.88
T108031,18-Sep-2024,P0021,C00112,South,8.0,359.09,0.15,2441.81
T107895,2025-12-12,P0037,C00079,South,11.0,8484.46,0.0,93329.06
T108242,11/02/2023,P0002,C00113,East,1.0,13910.88,0.0,13910.88
T100106,06/04/2023,P0031,C00082,East,5.0,1566.84,0.0,7834.2
T108609,05/06/2023,P0030,C00151,East,2.0,6824.34,0.0,"₹13,648.68"
T103614,2025-06-23,P0015,C00151,East,,4549.66,0.0,4549.66
T103980,13-Dec-2024,P0004,C00152,North,6.0,4999.13,0.0,29994.78
T104682,18-Apr-2024,P0023,C00162,north,5.0,10713.43,0.0,53567.15
T105359,10/03/2025,P0004,C00037,South,6.0,4999.13,0.0,29994.78
T100582,25-Dec-2025,P0034,C00160,South,7.0,10038.95,0.1,63245.39
T108670,06/01/2023,P0040,C00217,North,6.0,12756.37,0.1,68884.4
T104296,08/31/2023,P0040,C00108,West,7.0,12756.37,0.0,89294.59
T107866,2025-01-18,P0019,C00086,West,,6013.99,0.2,24055.96
T103166,01/18/2024,P0028,C00035,Central,4.0,13737.15,0.0,54948.6
T105615,02-Sep-2023,P0009,C00197,South,5.0,,0.0,56238.5
T101543,10/26/2023,P0032,C00236,East,5.0,5656.65,0.1,25454.92
T100212,05/01/2024,P0030,C00014,Central,2.0,6824.34,0.05,12966.25
T100592,2025-08-25,p0017 ,C00159,North,4.0,382.2,0.0,1528.8
T103819,2025-12-10,P0029,C00204,Central,9.0,12773.07,0.0,114957.63
T102847,02/26/2024,P0016,C00008,South,4.0,2604.21,0.0,10416.84
T108088,2023-06-05,P0038,C00054,Central,6.0,5836.46,0.05,33267.82
T104861,2023-10-13,P0005,C00038,West,5.0,8621.09,0.0,43105.45
T107975,2025-11-16,P0031,C00147,North,9.0,1566.84,0.0,14101.56
T105836,16/02/2024,P0022,C00163,,2.0,3102.81,0.0,6205.62
T105244,12/25/2025,P0030,C00208,Central,3.0,6824.34,0.0,20473.02
T105180,15-Jul-2023,P0035,C00113,East,3.0,8930.77,0.15,22773.46
T104032,18-Oct-2024,P0027,C00067,,3.0,9818.49,0.0,29455.47
T108205,08/23/2024,P0008,C00046,South,3.0,499.0,0.2,1197.6
T101330,2025-11-27,P0001,C00172,Central,9.0,6017.98,0.0,54161.82
T105492,12/10/2024,P0005,C00002,West,5.0,8621.09,0.0,43105.45
T100107,02-Apr-2023,P0021,C00167,East,5.0,359.09,0.0,1795.45
T100518,2023-09-16,P0020,C00018,Central,4.0,4508.3,0.0,18033.2
T106749,2025-10-01,P0025,C00176,East,6.0,9148.51,0.05,52146.51
T106076,03/12/2023,P0003,C00207,Central,9.0,10949.99,0.2,78839.93
T105014,2024-03-14,P0003,C00158,East,5.0,10949.99,0.0,54749.95
T107220,26/07/2023,P0009,C00154,,3.0,,0.0,33743.1
T102245,05-Aug-2025,P0030,C00021,Central,1.0,6824.34,0.05,6483.12
T103784,19-Oct-2024,P0015,C00059,North,6.0,4549.66,0.0,"₹27,297.96"
T102622,2024-06-07,P0036,C00099,North,3.0,4229.62,0.05,12054.42
T101606,30/03/2024,P0023,C00020,,6.0,10713.43,0.0,64280.58
T108841,07/21/2023,P0036,C00143,South,6.0,4229.62,0.15,21571.06
T104598,29-Oct-2023,P0029,C00078,West,7.0,12773.07,0.0,89411.49
T106974,23-Jul-2024,P0013,C00014,Central,6.0,9164.46,0.2,43989.41
T100447,12-Jun-2024,P0030,C00070,west,3.0,6824.34,0.0,20473.02
T107902,06-Dec-2024,P0023,C00159,North,6.0,10713.43,0.1,57852.52
T105484,09/03/2025,P0018,C00233,,2.0,6437.51,0.0,12875.02
T103087,03/01/2025,P0024,C00117,West,4.0,11884.11,0.0,47536.44
T103080,11/01/2024,P0038,C00200,North,3.0,5836.46,0.0,17509.38
T108367,2025-01-21,P0038,C00025,,1.0,5836.46,0.0,5836.46
T100239,2025-02-18,P0011,C00017, East,3.0,8863.25,0.0,26589.75
T102888,24-Jun-2023,P0027,C00037,South,5.0,9818.49,0.0,49092.45
T105190,15-Dec-2024,P0029,C00015,South,3.0,12773.07,0.0,38319.21
T104866,10/27/2025,P0016,C00128,South,10.0,2604.21,0.0,26042.1
T100222,05-Jun-2024,P0006,C00103,West,4.0,7884.39,0.2,25230.05
T102664,06-Feb-2025,P0036,C00099,North,2.0,4229.62,0.0,8459.24
T104210,2025-05-12,P0016,C00201,West,3.0,2604.21,0.0,7812.63
T108861,08-Sep-2025,P0018,C00067,,6.0,6437.51,0.0,38625.06
T103017,04/13/2025,P0009,C00188,North,8.0,11247.7,0.0,89981.6
T103095,28-Jul-2023,P0018,C00164,North,4.0,6437.51,0.0,25750.04
T105716,28-Aug-2024,P0030,C00124,West,2.0,6824.34,0.0,13648.68
T102157,19/05/2023,P0012,C00017, East,6.0,14484.04,0.1,78213.82
T107332,26-Aug-2024,P0016,C00138,Central,4.0,2604.21,0.0,10416.84
T100131,2024-11-30,P0023,C00222,Central,16.0,10713.43,0.0,171414.88
T108504,2023-03-07,P0017,C00098,East,5.0,382.2,0.0,1911.0
T108615,05/25/2024,P0004,C00179,North,2.0,4999.13,0.0,9998.26
T102499,17/03/2023,P0011,C00143,South,4.0,8863.25,0.0,35453.0
T105940,30-May-2024,P0008,C00082,East,2.0,499.0,0.1,₹898.20
T108454,07/31/2024,P0001,C00009,Central,5.0,6017.98,0.0,30089.9
T105648,09/04/2025,P0034,C00206,North,3.0,10038.95,0.2,24093.48
T106583,27/11/2024,P0010,C00112,South,7.0,8164.43,0.1,51435.91
T102663,09/07/2024,P0003,C00061,West,2.0,10949.99,0.0,21899.98
T108067,2025-08-07,P0019,C00200,North,11.0,6013.99,0.0,66153.89
T106876,30/12/2024,P0037,C00178,West,8.0,8484.46,0.0,67875.68
T104881,15-Jan-2024,P0030,C00046,South,5.0,6824.34,0.0,"₹34,121.70"
T104625,2025-11-09,P0030,C00148,North,5.0,6824.34,0.0,34121.7
T108027,2025-08-09,P0012,C00033,North,6.0,14484.04,0.0,86904.24
T104323,25-Feb-2023,P0034,C00248,North,3.0,10038.95,0.2,24093.48
T108158,29-Aug-2025,P0033,C00144,West,4.0,10082.29,0.0,40329.16
T104870,22/02/2023,P0033,C00014,Central,2.0,10082.29,0.1,18148.12
T106350,06-Nov-2025,P0032,C00078,West,7.0,5656.65,0.1,35636.89
T106516,16/06/2024,P0018,C00125,North,3.0,6437.51,0.0,19312.53
T100474,02/08/2023,P0011,C00203,West  ,5.0,8863.25,0.1,39884.62
T100866,2023-12-25,P0014,C00199,Central,10.0,500.0,0.0,5000.0
T105638,2025-10-09,P0020,C00205,North,6.0,,0.0,27049.8
T106053,12/02/2023,P0033,C00120,West,4.0,10082.29,0.0,40329.16
T102321,09/26/2023,P0028,C00163,,7.0,13737.15,0.0,96160.05
T107744,2024-12-29,P0032,C00082,East,10.0,5656.65,0.1,50909.85
T103653,17-Aug-2023,P0038,C00247,North,2.0,5836.46,0.0,11672.92
T103044,17/02/2023,P0039,C00240,South,4.0,14579.92,0.0,58319.68
T106997,10-Mar-2025,P0025,C00134,East,6.0,9148.51,0.05,52146.51
T101730,2025-08-19,P0028,C00095,Central,4.0,13737.15,0.0,54948.6
T102626,07-Oct-2023,P0039,C00017, East,1.0,14579.92,0.0,14579.92
T103942,12/28/2024,P0039,C00095,Central,5.0,14579.92,0.05,"₹69,254.62"
T104001,2023-05-20,P0033,C00061,West,3.0,10082.29,0.1,27222.18
T105257,06-Apr-2024,P0023,C00147,North,,10713.43,0.0,64280.58
T100092,04/02/2024,P0022,C00042,Central,4.0,3102.81,0.0,12411.24
T107297,07/06/2023,P0023,C00247,North  ,4.0,10713.43,0.0,42853.72
T103254,2024-09-16,P0034,C00063,North,4.0,10038.95,0.05,38148.01
T101729,10/20/2024,P0011,C00169,,6.0,8863.25,0.0,53179.5
T106576,24-Apr-2025,P0011,C00068,north,2.0,8863.25,0.0,17726.5
T105630,03/25/2024,P0010,C00149,North,4.0,8164.43,0.0,32657.72
T102083,2025-10-17,P0035,C00198,West,8.0,8930.77,,71446.16
T104619,11-Apr-2023,P0009,C00079,South,2.0,11247.7,0.15,19121.09
T105846,2024-01-17,P0006,C00070,West,6.0,7884.39,0.0,47306.34
T106815,11-Jun-2024,P0036,C00115,East,2.0,4229.62,0.0,8459.24
T108686,2023-03-31,P0011,C00143,South,6.0,8863.25,0.0,53179.5
T106176,21/11/2023,P0015,C00139,South,unknown,4549.66,0.0,18198.64
T102213,12-Mar-2025,P0014,C00159,North,2.0,500.0,0.0,1000.0
T108043,2024-08-08,P0040,C00071, East,3.0,12756.37,0.0,38269.11
T103624,03/11/2023,P0026,C00055,South,3.0,13905.57,0.1,37545.04
T103272,12/03/2023,P0024,C00004,East,7.0,11884.11,0.1,74869.89
T100563,2023-07-09,P0020,C00146,Central,4.0,4508.3,0.05,17131.54
T103037,18/07/2025,P0008,C00077,South,2.0,499.0,0.0,₹998.00
T107602,16/11/2024,P0024,C00167,East,3.0,11884.11,0.0,35652.33
T105942,02/11/2023,P0037,C00209,East,6.0,8484.46,0.0,50906.76
T103132,07/02/2025,P0037,C00025,South,3.0,8484.46,0.0,25453.38
T106191,2025-09-20,P0034,C00115,East,2.0,10038.95,0.1,18070.11
T108652,05/04/2025,P0023,C00079,South,7.0,10713.43,0.0,74994.01
T107076,2023-12-13,P0007,C00004,East,7.0,14423.4,0.0,100963.8
T104191,26/03/2023,P0030,C00162,north,4.0,6824.34,0.0,27297.36
T104879,2025-09-28,P0030,C00079,South  ,1.0,6824.34,0.05,6483.12
T106992,03/02/2025,P0022,C00099,North,4.0,3102.81,0.0,12411.24
T103000,02-Sep-2023,P0007,C00091,Central,3.0,14423.4,0.15,36779.67
T105485,01-Apr-2024,P0021,C00021,Central,6.0,359.09,0.1,1939.09
T100586,05/06/2023,P0029,C00109,North,4.0,,0.0,51092.28
T101393,03/19/2023,P0037,C00085,Central,3.0,8484.46,0.0,25453.38
T101922,06-May-2025,P0011,C00131,West,8.0,8863.25,0.0,70906.0
T103145,2025-04-06,P0033,C00091,Central,3.0,,0.0,30246.87
T107864,27/01/2025,P0032,C00087,,4.0,5656.65,0.0,22626.6
T103931,27-Jul-2024,P0034,C00123,North,6.0,10038.95,0.15,51198.64
T108129,2024-01-18,P0023,C00103,West,1.0,10713.43,0.05,10177.76
T106575,08/22/2023,P0014,C00052,,4.0,500.0,0.15,1700.0
T105747,05/11/2024,P0013,C00007,Central,8.0,9164.46,0.1,65984.11
T103312,15-Jun-2025,P0021,C00218,Central,2.0,359.09,0.0,718.18
T106336,10/08/2024,P0028,C00036,North,6.0,13737.15,0.0,82422.9
T107232,03/23/2023,P0033,C00217,North,5.0,10082.29,,50411.45
T105924,17-Jun-2025,P0014,C00155,West,3.0,500.0,0.0,1500.0
T102287,01-Jan-2025,P0016,C00134,East,1.0,2604.21,0.0,2604.21
T103728,07-Aug-2023,P0019,C00198,West,6.0,6013.99,0.0,36083.94
T108655,2023-02-19,P0033,C00070,West,4.0,10082.29,0.0,40329.16
T108977,2023-05-22,P0005,C00097,West,3.0,8621.09,0.2,20690.62
T100321,05-Aug-2024,P0032,C00118,Central,5.0,5656.65,0.0,28283.25
T102276,07/08/2024,P0022,C00129,Central,4.0,3102.81,0.0,12411.24
T105673,09-May-2024,P0034,C00096,Central,5.0,10038.95,0.05,47685.01
T101835,01-Sep-2025,P0015,C00098,East,2.0,4549.66,0.0,9099.32
T104292,19-Jun-2024,P0040,C00067,,2.0,12756.37,0.0,25512.74
T101153,28-Dec-2023,P0007,C00004,East,7.0,14423.4,0.0,100963.8
T105595,07/28/2025,P0024,C00108,West,3.0,11884.11,0.15,30304.48
T105736,10/16/2023,P0023,C00167,East,4.0,10713.43,0.0,42853.72
T101649,01/04/2024,P0013,C00079,South,3.0,9164.46,0.0,27493.38
T104896,03-Mar-2025,P0005,C00035,Central,6.0,8621.09,0.0,51726.54
T107175,2025-07-08,P0004,C00039,North,1.0,4999.13,0.0,4999.13
T103881,05/27/2023,P0031,C00050,East,3.0,1566.84,0.0,4700.52
T107451,02-Nov-2025,P0011,C00194,East,7.0,8863.25,0.0,62042.75
T103677,12/04/2025,P0015,C00057,East,11.0,4549.66,0.0,50046.26
T102917,05/17/2023,P0011,C00096,Central,3.0,8863.25,0.05,25260.26
T100856,2023-12-09,P0018,C00238,West,7.0,6437.51,0.0,45062.57
T107708,04/07/2023,P0037,C00222,Central,7.0,8484.46,0.0,59391.22
T106820,15-Nov-2023,P0002,C00179,North,4.0,13910.88,0.0,55643.52
T102534,07/10/2025,P0015,C00121,East,5.0,4549.66,0.0,"₹22,748.30"
T107216,23-Jun-2024,P0039,C00065, East,3.0,14579.92,0.0,43739.76
T102471,08/27/2023,P0025,C00141,South,6.0,9148.51,0.0,54891.06
T105852,2024-04-12,P0016,C00047,Central,3.0,2604.21,0.05,7422.0
T104438,06/02/2025,P0036,C00130,East,2.0,4229.62,0.0,8459.24
T101569,10/22/2023,P0032,C00132,Central,2.0,,0.1,10181.97
T107064,2024-12-07,P0040,C00225,SOUTH ,8.0,12756.37,0.1,91845.86
T102221,10/25/2025,P0026,C00205,North,3.0,13905.57,0.0,41716.71
T102644,14/07/2023,P0016,C00171,East,5.0,2604.21,0.0,13021.05
T106299,07-Apr-2023,P0040,C00164,North,5.0,12756.37,0.0,63781.85
T102874,13/07/2025,P0022,C00174,Central,6.0,3102.81,0.0,18616.86
T108436,14/12/2025,P0003,C00049,East,3.0,10949.99,0.05,31207.47
T105938,2023-07-26,P0024,C00160,South,5.0,11884.11,0.15,50507.47
T108030,2023-04-30,P0002,C00117,West,4.0,13910.88,0.0,55643.52
T108513,21-Jul-2023,P0016,C00089,East,8.0,2604.21,0.0,20833.68
T102133,2025-07-24,P0022,C00008,South,3.0,3102.81,0.1,8377.59
T107425,08-Aug-2023,P0016,C00208,Central,3.0,2604.21,0.1,7031.37
T102995,09/12/2025,P0020,C00191,South,9.0,4508.3,0.05,38545.97
T101965,2024-06-02,P0034,C00056,South,5.0,10038.95,0.0,50194.75
T108888,21-May-2025,P0006,C00167,East,6.0,7884.39,,47306.34
T101593,02-Apr-2025,P0008,C00227,Central,2.0,499.0,0.0,998.0
T100047,13-Jun-2023,P0026,C00011,East,7.0,13905.57,0.0,97338.99
T107261,14-Oct-2025,P0002,C00098,East,1.0,13910.88,0.1,12519.79
T100014,27/12/2023,P0038,C00218,Central,9.0,5836.46,0.0,52528.14
T105566,2024-04-08,P0025,C00141,South,3.0,9148.51,0.05,26073.25
T108467,10/14/2024,P0017,C00204,Central,3.0,382.2,0.0,1146.6
T102392,2023-06-22,P0023,C00128,South,3.0,10713.43,0.05,30533.28
T101055,01/07/2025,P0006,C00177,South,7.0,7884.39,0.0,55190.73
T107598,10/26/2025,P0011,C00008,South,6.0,8863.25,0.0,53179.5
T108994,26/04/2023,P0021,C00092,SOUTH ,5.0,359.09,0.05,1705.68
T101978,2025-04-04,P0031,C00013,Central,6.0,1566.84,0.05,8930.99
T105164,2023-08-13,P0035,C00204,Central,2.0,8930.77,0.0,17861.54
T106649,04-Mar-2024,P0027,C00085,Central,5.0,9818.49,0.0,49092.45
T103071,09/08/2024,P0014,C00214,Central,4.0,500.0,0.0,2000.0
T101090,12/03/2025,P0034,C00240,South,5.0,10038.95,0.2,"₹40,155.80"
T108456,24/02/2025,P0004,C00095,Central,2.0,4999.13,0.0,9998.26
T106739,2025-05-04,P0014,C00031,South,3.0,500.0,0.2,1200.0
T106794,2024-05-22,P0013,C00072,West,2.0,9164.46,0.15,15579.58
T108732,09/27/2025,P0004,C00199,Central,4.0,4999.13,0.0,19996.52
T101222,05/09/2024,P0006,C00225,SOUTH ,7.0,7884.39,0.1,49671.66
T103032,11/14/2025,P0039,C00180,Central,13.0,14579.92,0.1,170585.06
T108727,2025-05-26,P0007,C00140,West,4.0,14423.4,0.05,54808.92
T103838,07/26/2023,P0035,C00227,central,3.0,8930.77,0.0,26792.31
T103007,20-Sep-2024,P0016,C00195,East,3.0,2604.21,0.0,7812.63
T103397,25/02/2023,P0038,C00162,north,2.0,5836.46,0.05,"₹11,089.27"
T106217,19-Jul-2023,P0003,C00029,East,4.0,10949.99,0.0,43799.96
T106673,2023-01-29,P0004,C00239,East,1.0,4999.13,0.0,4999.13
T105992,30-Jul-2024,P0020,C00097,West,4.0,4508.3,0.0,18033.2
T108139,12/07/2025,P0007,C00019,Central,5.0,14423.4,0.05,68511.15
T102909,06/20/2023,P0029,C00158,East,3.0,12773.07,0.0,38319.21
T101620,21/02/2023,P0005,C00053,West,3.0,8621.09,0.0,25863.27
T107170,01/09/2025,P0001,C00141,South,6.0,6017.98,0.0,36107.88
T105167,11/01/2023,P0040,C00017, East,3.0,12756.37,0.0,38269.11
T106239,2025-03-25,P0021,C00175,East,6.0,359.09,0.0,2154.54
T105074,04/26/2023,P0001,C00081,West,8.0,6017.98,,48143.84
T105873,2024-12-08,P0030,C00119,South,1.0,6824.34,0.0,6824.34
T108394,12-Mar-2025,P0011,C00165,West,3.0,8863.25,0.0,26589.75
T102742,15/02/2023,P0040,C00106,West,6.0,12756.37,0.15,65057.49
T101918,2024-04-15,P0018,C00176,East,3.0,6437.51,0.2,15450.02
T105634,2025-10-23,P0007,C00001,West,8.0,14423.4,0.0,115387.2
T100063,01/11/2025,P0001,C00242,East,9.0,6017.98,0.15,46037.55
T105210,2023-12-06,P0007,C00084,North,6.0,14423.4,0.1,77886.36
T102602,2024-02-25,P0007,C00128,South,6.0,14423.4,0.1,77886.36
T103418,25/06/2023,P0021,C00200,North,5.0,359.09,0.05,1705.68
T102111,2025-06-29,P0039,C00087,,1.0,14579.92,0.0,14579.92
T108381,09/20/2025,P0033,C00086,West,4.0,10082.29,0.2,32263.33
T105961,05/31/2025,P0038,C00049,East,6.0,5836.46,0.0,35018.76
T107507,08/01/2025,P0024,C00113,East,1.0,11884.11,0.1,10695.7
T104955,02-Sep-2025,P0009,C00081,West,6.0,11247.7,0.0,67486.2
T102865,22-Sep-2023,P0036,C00192,Central,4.0,4229.62,0.05,16072.56
T105402,12/30/2024,P0032,C00024,South,6.0,5656.65,0.1,30545.91
T103527,2023-10-05,P0026,C00213,South,4.0,13905.57,0.0,55622.28
T105563,09/27/2023,P0029,C00111,North,2.0,12773.07,0.0,25546.14
T108827,01-Dec-2023,P0016,C00030,North,4.0,2604.21,0.0,10416.84
T101954,28/10/2025,P0014,C00234, East,8.0,500.0,0.0,4000.0
T100763,28/11/2023,P0021,C00052,East,8.0,359.09,0.0,2872.72
T102885,06/03/2024,P0030,C00201,West,3.0,6824.34,0.0,20473.02
T106908,22/11/2024,P0026,C00014,Central,7.0,13905.57,0.0,97338.99
T103541,10/08/2024,P0019,C00034,East,4.0,6013.99,0.0,24055.96
T108065,04/17/2025,P0028,C00044,South,-1.0,13737.15,0.0,13737.15
T106202,13-Feb-2025,P0018,C00191,,2.0,6437.51,0.0,12875.02
T107829,04-Jan-2024,P0035,C00171,East,3.0,8930.77,0.0,26792.31
T101287,09/02/2024,P0034,C00176,East,4.0,10038.95,,40155.8
T108186,25/10/2025,P0008,C00138,Central,5.0,499.0,,2495.0
T101195,12/05/2025,P0020,C00199,Central,7.0,4508.3,0.0,31558.1
T108245,09-Oct-2023,P0019,C00011,East,5.0,6013.99,,28566.45
T105651,05/03/2023,P0005,C00168,North,7.0,8621.09,0.1,54312.87
T108908,01/21/2023,P0032,C00027,,3.0,5656.65,0.1,15272.95
T100932,24/04/2024,P0014,C00188,North,2.0,500.0,0.05,950.0
T100733,29-Mar-2025,P0026,C00136,South,2.0,13905.57,,27811.14
T103458,09/23/2025,P0018,C00243,West,2.0,6437.51,0.0,12875.02
T105011,21/08/2023,P0014,C00218,Central,5.0,500.0,,2375.0
T105119,02/14/2023,P0019,C00144,West,1.0,6013.99,0.0,6013.99
T103772,11/03/2023,P0026,C00080,North,1.0,13905.57,0.0,13905.57
T100743,31-Mar-2024,P0028,C00200,North,2.0,13737.15,0.0,27474.3
T101078,28/07/2025,P0003,C00172,Central,3.0,10949.99,0.2,26279.98
T103161,21/06/2023,P0017,C00038,West,5.0,382.2,0.0,1911.0
T100736,01-Feb-2024,P0037,C00215,East,4.0,8484.46,0.0,33937.84
T104185,15/09/2023,P0032,C00059,North,3.0,5656.65,0.1,15272.95
T103365,12-Sep-2024,P0030,C00220,,3.0,6824.34,0.0,20473.02
T103035,01-Dec-2025,P0026,C00006,East,13.0,13905.57,0.0,180772.41
T102816,28/11/2025,P0036,C00166,Central,9.0,4229.62,0.05,36163.25
T108461,01/13/2024,P0021,C00036,North,2.0,359.09,0.0,718.18
T101558,01/22/2024,P0017,C00204,Central,3.0,382.2,0.1,1031.94
T104490,2024-06-07,P0030,C00168,North,2.0,6824.34,0.0,13648.68
T104750,15-Oct-2023,P0021,C00191,South,7.0,359.09,0.1,2262.27
T104329,10-Sep-2024,P0025,C00247,North,4.0,9148.51,0.0,36594.04
T107347,2025-07-30,P0010,C00195,East,3.0,8164.43,0.0,24493.29
T107302,2024-07-16,P0009,C00113,East,6.0,11247.7,0.0,67486.2
T100221,2024-06-06,P0032,C00035,Central,5.0,5656.65,0.0,28283.25
T102291,28-Nov-2024,P0018,C00014,Central,1.0,6437.51,0.0,6437.51
T108872,2023-05-27,P0033,C00166,Central,4.0,10082.29,0.0,40329.16
T106590,26/05/2023,P0018,C00023,West,6.0,6437.51,0.0,38625.06
T105277,2023-01-23,P0011,C00057,East,2.0,8863.25,0.0,17726.5
T108927,31-Aug-2024,P0032,C00201,West,3.0,5656.65,0.0,16969.95
T104762,05/16/2025,P0016,C00230,East,6.0,2604.21,,15625.26
T105620,11-Jun-2025,P0012,C00157,Central,2.0,14484.04,0.0,28968.08
T102252,11/03/2023,P0023,C00227,Central,6.0,10713.43,0.0,64280.58
T101339,06/12/2025,P0022,C00063,North,11.0,3102.81,0.1,30717.82
T105064,03/20/2023,P0012,C00074,East,1.0,14484.04,0.2,11587.23
T105564,31-Jan-2024,P0005,C00080,North,8.0,8621.09,0.0,68968.72
T105599,01/05/2025,P0001,C00036,North,8.0,6017.98,0.1,43329.46
T101512,27-Mar-2025,P0020,C00133,East,8.0,4508.3,0.1,32459.76
T102812,2023-09-17,P0030,C00139,South,5.0,6824.34,0.0,34121.7
T101758,2024-06-15,P0004,C00048,South,4.0,4999.13,,19996.52
T100465,2024-07-14,P0035,C00136,,5.0,8930.77,0.0,44653.85
T100647,30/03/2025,P0026,C00101,East,3.0,13905.57,0.1,37545.04
T105255,2025-09-21,P0032,C00240,South,6.0,5656.65,0.0,33939.9
T105517,29/04/2025,P0025,C00175,East,4.0,9148.51,0.1,32934.64
T106911,2023-06-20,P0011,C00150,East,5.0,8863.25,0.0,44316.25
T106437,2023-06-14,P0009,C00112,South,4.0,11247.7,0.0,44990.8
T102166,08-Dec-2023,P0011,C00227,Central,7.0,8863.25,0.15,52736.34
T103307,30/09/2023,P0016,C00140,West,5.0,2604.21,0.15,11067.89
T101963,30-Jul-2025,P0014,C00221,West,3.0,500.0,0.1,1350.0
T107767,27/04/2024,P0002,C00038,West,1.0,13910.88,0.0,13910.88
T107841,26-Sep-2023,P0008,C00223,Central,7.0,499.0,0.0,3493.0
T103921,03/12/2024,P0005,C00104,South,8.0,8621.09,0.0,68968.72
T107379,11-Sep-2024,P0012,C00220,,5.0,14484.04,0.0,72420.2
T101052,2024-06-16,P0005,C00087,,6.0,8621.09,0.2,41381.23
T107518,27/03/2023,P0002,C00057,East,,13910.88,0.0,69554.4
T104196,22/01/2024,P0017,C00059,North,6.0,382.2,0.0,2293.2
T103238,18/08/2025,P0001,C00040,North,6.0,6017.98,0.0,36107.88
T100879,2023-06-14,P0018,C00019,Central,5.0,6437.51,0.0,32187.55
T102389,27/02/2024,P0016,C00112,South,3.0,2604.21,0.0,7812.63
T103274,26-May-2023,P0026,C00063,North,4.0,13905.57,0.2,44497.82
T101297,22-Apr-2023,P0017,C00103,West,3.0,382.2,0.0,1146.6
T108637,2025-07-23,P0011,C00158,East,4.0,8863.25,0.0,35453.0
T105224,05/28/2024,P0016,C00133,East,1.0,2604.21,0.15,2213.58
T105794,04/11/2023,P0015,C00229,East,7.0,4549.66,0.0,31847.62
T100304,28-Nov-2024,P0005,C00122,West,8.0,8621.09,0.0,68968.72
T104148,2024-09-28,P0032,C00070,West,4.0,5656.65,0.0,22626.6
T104745,2025-02-06,P0018,C00122,West,2.0,6437.51,0.0,12875.02
T108174,2024-01-30,P0009,C00208,Central,2.0,11247.7,0.05,21370.63
T104668,21/05/2024,P0023,C00193,East,6.0,10713.43,0.0,"₹64,280.58"
T104115,2024-01-08,P0009,C00056,South,2.0,11247.7,0.05,21370.63
T107764,29/06/2024,P0017,C00203,West,5.0,382.2,0.0,1911.0
T106977,13-Feb-2025,P0006,C00242,East,4.0,7884.39,0.0,31537.56
T103033,11-Jun-2024,P0005,C00036,North,5.0,8621.09,0.1,38794.9
T101941,26/07/2023,P0021,C00006,East,3.0,359.09,0.0,1077.27
T101076,11/17/2025,P0001,C00146,Central,17.0,6017.98,0.05,97190.38
T106223,12/01/2023,P0034,C00222,Central,4.0,10038.95,0.0,40155.8
T103698,2024-09-30,P0018,C00247,North,3.0,6437.51,0.0,19312.53
T108712,12/11/2023,P0019,C00222,Central,1.0,6013.99,0.2,4811.19
T105894,2025-03-08,P0029,C00243,West,2.0,12773.07,0.0,25546.14
T101862,27-Jan-2023,P0039,C00179,North,1.0,14579.92,0.0,14579.92
T101253,08-Feb-2024,P0004,C00037,South,8.0,4999.13,0.0,39993.04
T101595,31-Aug-2025,P0035,C00160,,3.0,8930.77,0.0,26792.31
T108178,2025-07-08,P0003,C00028,Central,6.0,10949.99,0.0,65699.94
T106561,2025-01-10,P0021,C00216,South,1.0,359.09,0.0,359.09
T108679,16-Dec-2025,P0003,C00175,East,5.0,10949.99,0.0,54749.95
T104949,01-Apr-2025,P0007,C00059,North,2.0,14423.4,0.0,28846.8
T100211,05/02/2025,P0012,C00019,Central,5.0,14484.04,0.15,61557.17
T104995,01/22/2023,P0022,C00243,West,4.0,3102.81,0.0,12411.24
T102770,14/05/2024,P0035,C00160,South,5.0,8930.77,0.0,44653.85
T101739,19-Jan-2024,P0039,C00101,East,1.0,14579.92,0.0,14579.92
T106584,07/10/2024,P0034,C00080,North,1.0,10038.95,0.05,9537.0
T108105,2023-06-08,P0005,C00165,West,8.0,8621.09,0.0,68968.72
T103131,01-Jun-2024,P0014,C00041,East,3.0,500.0,0.0,1500.0
T104170,2024-11-01,P0029,C00010,South,16.0,12773.07,0.0,204369.12
T102820,25-Sep-2023,P0022,C00125,North,4.0,3102.81,0.05,11790.68
T107335,08/18/2024,P0024,C00198,West,2.0,11884.11,0.1,21391.4
T104525,21-Aug-2023,P0018,C00120,West,5.0,6437.51,0.0,32187.55
T108331,31/12/2024,P0027,C00210,North,8.0,9818.49,0.0,78547.92
T102008,2025-05-11,P0008,C00039,North,1.0,499.0,0.1,449.1
T101430,2024-05-31,P0003,C00177,South,4.0,10949.99,0.1,39419.96
T105769,02/16/2025,P0008,C00014,Central  ,3.0,499.0,0.0,1497.0
T101199,11/26/2024,P0025,C00024,,7.0,9148.51,0.0,64039.57
T107950,20-Aug-2025,P0025,C00033,North,3.0,9148.51,0.0,27445.53
T107878,20/04/2024,P0002,C00222,Central,2.0,13910.88,,27821.76
T105964,21-Nov-2023,P0017,C00178,West,9.0,382.2,0.05,3267.81
T105019,2023-05-21,P0005,C00097,West,3.0,8621.09,0.0,25863.27
T105900,2023-10-23,P0032,C00230,East,2.0,5656.65,0.1,10181.97
T106214,19-Jul-2024,P0020,C00075,,5.0,4508.3,0.0,22541.5
T106740,05/12/2024,P0007,C00051,East,4.0,14423.4,0.1,51924.24
T106125,2025-09-01,P0003,C00078,West,6.0,10949.99,0.1,59129.95
T101864,08/14/2025,P0032,C00224,Central,7.0,5656.65,0.0,39596.55
T103918,02-Oct-2023,P0010,C00046,South,11.0,8164.43,0.0,89808.73
T100037,03/14/2023,P0033,C00214,Central,1.0,10082.29,0.15,8569.95
T107596,06/07/2024,P0029,C00216,South,3.0,12773.07,0.1,34487.29
T101981,01/01/2024,P0034,C00193,East,5.0,10038.95,0.05,47685.01
T100019,2024-03-24,P0016,C00039,North,1.0,2604.21,0.05,2474.0
T103346,2024-10-13,P0010,C00124,West,7.0,8164.43,0.0,57151.01
T105444,2025-12-21,P0025,C00106,West,3.0,9148.51,0.0,27445.53
T100960,12/03/2024,P0018,C00205,North,11.0,6437.51,0.0,70812.61
T104651,22-May-2024,P0007,C00159,North,4.0,14423.4,0.0,57693.6
T101068,10/10/2024,P0008,C00223,Central,4.0,499.0,0.0,1996.0
T102614,2025-02-26,P0020,C00047,Central,3.0,,0.0,13524.9
T100538,28-Jul-2024,P0008,C00190,North,5.0,499.0,0.0,2495.0
T107171,06-Jan-2024,P0008,C00245,Central,3.0,499.0,0.05,1422.15
T104376,23-Sep-2024,P0002,C00215,East,4.0,13910.88,0.0,55643.52
T104827,03/03/2024,P0016,C00024,South,3.0,2604.21,0.0,7812.63
T102142,02/21/2024,P0002,C00224,Central,4.0,13910.88,0.0,"₹55,643.52"
T101513,03/24/2023,P0012,C00107,East,1.0,14484.04,0.1,13035.64
T103945,03/11/2023,P0032,C00222,Central,6.0,5656.65,0.15,28848.91
T105775,30/07/2024,P0019,C00157,Central,5.0,6013.99,0.0,"₹30,069.95"
T108283,08-Feb-2025,P0032,C00157,Central,2.0,5656.65,0.05,10747.63
T100676,09/12/2023,P0024,C00013,Central,6.0,11884.11,0.0,71304.66
T100765,10-Feb-2023,P0005,C00072,West,1.0,8621.09,0.0,8621.09
T102199,04/04/2024,P0016,C00220,,2.0,2604.21,0.0,5208.42
T104264,08/05/2025,P0014,C00010,South,4.0,500.0,,1800.0
T103643,20/08/2023,P0016,C00228,South,6.0,2604.21,0.0,15625.26
T100346,02-Jul-2023,P0021,C00065, East,4.0,359.09,0.0,1436.36
T101626,17/03/2025,P0008,C00035,Central,1.0,499.0,0.0,499.0
T102569,2025-06-05,P0010,C00211,West,3.0,8164.43,0.0,"₹24,493.29"
T108393,04/04/2025,P0023,C00164,North,6.0,10713.43,0.1,57852.52
T102678,16/04/2025,P0036,C00174,Central,4.0,4229.62,0.0,16918.48
T105537,06-Dec-2025,P0001,C00224,Central,5.0,6017.98,0.0,30089.9
T107117,17-Apr-2025,P0027,C00199,Central,4.0,9818.49,0.0,39273.96
T105365,16-Apr-2023,P0008,C00097,West,5.0,499.0,0.05,2370.25
T104680,11-Jun-2024,P0003,C00071, East,1.0,10949.99,0.15,9307.49
T106378,12/28/2024,P0004,C00004,East,1.0,4999.13,0.0,4999.13
T105032,12-Sep-2024,P0005,C00205,North,4.0,8621.09,0.0,34484.36
T104024,07/09/2024,P0031,C00048,South,5.0,1566.84,0.1,7050.78
T104554,01/29/2023,P0012,C00173,Central,2.0,14484.04,0.0,28968.08
T103457,14/09/2025,P0006,C00135,North,3.0,7884.39,0.1,21287.85
T104796,2023-10-22,P0020,C00165,West,5.0,4508.3,0.2,18033.2
T102726,27/10/2024,P0029,C00056,South,4.0,12773.07,0.0,51092.28
T103761,15-Apr-2025,P0014,C00065, East,6.0,500.0,0.0,3000.0
T108528,06/08/2025,P0002,C00127,SOUTH ,12.0,13910.88,0.0,166930.56
T104053,04/17/2024,P0008,C00061,West,2.0,499.0,0.0,998.0
T101557,05/18/2024,P0019,C00245,Central,,6013.99,0.0,12027.98
T101123,04/28/2024,P0005,C00124,West,2.0,8621.09,0.0,17242.18
T106842,2025-09-12,P0035,C00071, East,4.0,8930.77,0.0,35723.08
T105072,25/09/2024,P0040,C00115,East,2.0,12756.37,0.0,25512.74
T103031,12/23/2024,P0036,C00042,Central,1.0,4229.62,0.0,4229.62
T105339,2025-02-28,P0017,C00105,West,12.0,382.2,0.0,4586.4
T101095,05/11/2024,P0015,C00003,North,10.0,4549.66,0.0,45496.6
T108147,09/01/2025,P0038,C00098,East,6.0,5836.46,0.2,28015.01
T102458,2025-09-04,P0036,C00097,West,3.0,4229.62,0.0,12688.86
T107856,07/15/2023,P0030,C00247,North,7.0,6824.34,0.1,42993.34
T102288,08/28/2024,P0031,C00162,north,1.0,1566.84,0.0,1566.84
T108822,11/28/2025,P0003,C00098,East,5.0,10949.99,0.15,46537.46
T102075,30-Apr-2023,P0022,C00188,North,6.0,3102.81,0.15,15824.33
T104982,25/09/2025,P0037,C00009,Central,8.0,8484.46,0.0,67875.68
T105466,20-Apr-2023,P0018,C00243,West,-6.0,6437.51,0.0,38625.06
T105412,21-Jul-2023,P0005,C00058,East,2.0,8621.09,0.0,17242.18
T100333,08/06/2023,P0002,C00003,North,6.0,13910.88,0.05,79292.02
T105570,2024-02-22,P0011,C00061,West,1.0,8863.25,0.0,8863.25
T107007,06/17/2025,P0021,C00150,East,1.0,359.09,0.05,341.14
T101057,23/06/2024,P0008,C00014,Central,4.0,499.0,0.0,1996.0
T108952,2024-12-19,P0035,C00220,,5.0,8930.77,0.0,44653.85
T104593,20-May-2024,P0033,C00065, East,1.0,10082.29,0.0,10082.29
T106450,02/14/2025,P0010,C00011,East,5.0,8164.43,0.0,40822.15
T104087,18/04/2025,P0016,C00139,South,6.0,2604.21,0.0,15625.26
T106340,25/09/2023,P0016,C00096,Central,3.0,2604.21,0.15,6640.74
T108845,2023-12-04,P0034,C00133,East,6.0,10038.95,0.0,60233.7
T101496,09/23/2023,P0039,C00069,Central,2.0,14579.92,0.0,29159.84
T106126,12/27/2025,P0015,C00221,West,14.0,4549.66,0.05,60510.48
T102127,2024-05-12,P0028,C00216,South,5.0,13737.15,0.0,68685.75
T101701,13-Jul-2025,P0002,C00059,North,4.0,13910.88,0.0,55643.52
T104469,28-May-2025,P0030,C00198,West,1.0,6824.34,0.0,6824.34
T105538,06/08/2024,P0031,C00099,North,4.0,1566.84,0.0,6267.36
T107653,04/27/2025,P0014,C00093,North,2.0,500.0,0.0,1000.0
T108019,03/11/2023,P0036,C00034,,8.0,4229.62,0.0,33836.96
T108892,2025-11-26,P0015,C00105,West,9.0,4549.66,0.0,40946.94
T107692,03-Jan-2023,P0029,C00023,West,4.0,12773.07,0.05,48537.67
T108778,29/10/2025,P0011,C00232,West,5.0,8863.25,0.0,44316.25
T104161,2023-01-21,P0017,C00027,,1.0,382.2,0.0,382.2
T103100,01-Jan-2025,P0013,C00004,East,1.0,9164.46,0.0,9164.46
T105234,16-Aug-2023,P0032,C00041,East,4.0,5656.65,0.0,22626.6
T104139,2024-04-15,P0016,C00012,East,4.0,2604.21,0.0,10416.84
T108236,2025-12-25,P0033,C00095,Central,1.0,,0.0,10082.29
T100023,2024-02-10,P0032,C00031,South,4.0,5656.65,0.0,22626.6
T103182,15/07/2024,P0010,C00236,East,2.0,8164.43,0.0,16328.86
T104373,2024-04-06,P0021,C00012,East,6.0,359.09,0.0,2154.54
T108502,05/03/2023,P0025,C00068,north,4.0,9148.51,0.0,36594.04
T100965,07-Jul-2023,P0021,C00109,North,4.0,359.09,0.1,1292.72
T101112,24/06/2023,P0008,C00128,South,3.0,499.0,0.0,1497.0
T101699,02-Sep-2023,P0013,C00156,South,3.0,9164.46,0.0,27493.38
T104842,2025-04-23,P0022,C00004,East,3.0,3102.81,0.0,9308.43
T102919,2025-09-18,P0023,C00146,Central,3.0,10713.43,0.0,32140.29
T104110,18/02/2023,P0024,C00195,East,3.0,11884.11,0.0,35652.33
T101570,06-Mar-2025,P0018,C00128,South,6.0,6437.51,0.0,38625.06
T101662,16/10/2023,P0018,C00076,Central,11.0,6437.51,0.05,67271.98
T106963,2024-12-24,P0035,C00180,Central,5.0,8930.77,0.05,42421.16
T106178,20/11/2025,P0020,C00236,East,5.0,4508.3,0.0,22541.5
T104773,07-Apr-2024,P0009,C00220,,3.0,11247.7,0.05,32055.95
T103540,03/26/2025,P0035,C00115,East,8.0,8930.77,0.0,71446.16
T104614,08-Sep-2024,P0006,C00013,Central,1.0,7884.39,0.1,7095.95
T107540,02/08/2025,P0039,C00222,Central,4.0,14579.92,0.0,58319.68
T101691,03/08/2025,P0031,C00139,South,1.0,1566.84,0.0,1566.84
T105307,21-Jan-2024,P0039,C00176,East,3.0,14579.92,0.0,43739.76
T108417,12/24/2025,P0035,C00176,East,7.0,8930.77,0.0,62515.39
T107132,26-Apr-2024,P0022,C00151,East,8.0,3102.81,0.0,"₹24,822.48"
T105676,10-Jan-2023,P0006,C00054,Central,4.0,7884.39,0.0,31537.56
T104156,05-Mar-2023,P0025,C00049,East,4.0,9148.51,0.0,36594.04
T106263,28/03/2023,P0008,C00118,Central,6.0,499.0,0.0,2994.0
T106985,01/02/2025,P0012,C00022,North,2.0,14484.04,0.0,28968.08
T100496,2024-12-09,P0005,C00146,Central,5.0,8621.09,0.1,38794.9
T102707,07/07/2023,P0011,C00222,Central,8.0,8863.25,0.05,67360.7
T108709,2023-06-23,P0007,C00020,North,7.0,14423.4,0.0,100963.8
T108518,29/01/2023,P0019,C00013,Central,2.0,6013.99,0.0,12027.98
T107562,2024-04-04,P0034,C00090,SOUTH ,2.0,10038.95,0.0,20077.9
T107349,12/29/2023,P0025,C00228,South,3.0,9148.51,0.0,27445.53
T108749,01/01/2025,P0036,C00122,West,4.0,4229.62,0.0,16918.48
T103018,02/09/2025,P0012,C00004,East,7.0,14484.04,0.0,101388.28
T103448,03/11/2025,P0013,C00157,Central,13.0,9164.46,0.1,107224.18
T100033,14-May-2023,P0036,C00009,Central,3.0,4229.62,0.2,10151.09
T104013,02-May-2023,P0031,C00153,Central,1.0,1566.84,0.0,1566.84
T100050,02/12/2023,P0037,C00007,,12.0,8484.46,0.0,101813.52
T101794,17/06/2025,P0022,C00031,South,8.0,3102.81,0.0,24822.48
T106421,03/25/2023,P0024,C00014,Central,10.0,11884.11,0.1,106956.99
T106058,15-Nov-2024,P0018,C00155,West,12.0,6437.51,0.15,65662.6
T106343,01/12/2024,P0009,C00185,Central,2.0,11247.7,0.0,22495.4
T107054,05/16/2025,P0004,C00227,Central,6.0,4999.13,0.0,29994.78
T108636,07/04/2025,P0011,C00118,Central,1.0,8863.25,0.0,8863.25
T102228,09-Mar-2024,P0001,C00214,Central,1.0,6017.98,0.05,5717.08
T100500,25-Sep-2023,P0007,C00097,West,2.0,14423.4,0.0,28846.8
T108159,04/28/2024,P0030,C00136,south,4.0,6824.34,0.2,21837.89
T105332,11/01/2024,P0022,C00247,North,3.0,3102.81,0.15,7912.17
T107177,2024-03-13,P0032,C00155,West,1.0,5656.65,0.0,5656.65
T102609,12/01/2023,P0024,C00045,West,4.0,11884.11,0.1,42782.8
T106899,07/10/2023,P0008,C00197,South,3.0,499.0,0.15,1272.45
T103994,02/08/2024,P0008,C00207,Central,3.0,499.0,0.05,1422.15
T107082,05/12/2023,P0040,C00236,East,3.0,12756.37,0.0,38269.11
T108768,30-Nov-2023,P0005,C00163,,4.0,8621.09,0.0,34484.36
T104190,05/16/2024,P0034,C00238,West,4.0,10038.95,0.0,40155.8
T102145,21/10/2025,P0030,C00230,East,6.0,6824.34,0.0,40946.04
T101851,20/11/2024,P0015,C00205,North,10.0,4549.66,0.0,45496.6
T106426,14-Apr-2023,P0027,C00021,Central,1.0,9818.49,0.0,9818.49
T108368,12-Jan-2023,P0024,C00116,Central,4.0,11884.11,0.0,47536.44
T106304,2023-09-30,P0001,C00074,East,4.0,6017.98,0.0,24071.92
T100245,2023-08-26,P0001,C00244,South,5.0,,0.0,"₹30,089.90"
T100149,01/17/2023,P0026,C00028,Central,2.0,13905.57,,"₹23,639.47"
T103065,2025-02-26,P0017,C00049,East,1.0,382.2,0.0,382.2
T100185,01-Jan-2024,P0033,C00055,South,2.0,10082.29,0.0,20164.58
T107769,11-Nov-2025,P0007,C00065, East,5.0,14423.4,0.0,72117.0
T100758,2024-02-24,P0039,C00120,West,1.0,14579.92,0.0,14579.92
T105128,2024-05-03,P0034,C00169,Central,5.0,10038.95,0.0,50194.75
T104891,29/07/2023,P0037,C00076,Central,7.0,8484.46,0.0,59391.22
T107482,2023-02-24,P0006,C00040,North,1.0,7884.39,0.0,7884.39
T101728,05/12/2023,P0030,C00123,North,1.0,6824.34,,6824.34
T104241,02/16/2024,P0009,C00007,Central,1.0,11247.7,0.0,11247.7
T103384,12/02/2025,P0016,C00156,South,5.0,2604.21,0.1,11718.94
T101180,04-Oct-2023,P0036,C00143,South,,4229.62,0.0,16918.48
T105009,08/20/2023,P0026,C00047,Central,3.0,13905.57,0.0,41716.71
T101880,22/05/2024,P0008,C00202,,5.0,499.0,0.05,2370.25
T104793,2025-07-23,P0032,C00110,East,3.0,5656.65,0.0,16969.95
T108699,05/31/2024,P0021,C00118,Central,1.0,359.09,0.0,359.09
T106929,10/06/2025,P0034,C00035,Central,6.0,10038.95,0.1,54210.33
T102464,2025-10-09,P0018,C00134,East,6.0,6437.51,0.05,36693.81
T101318,09/11/2023,P0027,C00071,,4.0,9818.49,0.0,39273.96
T108286,03/23/2025,P0007,C00215,East,8.0,14423.4,0.2,92309.76
T100550,2023-08-15,P0022,C00006,East,4.0,3102.81,0.0,12411.24
T101417,04/19/2025,P0003,C00148,North,9.0,10949.99,0.0,98549.91
T102183,03/07/2023,P0029,C00002,West,3.0,12773.07,0.0,38319.21
T108246,2025-12-02,P0007,C00202,,9.0,14423.4,0.0,129810.6
T104740,25/09/2024,P0030,C00149,North,10.0,6824.34,0.0,"₹68,243.40"
T106232,2024-01-22,P0039,C00062,South,1.0,14579.92,0.0,14579.92
T102110,04/25/2024,P0017,C00021,Central,7.0,382.2,0.0,2675.4
T100017,01/30/2025,P0033,C00223,Central,1.0,10082.29,0.05,9578.18
T104813,08/07/2024,P0018,C00027,,5.0,6437.51,0.0,32187.55
T107174,09/08/2023,P0023,C00244,South,1.0,10713.43,0.0,10713.43
T101087,28/04/2023,P0022,C00116,Central,1.0,3102.81,0.0,3102.81
T106967,05/02/2024,P0004,C00054,Central,3.0,4999.13,15.0,12747.78
T101479,2023-05-28,P0009,C00007,Central,4.0,11247.7,,42741.26
T107580,07/12/2024,P0008,C00076,Central,2.0,499.0,0.0,998.0
T101383,04/19/2023,P0001,C00066,West,9.0,6017.98,0.0,54161.82
T104764,2025-09-25,P0018,C00221,West,6.0,6437.51,0.0,38625.06
T107656,07/17/2023,P0012,C00186,North,3.0,14484.04,0.0,43452.12
T103767,2024-10-16,P0036,C00075,,10.0,4229.62,0.0,42296.2
T102586,2024-05-04,P0014,C00061,West,4.0,500.0,0.1,1800.0
T101832,05/17/2025,P0029,C00197,South,3.0,12773.07,0.0,38319.21
T107229,25/06/2023,P0038,C00144,West,4.0,5836.46,0.0,23345.84
T103742,23/12/2023,P0040,C00158,East,4.0,12756.37,0.0,51025.48
T102922,04/25/2024,P0021,C00200,North,6.0,359.09,0.0,2154.54
T106120,2023-10-27,P0026,C00118,Central,2.0,13905.57,0.0,27811.14
T106697,04/05/2023,P0016,C00025,South,6.0,2604.21,0.0,15625.26
T106377,07-Jan-2023,P0013,C00145,North,1.0,9164.46,0.0,9164.46
T104157,2023-01-29,P0037,C00176,East,1.0,,0.0,8484.46
T104294,06/23/2024,P0002,C00019,Central,6.0,13910.88,0.1,75118.75
T107093,03-Apr-2024,P0006,C00044,South,unknown,7884.39,0.1,21287.85
T102114,11/24/2023,P0004,C00247,North,6.0,4999.13,0.0,29994.78
T105590,10/24/2025,P0010,C00111,,1.0,8164.43,0.0,8164.43
T108398,10/30/2024,P0026,C00205,North,4.0,13905.57,0.1,50060.05
T100168,05-May-2025,P0022,C00074,East,4.0,3102.81,0.15,10549.55
T105438,06/11/2025,P0030,C00139,South,3.0,6824.34,0.0,20473.02
T101488,2025-01-14,P0022,C00239,East,2.0,3102.81,0.0,6205.62
T108688,2024-08-30,P0033,C00153,Central,4.0,10082.29,0.0,40329.16
T104385,2024-09-17,P0025,C00079,South,1.0,9148.51,0.0,"₹9,148.51"
T106539,2023-08-05,P0039,C00233,West,5.0,14579.92,0.0,72899.6
T107045,2023-05-19,P0014,C00155,West,,500.0,0.0,2000.0
T106135,12-Nov-2025,P0006,C00099,North,3.0,7884.39,0.2,18922.54
T105400,14/06/2023,P0010,C00012,East,4.0,8164.43,0.0,32657.72
T105820,2025-01-16,P0014,C00014,Central,2.0,500.0,0.0,1000.0
T105457,29/04/2025,P0031,C00075,,6.0,1566.84,0.05,8930.99
T108990,14/07/2024,P0016,C00054,Central,3.0,2604.21,0.0,7812.63
T108671,05/10/2024,P0005,C00030,North,6.0,8621.09,0.0,51726.54
T105927,2024-03-17,P0026,C00052,East,3.0,13905.57,0.05,39630.87
T100718,30/05/2025,P0038,C00067,,7.0,5836.46,0.0,40855.22
T108938,2023-07-19,P0037,C00212,South,4.0,8484.46,,"₹33,937.84"
T106458,2023-01-24,P0034,C00119,South,1.0,,0.05,9537.0
T102513,10/08/2025,P0018,C00101,East,5.0,6437.51,0.0,32187.55
T104248,05/25/2024,P0016,C00088,South,7.0,2604.21,0.0,18229.47
T100487,03/22/2024,P0037,C00246,South,2.0,8484.46,0.0,16968.92
T105571,20/11/2025,P0017,C00127,SOUTH ,,382.2,0.0,1146.6
T102232,07/02/2023,P0032,C00048,South,8.0,5656.65,0.2,36202.56
T101575,05/02/2025,P0007,C00076,Central,4.0,14423.4,0.0,57693.6
T105441,2024-08-04,P0006,C00066,West,4.0,7884.39,0.05,29960.68
T108903,30/01/2024,P0017,C00034,East,5.0,382.2,0.0,1911.0
T103204,2023-11-06,P0037,C00176,East,11.0,8484.46,0.0,93329.06
T104078,12/19/2023,P0039,C00015,South,3.0,14579.92,0.0,43739.76
T105516,2025-02-27,P0033,C00023,West,,10082.29,0.0,10082.29
T101516,16-Jul-2025,P0017,C00127,SOUTH ,3.0,382.2,0.0,1146.6
T107966,06/11/2025,P0018,C00094,,3.0,6437.51,0.0,19312.53
T105221,31-Mar-2025,P0008,C00124,West,3.0,499.0,0.0,1497.0
T103122,2023-04-21,P0020,C00062,South,3.0,4508.3,0.2,10819.92
T101034,17-Jul-2023,P0005,C00035,Central,4.0,8621.09,0.0,34484.36
T104231,21/09/2023,P0006,C00004,East,1.0,7884.39,0.0,7884.39
T101373,09/11/2023,P0001,C00047,Central,3.0,6017.98,0.1,16248.55
T106888,09/10/2023,P0001,C00148,North,3.0,6017.98,0.0,18053.94
T104801,03/28/2025,P0005,C00056,South,3.0,8621.09,0.1,23276.94
T107988,2025-09-25,P0020,C00080,North,2.0,4508.3,0.0,9016.6
T107243,05-Jul-2024,P0023,C00143,South,1.0,10713.43,0.0,10713.43
T104071,01/31/2024,P0026,C00023,West,2.0,13905.57,0.2,22248.91
T102436,2025-07-12,P0029,C00020,North,7.0,12773.07,0.15,75999.77
T108729,05/18/2025,P0029,C00011,East,4.0,12773.07,0.0,51092.28
T100353,28-Aug-2025,P0019,C00153,Central,6.0,6013.99,0.2,28867.15
T108460,12/27/2024,P0039,C00119,South,,14579.92,0.0,87479.52
T106157,03/27/2024,P0001,C00010,South,4.0,6017.98,0.05,22868.32
T107156,12/04/2025,P0007,C00158,East,7.0,14423.4,0.0,100963.8
T100483,11/10/2024,P0015,C00075,,1.0,4549.66,0.2,3639.73
T107304,08/09/2025,P0035,C00013,Central,4.0,8930.77,0.0,35723.08
T103601,05/23/2025,P0012,C00198,West,1.0,14484.04,0.0,14484.04
T103114,05/08/2023,P0005,C00187,North,4.0,8621.09,0.0,34484.36
T106470,2025-08-18,P0002,C00129,Central,6.0,13910.88,0.05,79292.02
T105376,2023-12-06,P0014,C00217,North,,500.0,0.0,3500.0
T105681,28-Aug-2025,P0033,C00176,East,1.0,10082.29,0.0,10082.29
T105300,2025-10-06,P0039,C00242,East,6.0,14579.92,0.0,87479.52
T101149,09/03/2024,P0039,C00219,West,3.0,14579.92,0.0,"₹43,739.76"
T105303,03-Jul-2023,P0022,C00218,central,6.0,3102.81,0.05,17686.02
T107296,2025-01-02,P0031,C00123,North,2.0,1566.84,0.0,3133.68
T105271,29-Mar-2024,P0040,C00065, East,1.0,12756.37,0.0,12756.37
T103413,09/19/2025,P0024,C00126,West,2.0,11884.11,0.15,20202.99
T105608,14/02/2024,P0026,C00065, East,5.0,13905.57,0.0,69527.85
T103424,31/08/2024,P0029,C00097,West,5.0,12773.07,0.1,57478.82
T107563,2025-04-11,P0031,C00221,West,7.0,1566.84,0.0,10967.88
T104295,16-Jan-2023,P0009,C00157,Central,5.0,11247.7,,44990.8
T101188,16-Sep-2025,P0015,C00247,North,6.0,4549.66,0.0,27297.96
T100453,2023-01-22,P0032,C00192,Central,3.0,5656.65,0.0,16969.95
T100766,16-Aug-2025,P0038,C00071, East,2.0,5836.46,0.0,11672.92
T102992,10/11/2024,P0024,C00045,West,8.0,11884.11,0.0,95072.88
T105843,08/12/2024,P0023,C00005,East,1.0,10713.43,0.0,10713.43
T107453,2023-04-08,P0010,C00077,South,3.0,8164.43,0.05,23268.63
T104354,2025-05-20,P0035,C00227,Central,2.0,8930.77,0.2,14289.23
T100682,10/20/2024,P0004,C00230,East,3.0,4999.13,0.0,14997.39
T108590,11/23/2023,P0009,C00009,Central,9.0,11247.7,0.0,101229.3
T107669,2024-12-06,P0003,C00091,,6.0,10949.99,0.0,65699.94
T102302,02/09/2024,P0005,C00125,North,2.0,8621.09,0.0,17242.18
T107205,10/11/2024,P0017,C00064,North,14.0,382.2,0.0,5350.8
T106903,17-Oct-2025,P0014,C00004,East,3.0,500.0,0.0,1500.0
T105669,09/19/2024,P0039,C00230,East,1.0,14579.92,0.0,14579.92
T108900,12-Aug-2025,P0004,C00177,South,1.0,4999.13,0.15,4249.26
T105216,2024-02-05,P0025,C00163,,1.0,9148.51,0.0,9148.51
T101127,01-Apr-2024,P0018,C00114,,3.0,6437.51,0.0,19312.53
T104736,15-Nov-2025,P0008,C00100,East,9.0,499.0,0.0,4491.0
T107427,2024-07-17,P0015,C00040,North,5.0,4549.66,0.1,20473.47
T103910,2023-02-24,P0014,C00164,North,1.0,500.0,0.0,500.0
T107771,29/11/2025,P0032,C00012,East,9.0,5656.65,0.1,45818.86
T106282,01/16/2024,P0012,C00013,Central,1.0,14484.04,0.1,13035.64
T102510,2023-03-05,P0020,C00059,,2.0,4508.3,0.0,9016.6
T106013,03-Sep-2025,P0007,C00205,North,2.0,14423.4,0.1,25962.12
T101561,11-Oct-2025,P0039,C00131,West,3.0,14579.92,0.0,43739.76
T104634,13/01/2023,P0003,C00072,West,1.0,10949.99,0.1,9854.99
T102913,19/10/2024,P0029,C00216,South,4.0,12773.07,0.2,40873.82
T107855,2025-01-07,P0002,C00151,East,5.0,13910.88,,62598.96
T102304,08-Nov-2024,P0033,C00086,West,8.0,10082.29,0.0,80658.32
T105021,17-Sep-2024,P0024,C00182,North,2.0,11884.11,0.0,23768.22
T105214,03/09/2025,P0024,C00001,West,7.0,11884.11,0.0,83188.77
T102063,12-Aug-2023,P0037,C00043,West,6.0,8484.46,0.0,"₹50,906.76"
T102991,28-Jul-2025,P0039,C00181,South,3.0,14579.92,0.0,43739.76
T104280,2025-02-01,P0015,C00117,West,5.0,4549.66,0.0,22748.3
T108770,02/15/2024,P0017,C00168,North,1.0,382.2,0.0,382.2
T104299,2024-12-05,P0033,C00118,Central,10.0,10082.29,0.05,95781.76
T107446,30/01/2024,P0018,C00197,South,5.0,6437.51,0.0,32187.55
T100429,2024-03-20,P0024,C00055,South,7.0,11884.11,0.0,83188.77
T104657,30/07/2025,P0009,C00091,,7.0,11247.7,0.0,78733.9
T104332,09/03/2023,P0001,C00228,South,7.0,6017.98,0.0,42125.86
T100385,06-Oct-2025,P0023,C00002,West,,10713.43,0.0,85707.44
T100921,03-Dec-2023,P0031,C00126,West,6.0,1566.84,0.05,8930.99
T102945,03/11/2025,P0036,C00200,North,13.0,4229.62,0.1,49486.55
T102516,17-Apr-2025,P0031,C00167,East,3.0,1566.84,0.0,4700.52
T104339,2025-11-10,P0009,C00042,Central,1.0,11247.7,0.15,9560.54
T102484,10-Jun-2025,P0026,C00145,North,2.0,13905.57,0.0,27811.14
T104742,09/09/2024,P0019,C00220,,4.0,6013.99,0.0,24055.96
T105396,02/22/2025,P0016,C00053,West,2.0,,0.05,4948.0
T101277,10/22/2024,P0017,C00136,South,3.0,382.2,0.15,974.61
T101144,05/30/2024,P0028,C00015,South,5.0,13737.15,0.1,"₹61,817.18"
T106472,10/10/2024,P0004,C00223,Central,-9.0,4999.13,0.0,44992.17
T107028,04-Jul-2025,P0029,C00216,South,3.0,12773.07,0.0,38319.21
T108728,08/23/2025,P0021,C00073,South,7.0,359.09,0.0,2513.63
T100637,2025-10-08,P0036,C00056,South,8.0,4229.62,0.0,33836.96
T105121,18/03/2024,P0018,C00169,Central,4.0,6437.51,0.0,25750.04
T105114,2025-05-25,P0029,C00198,West,3.0,12773.07,0.0,38319.21
T100233,16/11/2024,P0001,C00189,North,5.0,6017.98,0.05,28585.4
T102716,2023-10-26,P0021,C00175,East,5.0,359.09,0.2,1436.36
T102554,12/06/2023,P0003,C00152,North,6.0,10949.99,0.0,65699.94
T105621,18-Dec-2023,P0014,C00168,North,7.0,500.0,0.0,3500.0
T107532,2025-07-05,P0032,C00183,South,1.0,5656.65,,5656.65
T105261,05/02/2024,P0022,C00187,North,7.0,3102.81,0.15,18461.72
T106553,2023-01-25,P0005,C00037,South,2.0,8621.09,0.05,16380.07
T103605,07/09/2025,P0034,C00008,South,3.0,10038.95,0.2,24093.48
T107736,24-Sep-2025,P0022,C00129,Central,2.0,3102.81,0.0,6205.62
T100811,2025-10-03,P0018,C00071, East,10.0,6437.51,0.0,64375.1
T107148,09/01/2024,P0020,C00102,Central,1.0,4508.3,0.15,3832.06
T101142,2024-02-16,P0026,C00250,north,4.0,13905.57,0.0,55622.28
T102373,2023-05-16,P0029,C00213,South,6.0,12773.07,0.0,76638.42
T107065,09-Dec-2023,P0023,C00037,South,6.0,10713.43,0.05,61066.55
T103194,29/06/2024,P0035,C00213,South,2.0,8930.77,0.0,17861.54
T101046,23/08/2023,P0040,C00106,West,7.0,12756.37,0.0,89294.59
T104347,14/07/2024,P0014,C00192,Central,2.0,500.0,0.0,1000.0
T107301,2023-12-07,P0001,C00116,Central,6.0,6017.98,0.0,36107.88
T104252,2025-04-19,P0016,C00041,East,7.0,2604.21,0.2,14583.58
T103094,17/01/2025,P0012,C00142,,5.0,14484.04,0.1,"₹65,178.18"
T108823,08/28/2023,P0007,C00064,North,4.0,14423.4,0.0,57693.6
T102344,06/05/2025,P0016,C00208,Central,1.0,2604.21,0.0,2604.21
T101962,03/14/2024,P0027,C00209,East,3.0,9818.49,0.0,29455.47
T108793,08-Nov-2024,P0002,C00202,,10.0,13910.88,0.2,111287.04
T106153,06/25/2023,P0005,C00162,north,5.0,8621.09,0.0,43105.45
T108389,09/05/2025,P0025,C00188,North,6.0,9148.51,0.0,54891.06
T102122,22-Dec-2024,P0020,C00001,West,1.0,4508.3,0.0,4508.3
T100101,2024-02-26,P0014,C00084,North,3.0,500.0,0.0,1500.0
T100319,2025-11-09,P0039,C00091,Central,9.0,14579.92,0.2,104975.42
T108580,2024-10-01,P0013,C00132,Central,6.0,9164.46,0.05,52237.42
T105819,03/27/2023,P0025,C00036,North,2.0,9148.51,0.0,18297.02
T100625,23-Oct-2024,P0005,C00031,South,10.0,8621.09,0.0,86210.9
T106210,2024-09-25,P0028,C00016,West,1.0,13737.15,0.0,13737.15
T103027,05/22/2024,P0028,C00083,South,3.0,13737.15,0.0,41211.45
T101720,23/09/2024,P0039,C00044,South,7.0,14579.92,0.0,102059.44
T102067,28/04/2025,P0036,C00030,North,3.0,4229.62,0.0,12688.86
T108351,04/20/2024,P0011,C00196,East,2.0,8863.25,0.05,16840.18
T100334,2023-03-01,P0040,C00181,South,5.0,12756.37,0.0,63781.85
T106310,01-Jun-2024,P0001,C00008,South,5.0,6017.98,0.0,30089.9
T101400,20-Jun-2025,P0007,C00128,South,4.0,14423.4,0.0,57693.6
T101617,01/15/2025,P0032,C00225,SOUTH ,4.0,5656.65,0.1,20363.94
T103721,01/11/2023,P0016,C00049,East,1.0,2604.21,0.0,2604.21
T102453,12/06/2025,P0037,C00183,South,3.0,8484.46,0.0,25453.38
T100461,12/10/2023,P0007,C00037,South,4.0,14423.4,0.0,57693.6
T108995,18-Jun-2024,P0007,C00248,North,2.0,14423.4,,28846.8
T100008,04/04/2024,P0025,C00051,East,5.0,9148.51,0.0,45742.55
T100099,02/24/2024,P0007,C00198,West,5.0,14423.4,0.0,72117.0
T106041,30-Mar-2025,P0036,C00239,East,11.0,4229.62,0.0,46525.82
T106513,2024-03-06,P0024,C00213,South,3.0,11884.11,0.1,32087.1
T102729,03/16/2025,P0017,C00183,South,3.0,382.2,0.0,1146.6
T100031,2024-11-08,P0029,C00037,South,3.0,12773.07,0.05,36403.25
T101147,30-Aug-2024,P0001,C00227,Central,5.0,6017.98,0.0,30089.9
T105328,2025-03-20,P0009,C00084,North,2.0,11247.7,0.0,22495.4
T105544,2025-03-09,P0004,C00170,West,3.0,4999.13,0.1,13497.65
T100540,31-Oct-2024,P0038,C00132,Central,4.0,5836.46,0.0,23345.84
T103091,03/30/2023,P0021,C00172,Central,5.0,359.09,0.0,1795.45
T105663,14/03/2023,P0002,C00222,Central  ,,13910.88,0.0,55643.52
T107247,05/11/2023,P0001,C00098,,3.0,6017.98,0.0,18053.94
T104522,2024-08-23,P0036,C00157,Central,5.0,4229.62,0.0,21148.1
T108649,17-May-2025,P0040,C00195,East,unknown,12756.37,0.0,25512.74
T103165,2023-06-14,P0010,C00164,North,8.0,8164.43,0.15,55518.12
T105377,2025-09-05,P0001,C00210,North,3.0,6017.98,0.15,15345.85
T105547,24/11/2024,P0016,C00034,East,1.0,2604.21,0.0,2604.21
T102407,22/03/2024,P0018,C00130,East,3.0,6437.51,0.0,19312.53
T105501,09/08/2025,p0038 ,C00150,East,4.0,5836.46,0.0,23345.84
T106781,2024-04-17,P0030,C00054,Central,5.0,6824.34,0.0,34121.7
T102748,04/26/2023,P0012,C00003,North,2.0,14484.04,0.1,26071.27
T101322,30-Nov-2024,P0026,C00067,,3.0,13905.57,0.0,41716.71
T104726,2025-07-22,P0008,C00125,North,3.0,,0.0,1497.0
T104362,01/11/2025,P0009,C00121,East,11.0,11247.7,0.0,123724.7
T100601,06-Aug-2025,P0020,C00075,,1.0,4508.3,0.0,4508.3
T101313,19/09/2024,P0020,C00032,North,2.0,4508.3,0.0,9016.6
T106387,11/29/2023,P0035,C00184,East,8.0,8930.77,0.15,60729.24
T108014,05/05/2024,P0014,C00149,North,3.0,500.0,0.1,1350.0
T101044,2023-06-24,P0033,C00250,north,5.0,10082.29,0.1,45370.31
T104454,2024-06-06,P0026,C00137,South,10.0,13905.57,0.0,139055.7
T105925,04/06/2025,P0021,C00156,South,1.0,359.09,0.05,341.14
T105666,02-Mar-2023,P0013,C00028,Central,2.0,9164.46,0.0,18328.92
T104450,2024-11-28,P0033,C00222,Central,10.0,10082.29,0.1,90740.61
T105952,11-Mar-2023,P0035,C00040,North,2.0,8930.77,0.0,17861.54
T100291,2025-07-20,P0022,C00216,South,,3102.81,0.0,6205.62
T101472,06/03/2023,P0038,C00169,Central,7.0,5836.46,0.15,34726.94
T103206,31/08/2025,P0021,C00105,West,4.0,359.09,0.0,1436.36
T108950,07/02/2023,P0039,C00159,North,4.0,14579.92,0.0,"₹58,319.68"
T100618,08/18/2024,P0012,C00214,Central,7.0,14484.04,0.0,101388.28
T101550,20/08/2025,P0039,C00014,Central,2.0,14579.92,0.0,29159.84
T100594,10/01/2024,P0015,C00066,West,9.0,4549.66,0.0,40946.94
T107862,26/01/2023,P0008,C00021,Central,2.0,499.0,0.2,798.4
T103245,06/10/2023,P0037,C00004,East,2.0,8484.46,0.0,16968.92
T103892,05/07/2023,P0013,C00017, East,3.0,9164.46,0.05,26118.71
T107812,11/01/2023,P0029,C00041,East,4.0,12773.07,0.0,51092.28
T102894,30-Nov-2023,P0038,C00026,North,1.0,5836.46,0.05,5544.64
T107910,11/07/2024,P0031,C00194,East,7.0,1566.84,0.0,10967.88
T105957,21-Jul-2024,P0031,C00077,South,4.0,1566.84,0.0,6267.36
T105262,2025-03-18,P0006,C00022,North,3.0,7884.39,0.0,23653.17
T103142,18/11/2024,P0030,C00120,West,1.0,6824.34,0.0,6824.34
T102022,11/01/2023,P0024,C00127,SOUTH ,4.0,11884.11,0.0,47536.44
T108486,03-Mar-2023,P0030,C00047,Central,2.0,6824.34,0.2,10918.94
T101145,28-Jan-2024,P0035,C00083,South,4.0,8930.77,0.0,35723.08
T104705,18/08/2024,P0005,C00131,West,3.0,8621.09,,25863.27
T106658,26/12/2025,P0006,C00008,South,5.0,7884.39,0.0,39421.95
T107615,02/23/2024,P0016,C00207,Central,1.0,2604.21,0.2,2083.37
T108809,06/11/2024,P0033,C00015,South,2.0,10082.29,0.0,20164.58
T107567,01-Aug-2024,P0017,C00022,North,2.0,382.2,,764.4
T103003,10/23/2023,P0003,C00124,West,7.0,10949.99,0.0,76649.93
T108145,13/02/2023,P0011,C00097,West,1.0,8863.25,0.15,7533.76
T104885,07-Jul-2025,P0017,C00123,North,7.0,382.2,0.0,2675.4
T105573,10-Sep-2023,P0033,C00209,East,1.0,10082.29,0.0,10082.29
T102650,2024-10-22,P0010,C00011,East,1.0,8164.43,0.0,8164.43
T108219,09/07/2024,P0038,C00245,,4.0,5836.46,0.0,23345.84
T103514,22-Sep-2025,P0040,C00084,North,8.0,12756.37,0.0,102050.96
T101840,23-Jul-2023,P0020,C00088,South,4.0,4508.3,0.15,15328.22
T101671,16-Oct-2025,P0001,C00033,North,,6017.98,0.0,6017.98
T105260,27/07/2025,P0006,C00116,Central,9.0,7884.39,0.0,70959.51
T105170,2024-03-22,P0032,C00086,West,5.0,5656.65,0.0,28283.25
T106000,15/01/2025,P0024,C00191,South,6.0,11884.11,0.0,71304.66
T103774,10/10/2025,P0040,C00164,North,3.0,12756.37,0.05,36355.65
T107930,10/25/2024,P0013,C00144,West,4.0,9164.46,0.0,36657.84
T103139,17/06/2025,P0038,C00192,Central,4.0,5836.46,0.1,21011.26
T101314,06-Oct-2023,P0009,C00231,north,9.0,11247.7,0.0,101229.3
T107046,2024-12-16,P0004,C00174,Central,10.0,4999.13,0.0,49991.3
T101928,18-Apr-2025,P0006,C00135,North,6.0,7884.39,0.2,"₹37,845.07"
T107644,28/05/2025,P0019,C00012,East,11.0,6013.99,0.05,62846.2
T104534,23/11/2025,P0039,C00136,South,11.0,14579.92,0.0,160379.12
T101915,02/07/2025,P0015,C00084,,6.0,4549.66,0.0,27297.96
T104502,08-Mar-2025,P0013,C00081,West,7.0,9164.46,0.0,64151.22
T108062,24/09/2025,P0033,C00098,East,2.0,10082.29,0.0,20164.58
T104617,22-Oct-2025,P0025,C00007,Central,3.0,9148.51,0.0,27445.53
T103078,24-Sep-2023,P0024,C00086,West,4.0,11884.11,0.0,47536.44
T108403,09/08/2024,P0006,C00139,South,3.0,7884.39,0.2,18922.54
T101793,17/09/2025,P0039,C00085,Central,6.0,14579.92,0.0,87479.52
T100748,2025-09-14,P0016,C00090,SOUTH ,3.0,2604.21,0.0,7812.63
T108232,02/02/2025,P0006,C00238,West,4.0,7884.39,0.0,31537.56
T107991,11/06/2023,P0011,C00129,Central,7.0,8863.25,0.0,62042.75
T103502,2024-04-03,P0012,C00149,North,6.0,14484.04,0.0,86904.24
T103689,2024-11-28,P0034,C00055,South,1.0,10038.95,0.15,"₹8,533.11"
T101414,11/11/2025,P0023,C00101,East,7.0,10713.43,0.0,74994.01
T101126,11/03/2023,P0017,C00105,West,3.0,382.2,0.0,1146.6
T104821,08-Feb-2025,P0008,C00120,West,4.0,499.0,0.0,1996.0
T104267,01/06/2023,P0007,C00163,,2.0,14423.4,0.0,28846.8
T106266,09-Jan-2025,P0038,C00105,West,1.0,5836.46,0.0,5836.46
T108042,2024-11-16,P0023,C00103,West,3.0,10713.43,0.0,32140.29
T102087,13-Mar-2023,P0012,C00084,North,10.0,14484.04,0.0,144840.4
T101509,28-Oct-2023,P0026,C00003,North,8.0,13905.57,0.0,111244.56
T106569,25/10/2023,P0027,C00096,Central,2.0,9818.49,0.0,19636.98
T107595,19/07/2024,P0037,C00062,South,3.0,8484.46,0.05,24180.71
T106868,08/19/2024,P0028,C00110,East,4.0,13737.15,0.0,54948.6
T107212,06/08/2025,P0037,C00168,North,3.0,8484.46,0.1,22908.04
T108201,02-Mar-2024,P0028,C00090,SOUTH ,7.0,13737.15,0.0,96160.05
T107499,2023-12-19,P0040,C00049,East,4.0,12756.37,0.15,43371.66
T105708,12-Sep-2024,P0030,C00125,North,2.0,6824.34,0.0,13648.68
T103639,03/01/2025,P0008,C00021,Central,6.0,499.0,0.0,2994.0
T100664,24-Nov-2025,P0010,C00074,East,11.0,8164.43,0.0,89808.73
T102835,02-Feb-2023,P0021,C00207,Central,2.0,359.09,0.05,34113.5
T100841,20-Jul-2023,P0033,C00050,East,3.0,10082.29,0.2,24197.5
T106424,29/04/2024,P0025,C00142,Central,3.0,9148.51,0.0,"₹27,445.53"
T105199,08/03/2025,P0013,C00111,North,4.0,9164.46,0.0,36657.84
T101175,2023-09-05,P0004,C00096,Central,4.0,4999.13,0.0,19996.52
T107163,2023-06-21,P0005,C00179,North,5.0,8621.09,0.0,"₹43,105.45"
T100833,04/29/2024,P0018,C00067,,3.0,6437.51,,19312.53
T102036,15-Feb-2025,P0003,C00113,East,2.0,10949.99,0.0,21899.98
T103405,05/12/2024,P0030,C00046,South,8.0,6824.34,0.0,54594.72
T100872,22/09/2025,P0004,C00147,North,1.0,4999.13,0.0,4999.13
T105357,06-Mar-2024,P0019,C00200,North,5.0,6013.99,0.0,30069.95
T106091,2024-01-26,P0014,C00141,South,3.0,500.0,0.1,1350.0
T104306,27/06/2023,P0028,C00075,,1.0,13737.15,0.0,13737.15
T105687,09/28/2023,P0018,C00208,Central,4.0,6437.51,0.0,25750.04
T102404,26-Oct-2025,P0022,C00105,West,3.0,3102.81,0.05,8843.01
T101295,08/09/2023,P0031,C00194,east,7.0,1566.84,0.15,"₹9,322.70"
T107433,25-Aug-2025,P0034,C00017, East,3.0,10038.95,0.0,30116.85
T103396,15-Mar-2023,P0036,C00145,North,4.0,4229.62,0.2,13534.78
T101501,07/05/2025,P0037,C00085,Central,2.0,8484.46,0.0,16968.92
T108989,23/02/2025,P0020,C00173,Central,3.0,4508.3,0.1,12172.41
T101315,26-May-2025,P0023,C00070,West,8.0,10713.43,0.1,77136.7
T101888,2025-09-18,P0030,C00166,Central,7.0,6824.34,0.1,42993.34
T107542,2025-06-25,P0032,C00244,South,4.0,5656.65,0.2,18101.28
T108406,02/15/2025,P0028,C00185,Central,4.0,13737.15,0.1,49453.74
T104341,02/08/2023,P0009,C00075,,4.0,11247.7,0.15,38242.18
T105705,2025-12-11,P0038,C00064,North,3.0,5836.46,0.15,14882.97
T100411,2023-07-15,P0040,C00061,West,5.0,12756.37,0.0,63781.85
T104012,09/16/2025,P0029,C00135,North,2.0,12773.07,,25546.14
T102818,12/25/2025,P0029,C00224,Central,1.0,12773.07,0.0,12773.07
T101429,20/06/2025,P0019,C00110,East,3.0,6013.99,0.0,18041.97
T102614,26/02/2025,P0020,C00047,Central,3.0,,0.0,"₹13,524.90"
T106062,18/05/2024,P0032,C00153,Central,4.0,5656.65,0.0,22626.6
T106861,01/19/2023,P0018,C00007,Central,5.0,6437.51,0.1,28968.8
T101770,09/10/2024,P0039,C00203,West,5.0,14579.92,0.05,69254.62
T103857,2025-10-27,P0012,C00189,North,8.0,14484.04,0.1,104285.09
T100604,28/01/2024,P0024,C00197,South,4.0,,0.2,38029.15
T100030,11/02/2023,P0034,C00240,South,5.0,10038.95,0.0,50194.75
T107872,14-Jul-2025,P0033,C00099,North,7.0,10082.29,0.0,70576.03
T100263,03-Dec-2025,P0026,C00008,South,5.0,13905.57,,55622.28
T106152,21/02/2024,P0019,C00187,North,1.0,6013.99,0.0,6013.99
T100247,24/10/2024,P0005,C00137,South,6.0,8621.09,0.0,51726.54
T100852,11/01/2023,P0008,C00119,South,-4.0,499.0,0.0,1996.0
T104372,18-Nov-2025,P0022,C00030,North,3.0,3102.81,0.0,9308.43
T104394,22/04/2023,P0038,C00035,Central,6.0,5836.46,0.1,31516.88
T100199,09/07/2025,P0018,C00182,North,2.0,6437.51,0.1,11587.52
T100532,2025-08-23,P0001,C00230,East,8.0,6017.98,0.0,48143.84
T104992,24/04/2025,P0028,C00182,North,6.0,13737.15,0.0,82422.9
T103872,30-May-2025,P0022,C00170,West,4.0,3102.81,0.1,11170.12
T106188,21-Aug-2024,P0022,C00077,South,8.0,3102.81,0.2,19857.98
T105369,12/01/2025,P0002,C00173,,2.0,13910.88,0.15,23648.5
T100455,2025-12-25,P0021,C00225,SOUTH ,9.0,359.09,0.0,3231.81
T101197,02-Aug-2024,P0001,C00159,North,2.0,6017.98,0.0,12035.96
T105368,2024-01-11,P0029,C00068,north,2.0,12773.07,0.1,22991.53
T101768,05/10/2024,P0033,C00183,,3.0,10082.29,0.05,28734.53
T102210,15-Oct-2024,P0013,C00027,,6.0,9164.46,0.0,54986.76
T102982,18/09/2024,P0034,C00217,North,3.0,10038.95,0.0,30116.85
T103880,30-Mar-2025,P0033,C00058,East,3.0,10082.29,0.0,30246.87
T106870,28/11/2025,P0027,C00208,Central,9.0,9818.49,0.1,79529.77
T104751,2023-12-04,P0010,C00223,Central,6.0,8164.43,0.2,39189.26
T104782,01-Jun-2025,P0017,C00030,North,4.0,382.2,0.05,1452.36
T107659,26/11/2024,P0016,C00042,Central,3.0,2604.21,0.0,7812.63
T106921,15/12/2023,P0030,C00048,South,4.0,6824.34,0.0,27297.36
T107846,11-Feb-2024,P0037,C00214,Central,5.0,8484.46,0.0,42422.3
T105969,2025-12-23,P0035,C00032,North,9.0,8930.77,0.15,68320.39
T106127,28-Jan-2023,P0025,C00165,West,5.0,9148.51,0.0,45742.55
T103316,2023-11-17,P0003,C00162,north,4.0,10949.99,0.0,43799.96
T101263,2025-08-18,P0010,C00238,West,8.0,8164.43,0.0,65315.44
T102132,04/28/2025,P0010,C00114,South,3.0,8164.43,0.0,"₹24,493.29"
T103396,03/15/2023,P0036,C00145,North,4.0,4229.62,0.2,13534.78
T108317,17-Jan-2024,P0031,C00045,West,1.0,1566.84,0.15,1331.81
T102483,09/26/2025,P0020,C00232,West,4.0,4508.3,0.0,18033.2
T102319,03/13/2023,P0007,C00031,South,5.0,14423.4,0.0,72117.0
T100217,19/02/2025,P0002,C00054,Central,6.0,13910.88,0.0,83465.28
T101005,11/11/2025,P0028,C00234, East,7.0,13737.15,0.0,96160.05
T102688,09/02/2024,P0001,C00144,West,2.0,6017.98,0.0,12035.96
T108512,2023-10-23,P0009,C00075,,5.0,11247.7,0.0,56238.5
T106615,05/28/2025,P0023,C00242,East,6.0,,0.1,57852.52
T102310,2024-10-18,P0005,C00136,South,7.0,8621.09,0.0,60347.63
T103916,04/28/2025,P0037,C00201,West,1.0,8484.46,0.1,7636.01
T102191,24/03/2023,P0001,C00114,South,3.0,6017.98,,18053.94
T101718,25-Jan-2023,P0034,C00119,South,2.0,10038.95,0.1,18070.11
T107591,23-Jun-2025,P0012,C00219,West,4.0,14484.04,0.15,49245.74
T100675,10/28/2025,P0039,C00184,East,8.0,14579.92,0.1,104975.42
T101527,14-Mar-2023,P0023,C00187,North,6.0,10713.43,0.0,64280.58
T102150,13-Oct-2025,P0003,C00022,North,5.0,10949.99,0.0,54749.95
T106862,07-Mar-2023,P0027,C00195,East,2.0,9818.49,0.0,19636.98
T103963,02/10/2024,P0034,C00196,East,3.0,10038.95,0.0,30116.85
T100229,04/05/2023,P0007,C00174,Central,5.0,14423.4,0.0,72117.0
T104427,2024-04-15,P0006,C00025,South,4.0,7884.39,0.0,31537.56
T105815,2025-01-23,P0038,C00004,East,2.0,5836.46,0.05,11089.27
T108603,03-Jan-2023,P0017,C00043,West,3.0,382.2,0.0,1146.6
T108041,03/11/2024,P0004,C00124,West,7.0,4999.13,0.0,34993.91
T101369,2025-10-03,P0026,C00056,South,1.0,13905.57,0.0,13905.57
T101732,17-Jun-2025,P0021,C00171,East,6.0,,0.0,2154.54
T102515,08/10/2023,P0012,C00074,East,4.0,,0.1,52142.54
T107080,06/04/2024,P0028,C00056,South,4.0,13737.15,0.0,54948.6
T107436,21/04/2023,P0040,C00200,North,3.0,12756.37,0.2,30615.29
T103284,2024-04-18,P0025,C00101,East,5.0,9148.51,0.0,45742.55
T103647,30/03/2024,P0033,C00213,South,4.0,10082.29,0.0,40329.16
T107558,13/03/2025,P0003,C00054,Central,6.0,10949.99,0.0,65699.94
T103126,22-Jun-2023,P0026,C00043,West,4.0,13905.57,0.0,55622.28
T107676,11/26/2025,P0036,C00152,North,11.0,4229.62,0.0,46525.82
T107321,26-Aug-2025,P0016,C00120,West,3.0,2604.21,0.0,7812.63
T105781,31-Aug-2025,P0020,C00016,West,3.0,4508.3,0.2,10819.92
T103263,08-Jul-2023,P0039,C00072,West,3.0,14579.92,0.0,43739.76
T102358,24/12/2025,P0026,C00237,Central,9.0,13905.57,0.0,125150.13
T106577,05/05/2024,P0023,C00165,West  ,2.0,10713.43,0.2,17141.49
T108646,11/23/2023,P0007,C00183,South,4.0,14423.4,0.0,57693.6
T100337,02/10/2024,P0018,C00176,East,1.0,6437.51,0.05,6115.63
T104104,11/22/2023,P0029,C00062,South,11.0,12773.07,0.0,140503.77
T104304,2023-10-24,P0022,C00042,Central,7.0,3102.81,0.1,19547.7
T105737,14/01/2023,P0003,C00181,South,3.0,10949.99,0.05,31207.47
T102034,2023-07-03,P0014,C00053,West,,500.0,0.05,1900.0
T102189,03-Sep-2025,P0029,C00129,Central,4.0,12773.07,0.0,51092.28
T106425,20-Feb-2025,P0017,C00145,North,1.0,382.2,0.0,382.2
T102215,24-May-2024,P0022,C00139,South,2.0,3102.81,0.2,4964.5
T106934,05/05/2024,P0007,C00022,North,10.0,14423.4,0.0,144234.0
T105404,2024-07-27,P0012,C00045,West,2.0,14484.04,0.0,28968.08
T101226,06-Jul-2023,P0025,C00027,,4.0,9148.51,0.0,36594.04
T100096,11-Apr-2023,P0026,C00150,East,1.0,13905.57,0.0,13905.57
T105034,28-Aug-2023,P0028,C00103,West,2.0,13737.15,,27474.3
T102880,2023-02-04,P0009,C00031,South,1.0,11247.7,0.0,11247.7
T103314,2025-05-02,P0013,C00169,Central,4.0,9164.46,0.0,36657.84
T101642,09/04/2024,P0020,C00196,East,,4508.3,0.05,12848.66
T106962,23/09/2023,P0035,C00083,South,7.0,8930.77,0.05,59389.62
T102576,11/17/2023,P0037,C00112,South,6.0,8484.46,0.0,50906.76
T108098,31-May-2025,P0015,C00099,North,4.0,4549.66,0.0,18198.64
T108390,2024-07-09,P0035,C00226,West,7.0,8930.77,0.2,50012.31
T107259,12-Aug-2025,P0006,C00088,South,8.0,7884.39,0.05,59921.36
T101017,21/10/2023,P0035,C00027,,12.0,8930.77,0.15,91093.85
T102088,2023-07-04,P0002,C00061,West,2.0,13910.88,0.0,27821.76
T108694,2025-11-05,P0025,C00049,East,1.0,9148.51,0.05,8691.08
T104129,11-Nov-2024,P0023,C00111,North,3.0,10713.43,0.05,30533.28
T102794,2025-07-01,P0032,C00202,,7.0,5656.65,0.0,39596.55
T100350,02/01/2025,P0040,C00054,Central,2.0,12756.37,0.0,25512.74
T101745,20/01/2025,P0023,C00015,South,5.0,10713.43,0.0,53567.15
T105157,07-Nov-2023,P0030,C00027,,9.0,6824.34,0.0,61419.06
T106618,2025-04-09,P0015,C00084,North,4.0,4549.66,0.0,18198.64
T104273,22/10/2025,P0018,C00190,North,5.0,6437.51,0.1,28968.8
T107954,03-Mar-2023,P0011,C00235,East,6.0,8863.25,0.1,"₹47,861.55"
T108500,22/06/2023,P0040,C00059,North,2.0,12756.37,0.0,25512.74
T101672,25/04/2023,P0003,C00092,SOUTH ,4.0,10949.99,0.05,41609.96
T107535,2025-05-25,P0012,C00249,West,7.0,14484.04,0.0,101388.28
T101210,01-Jun-2025,P0024,C00064,North,6.0,11884.11,0.0,71304.66
T105007,28-Aug-2023,P0028,C00234, East,2.0,13737.15,0.0,27474.3
T104767,21-Aug-2024,P0026,C00100,East,5.0,13905.57,0.0,69527.85
T103269,31/01/2025,P0037,C00192,Central,3.0,8484.46,0.0,25453.38
T101372,23/05/2024,P0034,C00057,East,7.0,10038.95,0.0,70272.65
T104046,2025-10-13,P0018,C00149,North,8.0,6437.51,0.0,51500.08
T105337,2023-03-29,P0003,C00247,North,5.0,10949.99,0.1,49274.96
T100742,08/06/2024,P0037,C00122,West,5.0,8484.46,0.0,42422.3
T100180,10/25/2024,P0019,C00118,Central,4.0,6013.99,0.0,24055.96
T101115,02-Feb-2023,P0018,C00135,North,4.0,6437.51,,24462.54
T103208,08/19/2024,P0002,C00160,South,3.0,13910.88,0.0,41732.64
T100349,10-Apr-2025,P0012,C00068,north,7.0,14484.04,0.1,91249.45
T108055,05-Jun-2024,P0028,C00171,East,4.0,13737.15,0.0,54948.6
T104201,09/12/2023,P0034,C00032,North,5.0,10038.95,0.0,50194.75
T103001,04/19/2023,P0023,C00026,North,4.0,10713.43,0.0,42853.72
T108383,19/09/2024,P0002,C00004,East,5.0,13910.88,0.0,69554.4
T107890,01/26/2025,P0007,C00250,north,1.0,14423.4,0.05,13702.23
T100147,2023-04-15,P0025,C00005,East,7.0,9148.51,0.15,54433.63
T100081,2024-10-03,P0003,C00109,North,7.0,10949.99,0.0,76649.93
T101406,2024-01-25,P0031,C00014,Central,5.0,1566.84,0.0,7834.2
T107921,30-Aug-2025,P0037,C00123,North,3.0,8484.46,0.0,25453.38
T105425,01/28/2024,P0019,C00182,North,1.0,6013.99,0.0,6013.99
T100831,02/09/2023,P0026,C00069,Central,2.0,13905.57,0.2,22248.91
T103813,04/16/2024,P0028,C00038,West,4.0,13737.15,0.0,54948.6
T105041,26-Feb-2024,P0001,C00008,South,2.0,6017.98,0.0,12035.96
T108583,27/06/2025,P0005,C00045,West,1.0,8621.09,0.0,8621.09
T106676,08-Apr-2024,P0036,C00055,South,6.0,4229.62,,25377.72
T108555,31-Aug-2025,P0035,C00198,West,1.0,8930.77,0.0,"₹8,930.77"
T106400,12-Jun-2023,P0021,C00247,North,1.0,359.09,0.0,359.09
T102579,12/11/2024,P0012,C00249,West  ,16.0,14484.04,0.05,220157.41
T107918,05/04/2025,P0029,C00147,North,4.0,12773.07,0.0,51092.28
T106074,13/03/2023,P0037,C00104,,5.0,8484.46,0.0,42422.3
T103146,28-Jun-2023,P0003,C00221,West,4.0,10949.99,0.0,43799.96
T107534,09/03/2025,P0033,C00113,East,4.0,10082.29,0.0,40329.16
T106366,2025-06-04,P0007,C00233,West,4.0,14423.4,0.0,57693.6
T102094,15/12/2023,P0015,C00150,East,7.0,4549.66,0.0,"₹31,847.62"
T106119,12/26/2025,P0031,C00155,West,5.0,1566.84,0.0,7834.2
T101349,18/03/2024,P0028,C00229,East,1.0,13737.15,0.0,13737.15
T107267,03/18/2023,P0001,C00055,South,4.0,6017.98,0.0,24071.92
T104343,24/08/2024,P0037,C00232,West,8.0,8484.46,0.2,54300.54
T104716,2024-06-07,P0037,C00127,SOUTH ,2.0,8484.46,0.0,16968.92
T107380,2024-03-28,P0004,C00243,West,5.0,4999.13,0.0,24995.65
T100710,22-Jan-2025,P0014,C00002,West,5.0,500.0,0.1,2250.0
T105528,23-May-2024,P0018,C00166,Central,5.0,6437.51,0.15,27359.42
T104574,15-Jun-2023,P0003,C00011,East,2.0,10949.99,0.1,19709.98
T108489,24/09/2024,P0034,C00106,West,5.0,10038.95,0.15,42665.54
T106818,17-Jul-2025,P0012,C00012,East,8.0,14484.04,0.0,115872.32
T108765,31/10/2023,P0033,C00134,East,7.0,10082.29,0.0,70576.03
T108961,11/06/2023,P0008,C00223,,4.0,499.0,0.0,1996.0
T106460,2025-12-15,P0009,C00047,Central,9.0,11247.7,0.0,101229.3
T104366,23-Mar-2025,P0012,C00014,Central,,14484.04,0.0,86904.24
T102802,2023-07-08,P0013,C00104,South,6.0,9164.46,0.0,54986.76
T102167,2025-08-03,P0004,C00002,West,7.0,4999.13,,34993.91
T103459,09/04/2023,P0014,C00159,North,5.0,500.0,0.15,"₹2,125.00"
T106630,09/09/2025,P0029,C00208,Central,4.0,12773.07,0.0,51092.28
T105245,2024-08-20,P0022,C00198,West,6.0,3102.81,0.0,18616.86
T101139,2024-05-03,P0010,C00189,North,8.0,8164.43,0.1,58783.9
T105059,10-May-2025,P0013,C00141,,6.0,9164.46,0.0,54986.76
T102233,2024-01-03,P0021,C00167,East,1.0,359.09,0.0,359.09
T102858,14-Nov-2025,P0014,C00150,East,5.0,500.0,0.0,2500.0
T105282,14/05/2023,P0029,C00176,East,2.0,,0.1,22991.53
T107609,06/21/2024,P0025,C00234, East,3.0,9148.51,0.0,27445.53
T108525,2023-04-27,P0027,C00181,South,4.0,9818.49,0.0,39273.96
T103367,12/04/2024,P0007,C00193,East,3.0,14423.4,0.0,43270.2
T100172,24/03/2024,P0035,C00134,,2.0,8930.77,0.0,17861.54
T106661,26/01/2025,P0033,C00050,East,1.0,10082.29,0.0,10082.29
T102795,10/05/2024,P0036,C00226,West,6.0,4229.62,0.0,25377.72
T100039,07/31/2024,P0009,C00188,North,1.0,11247.7,0.1,10122.93
T102948,21-Aug-2023,P0032,C00236,East,2.0,,0.0,11313.3
T103465,2023-04-02,P0034,C00195,East,,10038.95,0.0,"₹30,116.85"
T103626,08-Feb-2023,P0037,C00011,East,5.0,8484.46,0.0,42422.3
T105848,25-Jan-2024,P0020,C00116,Central,4.0,4508.3,0.0,18033.2
T107618,05/07/2023,P0012,C00116,Central,9.0,14484.04,,130356.36
T102588,05/30/2025,P0038,C00096,Central,7.0,5836.46,0.05,38812.46
T107960,2023-06-09,P0035,C00145,North,5.0,8930.77,0.0,44653.85
T101957,2025-09-12,P0039,C00215,East,11.0,14579.92,0.05,152360.16
T108196,2023-08-09,P0005,C00147,North,5.0,8621.09,0.0,43105.45
T101616,11/08/2023,P0012,C00054,Central,6.0,14484.04,0.15,73868.6
T108660,2025-10-13,P0040,C00249,West,10.0,12756.37,0.2,102050.96
T104771,07/27/2025,P0034,C00071, East,3.0,10038.95,0.0,30116.85
T104003,13/05/2023,P0020,C00107,East,6.0,4508.3,0.1,24344.82
T104906,01/21/2025,P0035,C00225,SOUTH ,3.0,8930.77,0.0,26792.31
T104808,08/25/2025,P0006,C00130,East,2.0,7884.39,0.1,14191.9
T105875,09/17/2025,P0015,C00178,West,3.0,4549.66,0.0,13648.98
T100533,01/01/2024,P0006,C00139,,5.0,7884.39,0.0,39421.95
T101740,13-Jul-2024,P0013,C00074,East,6.0,9164.46,0.0,54986.76
T108428,08-Jun-2023,P0023,C00069,Central,5.0,10713.43,0.0,53567.15
T105698,06-Oct-2023,P0010,C00237,Central,2.0,8164.43,0.1,14695.97
T101650,14-Oct-2024,P0007,C00247,North,1.0,14423.4,0.0,14423.4
T100065,04/02/2023,P0030,C00203,West,5.0,6824.34,0.2,27297.36
T102029,04-Jan-2025,P0038,C00142,Central,3.0,5836.46,0.0,17509.38
T102935,12/25/2025,P0038,C00045,West,5.0,5836.46,0.0,29182.3
T100354,16/10/2025,P0020,C00086,West,3.0,4508.3,0.15,11496.16
T102684,08/30/2024,P0006,C00189,North,6.0,7884.39,0.0,47306.34
T106307,27/07/2023,P0019,C00205,North,4.0,6013.99,0.15,20447.57
T103482,06/30/2025,P0024,C00181,South,1.0,11884.11,0.0,11884.11
T102833,01/19/2023,P0011,C00089,East,4.0,8863.25,0.0,35453.0
T106629,2023-02-24,P0019,C00220,,5.0,6013.99,0.15,25559.46
T104635,03-Jul-2025,P0005,C00019,Central,1.0,8621.09,0.0,8621.09
T107237,27-Nov-2024,P0013,C00075,,10.0,9164.46,0.0,91644.6
T104963,06/03/2023,P0032,C00008,South,4.0,5656.65,0.1,20363.94
T108891,01/07/2024,P0025,C00038,West,3.0,9148.51,0.0,27445.53
T100472,27/12/2025,P0001,C00227,Central,3.0,6017.98,0.0,18053.94
T102165,25/01/2024,P0037,C00199,Central,2.0,8484.46,,13575.14
T108048,12/18/2024,P0005,C00066,West,8.0,8621.09,0.0,68968.72
T107219,01/10/2024,P0018,C00237,Central,4.0,6437.51,0.0,25750.04
T104903,11/10/2023,P0002,C00177,South,8.0,13910.88,0.1,"₹100,158.34"
T101665,2023-08-23,P0023,C00110,East,5.0,10713.43,0.15,45532.08
T101746,07/04/2023,P0023,C00153,Central,3.0,10713.43,,30533.28
T100868,27-Apr-2024,P0010,C00194,East,1.0,8164.43,0.0,8164.43
T101721,19-May-2024,P0022,C00129,Central,5.0,3102.81,0.0,15514.05
T100323,06/09/2024,P0012,C00157,Central,2.0,14484.04,0.0,28968.08
T106008,2025-07-04,P0035,C00076,Central,11.0,8930.77,0.0,98238.47
T106774,01-May-2025,P0025,C00057,East,1.0,9148.51,0.1,8233.66
T107794,2023-04-23,P0007,C00137,South,1.0,14423.4,0.0,14423.4
T103933,08-Nov-2025,P0003,C00132,Central,5.0,10949.99,0.0,54749.95
T101608,12-Sep-2024,P0026,C00204,Central,4.0,13905.57,0.0,55622.28
T103528,11/07/2025,P0004,C00056,South,9.0,4999.13,0.0,44992.17
T108505,04/02/2024,P0009,C00230,East,,11247.7,0.0,44990.8
T107429,04/06/2023,P0001,C00222,Central,6.0,6017.98,0.0,36107.88
T107351,28/09/2023,P0015,C00034,East,8.0,4549.66,0.1,32757.55
T101075,23/10/2025,P0034,C00034,East,,10038.95,0.0,80311.6
T103077,09/16/2025,P0024,C00179,North,2.0,11884.11,0.0,23768.22
T101254,20-Sep-2024,P0027,C00032,North,-5.0,9818.49,0.1,44183.2
T105598,11/03/2024,P0007,C00204,Central,4.0,14423.4,0.0,57693.6
T105171,16/03/2024,P0019,C00197,South,6.0,6013.99,0.15,30671.35
T108276,2024-04-14,P0034,C00121,East,7.0,10038.95,0.0,70272.65
T106864,2025-10-16,P0036,C00109,North,1.0,4229.62,0.0,4229.62
T103753,2025-05-27,P0015,C00250,north,6.0,4549.66,0.1,24568.16
T107663,17-Aug-2025,P0017,C00015,South,7.0,382.2,0.05,2541.63
T105100,2025-12-13,P0011,C00024,South,9.0,8863.25,0.0,79769.25
T104395,2025-09-11,P0040,C00040,North,1.0,12756.37,0.0,12756.37
T103950,06/12/2024,P0038,C00009,Central,3.0,5836.46,0.0,17509.38
T100073,11/09/2023,P0005,C00109,North,4.0,8621.09,0.0,34484.36
T105229,27-Oct-2024,P0009,C00151,East,12.0,11247.7,0.0,134972.4
T107695,05/04/2025,P0001,C00119,South,7.0,6017.98,0.0,42125.86
T103455,09/22/2023,P0017,C00216,South,8.0,382.2,0.0,3057.6
T103181,09/28/2023,P0031,C00100,East,9.0,1566.84,0.0,14101.56
T106858,09/04/2024,P0019,C00110,East,2.0,6013.99,0.1,10825.18
T104791,30/01/2024,P0023,C00178,West,5.0,10713.43,0.0,53567.15
T108695,18-Aug-2025,P0025,C00035,Central,1.0,9148.51,0.0,9148.51
T108968,01/09/2025,P0029,C00084,North,2.0,12773.07,0.0,25546.14
T106308,22-Nov-2025,P0031,C00024,South,9.0,1566.84,0.0,14101.56
T108474,26/04/2025,P0039,C00180,Central,3.0,14579.92,0.1,"₹39,365.78"
T107348,07-Jul-2025,P0019,C00052,East,6.0,6013.99,0.0,36083.94
T100118,06/19/2025,P0024,C00186,North,9.0,11884.11,0.0,106956.99
T105857,09/05/2025,P0036,C00230,East,3.0,4229.62,0.0,12688.86
T107524,2023-04-27,P0006,C00182,North,3.0,7884.39,0.0,23653.17
T103590,10/13/2024,P0029,C00023,West,1.0,12773.07,0.0,12773.07
T107611,08-Nov-2025,P0023,C00221,West,9.0,10713.43,0.0,96420.87
T102316,12-Feb-2025,P0009,C00159,North,6.0,11247.7,0.0,67486.2
T101219,12/28/2023,P0002,C00020,North,4.0,13910.88,0.0,55643.52
T103473,2025-04-10,P0031,C00014,Central,4.0,1566.84,0.2,5013.89
T102348,30-Sep-2025,P0002,C00068,north,3.0,13910.88,0.0,41732.64
T107817,07/19/2025,P0008,C00127,SOUTH ,7.0,499.0,0.15,2969.05
T105685,11/01/2024,P0036,C00180,Central,4.0,4229.62,0.2,13534.78
T107249,04/06/2023,P0037,C00035,Central,6.0,8484.46,0.0,50906.76
T102225,04/15/2023,P0031,C00098,East,3.0,1566.84,0.0,4700.52
T100449,2023-07-17,P0014,C00210,North,1.0,500.0,0.0,500.0
T106681,2024-05-11,P0011,C00074,East,3.0,8863.25,0.0,26589.75
T104696,03/21/2024,P0017,C00240,South,4.0,382.2,0.0,1528.8
T101741,13/07/2023,P0019,C00163,,3.0,6013.99,0.0,18041.97
T108734,2023-09-01,P0029,C00146,Central,3.0,12773.07,0.0,38319.21
T104601,2023-03-10,P0020,C00012,East,3.0,4508.3,0.0,13524.9
T100177,03/28/2023,P0025,C00196,East,6.0,9148.51,0.2,43912.85
T100132,30/01/2024,P0033,C00050,East,4.0,10082.29,0.0,40329.16
T105488,05-Jul-2025,P0015,C00060,,6.0,4549.66,0.0,27297.96
T108499,14/01/2024,P0012,C00145,North,3.0,14484.04,0.0,43452.12
T101374,02/01/2025,P0011,C00198,West,2.0,8863.25,0.0,17726.5
T105845,2023-04-17,P0033,C00235,East,4.0,10082.29,0.0,40329.16
T100000,13-Oct-2023,P0029,C00010,South,1.0,12773.07,0.0,12773.07
T107957,08/12/2025,P0021,C00172,Central,3.0,,0.0,1077.27
T105006,07/27/2024,P0013,C00200,North,1.0,9164.46,0.0,9164.46
T106386,20-Oct-2023,P0013,C00249,West,4.0,9164.46,0.0,36657.84
T103706,06/27/2024,P0006,C00244,South,3.0,7884.39,0.0,23653.17
T103210,11/11/2025,P0015,C00117,West,7.0,4549.66,0.05,30255.24
T107661,14-Nov-2023,P0030,C00043,West,4.0,6824.34,0.0,27297.36
T107231,14/08/2024,P0010,C00010,South,3.0,8164.43,0.1,22043.96
T103962,19/04/2023,P0037,C00129,Central,4.0,8484.46,0.15,28847.16
T105196,25-Dec-2023,P0020,C00009,Central,4.0,4508.3,0.0,18033.2
T103375,02/17/2024,P0002,C00023,West,3.0,13910.88,0.0,41732.64
T106896,14-Nov-2023,P0029,C00232,West,8.0,12773.07,0.1,91966.1
T102481,2024-12-03,P0029,C00230,East,1.0,12773.07,0.05,12134.42
T105231,2023-06-10,P0034,C00089,East,3.0,10038.95,0.0,30116.85
T101992,02/01/2025,P0009,C00121,East,4.0,11247.7,0.0,44990.8
T108933,11/16/2024,P0037,C00080,North,5.0,8484.46,0.1,38180.07
T108448,27/01/2023,P0030,C00128,South,4.0,6824.34,0.0,27297.36
T100408,2024-08-18,P0007,C00245,Central,5.0,14423.4,0.0,72117.0
T101731,04/03/2024,P0013,C00247,North,3.0,9164.46,0.0,27493.38
T104868,07/24/2025,P0032,C00205,North,4.0,5656.65,0.05,21495.27
T101027,17-May-2023,P0020,C00233,West,1.0,4508.3,0.0,4508.3
T100157,20-Aug-2023,P0035,C00140,West,1.0,8930.77,0.0,8930.77
T101421,2025-10-11,P0040,C00104,South,5.0,12756.37,0.0,63781.85
T100388,02-Mar-2025,P0023,C00149,North,3.0,10713.43,0.0,32140.29
T104606,05/10/2025,P0025,C00223,Central,8.0,9148.51,0.0,73188.08
T106879,28/01/2024,P0028,C00193,East,2.0,13737.15,0.0,27474.3
T108278,06/11/2023,P0012,C00030,North,6.0,14484.04,0.0,86904.24
T101790,13-Jul-2025,P0039,C00038,West,6.0,14579.92,0.0,87479.52
T104704,06/29/2024,P0024,C00211,West,4.0,11884.11,0.0,47536.44
T104977,31-Oct-2025,P0025,C00031,South,6.0,9148.51,0.15,46657.4
T100712,05/22/2023,P0013,C00212,South,4.0,9164.46,0.0,36657.84
T105151,2025-05-27,P0033,C00150,East,2.0,10082.29,0.0,"₹20,164.58"
T100510,07-Jul-2024,P0002,C00167,East,1.0,13910.88,0.0,13910.88
T101061,06/10/2025,P0038,C00108,West,7.0,5836.46,0.0,40855.22
T102989,07/07/2025,P0034,C00189,North,6.0,10038.95,0.15,51198.64
T104084,05/31/2024,P0035,C00056,South,4.0,8930.77,0.1,32150.77
T105771,13-Aug-2025,P0039,C00093,North,2.0,14579.92,0.0,29159.84
T101502,09-Jun-2025,P0017,C00167,East,4.0,382.2,0.2,1223.04
T104007,06/26/2025,P0040,C00102,Central,2.0,12756.37,0.0,25512.74
T101684,2025-08-15,P0019,C00192,Central,4.0,6013.99,0.0,24055.96
T108329,01/31/2023,P0008,C00140,West,5.0,499.0,0.0,2495.0
T102605,23/01/2025,P0031,C00209,East,4.0,1566.84,0.0,6267.36
T100678,13-Mar-2024,P0034,C00087,,2.0,10038.95,0.0,20077.9
T103550,29/10/2025,P0007,C00085,Central,8.0,14423.4,0.0,115387.2
T105353,27-Jul-2025,P0016,C00032,North,3.0,2604.21,0.0,"₹7,812.63"
T106337,18/10/2024,P0032,C00018,Central,6.0,5656.65,0.0,33939.9
T107288,10-Dec-2023,P0033,C00010,South,6.0,10082.29,0.0,60493.74
T104122,28/03/2023,P0038,C00175,East,7.0,5836.46,0.0,40855.22
T104229,05-Sep-2023,P0001,C00109,North,,6017.98,,24071.92
T100957,14/09/2023,P0007,C00101,East,2.0,14423.4,0.1,25962.12
T106361,07/06/2024,P0029,C00027,,3.0,12773.07,0.05,36403.25
T106322,06/03/2025,P0008,C00125,North,6.0,499.0,0.0,2994.0
T108987,06/29/2023,P0020,C00222,Central,4.0,4508.3,0.15,15328.22
T106268,03-Sep-2025,P0016,C00171,East,4.0,2604.21,0.05,9896.0
T104317,2024-03-30,P0015,C00073,South,3.0,4549.66,0.0,13648.98
T106802,14/11/2025,P0015,C00061,West,9.0,4549.66,0.0,40946.94
T100724,12/07/2023,P0006,C00047,Central,7.0,7884.39,10.0,49671.66
T104035,11/12/2025,P0016,C00088,South,9.0,2604.21,0.1,21094.1
T104851,12/01/2025,P0026,C00022,North,9.0,13905.57,0.1,112635.12
T105866,23-Mar-2023,P0003,C00148,North,5.0,10949.99,0.15,46537.46
T104169,02-Sep-2024,P0027,C00201,West,7.0,9818.49,0.0,68729.43
T100794,2025-11-19,P0023,C00160,South,3.0,10713.43,0.0,32140.29
T102755,03/01/2025,P0008,C00037,South,3.0,,0.05,1422.15
T102057,08/15/2023,P0040,C00012,East,3.0,12756.37,0.0,38269.11
T106275,22/06/2023,P0040,C00191,South,2.0,12756.37,0.0,25512.74
T108328,2025-12-19,P0021,C00052,East,5.0,359.09,0.0,1795.45
T100251,20/08/2024,P0006,C00163,,1.0,7884.39,0.0,7884.39
T103684,01/05/2023,P0040,C00105,West,2.0,12756.37,0.0,25512.74
T105325,02/12/2025,P0039,C00168,North,1.0,14579.92,0.0,14579.92
T103172,2023-04-26,P0011,C00168,North,5.0,8863.25,0.2,35453.0
T102648,29-Nov-2024,P0012,C00029,East,1.0,14484.04,0.0,14484.04
T103621,07/08/2025,P0040,C00025,South,3.0,12756.37,0.0,38269.11
T105970,24-Aug-2025,P0020,C00168,North,3.0,4508.3,,12172.41
T104685,08/03/2024,P0023,C00225,SOUTH ,7.0,10713.43,0.0,74994.01
T108959,27-May-2023,P0001,C00227,Central,3.0,6017.98,0.0,18053.94
T101233,15/03/2023,P0020,C00171,East,4.0,4508.3,0.0,18033.2
T107605,28-Jul-2025,P0008,C00205,North,6.0,499.0,0.2,2395.2
T108554,2025-09-04,P0031,C00018,Central,6.0,1566.84,0.0,9401.04
T101615,2023-10-10,P0029,C00179,North,9.0,12773.07,0.0,114957.63
T107344,03/07/2024,P0027,C00105,West,5.0,9818.49,0.15,41728.58
T107173,15-Oct-2025,P0006,C00188,North,6.0,7884.39,0.0,"₹47,306.34"
T107025,2024-08-08,P0032,C00077,South,1.0,5656.65,0.0,5656.65
T104519,08/01/2025,P0028,C00122,West,11.0,13737.15,0.0,151108.65
T103434,01/03/2024,P0027,C00118,Central,2.0,9818.49,0.0,19636.98
T103350,13/03/2024,P0036,C00065, East,5.0,4229.62,0.0,21148.1
T104603,24-Sep-2023,P0035,C00100,East,6.0,8930.77,0.0,53584.62
T104371,27/11/2024,P0009,C00109,North,12.0,11247.7,0.0,134972.4
T106300,05/10/2024,P0023,C00161,West,3.0,10713.43,0.2,25712.23
T103790,03/04/2024,P0024,C00142,Central,7.0,11884.11,0.0,83188.77
T108281,2023-09-26,P0032,C00242,East,4.0,5656.65,0.0,22626.6
T104706,09-Jul-2025,P0026,C00138,Central,2.0,13905.57,0.2,22248.91
T108825,12-Aug-2024,P0037,C00060,,5.0,8484.46,0.0,42422.3
T104753,05/17/2023,P0002,C00124,West,3.0,13910.88,0.0,41732.64
T101396,2024-12-01,P0028,C00137,South,5.0,13737.15,0.0,68685.75
T102728,15-Feb-2024,P0035,C00154,West,3.0,8930.77,0.0,26792.31
T108045,23/05/2023,P0014,C00218,Central,8.0,500.0,0.0,4000.0
T107438,21-Feb-2024,P0016,C00178,West,2.0,2604.21,0.05,4948.0
T104233,2023-01-31,P0002,C00052,East,6.0,13910.88,0.0,83465.28
T101042,08-Aug-2025,P0027,C00085,Central,6.0,9818.49,0.05,55965.39
T100611,11-Jul-2024,P0010,C00231,north,3.0,8164.43,0.0,24493.29
T102549,15-May-2023,P0025,C00083,South,2.0,9148.51,0.1,16467.32
T103479,05-Dec-2025,P0031,C00015,South,7.0,1566.84,0.0,10967.88
T102018,06/15/2023,P0016,C00030,North,1.0,2604.21,0.0,2604.21
T108869,2024-11-24,P0025,C00211,West,1.0,9148.51,0.0,9148.51
T102999,10-Oct-2024,P0012,C00127,SOUTH ,10.0,14484.04,0.0,144840.4
T107514,2023-04-18,P0019,C00199,Central,1.0,6013.99,0.0,6013.99
T104789,04/28/2023,P0034,C00072,West,6.0,10038.95,0.0,60233.7
T103785,27/07/2025,P0035,C00049,East,7.0,8930.77,0.0,62515.39
T107888,16/10/2024,P0014,C00099,North,6.0,500.0,0.0,3000.0
T107775,25/03/2023,P0026,C00080,North,2.0,13905.57,0.0,27811.14
T108422,31/05/2024,P0008,C00065, East,1.0,499.0,0.0,499.0
T106347,2025-08-03,P0024,C00039,North,6.0,11884.11,0.0,71304.66
T106011,26-Feb-2023,P0026,C00065, East,,13905.57,0.1,"₹62,575.07"
T100503,04/20/2024,P0004,C00033,North,5.0,4999.13,0.0,24995.65
T107763,03/06/2024,P0007,C00053,West,4.0,14423.4,0.0,57693.6
T100274,18-Apr-2023,P0022,C00199,Central,3.0,3102.81,0.0,9308.43
T101345,2025-01-22,P0032,C00017, East,2.0,,0.0,"₹11,313.30"
T107705,23/04/2023,P0027,C00139,South,1.0,9818.49,0.05,9327.57
T106070,2025-06-30,P0014,C00158,East,7.0,500.0,0.0,3500.0
T103281,31-May-2025,P0028,C00048,South,2.0,13737.15,0.0,27474.3
T104102,11/12/2024,P0010,C00167,East,3.0,8164.43,0.05,23268.63
T102473,10/25/2023,P0036,C00067,,4.0,4229.62,0.1,15226.63
T106912,22/02/2025,P0031,C00106,West,5.0,1566.84,,7834.2
T104002,09/09/2024,P0021,C00024,South,3.0,359.09,0.0,1077.27
T103518,2023-10-31,P0007,C00195,East,7.0,14423.4,0.0,100963.8
T105696,03-Oct-2024,P0022,C00237,Central,7.0,3102.81,0.1,"₹19,547.70"
T102533,20/04/2025,P0018,C00132,Central,3.0,,0.0,19312.53
T100108,08/09/2025,P0002,C00053,West,3.0,13910.88,0.0,41732.64
T100683,26-Jan-2023,P0032,C00011,East,1.0,5656.65,0.05,5373.82
T104695,2024-04-10,P0023,C00150,East,4.0,10713.43,0.0,42853.72
T108629,18/12/2025,P0017,C00096,Central,7.0,382.2,0.0,2675.4
T100997,21-Oct-2024,P0011,C00220,,3.0,8863.25,0.15,22601.29
T106955,09/06/2025,P0021,C00073,South,8.0,359.09,0.0,2872.72
T102465,06-Jul-2023,P0034,C00213,South,6.0,10038.95,0.0,60233.7
T101176,2025-08-03,P0008,C00102,Central,6.0,499.0,0.0,2994.0
T101346,09/29/2023,P0013,C00018,Central,7.0,9164.46,0.0,64151.22
T107146,09/04/2023,P0003,C00228,South,3.0,10949.99,0.0,32849.97
T100744,08/14/2025,P0029,C00063,North,2.0,12773.07,0.1,22991.53
T107932,14/09/2024,P0021,C00150,East,6.0,359.09,0.0,2154.54
T104597,2025-08-19,P0015,C00195,East,4.0,4549.66,0.0,"₹18,198.64"
T104694,11/08/2024,P0008,C00102,central,5.0,499.0,0.0,2495.0
T102249,09/10/2025,P0037,C00215,East,6.0,8484.46,0.0,50906.76
T102777,21-May-2024,p0002 ,C00121,East,7.0,13910.88,0.0,97376.16
T108983,28-Nov-2025,P0038,C00207,Central,11.0,5836.46,,64201.06
T102362,2024-02-02,P0011,C00232,West,5.0,8863.25,0.2,35453.0
T101688,06/24/2023,P0030,C00078,West,4.0,6824.34,,27297.36
T107135,07/25/2025,P0032,C00209,East,7.0,5656.65,0.15,33657.07
T108917,16/12/2024,P0019,C00050,East,10.0,6013.99,0.05,57132.9
T108299,09/25/2025,P0011,C00201,West,6.0,8863.25,0.0,53179.5
T101919,2023-10-04,P0008,C00144,West,1.0,499.0,0.0,499.0
T104101,01/31/2024,P0030,C00077,south,2.0,6824.34,0.0,13648.68
T102034,03-Jul-2023,P0014,C00053,West,,500.0,0.05,1900.0
T100693,06/23/2024,P0040,C00012,East,4.0,12756.37,0.0,51025.48
T100485,2025-11-15,P0029,C00249,West,5.0,12773.07,0.0,63865.35
T108831,2024-11-24,P0019,C00164,North,5.0,6013.99,0.15,25559.46
T106696,25-Mar-2024,P0015,C00125,North,4.0,4549.66,0.05,17288.71
T100982,09/23/2024,P0039,C00060,,3.0,14579.92,0.2,34991.81
T101261,2024-11-23,P0001,C00109,North,3.0,6017.98,0.0,18053.94
T100079,16-Feb-2025,P0013,C00164,North,6.0,9164.46,0.0,54986.76
T102766,2023-12-14,P0003,C00063,North,9.0,10949.99,0.0,98549.91
T108569,11-Dec-2025,P0022,C00207,Central,7.0,3102.81,0.0,21719.67
T108758,21-Nov-2024,P0006,C00047,Central,3.0,7884.39,0.1,21287.85
T104692,02/26/2025,P0023,C00042,Central,6.0,10713.43,0.0,64280.58
T106874,03/04/2024,P0002,C00078,West,4.0,13910.88,0.0,55643.52
T102651,12/10/2024,P0016,C00148,North,8.0,2604.21,0.0,20833.68
T106689,06/21/2025,P0024,C00195,East,3.0,11884.11,0.05,33869.71
T107937,08/04/2024,P0015,C00165,West,6.0,4549.66,0.0,27297.96
T104198,10/02/2025,P0037,C00106,West,1.0,8484.46,0.0,8484.46
T105674,2023-12-04,P0013,C00125,North,7.0,9164.46,0.0,64151.22
T101578,2023-12-29,P0024,C00246,South,1.0,11884.11,0.0,11884.11
T108864,04/15/2024,P0019,C00107,East,2.0,6013.99,0.05,11426.58
T100445,2024-02-27,P0001,C00093,North,,6017.98,0.0,6017.98
T103969,03-May-2025,P0036,C00144,West,7.0,4229.62,0.1,26646.61
T104960,02-May-2025,P0017,C00062,South,4.0,382.2,0.0,1528.8
T106706,05/13/2023,P0029,C00247,North,3.0,12773.07,0.0,38319.21
T105762,10/16/2025,P0036,C00119,South,5.0,4229.62,0.0,21148.1
T104561,01/29/2023,P0010,C00164,North,4.0,8164.43,0.0,32657.72
T102886,2023-05-02,P0038,C00240,South,5.0,5836.46,0.0,29182.3
T105046,03/09/2025,P0030,C00020,North,6.0,6824.34,0.1,36851.44
T102377,07/20/2023,P0026,C00242,East,2.0,13905.57,0.05,26420.58
T108854,2025-07-27,P0013,C00094,SOUTH ,6.0,9164.46,0.0,54986.76
T103320,02/27/2025,P0008,C00027,,4.0,499.0,0.05,1896.2
T102641,13-Jun-2023,P0002,C00134,East,4.0,13910.88,0.05,52861.34
T101597,05/01/2023,P0016,C00068,north,5.0,2604.21,0.05,12370.0
T107431,04/07/2025,P0023,C00219,West,2.0,10713.43,0.0,21426.86
T108751,07/13/2023,P0007,C00090,SOUTH ,3.0,14423.4,0.1,38943.18
T100068,15/09/2025,P0006,C00056,,4.0,7884.39,0.0,31537.56
T103833,2024-05-17,P0008,C00104,South,6.0,499.0,0.05,2844.3
T100048,2023-04-05,P0001,C00191,South,2.0,6017.98,0.0,12035.96
T101053,09/05/2025,P0010,C00074,East,3.0,8164.43,0.0,24493.29
T103964,06/12/2025,P0009,C00033,North,7.0,11247.7,0.0,78733.9
T103265,03-Sep-2025,P0006,C00054,Central,4.0,7884.39,0.0,31537.56
T102918,20/08/2023,P0002,C00157,Central,2.0,13910.88,,27821.76
T100603,07/04/2024,P0008,C00010,South,3.0,499.0,0.0,1497.0
T105048,25-Aug-2024,P0034,C00150,East,8.0,10038.95,0.0,80311.6
T106239,2025-03-25,P0021,C00175,East,6.0,359.09,0.0,2154.54
T108189,04/25/2023,P0032,C00189,North,7.0,5656.65,0.0,39596.55
T105722,02/11/2023,P0012,C00207,Central,6.0,14484.04,0.0,86904.24
T107032,17-May-2025,P0020,C00036,North,4.0,4508.3,0.0,18033.2
T101467,2023-04-08,P0026,C00125,North,5.0,13905.57,0.0,3476392.5000000005
T105381,23-Jun-2025,P0011,C00113,East,2.0,8863.25,0.0,17726.5
T107525,23-May-2025,P0034,C00244,South,7.0,10038.95,0.2,56218.12
T100393,11/09/2025,P0037,C00099,North,2.0,8484.46,0.05,16120.47
T108356,05/25/2024,P0019,C00026,North,6.0,6013.99,0.0,36083.94
T100230,11-Sep-2025,P0025,C00225,SOUTH ,4.0,9148.51,0.0,36594.04
T101320,11/11/2024,P0020,C00026,North,7.0,4508.3,0.0,31558.1
T100041,10/05/2023,P0037,C00026,North,3.0,8484.46,0.2,20362.7
T104352,28/06/2025,P0009,C00206,North,8.0,11247.7,0.1,80983.44
T102882,11/08/2024,P0009,C00089,East,3.0,11247.7,0.1,30368.79
T108115,01/07/2024,P0025,C00118,Central,,9148.51,0.0,"₹9,148.51"
T103412,2025-09-12,P0038,C00204,Central,4.0,5836.46,0.0,23345.84
T104011,07-Apr-2024,P0027,C00208,Central,4.0,9818.49,0.0,39273.96
T101530,12/02/2023,P0034,C00234, East,3.0,10038.95,0.05,28611.01
T102921,01/01/2025,P0014,C00107,East,4.0,500.0,0.0,2000.0
T102615,11/28/2025,P0009,C00152,North,13.0,11247.7,0.0,146220.1
T107318,10/07/2024,P0004,C00186,North,4.0,4999.13,0.0,19996.52
T108396,2025-12-17,P0004,C00091,Central,11.0,4999.13,0.2,43992.34
T101323,19/07/2024,P0010,C00142,Central,,8164.43,0.0,40822.15
T105447,26/01/2025,P0039,C00171,East,2.0,14579.92,0.05,27701.85
T104132,21/10/2024,P0040,C00002,West,12.0,12756.37,0.15,130114.97
T102337,26-May-2023,P0033,C00170,West,6.0,10082.29,0.0,60493.74
T101491,05/22/2024,P0029,C00067,,4.0,12773.07,0.0,51092.28
T106243,20/02/2024,P0005,C00085,Central  ,4.0,8621.09,0.0,34484.36
T106174,05/19/2025,P0015,C00190,North,6.0,4549.66,0.0,27297.96
T100061,2025-08-21,P0040,C00230,East,7.0,12756.37,0.2,71435.67
T108384,02/19/2025,P0004,C00126,West,1.0,4999.13,0.0,4999.13
T104031,11/18/2024,P0007,C00169,,7.0,14423.4,0.0,100963.8
T105577,03-Jan-2023,P0031,C00002,West,5.0,1566.84,0.0,7834.2
T107303,2024-10-12,P0016,C00070,West,10.0,2604.21,0.0,26042.1
T100402,09/27/2023,P0015,C00005,East,4.0,4549.66,0.0,18198.64
T100332,16-Aug-2024,P0030,C00033,North,4.0,6824.34,0.1,24567.62
T107623,08/12/2023,P0032,C00002,West,7.0,5656.65,0.0,39596.55
T101009,18/12/2025,P0027,C00085,Central,9.0,9818.49,0.0,88366.41
T101168,2023-06-08,P0002,C00078,West,4.0,13910.88,0.0,55643.52
T102272,07/02/2024,P0015,C00206,North,3.0,4549.66,0.1,12284.08
T108077,09/29/2025,P0007,C00159,North,1.0,14423.4,0.05,13702.23
T104453,03/25/2024,P0009,C00164,North,4.0,11247.7,0.0,44990.8
T103688,06/09/2025,P0024,C00112,South,2.0,11884.11,0.0,23768.22
T105702,13-Jan-2023,P0006,C00040,North,5.0,7884.39,0.0,39421.95
T104939,02/02/2025,P0013,C00214,Central,6.0,9164.46,0.0,54986.76
T107298,2025-07-13,P0028,C00099,North,3.0,13737.15,0.0,41211.45
T106242,02/21/2024,P0010,C00236,,2.0,8164.43,0.0,16328.86
T101438,02/19/2023,P0015,C00164,North,,4549.66,0.0,9099.32
T102420,30-Aug-2025,P0034,C00168,North,6.0,10038.95,0.05,57222.02
T102521,22/08/2025,P0040,C00092,SOUTH ,2.0,12756.37,0.0,25512.74
T106758,10-Oct-2025,P0022,C00098,East,3.0,3102.81,0.0,9308.43
T101334,12/02/2024,P0010,C00043,West,8.0,8164.43,0.0,65315.44
T101783,03/17/2025,P0016,C00094,SOUTH ,3.0,2604.21,0.0,7812.63
T108545,11/09/2024,P0004,C00002,West,,4999.13,0.0,19996.52
T101659,2025-11-07,P0025,C00056,South,7.0,9148.51,0.0,64039.57
T103628,2025-11-07,P0013,C00028,Central,7.0,9164.46,0.0,64151.22
T103717,12/09/2023,P0032,C00071, East,3.0,5656.65,0.0,16969.95
T106363,13/11/2023,P0031,C00099,North,3.0,1566.84,0.0,4700.52
T105012,2023-12-20,P0013,C00250,north,6.0,9164.46,0.05,52237.42
T103437,22-Oct-2024,P0026,C00110,East,4.0,13905.57,0.2,44497.82
T107195,24/08/2024,P0026,C00156,South,5.0,13905.57,0.0,69527.85
T105504,05/11/2025,P0029,C00057,East,4.0,12773.07,0.0,51092.28
T100706,10/10/2023,P0029,C00111,North,11.0,12773.07,0.0,140503.77
T103454,2023-04-17,P0036,C00014,Central,1.0,4229.62,0.0,4229.62
T105958,2025-09-08,P0006,C00001,West,7.0,7884.39,0.05,52431.19
T105308,09/28/2023,P0033,C00092,SOUTH ,3.0,10082.29,0.0,"₹30,246.87"
T102072,11/06/2023,P0026,C00125,North,9.0,13905.57,0.0,125150.13
T103799,03-Jan-2024,P0026,C00027,,7.0,13905.57,0.0,97338.99
T106181,05/14/2025,P0035,C00069,Central,4.0,8930.77,0.1,32150.77
T103592,22/10/2025,P0013,C00174,Central,8.0,9164.46,0.1,65984.11
T101562,25-Aug-2024,P0005,C00200,North,2.0,8621.09,0.1,15517.96
T104112,13-May-2023,P0024,C00132,Central,5.0,11884.11,0.05,56449.52
T104291,03/24/2024,P0016,C00204,Central,6.0,2604.21,0.0,15625.26
T101747,19/10/2023,P0016,C00137,South,11.0,2604.21,0.1,25781.68
T100696,08/01/2024,P0001,C00233,West,1.0,6017.98,0.0,"₹6,017.98"
T101103,02/13/2024,P0009,C00113,East,2.0,11247.7,0.0,22495.4
T100473,2025-06-02,P0002,C00163,,,13910.88,0.0,111287.04
T100379,07/05/2025,p0016 ,C00120,West,1.0,2604.21,0.0,2604.21
T108519,2025-02-13,P0036,C00079,South,3.0,4229.62,0.05,12054.42
T104047,18-May-2025,P0011,C00143,South,9.0,8863.25,0.0,79769.25
T108866,02-Mar-2025,P0013,C00016,West,6.0,,0.0,54986.76
T104723,25-Dec-2025,P0019,C00196,East,5.0,6013.99,0.05,28566.45
T106821,28/11/2024,P0035,C00025,South,7.0,8930.77,0.05,59389.62
T106195,12/03/2024,P0019,C00020,North,1.0,6013.99,,6013.99
T103352,2024-05-15,P0015,C00241,South,7.0,4549.66,0.2,25478.1
T105967,15-Oct-2023,P0013,C00156,South,8.0,9164.46,0.0,73315.68
T104189,06-Nov-2024,P0017,C00044,South,1.0,382.2,0.0,382.2
T100381,18/09/2023,P0012,C00016,West,2.0,14484.04,0.1,26071.27
T105974,2024-05-12,P0016,C00233,West,1.0,2604.21,0.0,2604.21
T106043,2023-04-22,P0003,C00221,West,-4.0,10949.99,0.0,43799.96
T102164,02/28/2024,P0029,C00060,,3.0,12773.07,0.0,38319.21
T105112,12/03/2025,P0013,C00063,North,13.0,9164.46,0.0,119137.98
T102485,12/01/2023,P0017,C00110,East,2.0,382.2,0.0,764.4
T105710,21/02/2024,P0016,C00126,West,5.0,2604.21,,13021.05
T106659,02/10/2024,P0034,C00040,North,1.0,10038.95,0.0,10038.95
T106822,04/26/2025,P0034,C00125,North,9.0,10038.95,0.0,90350.55
T100058,26/04/2024,P0038,C00245,Central,4.0,5836.46,0.2,933833.4999999999
T108302,28-Aug-2025,P0011,C00146,Central,3.0,8863.25,0.0,26589.75
T101155,14-Nov-2025,P0032,C00073,South,3.0,5656.65,0.2,13575.96
T103501,2023-03-09,P0025,C00118,Central,1.0,9148.51,0.0,9148.51
T108811,2024-09-14,P0015,C00157,Central,5.0,4549.66,0.0,22748.3
T102762,05/14/2025,P0014,C00047,Central,7.0,500.0,0.0,3500.0
T104398,2024-12-08,P0026,C00104,South,6.0,13905.57,0.0,83433.42
T104852,01/14/2024,P0031,C00232,West,3.0,1566.84,0.0,4700.52
T102960,10/09/2023,P0019,C00171,East,6.0,6013.99,0.0,"₹36,083.94"
T101193,2023-11-29,P0033,C00222,Central,6.0,10082.29,0.0,60493.74
T107324,14/11/2025,P0004,C00022,North,3.0,4999.13,0.0,14997.39
T107626,2024-09-23,P0011,C00201,West,3.0,8863.25,0.0,26589.75
T100858,17-Jun-2025,P0018,C00128,South,6.0,,0.0,38625.06
T104510,08/11/2024,P0033,C00222,Central,3.0,10082.29,0.0,30246.87
T106601,01/03/2024,P0017,C00062,South,2.0,382.2,0.0,764.4
T103616,27/03/2023,P0022,C00025,South,7.0,3102.81,0.05,20633.69
T106617,29/05/2025,P0034,C00022,North,4.0,10038.95,0.0,40155.8
T106796,17/08/2023,P0007,C00188,North,5.0,14423.4,0.1,64905.3
T101536,01/04/2024,P0025,C00051,,3.0,9148.51,0.0,27445.53
T100745,2024-03-20,P0001,C00160,South,1.0,6017.98,0.0,6017.98
T106055,27-May-2023,P0005,C00194,East,8.0,8621.09,0.0,68968.72
T104414,04/10/2024,P0009,C00164,North,4.0,11247.7,0.0,44990.8
T108339,01/30/2023,P0002,C00172,Central,4.0,13910.88,0.0,55643.52
T107533,16/06/2025,P0037,C00111,North,6.0,8484.46,0.15,43270.75
T103149,2024-10-30,P0035,C00016,West,,8930.77,0.0,80376.93
T102724,02/18/2025,P0008,C00200,North,2.0,499.0,0.0,998.0
T103985,2023-06-07,P0009,C00234, East,6.0,11247.7,0.15,57363.27
T108493,08-Jun-2024,P0014,C00080,North,3.0,500.0,0.0,1500.0
T106855,2025-08-07,P0022,C00114,South,3.0,3102.81,0.05,8843.01
T104580,2025-01-30,P0036,C00204,Central,7.0,4229.62,0.0,29607.34
T104533,10/12/2025,P0038,C00171,East,9.0,5836.46,0.1,47275.33
T106085,07/26/2024,P0025,C00140,West,3.0,9148.51,0.1,24700.98
T108717,26-Aug-2025,P0032,C00226,West,8.0,5656.65,0.0,45253.2
T107530,2024-05-23,P0029,C00162,north,,12773.07,0.0,51092.28
T102275,19-May-2025,P0030,C00081,West,6.0,6824.34,0.0,40946.04
T101656,04/29/2024,P0032,C00178,West,4.0,5656.65,0.0,22626.6
T107961,18/08/2025,P0029,C00209,East,3.0,12773.07,0.0,38319.21
T101533,2023-06-19,P0031,C00127,SOUTH ,7.0,1566.84,0.2,8774.3
T104176,2024-12-03,P0008,C00191,South,8.0,499.0,0.05,3792.4
T107414,10-Nov-2023,P0026,C00094,SOUTH ,12.0,13905.57,0.2,133493.47
T108021,16-May-2023,P0034,C00228,South,5.0,10038.95,,47685.01
T105909,23-Nov-2023,P0023,C00190,North,11.0,10713.43,0.0,117847.73
T104466,10-Jun-2025,P0040,C00150,East,4.0,12756.37,0.1,45922.93
T106993,2024-08-27,P0036,C00214,Central,4.0,4229.62,0.0,16918.48
T103649,15/09/2023,P0008,C00009,Central,9.0,499.0,0.0,4491.0
T105610,2024-07-04,P0002,C00163,,8.0,13910.88,0.0,111287.04
T108925,2023-04-17,P0037,C00056,South,3.0,8484.46,0.0,25453.38
T103256,11/07/2025,P0003,C00226,West  ,1.0,10949.99,0.0,10949.99
T100214,2024-10-13,P0017,C00227,Central,1.0,382.2,0.0,382.2
T107075,2024-07-28,P0039,C00003,North,4.0,14579.92,0.0,58319.68
T104418,23-Jun-2025,P0020,C00117,West,11.0,4508.3,0.0,49591.3
T108033,2025-02-07,P0017,C00051,East,3.0,382.2,0.0,1146.6
T100862,01/18/2024,P0001,C00178,West,1.0,6017.98,0.0,6017.98
T100003,04-Sep-2025,P0030,C00039,North,3.0,6824.34,0.0,20473.02
T103014,17-Oct-2025,P0038,C00138,Central,6.0,5836.46,0.05,33267.82
T108421,2025-12-25,P0022,C00174,Central,7.0,3102.81,0.0,21719.67
T108015,2023-08-17,P0040,C00121,East,4.0,12756.37,0.0,51025.48
T105869,2025-07-13,P0024,C00028,Central,3.0,,0.1,32087.1
T100181,11/06/2025,P0016,C00010,South,1.0,2604.21,0.0,2604.21
T101618,04-Oct-2023,P0006,C00126,West,2.0,7884.39,0.05,14980.34
T104162,01/04/2025,P0033,C00112,South,1.0,10082.29,0.15,8569.95
T107685,04/03/2025,P0030,C00008,South,2.0,6824.34,0.0,13648.68
T106215,05/26/2024,P0018,C00170,West,2.0,6437.51,0.1,11587.52
T104772,11/07/2024,P0009,C00007,Central,10.0,11247.7,0.0,112477.0
T107183,10/30/2024,P0004,C00160,South,6.0,4999.13,0.0,29994.78
T106068,04/03/2024,P0027,C00079,South,2.0,9818.49,0.0,19636.98
T102412,2025-03-19,P0034,C00065, East,9.0,10038.95,0.2,72280.44
T103955,09/09/2023,P0033,C00080,North,2.0,10082.29,0.15,17139.89
T107258,20/08/2023,P0039,C00224,Central,3.0,14579.92,0.05,41552.77
T107423,01/20/2024,P0009,C00217,North,4.0,11247.7,0.0,44990.8
T102954,2023-03-17,P0027,C00216,South,2.0,9818.49,0.2,15709.58
T102523,19-Nov-2025,P0013,C00195,East,7.0,9164.46,0.0,64151.22
T103085,07/18/2023,P0007,C00056,South,1.0,14423.4,0.0,14423.4
T108247,04/08/2025,P0026,C00199,Central,4.0,,0.0,55622.28
T100070,01/25/2024,P0035,C00061,West,1.0,8930.77,0.0,8930.77
T100544,05/11/2023,P0040,C00049,East,5.0,12756.37,,63781.85
T108128,26-Jan-2024,P0036,C00014,Central,4.0,4229.62,0.0,16918.48
T100835,2023-05-05,P0032,C00196,East,3.0,5656.65,0.0,16969.95
T102115,11-Nov-2023,P0033,C00192,Central,11.0,10082.29,0.1,99814.67
T106932,28-Oct-2025,P0025,C00218,Central,8.0,9148.51,0.1,65869.27
T103325,27/04/2025,P0014,C00154,West,6.0,500.0,0.2,2400.0
T103749,11/10/2023,P0013,C00072,West,5.0,9164.46,0.0,45822.3
T108826,26/09/2023,P0022,C00104,South,5.0,3102.81,0.1,13962.64
T100367,14-May-2024,P0027,C00017, East,5.0,9818.49,0.0,49092.45
T106994,09/13/2023,P0038,C00209,East,4.0,5836.46,0.0,23345.84
T108862,03/09/2025,P0010,C00209,East,4.0,8164.43,0.0,32657.72
T104436,2023-02-27,P0010,C00043,West,2.0,8164.43,0.0,16328.86
T107373,09/16/2025,P0006,C00049,East,4.0,7884.39,0.1,28383.8
T100877,2025-01-31,P0009,C00098,East,2.0,11247.7,0.0,22495.4
T107908,28-Jul-2023,P0032,C00109,North,1.0,5656.65,0.0,5656.65
T100196,09/18/2025,P0002,C00187,North,14.0,13910.88,0.05,185014.7
T108885,2025-07-08,P0003,C00188,North,2.0,10949.99,0.1,19709.98
T102522,2025-08-07,P0019,C00020,North,3.0,6013.99,0.0,18041.97
T102260,12/26/2024,P0034,C00105,West,5.0,10038.95,0.0,50194.75
T104057,10/28/2024,P0022,C00041,East,6.0,3102.81,0.1,16755.17
T108439,05/26/2023,P0039,C00056,South,9.0,14579.92,0.0,131219.28
T106087,02/08/2025,P0008,C00080,North,6.0,499.0,0.0,2994.0
T106936,04/16/2024,P0015,C00058,East,4.0,,0.0,18198.64
T101544,08/01/2025,P0020,C00204,Central,9.0,4508.3,0.0,40574.7
T104825,10-Aug-2023,P0003,C00100,east,3.0,10949.99,0.0,32849.97
T108627,30-Jan-2025,P0008,C00096,Central,4.0,499.0,0.0,1996.0
T107539,05/01/2023,P0001,C00095,Central,3.0,6017.98,0.1,16248.55
T108541,17/08/2024,P0035,C00132,Central,5.0,8930.77,0.1,40188.47
T105081,01/25/2025,P0028,C00212,South,3.0,13737.15,0.0,41211.45
T104461,07/09/2024,P0034,C00168,North,3.0,10038.95,0.0,30116.85
T106735,12/16/2024,P0032,C00032,North,6.0,5656.65,0.0,33939.9
T101432,04/25/2025,P0017,C00223,Central,1.0,382.2,0.1,343.98
T105281,15-Mar-2025,P0006,C00094,SOUTH ,4.0,7884.39,0.0,31537.56
T104514,21-Apr-2025,P0038,C00198,West,2.0,5836.46,0.05,11089.27
T106790,01/12/2023,P0040,C00112,South,1.0,12756.37,0.0,12756.37
T103290,29-Aug-2023,P0025,C00182,North,4.0,9148.51,0.0,36594.04
T102881,14-Sep-2024,P0031,C00235,East,7.0,1566.84,0.0,10967.88
T105689,05/18/2025,P0034,C00222,Central,1.0,10038.95,0.0,10038.95
T103082,02/07/2024,P0003,C00094,SOUTH ,3.0,10949.99,0.0,32849.97
T107649,08/04/2023,P0013,C00031,South,5.0,9164.46,0.05,43531.18
T107012,2023-09-01,P0012,C00097,West,2.0,14484.04,,28968.08
T107008,20-Oct-2023,P0015,C00046,South,2.0,4549.66,0.0,9099.32
T104463,05/05/2024,P0035,C00026,North,6.0,8930.77,0.0,53584.62
T108137,03-Jul-2024,P0015,C00028,Central,6.0,4549.66,0.05,25933.06
T103981,05/08/2024,P0031,C00215,East,3.0,1566.84,0.0,4700.52
T102697,11-May-2023,P0031,C00228,South,,1566.84,0.0,3133.68
T100218,09-Jun-2023,P0014,C00092,SOUTH ,9.0,500.0,0.1,4050.0
T103834,27/03/2025,P0015,C00016,West,8.0,4549.66,0.1,32757.55
T106730,03/02/2023,P0012,C00171,East,4.0,14484.04,0.15,49245.74
T103297,13-Oct-2023,P0040,C00229,East,5.0,12756.37,0.0,63781.85
T107023,2023-07-30,P0036,C00119,South,7.0,4229.62,0.0,"₹29,607.34"
T101897,01/19/2023,P0020,C00119,South,5.0,4508.3,0.0,22541.5
T101244,01/10/2023,P0016,C00029,East,4.0,2604.21,0.0,10416.84
T103842,2023-06-14,P0037,C00037,South,2.0,8484.46,0.0,16968.92
T106560,01-Jan-2023,P0024,C00121,East,2.0,11884.11,0.0,23768.22
T104344,02/23/2025,P0020,C00043,West,2.0,4508.3,0.15,7664.11
T107875,06/21/2023,P0028,C00015,South,6.0,13737.15,0.1,74180.61
T101643,17-Mar-2023,P0017,C00007,Central,7.0,382.2,0.05,2541.63
T107711,2024-01-11,P0031,C00129,Central,4.0,1566.84,0.0,6267.36
T107289,2024-11-03,P0038,C00014,Central,3.0,5836.46,0.0,17509.38
T100576,05/11/2025,P0008,C00214,Central,7.0,499.0,0.0,3493.0
T108873,05/11/2024,P0032,C00065, East,5.0,5656.65,,28283.25
T103573,30/05/2024,P0021,C00225,SOUTH ,1.0,359.09,0.0,359.09
T102273,25/02/2023,P0024,C00058,East,2.0,11884.11,0.0,23768.22
T101775,23-Jun-2025,P0001,C00100,East,4.0,6017.98,0.0,24071.92
T101166,04/08/2023,P0022,C00208,Central,2.0,3102.81,0.2,4964.5
T102968,10/23/2024,P0037,C00223,Central,10.0,8484.46,20.0,67875.68
T105464,2024-06-29,P0005,C00114,South,10.0,8621.09,0.0,86210.9
T100415,02-Nov-2024,P0031,C00140,West,1.0,1566.84,0.0,1566.84
T106940,23/09/2024,P0021,C00173,Central,3.0,,0.0,1077.27
T108357,2025-09-10,P0019,C00104,South,2.0,6013.99,0.2,9622.38
T106686,27-Aug-2025,P0012,C00216,South,1.0,14484.04,0.0,14484.04
T105549,2024-03-31,P0032,C00201,West,8.0,5656.65,0.0,45253.2
T100759,08/16/2024,P0029,C00232,West,3.0,12773.07,0.0,38319.21
T101385,11/07/2023,P0013,C00039,North,1.0,9164.46,0.05,8706.24
T106407,2024-05-11,P0004,C00234, East,5.0,4999.13,0.0,24995.65
T101201,13-Oct-2025,P0039,C00030,North,12.0,14579.92,0.0,174959.04
T104535,13/03/2025,P0004,C00217,,4.0,4999.13,15.0,16997.04
T108463,2025-04-09,P0015,C00088,South,4.0,4549.66,0.0,18198.64
T103025,2023-06-02,P0032,C00049,East,7.0,5656.65,0.2,31677.24
T103305,02/06/2024,P0011,C00236,East,6.0,8863.25,0.0,53179.5
T108920,22/01/2025,P0007,C00212,South,3.0,14423.4,0.0,43270.2
T108769,2025-02-24,P0031,C00049,East,4.0,1566.84,,6267.36
T103529,07-Jun-2024,P0019,C00240,South,4.0,6013.99,0.05,22853.16
T105981,02/07/2023,P0027,C00034,East,1.0,9818.49,0.15,8345.72
T103090,04-Jan-2025,P0022,C00055,South,2.0,3102.81,0.1,5585.06
T108469,2023-07-15,P0019,C00013,Central,6.0,6013.99,0.05,34279.74
T100782,2024-02-23,P0014,C00037,South,1.0,500.0,0.05,475.0
T107053,05/20/2023,P0023,C00217,North,3.0,10713.43,0.0,32140.29
T100328,2025-06-18,P0028,C00182,North,7.0,13737.15,0.0,96160.05
T103011,10/24/2023,P0004,C00248,North,7.0,4999.13,0.0,34993.91
T105893,2023-12-25,P0025,C00022,North,9.0,9148.51,0.1,74102.93
T103185,22/01/2024,P0026,C00095,Central,1.0,,0.0,13905.57
T105743,09/14/2024,P0031,C00089,East,5.0,1566.84,0.0,7834.2
T103355,20-Jun-2025,P0003,C00048,South,3.0,10949.99,0.0,32849.97
T105419,23-Jun-2024,P0008,C00249,West,2.0,499.0,0.0,998.0
T101111,28/11/2024,P0002,C00022,North,10.0,13910.88,0.0,139108.8
T102251,08/06/2025,P0024,C00024,South,4.0,11884.11,0.0,47536.44
T107100,31-Dec-2024,P0002,C00001,West,11.0,13910.88,0.0,"₹153,019.68"
T108693,07/02/2024,P0006,C00211,West,4.0,7884.39,0.0,31537.56
T103977,27-Nov-2025,P0013,C00024,South,3.0,9164.46,0.0,27493.38
T102254,24/05/2025,P0029,C00125,North,4.0,12773.07,0.05,48537.67
T101281,07-Feb-2024,P0024,C00018,Central,1.0,11884.11,0.0,11884.11
T100971,2024-01-10,P0039,C00120,West,4.0,14579.92,0.15,49571.73
T107130,01/08/2023,P0006,C00029,East,3.0,7884.39,0.0,23653.17
T104560,2023-05-19,P0002,C00044,South,5.0,13910.88,0.0,69554.4
T102876,16/02/2025,P0001,C00145,,3.0,6017.98,0.0,18053.94
T104950,02/25/2024,P0032,C00159,North,1.0,5656.65,0.0,5656.65
T103991,2023-08-23,P0030,C00078,West,5.0,6824.34,0.0,34121.7
T108572,15/02/2023,P0001,C00176,East,1.0,6017.98,0.0,6017.98
T100970,07/24/2025,P0037,C00231,north,3.0,8484.46,0.0,25453.38
T107582,07-Jun-2023,P0032,C00218,Central,2.0,5656.65,0.0,11313.3
T103782,20/08/2025,P0034,C00066,West,7.0,10038.95,0.2,56218.12
T101278,09-Apr-2023,P0019,C00241,South,6.0,6013.99,0.0,36083.94
T104019,2023-04-29,P0012,C00012,East,3.0,14484.04,0.0,43452.12
T108785,01/31/2025,P0038,C00064,North,4.0,5836.46,0.0,23345.84
T107251,25-Apr-2023,P0011,C00203,West,5.0,8863.25,0.0,44316.25
T102517,04/10/2025,P0022,C00179,North,7.0,3102.81,0.0,21719.67
T103349,09/05/2023,P0001,C00217,North,6.0,6017.98,0.0,36107.88
T101282,11/30/2024,P0018,C00209,East,1.0,6437.51,0.2,5150.01
T103708,23-Sep-2025,P0019,C00042,Central,6.0,6013.99,0.0,36083.94
T102883,26/12/2025,P0016,C00122,West,7.0,2604.21,0.0,18229.47
T104215,05/29/2023,P0017,C00056,South,4.0,382.2,0.0,1528.8
T104350,2023-06-25,P0012,C00092,SOUTH ,6.0,14484.04,0.0,86904.24
T101437,11/22/2025,P0037,C00071, East,9.0,8484.46,0.0,76360.14
T102771,15-Nov-2024,P0001,C00118,Central,3.0,6017.98,0.0,18053.94
T108776,18/03/2023,P0033,C00108,West,4.0,10082.29,0.0,40329.16
T100111,24/05/2024,P0035,C00189,North,1.0,8930.77,0.0,8930.77
T107375,28/05/2024,P0039,C00019,Central,5.0,14579.92,0.0,72899.6
T105502,12/03/2025,P0036,C00119,South,6.0,4229.62,0.0,25377.72
T107264,24-Jun-2024,P0015,C00061,West,4.0,4549.66,0.0,"₹18,198.64"
T102647,03-May-2023,P0039,C00133,East,7.0,14579.92,0.0,"₹102,059.44"
T101844,07/28/2024,P0022,C00165,West,3.0,3102.81,0.2,7446.74
T102107,17-Dec-2024,P0011,C00177,South,8.0,8863.25,0.0,70906.0
T106112,2025-07-23,P0022,C00154,West,8.0,3102.81,0.05,23581.36
T104505,2025-01-22,P0012,C00152,North,5.0,14484.04,0.0,72420.2
T108108,2025-09-11,P0039,C00244,South,7.0,14579.92,0.05,96956.47
T103666,26-Jun-2023,P0037,C00173,Central,6.0,8484.46,0.0,"₹50,906.76"
T103207,2023-12-06,P0007,C00157,Central,3.0,14423.4,0.1,38943.18
T107109,2023-04-18,P0005,C00079,South,6.0,8621.09,0.0,51726.54
T102301,11/24/2024,P0025,C00042,Central,7.0,9148.51,0.0,64039.57
T104407,22-Aug-2023,P0039,C00121,East,4.0,14579.92,0.2,46655.74
T101298,2024-09-06,P0001,C00199,Central,4.0,6017.98,0.2,19257.54
T108314,2025-04-25,P0026,C00144,,2.0,13905.57,0.0,27811.14
T100740,01-Jan-2023,P0022,C00047,Central,3.0,3102.81,0.05,8843.01
T104779,02-Aug-2023,P0015,C00082,East,4.0,4549.66,0.0,18198.64
T108060,08/04/2025,P0018,C00234, East,4.0,6437.51,0.0,25750.04
T103106,05/09/2025,P0011,C00108,West,6.0,8863.25,0.05,50520.52
T107299,02/23/2025,P0032,C00157,Central,5.0,5656.65,0.0,28283.25
T108650,03/03/2024,P0028,C00211,West,8.0,13737.15,0.0,109897.2
T108012,2024-06-23,P0011,C00234, East,1.0,8863.25,0.0,8863.25
T100524,11-Oct-2025,P0020,C00053,West,8.0,4508.3,0.0,36066.4
T106684,06/21/2023,P0025,C00245,Central,5.0,9148.51,0.0,45742.55
T102939,09-May-2024,P0030,C00060,,7.0,6824.34,0.1,42993.34
T102611,20/07/2023,P0037,C00155,West,1.0,8484.46,,8060.24
T105153,2023-02-18,P0003,C00036,North,3.0,10949.99,0.05,31207.47
T103127,08/30/2025,P0005,C00129,Central,2.0,8621.09,0.05,16380.07
T104480,2023-01-27,P0028,C00228,South,4.0,13737.15,0.05,"₹52,201.17"
T104029,05/23/2024,P0002,C00140,West,4.0,13910.88,0.05,52861.34
T106382,2023-08-01,P0017,C00144,West,3.0,382.2,0.2,917.28
T100435,10/13/2025,P0002,C00240,South,8.0,13910.88,0.0,111287.04
T108334,01/07/2024,P0027,C00033,North,6.0,9818.49,0.05,55965.39
T106149,06/08/2025,P0012,C00142,Central,7.0,14484.04,0.0,101388.28
T100308,10/10/2025,P0004,C00035,Central,8.0,4999.13,0.2,31994.43
T108947,12/09/2024,P0025,C00157,Central,3.0,9148.51,0.0,27445.53
T106408,2025-04-07,P0018,C00224,Central,9.0,6437.51,0.1,52143.83
T106538,13-Aug-2023,P0026,C00244,South,1.0,13905.57,0.0,13905.57
T108001,02-Oct-2023,P0008,C00197,South,2.0,499.0,0.05,948.1
T100087,24-Mar-2023,P0005,C00017, East,,8621.09,0.1,15517.96
T106832,2023-07-27,P0036,C00159,North,6.0,4229.62,0.0,25377.72
T103038,05/21/2025,P0004,C00187,North,8.0,4999.13,0.1,35993.74
T100401,06/12/2023,P0034,C00065, East,4.0,10038.95,0.15,34132.43
T102603,04-Jul-2023,P0037,C00038,West,3.0,8484.46,0.0,25453.38
T101020,25-Jan-2024,P0031,C00186,North,2.0,1566.84,0.05,2977.0
T100881,03/06/2024,P0006,C00199,Central,2.0,7884.39,0.0,15768.78
T104387,2025-05-23,P0034,C00035,Central,7.0,10038.95,0.0,70272.65
T107225,12/03/2025,P0013,C00208,Central,5.0,9164.46,0.1,41240.07
T105874,26-Nov-2023,P0011,C00149,North,8.0,8863.25,0.05,67360.7
T108713,2024-11-27,P0036,C00178,,1.0,4229.62,0.1,3806.66
T106622,2024-06-30,P0008,C00080,North,4.0,499.0,0.05,1896.2
T105284,2024-01-25,P0005,C00151,East,4.0,8621.09,0.0,34484.36
T107501,19/12/2023,P0032,C00037,South,9.0,5656.65,0.0,50909.85
T103847,02/07/2024,P0031,C00061,West,4.0,1566.84,,5953.99
T100257,24-Jun-2024,P0026,C00085,,6.0,13905.57,0.0,83433.42
T104584,17-Jul-2023,P0006,C00178,West,5.0,7884.39,0.0,39421.95
T100288,22/04/2023,P0022,C00178,West,4.0,3102.81,0.0,12411.24
T108992,28-Apr-2025,P0039,C00246,South,3.0,14579.92,0.0,43739.76
T106989,2023-05-29,P0016,C00104,South,4.0,2604.21,0.0,10416.84
T100232,2024-02-18,P0023,C00037,South,2.0,10713.43,0.0,21426.86
T105659,10/23/2024,P0038,C00177,South,3.0,5836.46,0.0,17509.38
T100476,13-Jan-2025,P0010,C00105,West,7.0,8164.43,0.0,57151.01
T107983,2025-06-17,P0022,C00083,South,7.0,3102.81,0.05,20633.69
T108337,07-May-2025,P0004,C00155,West,7.0,4999.13,0.0,34993.91
T107044,09/17/2024,P0027,C00095,Central,7.0,9818.49,0.05,65292.96
T102138,18/07/2024,P0001,C00137,South,8.0,6017.98,0.0,48143.84
T100056,06/20/2025,P0036,C00169,Central,4.0,4229.62,0.05,16072.56
T100737,2025-02-17,P0028,C00093,North,2.0,13737.15,0.0,27474.3
T106518,19-Mar-2024,P0020,C00172,Central,6.0,4508.3,0.1,24344.82
T102508,2024-09-09,P0005,C00064,North,4.0,8621.09,0.1,31035.92
T108370,05/27/2025,P0017,C00175,East,,382.2,0.1,687.96
T101817,07/05/2025,P0021,C00237,Central,7.0,359.09,0.0,2513.63
T103106,09/05/2025,P0011,C00108,West,6.0,8863.25,0.05,50520.52
T100543,09/04/2023,P0006,C00239,East,5.0,7884.39,0.0,39421.95
T107782,08/20/2024,P0035,C00063,North,5.0,8930.77,0.0,44653.85
T106113,2023-11-07,P0026,C00068,north,6.0,13905.57,0.0,83433.42
T102861,12-Aug-2023,P0009,C00066,West,,11247.7,0.0,44990.8
T104224,06/16/2024,P0011,C00140,West  ,1.0,8863.25,0.1,7976.92
T103544,2024-06-06,P0032,C00012,East,1.0,5656.65,0.0,5656.65
T106555,18-Aug-2024,P0022,C00045,West,8.0,3102.81,0.1,22340.23
T103946,01/14/2023,P0019,C00240,South,1.0,6013.99,0.0,6013.99
T101839,12/06/2023,P0005,C00171,East,10.0,8621.09,0.0,86210.9
T101995,28/12/2024,P0040,C00191,South,3.0,12756.37,0.0,38269.11
T105474,21-Feb-2025,P0018,C00073,South,7.0,6437.51,0.0,45062.57
T103150,2023-07-10,P0038,C00224,Central,4.0,5836.46,0.0,23345.84
T102239,09/19/2024,P0040,C00114,South,3.0,12756.37,0.0,38269.11
T107610,2024-06-24,P0010,C00244,South,2.0,8164.43,0.0,16328.86
T100800,26/12/2023,P0017,C00045,West,7.0,382.2,0.0,2675.4
T105810,22-Jul-2024,P0019,C00068,north,5.0,6013.99,0.0,30069.95
T101405,2023-10-10,P0013,C00246,South,5.0,9164.46,0.0,45822.3
T100069,03/22/2024,P0001,C00014,Central,3.0,6017.98,0.0,18053.94
T104721,03/19/2025,P0019,C00072,West,8.0,6013.99,0.0,48111.92
T101586,10-Feb-2025,P0006,C00019,Central,7.0,7884.39,0.2,44152.58
T102997,12/13/2023,P0028,C00067,,6.0,13737.15,0.2,65938.32
T104607,19-Aug-2025,P0024,C00180,Central,2.0,11884.11,0.0,23768.22
T101074,10/01/2023,P0021,C00006,East,5.0,359.09,0.0,1795.45
T108735,2024-04-18,P0016,C00166,Central,2.0,2604.21,0.05,4948.0
T105694,10-Feb-2023,P0004,C00046,South,3.0,4999.13,0.2,11997.91
T104717,03/13/2025,P0003,C00107,East,6.0,10949.99,0.0,65699.94
T108261,25/08/2024,P0025,C00198,West,1.0,9148.51,0.0,9148.51
T108059,2023-12-21,P0018,C00127,SOUTH ,3.0,6437.51,0.0,19312.53
T103209,01/26/2025,P0026,C00094,SOUTH ,3.0,13905.57,0.0,41716.71
T102592,11/24/2024,P0026,C00193,East,8.0,13905.57,0.0,111244.56
T105838,2025-09-07,P0021,C00242,East,6.0,359.09,0.15,1831.36
T106422,2024-11-03,P0016,C00121,East,5.0,2604.21,0.0,13021.05
T107285,14-Sep-2023,P0021,C00047,Central,,359.09,0.0,2513.63
T103837,03-Dec-2025,P0022,C00190,North,,3102.81,0.1,25132.76
T108455,2024-11-10,P0008,C00243,West,8.0,499.0,0.0,3992.0
T100477,01-Aug-2023,P0010,C00101,East,6.0,8164.43,0.05,46537.25
T101329,23-Apr-2025,P0030,C00190,North,3.0,6824.34,0.0,20473.02
T108790,15/12/2025,P0039,C00177,South,9.0,14579.92,0.0,131219.28
T101777,11/01/2024,P0008,C00217,North,10.0,499.0,0.0,4990.0
T106768,28/05/2023,P0020,C00027,,3.0,4508.3,0.0,13524.9
T100751,2023-06-23,P0019,C00158,East,5.0,6013.99,0.0,30069.95
T104829,2025-10-02,P0014,C00044,South,10.0,500.0,0.05,4750.0
T103903,25/08/2023,P0040,C00069,Central,2.0,12756.37,0.0,25512.74
T104972,01/11/2025,P0028,C00174,Central,13.0,13737.15,0.2,142866.36
T102620,22-Jul-2024,P0002,C00213,South,1.0,13910.88,0.0,13910.88
T103151,2024-12-08,P0031,C00229,East,6.0,1566.84,0.0,9401.04
T100468,01/26/2024,P0023,C00241,South,1.0,10713.43,0.2,8570.74
T101545,12-Mar-2025,P0007,C00165,West,6.0,14423.4,0.05,82213.38
T105204,30/10/2025,P0020,C00214,Central,6.0,4508.3,0.0,27049.8
T106341,2023-06-18,P0009,C00165,West,3.0,11247.7,0.0,33743.1
T101025,2024-09-24,P0014,C00147,North,8.0,500.0,0.0,4000.0
T104216,2024-03-13,P0018,C00020,north,1.0,6437.51,0.0,6437.51
T104981,06-Aug-2023,P0025,C00212,South,4.0,9148.51,0.0,36594.04
T100773,13-Dec-2024,P0036,C00066,West,10.0,4229.62,0.0,42296.2
T102098,25-Dec-2024,P0026,C00181,South,8.0,13905.57,0.05,105682.33
T103024,01/01/2023,P0029,C00078,West,4.0,12773.07,0.1,45983.05
T105411,19-May-2024,P0040,C00229,East,2.0,12756.37,0.1,22961.47
T100641,24/07/2025,P0039,C00168,North,1.0,14579.92,0.0,14579.92
T102955,14/03/2024,P0030,C00073,South,6.0,6824.34,0.1,36851.44
T107356,07/28/2024,P0001,C00189,North,6.0,6017.98,0.0,36107.88
T101108,22-Feb-2025,P0002,C00243,West,1.0,13910.88,0.0,13910.88
T106388,2025-10-01,P0017,C00004,East,1.0,382.2,0.0,382.2
T101420,03/26/2024,P0003,C00149,North,1.0,10949.99,0.0,10949.99
T104475,30/07/2023,P0001,C00038,West,3.0,,0.0,18053.94
T105202,18-Sep-2024,P0018,C00173,Central,4.0,6437.51,,21887.53
T104030,28-Nov-2023,P0020,C00204,Central,1.0,4508.3,0.1,4057.47
T106440,19-Jan-2023,P0035,C00211,West,1.0,8930.77,0.05,8484.23
T101680,28-Apr-2023,P0005,C00193,East,1.0,8621.09,0.1,7758.98
T105748,14-Sep-2025,P0003,C00065, East,9.0,10949.99,0.15,83767.42
T100633,02/01/2025,P0003,C00214,Central,2.0,10949.99,0.0,21899.98
T108783,02/01/2023,P0002,C00072,West,7.0,13910.88,0.0,97376.16
T106723,2023-04-01,P0004,C00181,South,7.0,4999.13,0.0,34993.91
T105579,08/16/2023,P0001,C00008,South,8.0,6017.98,0.0,48143.84
T107958,10/09/2023,P0032,C00017, east,2.0,5656.65,0.0,11313.3
T107572,11/30/2023,P0032,C00075,,4.0,5656.65,0.0,22626.6
T106189,09/18/2025,P0014,C00227,Central,4.0,500.0,0.0,2000.0
T102399,2025-07-07,P0024,C00188,North,3.0,11884.11,0.0,35652.33
T102543,29-Sep-2024,P0008,C00097,West,3.0,499.0,0.05,1422.15
T102926,11/19/2023,P0006,C00109,North,9.0,7884.39,0.1,63863.56
T107703,17-Sep-2025,P0033,C00079,South,8.0,10082.29,0.0,80658.32
T101172,05-Jan-2023,P0032,C00222,Central,3.0,5656.65,0.1,15272.95
T102943,06/21/2024,P0039,C00091,Central,4.0,14579.92,0.0,58319.68
T108848,02-Mar-2025,P0010,C00221,West,1.0,8164.43,0.1,7347.99
T107256,22/02/2025,P0024,C00103,West,1.0,11884.11,0.0,11884.11
T104898,28-Nov-2025,P0005,C00057,East,13.0,8621.09,,100866.75
T103399,07/06/2024,P0014,C00035,Central,7.0,500.0,0.0,3500.0
T104984,2024-01-20,P0037,C00140,West,1.0,8484.46,0.0,8484.46
T107881,02/03/2023,P0024,C00049,East,3.0,11884.11,0.0,35652.33
T106433,12/12/2025,P0032,C00214,Central,1.0,5656.65,0.1,5090.98
T102884,06/22/2025,P0007,C00059,North,4.0,14423.4,0.0,57693.6
T105728,04/16/2025,P0033,C00138,Central,3.0,10082.29,0.0,30246.87
T107010,13/03/2025,P0006,C00247,North,8.0,7884.39,0.0,"₹63,075.12"
T104649,04/08/2023,P0023,C00108,West,3.0,10713.43,0.0,32140.29
T100815,05/30/2025,P0024,C00224,Central,3.0,11884.11,0.0,35652.33
T102131,2024-10-22,P0022,C00151,East,9.0,3102.81,0.0,27925.29
T107210,09/14/2023,P0009,C00250,north,5.0,11247.7,0.0,56238.5
T107718,02/22/2024,P0007,C00156,South,4.0,14423.4,0.0,57693.6
T108061,15-Oct-2023,P0004,C00210,North,7.0,4999.13,0.1,31494.52
T107376,2023-08-30,P0033,C00141,South,7.0,10082.29,0.2,56460.82
T102944,2025-01-19,P0009,C00044,South,3.0,11247.7,0.05,32055.95
T106718,2024-08-11,P0014,C00061,West,2.0,500.0,0.0,1000.0
T100179,2024-02-12,P0005,C00194,East,3.0,8621.09,0.1,23276.94
T108429,22-Oct-2024,P0026,C00176,East,7.0,13905.57,0.0,97338.99
T108309,22/04/2023,P0022,C00244,South,3.0,3102.81,0.0,9308.43
T102582,2025-03-28,P0027,C00241,South,8.0,9818.49,0.0,78547.92
T107786,09/28/2025,P0013,C00040,North,2.0,9164.46,0.2,14663.14
T101157,24/09/2023,P0002,C00013,Central,4.0,13910.88,0.0,55643.52
T106647,2024-02-17,P0013,C00106,West,5.0,9164.46,0.0,45822.3
T101532,30-Nov-2025,P0004,C00094,SOUTH ,,4999.13,0.0,34993.91
T108300,16-Dec-2025,P0019,C00206,North,9.0,6013.99,0.05,51419.61
T101535,08/02/2023,P0004,C00058,East,4.0,4999.13,,19996.52
T106237,09/30/2024,P0007,C00231,north,-4.0,14423.4,0.1,51924.24
T105050,2025-03-20,P0021,C00091,Central,7.0,359.09,0.0,2513.63
T105649,15/01/2025,P0019,C00109,North,5.0,6013.99,0.0,30069.95
T105809,2025-10-05,P0021,C00218,Central,12.0,359.09,0.1,3878.17
T106583,27/11/2024,P0010,C00112,South,7.0,8164.43,0.1,51435.91
T102388,02/01/2025,P0003,C00195,East,2.0,10949.99,0.0,21899.98
T107275,12/12/2024,P0032,C00155,West,1.0,5656.65,0.0,5656.65
T101480,07-Feb-2024,P0039,C00176,East,3.0,14579.92,0.1,39365.78
T106752,03/10/2024,P0007,C00170,West,3.0,14423.4,0.0,43270.2
T108917,12/16/2024,P0019,C00050,East,10.0,6013.99,0.05,57132.9
T100378,02/18/2023,P0011,C00065, East,2.0,8863.25,0.05,16840.18
T104141,01/07/2025,P0012,C00136,South,,14484.04,0.0,43452.12
T101952,05/25/2025,P0026,C00065, East,3.0,13905.57,0.0,41716.71
T103205,2024-01-21,P0026,C00037,South,3.0,13905.57,0.0,41716.71
T105700,13/04/2024,P0040,C00167,East,4.0,12756.37,0.0,51025.48
T101163,05/05/2024,P0039,C00041,East,5.0,14579.92,0.0,72899.6
T106836,2025-09-15,P0040,C00127,SOUTH ,4.0,12756.37,0.0,51025.48
T105076,08/18/2023,P0026,C00048,south,6.0,13905.57,0.0,83433.42
T107844,12/16/2023,P0002,C00184,East,10.0,13910.88,0.0,139108.8
T107167,20/06/2025,P0011,C00197,South,2.0,8863.25,0.0,17726.5
T105632,12-Feb-2023,P0010,C00100,East,2.0,8164.43,0.1,14695.97
T103443,10/01/2023,P0008,C00137,South,5.0,499.0,0.0,2495.0
T101598,11/27/2025,P0033,C00075,,7.0,10082.29,0.0,70576.03
T106814,18-Feb-2023,P0028,C00229,East,2.0,13737.15,0.0,27474.3
T100300,11/09/2025,P0012,C00216,South,11.0,14484.04,0.0,159324.44
T105584,05/07/2025,P0021,C00081,West,4.0,359.09,0.0,1436.36
T105030,11/10/2025,P0038,C00038,West,13.0,5836.46,0.0,75873.98
T102177,22/12/2025,P0028,C00168,North,3.0,13737.15,0.0,41211.45
T103464,2023-06-03,P0034,C00118,Central,4.0,10038.95,0.05,38148.01
T105144,02-Jul-2025,P0026,C00072,West,4.0,13905.57,0.0,55622.28
T101359,03/11/2024,P0023,C00101,East,6.0,10713.43,0.05,"₹61,066.55"
T103739,2025-03-31,P0024,C00040,North,2.0,11884.11,0.15,20202.99
T103855,19/01/2023,P0015,C00007,Central,4.0,4549.66,0.0,18198.64
T105889,28-Sep-2023,P0010,C00163,,3.0,8164.43,0.0,24493.29
T100486,30/05/2025,P0004,C00029,East,6.0,4999.13,0.1,26995.3
T102574,29-Aug-2024,P0026,C00094,SOUTH ,4.0,13905.57,0.0,55622.28
T105707,10/14/2024,P0027,C00015,,12.0,9818.49,0.0,117821.88
T101152,2023-08-21,P0014,C00039,North,1.0,500.0,0.0,500.0
T104441,13/10/2023,P0008,C00216,South,4.0,499.0,0.0,1996.0
T108081,2023-01-11,P0009,C00154,West,4.0,11247.7,0.0,44990.8
T106478,03/20/2024,P0020,C00178,West,1.0,4508.3,0.1,4057.47
T108847,25-Dec-2025,P0040,C00192,Central,3.0,12756.37,0.0,38269.11
T108073,06/28/2024,P0006,C00011,East,5.0,7884.39,0.1,35479.76
T104856,04/28/2023,P0014,C00130,East,6.0,500.0,0.0,3000.0
T100665,17/02/2025,P0037,C00054,Central,4.0,8484.46,,33937.84
T105092,09/02/2025,P0003,C00236,East,6.0,10949.99,0.0,65699.94
T106005,2025-10-22,P0038,C00244,South,10.0,5836.46,0.2,46691.68
T100642,2024-04-09,P0018,C00196,East,1.0,6437.51,0.0,6437.51
T100176,24/04/2025,P0017,C00085,Central,3.0,382.2,0.1,1031.94
T105841,2023-07-11,P0035,C00129,Central,5.0,8930.77,0.0,44653.85
T104516,03/11/2023,P0020,C00148,North,1.0,4508.3,,4057.47
T100786,18-Feb-2023,P0013,C00085,Central,4.0,9164.46,0.0,36657.84
T106290,2024-06-28,P0020,C00128,,2.0,4508.3,0.05,8565.77
T104284,2023-04-15,P0008,C00182,North,5.0,499.0,0.0,2495.0
T104553,09-May-2023,P0017,C00093,North,3.0,382.2,0.0,1146.6
T100091,2023-09-20,P0010,C00026,North,1.0,8164.43,0.0,8164.43
T108600,12/02/2025,P0009,C00142,Central,4.0,11247.7,0.0,44990.8
T106728,2023-11-16,P0029,C00046,South,9.0,12773.07,0.0,114957.63
T107363,30-Jun-2023,P0001,C00114,South,5.0,6017.98,0.0,30089.9
T101971,04-Jun-2023,P0008,C00182,,6.0,499.0,0.0,2994.0
T100530,09/17/2023,P0025,C00101,East,2.0,9148.51,0.0,18297.02
T100996,2025-10-30,P0017,C00116,Central,,382.2,0.0,1911.0
T104420,03/03/2023,P0017,C00090,SOUTH ,5.0,382.2,0.0,1911.0
T104386,03-Mar-2023,P0024,C00079,South,3.0,11884.11,0.0,35652.33
T104075,23-Nov-2024,P0036,C00168,North,7.0,4229.62,0.0,29607.34
T101427,27-Nov-2023,P0011,C00041,East,8.0,8863.25,0.0,70906.0
T104974,11/19/2024,P0040,C00054,Central,5.0,12756.37,0.0,63781.85
T105935,04/01/2023,P0033,C00181,South,5.0,10082.29,0.0,50411.45
T105366,28/04/2025,P0014,C00148,North,4.0,500.0,,1800.0
T104860,2025-09-19,P0032,C00072,West,2.0,5656.65,0.0,11313.3
T105597,01/08/2023,P0020,C00214,Central,5.0,4508.3,0.0,22541.5
T102456,05/01/2023,P0003,C00009,Central,6.0,10949.99,0.05,62414.94
T107768,2024-03-05,P0037,C00029,East,,8484.46,0.0,33937.84
T108124,2024-06-06,P0034,C00243,West,8.0,10038.95,0.0,80311.6
T107445,16/10/2024,P0020,C00147,North,7.0,4508.3,,31558.1
T104645,31-Mar-2025,P0029,C00145,North,4.0,12773.07,0.0,51092.28
T105712,2023-05-28,P0037,C00241,South,8.0,8484.46,0.0,67875.68
T106354,14-Apr-2025,P0019,C00036,North,9.0,6013.99,0.1,48713.32
T103912,19-Apr-2023,P0032,C00058,East,3.0,5656.65,0.0,16969.95
T102887,2023-12-06,P0027,C00084,North,12.0,9818.49,0.05,111930.79
T100694,2025-02-10,P0001,C00140,West,3.0,6017.98,0.05,17151.24
T104698,2025-07-17,P0023,C00004,East,9.0,10713.43,0.05,91599.83
T101738,10-Mar-2024,P0014,C00236,East,3.0,500.0,0.1,1350.0
T100167,08/13/2025,P0016,C00116,Central,7.0,2604.21,0.0,18229.47
T104085,30-Dec-2024,P0023,C00012,,5.0,10713.43,0.0,53567.15
T107384,11-May-2023,P0038,C00036,North,5.0,5836.46,0.0,29182.3
T104730,02/07/2025,P0003,C00118,Central,2.0,10949.99,0.0,21899.98
T104759,2025-07-14,P0033,C00018,Central,,10082.29,0.0,"₹70,576.03"
T107361,02/21/2023,P0005,C00183,South,1.0,8621.09,0.0,8621.09
T107788,05/16/2024,P0026,C00070,West,1.0,13905.57,0.2,11124.46
T108371,19-Mar-2023,P0002,C00044,South,5.0,13910.88,0.15,59121.24
T104937,28-Mar-2023,P0038,C00160,South,2.0,5836.46,0.0,11672.92
T106092,14/06/2025,P0034,C00151,East,3.0,10038.95,0.0,30116.85
T106589,31/05/2025,P0008,C00024,South,4.0,499.0,0.0,1996.0
T103064,04-Sep-2023,P0019,C00041,East,1.0,6013.99,0.0,6013.99
T106069,08-Apr-2024,P0018,C00196,East,2.0,6437.51,0.0,12875.02
T105706,12/10/2025,P0023,C00065, East,13.0,10713.43,0.0,"₹139,274.59"
T105832,31/12/2023,P0011,C00171,East,7.0,8863.25,0.1,55838.48
T103006,04/11/2023,P0039,C00082,East,4.0,14579.92,0.0,58319.68
T102223,09/28/2023,P0017,C00129,Central,5.0,382.2,0.0,1911.0
T100100,05/04/2023,P0037,C00225,SOUTH ,4.0,8484.46,0.0,"₹33,937.84"
T107725,03/12/2024,P0032,C00095,Central,10.0,5656.65,0.0,56566.5
T104824,10/08/2024,P0024,C00156,South,4.0,11884.11,0.0,47536.44
T103723,08/14/2025,P0030,C00217,North,2.0,6824.34,0.0,13648.68
T104907,05-Dec-2023,P0028,C00098,East,9.0,13737.15,0.0,123634.35
T107803,06/15/2024,P0036,C00168,North,3.0,4229.62,0.1,11419.97
T108414,23-Apr-2025,P0023,C00130,East,4.0,10713.43,0.0,42853.72
T103936,01/27/2025,P0035,C00067,,5.0,8930.77,0.0,44653.85
T101465,22-Jan-2024,P0034,C00038,West,2.0,10038.95,0.1,18070.11
T105865,11/01/2024,P0013,C00213,South,3.0,,0.0,27493.38
T107724,06/04/2024,P0012,C00067,,2.0,14484.04,0.0,28968.08
T101744,12/16/2024,P0029,C00166,Central,8.0,12773.07,0.0,102184.56
T104715,16-Jan-2023,P0026,C00065, East,1.0,13905.57,0.0,13905.57
T105027,12-Nov-2025,P0031,C00014,Central,11.0,1566.84,0.0,17235.24
T102449,09/02/2024,P0005,C00002,West,2.0,8621.09,0.0,17242.18
T103708,23/09/2025,P0019,C00042,Central,6.0,6013.99,0.0,36083.94
T103043,22/05/2025,P0007,C00069,Central,8.0,14423.4,0.1,103848.48
T108413,18-Apr-2024,P0028,C00038,West,6.0,13737.15,0.0,82422.9
T103392,10/31/2024,P0018,C00084,North,7.0,6437.51,0.0,45062.57
T105662,11-Jul-2024,P0025,C00174,Central,5.0,9148.51,0.0,45742.55
T104412,23-Jul-2023,P0013,C00068,north,5.0,9164.46,0.0,45822.3
T108593,01/18/2025,P0029,C00113,East,4.0,12773.07,0.0,51092.28
T102121,01/27/2025,P0012,C00045,West,2.0,14484.04,0.0,28968.08
T102441,13-Oct-2025,P0027,C00002,West,6.0,9818.49,0.0,58910.94
T107993,26/02/2025,P0033,C00080,North,4.0,10082.29,0.0,40329.16
T108951,03/13/2023,P0040,C00200,North,5.0,12756.37,0.0,63781.85
T108476,2024-07-17,P0027,C00239,East,6.0,9818.49,0.05,55965.39
T106170,24-May-2023,P0012,C00154,West,4.0,14484.04,0.0,57936.16
T106375,02/10/2023,P0039,C00168,North,5.0,14579.92,0.0,72899.6
T101203,2023-10-01,P0038,C00238,West,2.0,5836.46,0.05,11089.27
T104765,04/10/2023,P0023,C00175,East,1.0,,0.0,10713.43
T101926,12/04/2025,P0005,C00201,West,6.0,8621.09,0.0,51726.54
T106060,01/10/2024,P0020,C00063,North,2.0,4508.3,0.0,9016.6
T106435,01-Apr-2025,P0013,C00024,South,1.0,9164.46,0.0,9164.46
T107820,2025-02-22,P0013,C00017, East,5.0,9164.46,0.0,45822.3
T107189,27/10/2023,P0032,C00086,West,4.0,5656.65,0.0,22626.6
T104348,11/04/2023,P0017,C00130,East,5.0,382.2,0.0,1911.0
T102627,2025-07-05,P0021,C00122,West,1.0,359.09,0.05,341.14
T103535,08/11/2025,P0023,C00030,North,3.0,10713.43,0.05,30533.28
T100805,2025-07-21,P0006,C00159,North,4.0,7884.39,0.1,28383.8
T106685,08-May-2024,P0034,C00052,East,5.0,10038.95,0.1,45175.28
T102439,14-Nov-2025,P0033,C00209,East,11.0,10082.29,0.0,110905.19
T107481,18-Nov-2023,P0016,C00102,Central,8.0,2604.21,0.0,20833.68
T102908,07-Jun-2025,P0033,C00170,West,6.0,10082.29,0.2,48394.99
T106155,05/02/2025,P0028,C00128,South,4.0,13737.15,0.15,46706.31
T101242,2025-06-07,P0029,C00111,North,8.0,12773.07,0.0,102184.56
T105730,08-Sep-2024,P0025,C00024,South,3.0,9148.51,0.0,27445.53
T108582,28/11/2024,P0027,C00203,West,7.0,9818.49,0.05,65292.96
T100547,2025-07-18,P0031,C00176,East,,1566.84,0.05,2977.0
T100026,2023-09-01,P0036,C00162,north,2.0,4229.62,0.0,8459.24
T104054,05/04/2024,P0027,C00163,,6.0,9818.49,0.0,58910.94
T104043,12-Aug-2025,P0024,C00228,South,2.0,11884.11,0.0,23768.22
T107396,23-Mar-2025,P0028,C00237,Central,4.0,13737.15,0.0,54948.6
T101302,09/28/2023,P0021,C00035,Central,4.0,359.09,0.0,1436.36
T106606,2023-06-15,P0002,C00030,North,1.0,13910.88,0.2,11128.7
T103383,2024-08-16,P0001,C00222,,7.0,6017.98,0.05,40019.57
T103125,08/17/2024,P0005,C00114,South,3.0,8621.09,0.0,25863.27
T101221,2024-04-22,P0027,C00092,SOUTH ,4.0,9818.49,0.0,39273.96
T107919,10/01/2025,P0026,C00051,East,8.0,13905.57,0.05,105682.33
T100437,20-Aug-2024,P0014,C00008,South,3.0,500.0,0.05,"₹1,425.00"
T106754,12/08/2024,P0013,C00099,North,6.0,9164.46,,54986.76
T103248,16-Aug-2023,P0020,C00236,East,6.0,4508.3,0.0,27049.8
T106171,2023-11-29,P0036,C00127,SOUTH ,4.0,4229.62,0.0,16918.48
T104877,2025-05-25,P0021,C00232,West,2.0,359.09,0.0,718.18
T105427,03/16/2024,P0010,C00243,West,6.0,8164.43,0.0,48986.58
T103755,09/09/2024,P0013,C00227,Central,11.0,9164.46,0.0,100809.06
T107185,18/07/2024,P0020,C00015,South,2.0,4508.3,0.05,8565.77
T103169,2023-01-03,P0021,C00037,South,3.0,359.09,0.0,1077.27
T100326,14/12/2025,P0025,C00114,South,7.0,9148.51,0.0,64039.57
T101039,08/06/2023,P0035,C00105,West,2.0,,0.0,17861.54
T108581,2024-09-07,P0035,C00083,South,5.0,8930.77,0.05,42421.16
T106935,07-Dec-2023,P0026,C00230,East,4.0,13905.57,0.0,55622.28
T101870,08/05/2025,P0016,C00026,North,4.0,2604.21,0.0,10416.84
T106244,2023-03-26,P0001,C00074,East,4.0,6017.98,0.05,22868.32
T100534,06/27/2024,P0019,C00079,South,4.0,6013.99,0.0,24055.96
T108882,23-Aug-2025,P0029,C00178,West,4.0,12773.07,0.0,51092.28
T106065,17-May-2025,P0029,C00117,West,4.0,12773.07,0.0,51092.28
T100585,05/09/2023,P0024,C00036,North,4.0,11884.11,0.0,47536.44
T100576,05/11/2025,P0008,C00214,Central,7.0,499.0,0.0,3493.0
T101703,2024-10-01,P0021,C00076,Central,7.0,359.09,0.0,2513.63
T106046,05/07/2024,P0037,C00162,north,4.0,8484.46,0.1,30544.06
T108726,2024-03-31,P0021,C00135,North,3.0,359.09,0.0,1077.27
T100491,15/08/2023,P0027,C00239,East,2.0,9818.49,0.0,19636.98
T103257,2024-11-24,P0021,C00075,,3.0,359.09,0.0,1077.27
T103128,27-Oct-2025,P0012,C00006,East,6.0,14484.04,0.0,86904.24
T102266,2024-05-17,P0036,C00115,East,2.0,4229.62,0.1,7613.32
T103781,11-Apr-2023,P0011,C00232,West,3.0,8863.25,0.05,25260.26
T102595,03/19/2024,P0032,C00001,West,3.0,5656.65,0.0,16969.95
T107021,06/25/2023,P0022,C00203,West,5.0,3102.81,0.0,15514.05
T103016,06/20/2025,P0035,C00075,,7.0,8930.77,0.0,62515.39
T101916,11/24/2024,P0027,C00108,,5.0,9818.49,0.0,49092.45
T106073,30-Dec-2023,P0017,C00130,East,6.0,382.2,0.0,2293.2
T103480,29-Oct-2023,P0006,C00019,Central,-4.0,7884.39,0.0,31537.56
T106003,2024-02-17,P0037,C00057,East,4.0,8484.46,0.1,30544.06
T106928,04/02/2025,P0028,C00145,North,1.0,13737.15,0.0,13737.15
T105790,02/07/2024,P0003,C00080,North,3.0,10949.99,0.0,32849.97
T103949,18-Feb-2025,P0018,C00154,,1.0,6437.51,0.05,6115.63
T100397,05/25/2025,P0039,C00235,East,3.0,14579.92,0.0,43739.76
T101317,05/12/2025,P0002,C00080,North,2.0,13910.88,0.0,27821.76
T103045,07/04/2024,P0008,C00082,East,1.0,499.0,0.0,499.0
T100121,01-Aug-2023,P0017,C00250,north,2.0,382.2,0.0,₹764.40
T108146,21/07/2024,P0005,C00156,,6.0,8621.09,0.0,51726.54
T101566,2024-12-21,P0035,C00049,East,18.0,8930.77,0.0,160753.86
T101984,02-Aug-2025,P0001,C00078,West,,6017.98,,18053.94
T106669,14-Mar-2024,P0007,C00116,Central,5.0,14423.4,0.0,72117.0
T102173,2023-08-15,P0004,C00183,South,6.0,4999.13,0.0,29994.78
T107292,03/11/2023,P0031,C00111,North,3.0,1566.84,0.2,3760.42
T107452,01-Apr-2024,P0034,C00087,,7.0,10038.95,0.0,70272.65
T102333,2024-01-25,P0021,C00063,North,3.0,359.09,0.0,1077.27
T100573,2023-09-30,P0025,C00063,North,3.0,9148.51,0.0,27445.53
T108780,09/02/2023,P0019,C00179,North,8.0,6013.99,0.0,48111.92
T108267,24/10/2024,P0039,C00180,Central,3.0,14579.92,0.0,43739.76
T105493,09-Nov-2025,P0026,C00060,,,13905.57,0.0,41716.71
T107406,26/11/2024,P0004,C00200,North,7.0,4999.13,0.0,34993.91
T101407,26/09/2025,P0034,C00186,,9.0,10038.95,0.0,90350.55
T100535,10-Oct-2024,P0005,C00115,East,3.0,8621.09,0.0,25863.27
T103509,09/01/2024,P0034,C00178,West,4.0,10038.95,0.0,40155.8
T105880,04-Mar-2025,P0038,C00135,North,2.0,5836.46,0.0,11672.92
T101434,28-Apr-2023,P0025,C00208,Central,2.0,9148.51,0.0,18297.02
T104381,23-Mar-2023,P0018,C00217,North,2.0,6437.51,0.0,12875.02
T101867,26-Jul-2024,P0024,C00069,Central,3.0,11884.11,0.0,35652.33
T101454,2024-12-14,P0040,C00201,West,3.0,12756.37,0.0,38269.11
T102907,24-Feb-2024,P0022,C00088,South,2.0,3102.81,0.0,6205.62
T107201,30/08/2024,P0006,C00074,East,5.0,7884.39,0.0,39421.95
T101820,05/01/2025,P0018,C00054,Central,2.0,6437.51,0.0,12875.02
T100051,04/01/2025,P0020,C00068,north,4.0,4508.3,0.1,16229.88
T104712,08/14/2024,P0028,C00125,North,5.0,13737.15,0.0,68685.75
T104513,09/14/2025,P0021,C00185,Central,6.0,359.09,,2154.54
T100469,2023-10-04,P0025,C00098,East,8.0,9148.51,0.0,73188.08
T104275,23/10/2024,P0001,C00223,Central,3.0,6017.98,0.0,18053.94
T106179,11/09/2025,P0001,C00032,North,7.0,6017.98,0.0,42125.86
T104919,12-Dec-2024,P0011,C00065, East,5.0,8863.25,0.0,44316.25
T108999,05-Aug-2025,P0001,C00104,South,6.0,6017.98,0.0,36107.88
T103002,16-Jun-2024,P0004,C00112,South,3.0,4999.13,0.0,14997.39
T101858,08/18/2023,P0038,C00080,North,2.0,5836.46,0.0,11672.92
T108289,26-Sep-2023,P0036,C00106,West,3.0,4229.62,0.1,11419.97
T100865,19-May-2023,P0019,C00056,South,2.0,6013.99,0.0,12027.98
T106405,29/04/2025,P0033,C00149,North,,10082.29,0.0,30246.87
T104489,01-Mar-2025,P0014,C00065, East,3.0,500.0,0.0,1500.0
T102070,07/07/2023,P0012,C00077,South,4.0,14484.04,0.0,57936.16
T105817,30-Jan-2023,P0007,C00006,East,1.0,14423.4,,12981.06
T104113,25/09/2025,P0020,C00029,East,2.0,4508.3,0.1,8114.94
T100425,2023-11-01,P0036,C00109,North,6.0,4229.62,0.0,25377.72
T100188,13/05/2024,P0035,C00200,North,8.0,8930.77,0.0,71446.16
T106162,22/08/2024,P0008,C00173,Central,1.0,499.0,0.0,499.0
T104192,02/18/2023,P0011,C00117,West,1.0,8863.25,0.05,"₹8,420.09"
T100228,25-Apr-2025,P0021,C00216,South,6.0,359.09,0.0,2154.54
T107033,11/18/2024,P0005,C00084,North,10.0,8621.09,0.0,86210.9
T101041,2024-09-23,P0014,C00214,Central,2.0,500.0,,1000.0
T103710,01/01/2024,P0017,C00069,Central,3.0,382.2,0.2,917.28
T102826,2024-01-18,P0027,C00188,,1.0,9818.49,0.0,9818.49
T103944,07/15/2023,P0028,C00244,South,4.0,13737.15,0.15,46706.31
T101905,12/10/2024,P0004,C00038,West,6.0,4999.13,0.1,26995.3
T107978,31/01/2025,P0023,C00174,Central,2.0,10713.43,0.2,17141.49
T100801,13/07/2024,P0015,C00177,South,3.0,4549.66,0.0,13648.98
T101487,2024-07-13,P0007,C00091,Central,-6.0,14423.4,,73559.34
T107178,2024-01-10,P0012,C00196,East,3.0,14484.04,0.1,"₹39,106.91"
T108846,11/07/2025,P0013,C00176,East,6.0,9164.46,0.0,54986.76
T101128,09-Jun-2023,P0013,C00179,North,4.0,9164.46,0.05,34824.95
T107050,02/04/2023,P0036,C00082,East,4.0,4229.62,0.0,16918.48
T106791,03/24/2024,P0023,C00125,North,3.0,10713.43,0.0,32140.29
T102208,03/07/2023,P0039,C00034,East,6.0,14579.92,,78731.57
T106318,11/14/2025,P0027,C00027,,11.0,9818.49,0.0,108003.39
T108022,29-May-2024,P0022,C00174,Central,1.0,3102.81,0.15,2637.39
T103548,2024-08-03,P0006,C00029,East,2.0,7884.39,0.1,"₹14,191.90"
T103260,2023-08-17,P0033,C00133,east,5.0,10082.29,0.0,50411.45
T107492,2025-08-07,P0015,C00077,South,6.0,4549.66,0.0,27297.96
T108750,2023-12-10,P0017,C00068,north,4.0,382.2,0.0,1528.8
T102144,10-Oct-2024,P0004,C00099,North,1.0,4999.13,0.0,4999.13
T106100,28-Apr-2025,P0029,C00042,Central,3.0,12773.07,0.0,38319.21
T102860,2023-05-24,P0036,C00035,Central,2.0,4229.62,0.0,8459.24
T101632,10/26/2025,P0006,C00133,East,10.0,7884.39,0.0,78843.9
T108704,2023-03-27,P0026,C00053,West,1.0,13905.57,0.0,13905.57
T106923,12-Apr-2025,P0023,C00121,East,,10713.43,0.0,32140.29
T100156,2023-08-30,P0021,C00189,North,5.0,359.09,0.0,1795.45
T106939,2025-04-03,P0002,C00091,Central,4.0,13910.88,0.0,55643.52
T102897,15/01/2023,P0004,C00017, East,2.0,4999.13,0.0,9998.26
T105840,2024-04-26,P0039,C00132,Central,6.0,14579.92,0.0,87479.52
T106494,2023-03-28,P0007,C00002,West,3.0,14423.4,0.15,36779.67
T104550,01-May-2023,P0012,C00021,Central,3.0,14484.04,0.0,43452.12
T104128,16-Dec-2023,P0018,C00070,West,13.0,6437.51,0.0,83687.63
T106436,15-Sep-2024,P0021,C00233,West,8.0,359.09,0.0,2872.72
T104667,30/11/2024,P0033,C00015,South,10.0,10082.29,0.0,100822.9
T102372,2025-01-27,P0022,C00065, East,4.0,3102.81,0.0,12411.24
T105187,08/24/2025,P0014,C00249,West,1.0,500.0,0.0,500.0
T103941,2023-07-15,P0007,C00172,Central,4.0,14423.4,0.1,51924.24
T104447,06/05/2023,P0032,C00177,South,2.0,5656.65,0.05,10747.63
T104785,05/03/2023,P0031,C00130,East,7.0,1566.84,0.0,10967.88
T102868,20-Feb-2024,P0029,C00168,North,7.0,12773.07,0.05,84940.92
T104539,23-Sep-2024,P0037,C00033,North,5.0,8484.46,0.2,33937.84
T102963,07-May-2023,P0030,C00034,East,2.0,6824.34,0.0,13648.68
T100847,2024-09-29,P0030,C00117,West,2.0,6824.34,0.0,13648.68
T107719,2024-08-29,P0013,C00128,South,3.0,9164.46,0.0,27493.38
T107504,30/03/2024,P0006,C00067,,3.0,7884.39,0.1,21287.85
T107834,05/11/2024,P0025,C00180,,7.0,9148.51,0.05,60837.59
T108865,06/14/2024,P0012,C00055,South,2.0,14484.04,0.2,23174.46
T100756,16/09/2025,P0025,C00152,North,6.0,9148.51,0.0,54891.06
T107060,2025-08-29,P0025,C00204,Central,3.0,9148.51,0.05,26073.25
T105356,12/16/2024,P0034,C00208,Central,6.0,10038.95,0.2,48186.96
T102952,05/06/2025,P0029,C00041,East,6.0,12773.07,0.1,68974.58
T104404,15/07/2025,P0009,C00069,Central,1.0,11247.7,0.0,11247.7
T102759,21/06/2024,P0022,C00051,East,3.0,3102.81,0.0,9308.43
T105348,17/11/2023,P0014,C00147,North,3.0,500.0,0.2,1200.0
T102061,06-Jul-2023,P0028,C00085,Central,5.0,13737.15,0.0,68685.75
T100549,06-Oct-2024,P0039,C00195,East,4.0,14579.92,0.0,58319.68
T103053,22/08/2024,P0028,C00068,north,5.0,13737.15,0.0,68685.75
T107824,2025-02-23,P0039,C00224,,4.0,14579.92,0.1,52487.71
T108194,04/07/2023,P0031,C00216,South,4.0,1566.84,0.0,"₹6,267.36"
T105003,20/07/2024,P0013,C00051,East,6.0,9164.46,0.0,54986.76
T106326,02/22/2025,P0023,C00138,Central,4.0,10713.43,0.0,42853.72
T102862,08-Aug-2023,P0020,C00064,North,4.0,4508.3,0.0,18033.2
T101259,04/26/2023,P0012,C00214,Central,3.0,14484.04,0.1,39106.91
T106492,2024-05-13,P0025,C00156,South,4.0,9148.51,0.0,36594.04
T102492,07-Sep-2025,P0003,C00050,East,,10949.99,0.0,87599.92
T106529,24/04/2025,P0006,C00230,East,3.0,7884.39,0.0,23653.17
T101024,29-Oct-2024,P0024,C00125,North,7.0,11884.11,0.0,83188.77
T100752,01-Oct-2025,P0021,C00070,West,3.0,359.09,0.0,1077.27
T102683,28-Jul-2025,P0004,C00158,East,,4999.13,0.2,27995.13
T103555,07/06/2025,P0002,C00194,East,2.0,13910.88,0.0,27821.76
T101951,11-Jan-2025,P0003,C00211,West,7.0,10949.99,0.0,76649.93
T104100,08-Apr-2024,P0008,C00067,,2.0,499.0,0.0,998.0
T100351,20-Apr-2024,P0039,C00163,,5.0,14579.92,,72899.6
T101511,2025-10-27,P0025,C00161,West,8.0,9148.51,0.0,73188.08
T103859,08/02/2024,P0028,C00114,South,4.0,13737.15,0.0,54948.6
T105684,2023-02-26,P0031,C00188,North,3.0,1566.84,0.0,4700.52
T104022,11/10/2023,P0026,C00009,Central,11.0,13905.57,0.0,152961.27
T100701,02/08/2023,P0033,C00120,West,7.0,,0.05,67047.23
T103932,03/09/2024,P0035,C00173,Central,6.0,8930.77,0.0,53584.62
T103404,06/07/2023,P0027,C00070,West,5.0,9818.49,0.0,49092.45
T100561,12-Sep-2025,P0002,C00200,North,6.0,13910.88,0.2,66772.22
T102318,01/01/2024,P0018,C00046,South,2.0,6437.51,0.15,"₹10,943.77"
T104319,12/05/2024,P0025,C00179,North,6.0,9148.51,0.0,54891.06
T103768,08-Nov-2024,P0029,C00035,Central,3.0,12773.07,0.05,36403.25
T103543,28/12/2025,P0008,C00106,West,9.0,499.0,0.1,"₹4,041.90"
T103733,08-Jul-2023,P0026,C00177,South,8.0,13905.57,0.1,100120.1
T105458,07/02/2025,P0036,C00004,East,8.0,4229.62,0.0,33836.96
T101047,11/02/2025,P0039,C00113,East,9.0,14579.92,0.2,104975.42
T104359,05/20/2023,P0040,C00231,north,4.0,12756.37,0.0,51025.48
T100414,30/09/2024,P0009,C00191,South,4.0,11247.7,0.2,35992.64
T106014,02/15/2023,P0039,C00078,West,4.0,14579.92,0.1,52487.71
T102840,23/04/2025,P0007,C00097,West,3.0,14423.4,0.0,43270.2
T108198,16/06/2025,P0019,C00087,,7.0,6013.99,0.0,42097.93
T103533,30-Dec-2025,P0027,C00075,,,9818.49,0.0,68729.43
T106066,10/11/2024,P0003,C00078,West,3.0,10949.99,0.0,32849.97
T101469,2024-08-08,P0035,C00188,North,2.0,8930.77,0.2,14289.23
T103898,25-Jan-2023,P0019,C00098,East,4.0,6013.99,0.05,22853.16
T103202,01/14/2023,P0032,C00135,North,1.0,5656.65,0.1,5090.98
T107743,2023-04-05,P0008,C00180,Central,6.0,499.0,0.0,2994.0
T102271,07/11/2023,P0024,C00141,South,3.0,11884.11,0.0,35652.33
T101583,02/04/2023,P0007,C00100,East,5.0,14423.4,0.0,72117.0
T101412,27/03/2024,P0017,C00091,Central,5.0,382.2,0.0,1911.0
T108119,2025-02-16,P0019,C00103,West,2.0,6013.99,0.0,12027.98
T103050,25/01/2025,P0011,C00185,Central,5.0,8863.25,0.0,44316.25
T101722,12/02/2023,P0039,C00173,Central,9.0,14579.92,0.0,131219.28
T103060,06/03/2023,P0012,C00027,,3.0,14484.04,0.0,43452.12
T103438,25/11/2024,P0002,C00030,North,1.0,13910.88,0.0,"₹13,910.88"
T101507,10/11/2023,P0004,C00083,South,4.0,4999.13,0.15,16997.04
T108656,04/07/2025,P0027,C00101,East,2.0,9818.49,0.0,19636.98
T108316,06/10/2023,P0032,C00177,South,5.0,5656.65,0.0,28283.25
T101321,04/04/2025,P0015,C00061,West,7.0,4549.66,0.0,31847.62
T100842,04-Jan-2024,P0029,C00152,North,1.0,12773.07,0.0,12773.07
T101146,22/09/2024,P0040,C00166,Central,7.0,12756.37,0.0,89294.59
T102932,04/29/2025,P0027,C00246,South,3.0,9818.49,0.0,29455.47
T108179,23-Nov-2024,P0039,C00031,South,10.0,14579.92,0.1,131219.28
T100463,09/02/2024,P0014,C00151,East,2.0,500.0,0.0,1000.0
T101754,2025-04-13,P0033,C00074,East,1.0,10082.29,0.0,10082.29
T104503,04-Jul-2024,P0016,C00082,East,4.0,2604.21,0.0,10416.84
T106370,03/05/2023,P0006,C00012,East,4.0,7884.39,0.2,25230.05
T108623,02/04/2024,P0023,C00093,North,8.0,10713.43,0.0,85707.44
T106001,02/18/2023,P0007,C00173,Central,4.0,14423.4,0.0,57693.6
T103658,02/06/2024,P0031,C00146,Central,3.0,,,4700.52
T105213,2024-12-18,P0032,C00183,South,6.0,5656.65,0.0,33939.9
T100378,02/18/2023,P0011,C00065, East,2.0,8863.25,0.05,16840.18
T106782,2025-08-16,P0036,C00127,SOUTH ,3.0,4229.62,0.0,12688.86
T101335,05/18/2025,P0010,C00148,North,7.0,8164.43,0.0,57151.01
T101223,04/12/2025,P0005,C00189,North,9.0,,0.0,77589.81
T104478,05-Jul-2024,P0009,C00081,West,3.0,11247.7,0.15,28681.64
T103143,2023-01-21,P0020,C00249,West,4.0,4508.3,0.0,18033.2
T101350,2023-06-11,P0019,C00127,SOUTH ,4.0,6013.99,0.1,21650.36
T107250,27-Apr-2025,P0023,C00166,Central,3.0,10713.43,0.0,32140.29
T101811,27/10/2023,P0032,C00007,Central,7.0,5656.65,,39596.55
T107847,2024-10-11,P0024,C00050,East,4.0,11884.11,0.0,47536.44
T101351,2025-02-05,P0014,C00016,West,7.0,500.0,0.0,3500.0
T103487,24/05/2023,P0018,C00151,East,7.0,6437.51,0.0,45062.57
T101894,2024-06-20,P0009,C00235,East,1.0,11247.7,0.0,11247.7
T105478,09/10/2024,P0010,C00248,North,1.0,8164.43,,7347.99
T107696,25-May-2024,P0001,C00181,south,4.0,6017.98,0.0,24071.92
T108563,16/01/2025,P0002,C00203,West,3.0,13910.88,0.2,33386.11
T104184,02/15/2025,P0039,C00005,East,4.0,14579.92,,58319.68
T107924,03/19/2024,P0014,C00075,,7.0,500.0,0.0,3500.0
T106453,08/29/2024,P0032,C00065, East,6.0,5656.65,0.0,33939.9
T101189,03-Jun-2024,P0011,C00037,South,2.0,8863.25,0.0,17726.5
T105405,14/08/2025,P0021,C00223,Central,4.0,359.09,0.05,1364.54
T100898,09/11/2024,P0010,C00128,South,5.0,8164.43,0.05,38781.04
T103934,2025-04-16,P0028,C00053,West,3.0,13737.15,0.2,32969.16
T104622,29/07/2025,P0006,C00121,East,1.0,7884.39,0.0,7884.39
T103026,04-Mar-2024,P0009,C00099,North,6.0,11247.7,0.0,67486.2
T105211,2025-12-11,P0033,C00234, East,5.0,10082.29,0.1,45370.31
T108052,02/25/2025,P0023,C00133,East,1.0,10713.43,0.0,10713.43
T108153,16-Mar-2024,P0040,C00157,Central,5.0,12756.37,0.0,63781.85
T108657,2025-11-16,P0020,C00079,South,13.0,4508.3,0.0,58607.9
T108161,29-May-2023,P0017,C00121,,1.0,382.2,0.05,363.09
T107387,14/07/2024,P0003,C00065, East,2.0,10949.99,0.0,"₹21,899.98"
T108170,2024-06-12,P0035,C00012,East,6.0,8930.77,0.0,53584.62
T101030,2025-06-29,P0028,C00236,East,4.0,13737.15,0.1,49453.74
T103578,29/04/2025,P0005,C00121,East,3.0,8621.09,0.05,24570.11
T103625,26/02/2023,P0010,C00175,,1.0,8164.43,0.05,7756.21
T105071,01-Jun-2024,P0035,C00063,North,3.0,8930.77,0.0,26792.31
T108360,2025-10-15,P0034,C00119,South,-10.0,10038.95,0.0,100389.5
T101755,2023-11-29,P0009,C00188,North,3.0,11247.7,0.05,32055.95
T108880,2023-02-11,P0021,C00093,North,4.0,359.09,0.05,1364.54
T100231,28-Feb-2025,P0002,C00109,North,2.0,13910.88,0.0,27821.76
T108905,2024-07-21,P0005,C00146,Central,3.0,8621.09,0.0,25863.27
T106954,06/20/2025,P0026,C00100,East,2.0,13905.57,0.2,22248.91
T104506,02/26/2024,P0024,C00038,West,1.0,11884.11,0.0,11884.11
T105137,08/16/2024,P0004,C00236,East,2.0,4999.13,0.05,9498.35
T107537,2024-11-14,P0029,C00112,South,14.0,12773.07,0.0,"₹178,822.98"
T106451,16/06/2025,P0009,C00238,West,6.0,11247.7,0.0,67486.2
T102577,12/07/2024,P0039,C00051,,2.0,14579.92,0.0,29159.84
T102317,12/06/2023,P0008,C00044,South,10.0,499.0,0.1,4491.0
T106255,22/11/2023,P0008,C00171,East,6.0,499.0,0.0,2994.0
T101515,2024-09-09,P0035,C00128,South,2.0,8930.77,0.0,17861.54
T100216,09/01/2024,P0037,C00211,West,2.0,8484.46,0.0,16968.92
T108253,09/12/2025,P0002,C00243,West,9.0,13910.88,0.0,125197.92
T102263,2023-05-18,P0035,C00130,East,4.0,8930.77,0.0,35723.08
T105269,12/29/2023,P0010,C00226,West,3.0,8164.43,0.0,"₹24,493.29"
T102906,25-Jul-2025,P0008,C00167,East,9.0,499.0,0.05,4266.45
T103410,03/19/2024,P0006,C00069,Central,5.0,7884.39,,33508.66
T100893,11/07/2024,P0023,C00194,East,3.0,10713.43,0.0,32140.29
T108777,23/05/2024,P0006,C00131,West,4.0,7884.39,0.15,26806.93
T101850,07/04/2025,P0024,C00243,West,8.0,11884.11,0.0,95072.88
T106797,29-Aug-2024,P0006,C00155,West,4.0,7884.39,0.1,28383.8
T103589,2025-06-13,P0002,C00082,East,4.0,13910.88,0.0,55643.52
T100324,02/12/2023,P0029,C00089,East,7.0,12773.07,0.1,80470.34
T101215,2025-04-27,P0033,C00178,West,8.0,10082.29,0.0,"₹80,658.32"
T106213,28/11/2025,P0021,C00080,North,7.0,359.09,0.1,2262.27
T104643,07-Aug-2025,P0013,C00249,West,3.0,9164.46,0.0,27493.38
T101129,11/27/2023,P0013,C00053,West,6.0,9164.46,0.0,54986.76
T107257,12/01/2023,P0038,C00005,East,4.0,5836.46,0.0,23345.84
T103948,12/23/2024,P0001,C00045,West,8.0,6017.98,0.0,48143.84
T104010,2024-08-08,P0024,C00089,East,2.0,11884.11,0.0,23768.22
T100208,13-Jan-2024,P0025,C00011,East,2.0,9148.51,0.0,18297.02
T102628,13/09/2024,P0040,C00179,North,3.0,12756.37,0.0,38269.11
T100798,22/12/2025,P0002,C00075,,11.0,13910.88,0.0,153019.68
T108295,10/04/2025,P0007,C00058,East,1.0,14423.4,0.0,14423.4
T100734,07/02/2023,P0004,C00205,North,3.0,4999.13,0.0,14997.39
T107929,2025-04-01,P0009,C00218,Central,2.0,11247.7,0.0,22495.4
T102900,2023-04-23,P0029,C00234, East,4.0,12773.07,0.0,51092.28
T101174,2024-04-03,P0002,C00090,SOUTH ,1.0,13910.88,0.0,13910.88
T102933,02-Jan-2024,P0036,C00232,West,2.0,4229.62,0.15,7190.35
T104816,2024-12-18,P0028,C00059,North,3.0,13737.15,,41211.45
T101831,11/07/2025,P0009,C00082,East,1.0,11247.7,0.0,11247.7
T106587,30-Dec-2023,P0024,C00046,South,6.0,11884.11,0.0,71304.66
T108303,21-Dec-2024,P0011,C00117,West,5.0,8863.25,0.1,39884.62
T106507,31/07/2024,P0025,C00009,Central,4.0,9148.51,0.0,36594.04
T104864,11/17/2024,P0017,C00154,West,3.0,382.2,0.1,1031.94
T100198,26/12/2023,P0030,C00110,East,7.0,6824.34,0.0,47770.38
T104924,2023-06-04,P0025,C00208,Central,2.0,9148.51,0.0,18297.02
T104693,2023-06-07,P0022,C00207,Central,9.0,3102.81,0.05,26529.03
T101097,21-Apr-2023,P0027,C00230,East,3.0,9818.49,0.0,29455.47
T100548,18-Oct-2025,P0005,C00045,West,12.0,8621.09,0.0,103453.08
T104240,09/05/2024,P0009,C00027,,2.0,11247.7,0.0,22495.4
T106476,2024-04-14,P0011,C00230,,5.0,8863.25,0.05,42100.44
T103429,07-Jun-2025,P0007,C00116,Central,2.0,14423.4,0.05,27404.46
T107095,2023-12-07,P0014,C00164,North,15.0,500.0,0.0,7500.0
T107377,29/05/2023,P0015,C00195,East  ,4.0,4549.66,0.0,18198.64
T102314,12-Aug-2024,P0025,C00079,South,5.0,9148.51,0.1,41168.3
T107945,04/07/2025,P0012,C00244,South,4.0,14484.04,0.05,55039.35
T105682,13-May-2023,P0040,C00087,,12.0,12756.37,0.0,153076.44
T108857,2023-01-15,P0022,C00132,Central,4.0,3102.81,0.0,12411.24
T102638,15/03/2024,P0010,C00145,North,6.0,8164.43,0.0,48986.58
T106769,27-Aug-2025,P0005,C00065, East,8.0,8621.09,0.0,68968.72
T106486,07/07/2023,P0025,C00060,,5.0,9148.51,0.0,45742.55
T100616,2025-04-19,P0007,C00141,South,7.0,14423.4,0.0,100963.8
T101118,25-Jan-2025,P0008,C00239,East,2.0,499.0,0.2,798.4
T100937,06-May-2023,P0014,C00162,north,1.0,500.0,0.15,425.0
T102572,02-Nov-2023,P0026,C00095,Central,9.0,13905.57,0.2,100120.1
T100622,27-Sep-2023,P0027,C00206,North,7.0,9818.49,0.0,68729.43
T106900,2025-04-10,P0039,C00183,South,7.0,14579.92,0.0,102059.44
T106968,24-Dec-2024,P0037,C00144,West,8.0,8484.46,0.0,67875.68
T105155,2023-10-20,P0024,C00133,East,1.0,11884.11,0.0,11884.11
T104689,05/07/2023,P0037,C00074,East,1.0,8484.46,0.0,8484.46
T107031,20-Apr-2025,P0035,C00014,Central,6.0,8930.77,0.0,53584.62
T103617,2024-07-09,P0002,C00196,East,4.0,13910.88,0.0,55643.52
T105264,2023-02-26,P0018,C00025,South,2.0,6437.51,0.0,12875.02
T104900,01-Dec-2023,P0014,C00051,East,4.0,500.0,0.1,1800.0
T108867,01/05/2025,P0005,C00227,Central,4.0,8621.09,0.0,34484.36
T102201,16/04/2024,P0009,C00012,East,5.0,11247.7,0.0,56238.5
T101160,12/27/2025,P0006,C00007,Central,9.0,7884.39,0.0,70959.51
T102692,06/12/2024,P0009,C00122,West,8.0,11247.7,0.0,89981.6
T108837,01/05/2025,P0030,C00032,North,3.0,6824.34,0.0,20473.02
T105152,2025-04-02,P0034,C00232,West,3.0,10038.95,0.0,30116.85
T102859,17/05/2024,P0011,C00214,Central,3.0,8863.25,0.0,26589.75
T100478,20-Mar-2023,P0021,C00230,East,7.0,359.09,0.1,2262.27
T101352,09/11/2023,P0007,C00198,West,5.0,14423.4,0.05,68511.15
T103019,05/26/2023,P0034,C00222,Central,3.0,10038.95,0.0,30116.85
T105452,29-Mar-2025,P0024,C00137,South,1.0,11884.11,0.0,11884.11
T107224,08/22/2023,P0036,C00056,,4.0,4229.62,0.05,16072.56
T104416,27-Nov-2024,P0031,C00177,South,1.0,1566.84,0.0,1566.84
T104228,2025-05-02,P0021,C00224,Central,4.0,359.09,0.0,1436.36
T105145,22/11/2024,P0019,C00078,West,12.0,6013.99,0.0,72167.88
T101033,06/26/2023,P0030,C00204,Central,5.0,6824.34,0.05,32415.61
T107873,09/21/2023,P0032,C00132,Central,5.0,5656.65,0.0,28283.25
T104125,01/04/2025,P0032,C00047,Central,3.0,,0.1,15272.95
T102598,2025-04-24,P0011,C00079,South,3.0,8863.25,0.15,22601.29
T106491,2023-10-15,P0021,C00124,West,5.0,359.09,0.1,1615.9
T103532,2025-12-10,P0017,C00089,East,13.0,382.2,0.0,4968.6
T103279,2024-05-08,P0040,C00071, East,3.0,12756.37,0.0,38269.11
T103063,2025-12-28,P0039,C00006,East,9.0,14579.92,0.0,131219.28
T104608,2024-12-28,P0007,C00219,West,8.0,14423.4,0.0,115387.2
T105646,08/26/2024,P0010,C00191,South,6.0,8164.43,0.0,48986.58
T102673,10-Mar-2025,P0018,C00160,South,6.0,6437.51,0.0,38625.06
T101425,2023-04-23,P0001,C00204,Central,3.0,6017.98,0.0,18053.94
T102751,01/07/2023,P0010,C00116,Central,1.0,8164.43,0.0,8164.43
T101871,17/12/2023,P0032,C00219,West,7.0,5656.65,0.0,39596.55
T100480,2024-08-26,P0013,C00029,East,4.0,9164.46,0.2,29326.27
T108752,2023-06-07,P0011,C00210,North,4.0,8863.25,0.0,35453.0
T105515,26/10/2023,P0003,C00193,East,2.0,10949.99,0.0,21899.98
T100527,16-Jul-2025,P0040,C00068,north,6.0,12756.37,5.0,72711.31
T108157,10/31/2023,P0037,C00019,Central,11.0,8484.46,0.0,93329.06
T106663,12-Apr-2024,P0038,C00027,,7.0,5836.46,0.0,40855.22
T104472,22/04/2025,P0029,C00137,South,3.0,12773.07,0.0,38319.21
T100220,10/06/2025,P0030,C00078,West,9.0,6824.34,0.0,61419.06
T108369,14/06/2023,P0035,C00208,Central,4.0,8930.77,0.05,33936.93
T106365,06/02/2025,P0037,C00226,West,6.0,,0.05,48361.42
T103836,12/08/2024,P0019,C00242,East,11.0,6013.99,0.0,66153.89
T107681,2025-01-14,P0018,C00094,south ,4.0,6437.51,,23175.04
T102986,05/05/2024,P0029,C00019,Central,5.0,12773.07,0.0,63865.35
T102807,12-Jan-2024,P0033,C00089,East,1.0,10082.29,0.0,10082.29
T106920,05/12/2025,P0016,C00096,Central,2.0,2604.21,0.0,5208.42
T105060,08-Sep-2024,P0018,C00238,West,3.0,6437.51,0.0,19312.53
T106724,2024-02-15,P0017,C00032,North,2.0,382.2,0.05,726.18
T105803,19/04/2023,P0006,C00103,West,3.0,7884.39,0.0,23653.17
T106117,2024-06-16,P0016,C00155,West,7.0,2604.21,0.0,18229.47
T102391,06/20/2023,P0036,C00189,North,1.0,4229.62,0.05,4018.14
T103098,02-Nov-2025,P0026,C00220,,9.0,13905.57,0.0,125150.13
T105321,22/08/2024,P0014,C00074,East,7.0,500.0,0.1,3150.0
T101983,15/01/2024,P0011,C00077,South,4.0,8863.25,0.0,35453.0
T108057,01/02/2024,P0035,C00054,Central,5.0,8930.77,0.0,44653.85
T101554,02-Oct-2023,P0040,C00037,South,11.0,12756.37,0.0,140320.07
T108285,28/08/2024,P0018,C00072,West,4.0,6437.51,,23175.04
T107791,07-Sep-2023,P0005,C00248,North,6.0,8621.09,0.0,51726.54
T107447,04/21/2023,P0009,C00061,West,3.0,11247.7,0.0,33743.1
T105378,12/22/2023,P0024,C00206,North,7.0,11884.11,0.0,83188.77
T103803,14-Jul-2024,P0017,C00005,East,6.0,382.2,0.0,2293.2
T101677,04/09/2023,P0036,C00114,South,5.0,4229.62,0.15,17975.88
T103068,08/06/2024,P0020,C00007,Central,3.0,4508.3,0.0,13524.9
T106805,2023-01-01,P0038,C00168,North,1.0,5836.46,0.0,5836.46
T100901,08/04/2024,P0022,C00054,Central,10.0,3102.81,0.1,27925.29
T105884,2023-09-14,P0022,C00236,East,3.0,3102.81,0.0,9308.43
T102296,05-Oct-2023,P0037,C00117,West,8.0,8484.46,20.0,54300.54
T108922,11/04/2025,P0019,C00051,East,4.0,6013.99,0.05,22853.16
T100296,19-Jul-2024,P0035,C00207,Central,6.0,8930.77,0.0,53584.62
T107827,04/04/2024,P0017,C00139,South,4.0,382.2,0.15,1299.48
T100057,11/14/2025,P0030,C00173,Central,3.0,6824.34,0.05,19449.37
T105972,13-Jul-2024,P0039,C00203,West,3.0,14579.92,0.1,39365.78
T107089,2024-12-01,P0029,C00040,North,8.0,12773.07,0.05,97075.33
T107161,02-Apr-2023,P0029,C00008,South,5.0,12773.07,0.0,63865.35
T105513,05/27/2023,P0011,C00135,North,3.0,8863.25,0.1,23930.78
T102676,18/10/2023,P0029,C00185,Central,2.0,12773.07,0.0,25546.14
T105228,23-Aug-2024,P0015,C00104,South,4.0,4549.66,0.0,18198.64
T108974,01-Sep-2025,P0026,C00195,East,4.0,13905.57,0.0,55622.28
T107671,24/02/2025,P0020,C00051,East,6.0,4508.3,0.0,27049.8
T106315,12/04/2025,P0013,C00061,West,3.0,9164.46,0.0,27493.38
T100295,10/11/2023,P0001,C00052,East,1.0,6017.98,0.0,6017.98
T102580,14-Jun-2024,P0024,C00156,,3.0,11884.11,0.0,35652.33
T103891,02-Apr-2023,P0024,C00091,Central,1.0,11884.11,0.0,11884.11
T108622,07/15/2023,P0032,C00060,,7.0,5656.65,0.05,37616.72
T100648,03/30/2023,P0007,C00014,Central,5.0,14423.4,0.0,72117.0
T101370,11/02/2024,P0040,C00049,East,5.0,12756.37,0.0,63781.85
T108986,2025-05-27,P0024,C00051,East,4.0,11884.11,0.0,47536.44
T105770,15-Feb-2024,P0039,C00084,North,3.0,14579.92,0.1,39365.78
T106653,2024-02-20,P0037,C00180,Central,3.0,8484.46,0.0,25453.38
T106006,02/24/2024,P0022,C00161,West,3.0,3102.81,0.2,7446.74
T107631,2024-01-09,P0031,C00220,,2.0,,0.05,2977.0
T101343,11/06/2023,P0015,C00169,Central,12.0,4549.66,0.05,51866.12
T100681,10-Jun-2024,P0008,C00211,West,5.0,499.0,0.0,2495.0
T100434,2024-05-04,P0024,C00245,Central,4.0,11884.11,0.0,47536.44
T104629,15-Nov-2025,P0021,C00026,North,19.0,359.09,0.0,6822.71
T105209,05/18/2025,P0023,C00013,Central,4.0,10713.43,0.0,42853.72
T101489,2023-04-10,P0013,C00098,East,5.0,9164.46,0.0,"₹45,822.30"
T100812,2023-05-06,P0011,C00001,West,5.0,8863.25,0.0,44316.25
T101882,2025-03-13,P0002,C00163,,2.0,13910.88,,27821.76
T107084,09-Feb-2023,P0002,C00034,East,-10.0,13910.88,0.0,139108.8
T104028,15-Mar-2023,P0032,C00181,South,2.0,5656.65,0.0,11313.3
T103055,23/04/2024,P0002,C00052,East,3.0,13910.88,0.0,41732.64
T101940,2025-12-02,P0014,C00249,West,9.0,500.0,0.1,4050.0
T105507,2023-01-01,P0036,C00162,north,5.0,4229.62,0.05,20090.69
T103498,2023-10-28,P0036,C00164,North,2.0,4229.62,0.0,8459.24
T101612,2023-03-10,P0030,C00203,West,7.0,6824.34,0.0,47770.38
T101181,2024-03-28,P0019,C00158,East,4.0,6013.99,0.0,24055.96
T101375,11/11/2024,P0037,C00002,West,8.0,8484.46,0.05,64481.9
T107071,2023-11-07,P0024,C00246,South,9.0,11884.11,0.2,85565.59
T104442,30-Dec-2025,P0006,C00069,Central,7.0,7884.39,0.0,55190.73
T100626,24/03/2023,P0023,C00139,South,2.0,10713.43,0.0,21426.86
T106846,03/30/2024,P0021,C00196,East,3.0,359.09,0.0,1077.27
T101669,31/08/2025,P0031,C00058,East,3.0,1566.84,0.0,4700.52
T102112,17-Dec-2025,P0008,C00001,West,11.0,499.0,,5214.55
T106551,24-Sep-2023,P0012,C00108,West,5.0,14484.04,0.0,72420.2
T105686,15/12/2023,P0039,C00160,South,3.0,14579.92,0.0,43739.76
T105397,15-Jun-2025,P0011,C00079,,7.0,8863.25,0.0,62042.75
T100084,15/12/2025,P0024,C00078,West,1.0,11884.11,0.0,11884.11
T105764,08/22/2024,P0029,C00088,South,4.0,12773.07,0.0,51092.28
T103780,08/29/2025,P0020,C00199,Central,4.0,4508.3,0.05,17131.54
T102283,17-Dec-2024,P0011,C00124,West,1.0,8863.25,0.0,8863.25
T106841,30-Mar-2025,P0021,C00021,Central,4.0,359.09,0.0,1436.36
T103309,04/15/2024,P0003,C00120,West,7.0,10949.99,0.0,76649.93
T100418,2024-05-06,P0015,C00078,West,10.0,4549.66,0.0,45496.6
T104309,28/11/2025,P0039,C00244,South,3.0,14579.92,0.0,"₹43,739.76"
T102984,27/07/2025,P0027,C00020,North,2.0,9818.49,0.0,19636.98
T102709,04/21/2023,P0023,C00135,North,4.0,10713.43,0.0,42853.72
T102357,12/09/2025,P0015,C00026,North,5.0,4549.66,0.1,20473.47
T106226,10/04/2024,P0032,C00049,East,3.0,5656.65,0.0,16969.95
T101366,13/06/2025,P0031,C00114,South,3.0,1566.84,0.0,4700.52
T100293,22-Aug-2023,P0040,C00038,West,4.0,12756.37,0.0,51025.48
T107143,03/08/2025,P0012,C00132,Central,3.0,14484.04,0.1,39106.91
T108621,26-Mar-2024,P0037,C00156,South,3.0,8484.46,0.0,25453.38
T101506,01/25/2023,P0031,C00014,Central,2.0,1566.84,0.0,"₹3,133.68"
T108230,2023-01-25,P0037,C00062,,1.0,8484.46,0.0,8484.46
T106088,30/08/2023,P0023,C00231,north,4.0,10713.43,0.0,42853.72
T101634,19/04/2023,P0038,C00143,South,5.0,5836.46,0.0,29182.3
T103328,08/08/2024,P0003,C00144,West,4.0,10949.99,0.05,41609.96
T104588,2023-12-22,P0020,C00214,Central,4.0,4508.3,0.0,18033.2
T103615,14-Feb-2024,P0024,C00015,South,1.0,11884.11,0.1,10695.7
T103411,2024-03-22,P0034,C00240,South,2.0,10038.95,0.0,"₹20,077.90"
T101563,11/21/2024,P0030,C00108,West,8.0,6824.34,0.05,"₹51,864.98"
T107599,31/03/2025,P0014,C00034,East,3.0,500.0,0.0,"₹1,500.00"
T105198,14-Jun-2023,P0026,C00194,East,2.0,13905.57,0.0,27811.14
T101979,2024-08-29,P0025,C00024,South,6.0,9148.51,0.0,54891.06
T101883,20/08/2024,P0039,C00193,East,3.0,14579.92,0.0,43739.76
T100438,11-Oct-2025,P0016,C00129,Central,8.0,2604.21,0.0,20833.68
T108192,30-Oct-2023,P0009,C00160,South,7.0,11247.7,0.0,78733.9
T103395,2025-08-13,P0005,C00145,North,6.0,8621.09,0.0,51726.54
T103844,2025-10-06,P0009,C00060,,1.0,11247.7,0.0,11247.7
T106462,11-Aug-2023,P0011,C00034,,4.0,,0.2,28362.4
T107733,09/10/2024,P0010,C00084,North,1.0,8164.43,0.0,8164.43
T102280,30-Jan-2023,P0033,C00126,West,2.0,10082.29,0.2,16131.66
T107013,17/08/2025,P0039,C00165,West,6.0,14579.92,0.0,87479.52
T106827,26-Aug-2025,P0025,C00079,South,6.0,9148.51,0.1,49401.95
T104467,25/06/2024,P0012,C00167,East,6.0,14484.04,0.0,86904.24
T100373,16-Jul-2024,P0001,C00158,East,3.0,6017.98,0.0,18053.94
T104302,2024-01-29,P0007,C00240,South,8.0,14423.4,,109617.84
T102585,07/14/2023,P0010,C00220,,3.0,8164.43,0.1,22043.96
T101332,01/20/2025,P0034,C00111,North,4.0,10038.95,0.1,36140.22
T105500,22-Sep-2023,P0008,C00021,Central,4.0,499.0,0.0,"₹1,996.00"
T102879,01-Sep-2025,P0026,C00109,North,8.0,13905.57,0.0,111244.56
T103378,11-Nov-2024,P0033,C00157,Central,7.0,10082.29,0.0,70576.03
T101784,29-Apr-2024,P0027,C00085,Central,4.0,9818.49,0.0,39273.96
T105431,12/30/2025,P0039,C00023,West,1.0,14579.92,0.0,"₹14,579.92"
T105583,12/02/2024,P0015,C00184,East,6.0,4549.66,0.0,27297.96
T103283,05/07/2025,P0016,C00173,Central,2.0,2604.21,0.05,4948.0
T106063,2024-10-29,P0006,C00213,South,3.0,7884.39,0.0,23653.17
T108425,2023-11-10,P0012,C00039,North,9.0,14484.04,,130356.36
T104978,09/21/2024,P0033,C00248,North,5.0,10082.29,0.0,50411.45
T108835,2025-12-06,P0039,C00204,Central,9.0,14579.92,0.0,131219.28
T103937,2025-02-01,P0040,C00182,North,5.0,12756.37,0.0,63781.85
T107670,06/14/2024,P0008,C00186,,5.0,499.0,0.05,2370.25
T106517,07/02/2025,P0012,C00112,South,2.0,14484.04,0.0,28968.08
T108673,05/08/2023,P0027,C00125,North,6.0,9818.49,0.0,58910.94
T103852,24-Feb-2024,P0010,C00182,North,9.0,8164.43,0.0,73479.87
T104080,09/02/2023,P0034,C00100,East,7.0,10038.95,0.0,70272.65
T107397,27-Nov-2023,P0030,C00045,West,3.0,6824.34,0.0,20473.02
T107271,2024-11-06,P0006,C00190,North,5.0,7884.39,0.15,33508.66
T101541,06-Jan-2025,P0021,C00078,West,4.0,359.09,0.0,1436.36
T105642,29/09/2025,P0005,C00155,West,4.0,8621.09,0.0,34484.36
T100322,05/30/2024,P0023,C00243,,4.0,10713.43,0.0,42853.72
T102031,04/04/2025,P0014,C00101,East,4.0,500.0,0.0,2000.0
T100993,02/07/2023,P0028,C00225,SOUTH ,6.0,13737.15,0.0,82422.9
T104205,2023-05-03,P0010,C00164,North,3.0,,0.0,24493.29
T107765,24/08/2023,P0008,C00037,South,2.0,499.0,0.0,998.0
T107244,05/17/2024,P0021,C00055,South,5.0,359.09,0.0,1795.45
T107228,2025-07-30,P0001,C00052,East,3.0,6017.98,0.0,18053.94
T103295,2024-09-02,P0035,C00098,East,3.0,8930.77,0.1,24113.08
T106500,07-Mar-2025,P0029,C00164,North,3.0,12773.07,0.05,36403.25
T102184,11/17/2025,P0040,C00221,West,7.0,12756.37,0.0,89294.59
T100110,20/08/2024,P0031,C00109,North,3.0,1566.84,0.0,4700.52
T104149,14-Oct-2025,P0032,C00062,South,5.0,5656.65,0.0,28283.25
T105562,22-Apr-2025,P0003,C00074,East,8.0,10949.99,0.0,87599.92
T101079,06/23/2024,P0024,C00057,East,3.0,11884.11,0.0,35652.33
T102226,11/06/2023,P0004,C00095,Central,2.0,4999.13,0.0,9998.26
T106947,06/04/2025,P0011,C00064,North,6.0,8863.25,0.15,45202.58
T108324,12/01/2024,P0004,C00095,Central,3.0,4999.13,0.0,14997.39
T102705,2023-06-20,P0002,C00248,North,5.0,13910.88,0.05,66076.68
T105629,17-Oct-2024,P0018,C00157,Central,3.0,6437.51,0.0,19312.53
T104486,08/17/2023,P0006,C00096,Central,3.0,7884.39,0.0,23653.17
T101164,2025-12-08,P0030,C00021,,14.0,6824.34,,85986.68
T102970,23-Jun-2024,P0024,C00209,East,4.0,11884.11,0.15,40405.97
T101450,08/02/2024,P0001,C00092,SOUTH ,7.0,6017.98,0.0,42125.86
T107660,27-Jan-2023,P0013,C00029,East,4.0,9164.46,0.0,36657.84
T106670,14/06/2024,P0004,C00122,West,2.0,4999.13,,9998.26
T105045,2024-01-27,P0040,C00107,East,5.0,12756.37,0.2,51025.48
T105679,12/31/2024,P0010,C00035,Central,5.0,8164.43,0.0,40822.15
T104965,2023-08-27,P0022,C00210,North,5.0,3102.81,0.0,15514.05
T107440,13-Mar-2025,P0025,C00099,North,4.0,9148.51,0.0,36594.04
T106692,03/07/2024,P0012,C00113,East,3.0,14484.04,0.0,43452.12
T104908,11/11/2025,P0005,C00176,,7.0,8621.09,0.05,57330.25
T103286,21-Nov-2024,P0038,C00070,West,7.0,5836.46,0.0,40855.22
T104099,2025-01-07,P0039,C00186,North,4.0,14579.92,0.0,58319.68
T102957,03-Jul-2025,P0006,C00216,South,3.0,7884.39,0.1,21287.85
T108218,06/08/2023,P0001,C00163,,7.0,6017.98,0.0,42125.86
T107355,08/22/2023,P0025,C00142,Central,3.0,9148.51,0.0,27445.53
T101514,15/02/2023,P0027,C00133,East,4.0,9818.49,0.0,39273.96
T102313,10-May-2024,P0012,C00128,South,6.0,14484.04,0.0,86904.24
T108340,18/09/2024,P0006,C00193,East,2.0,7884.39,0.15,13403.46
T101451,18/11/2025,P0025,C00068,north,5.0,9148.51,0.0,45742.55
T102020,02/28/2025,P0030,C00158,East,2.0,6824.34,0.15,11601.38
T103567,09/25/2024,P0017,C00103,West,2.0,382.2,0.0,764.4
T104720,2025-10-04,P0013,C00073,South,8.0,9164.46,0.0,73315.68
T106632,07/05/2023,P0020,C00206,North,4.0,4508.3,0.0,18033.2
T104613,31-Jan-2023,P0005,C00113,East,1.0,8621.09,0.0,8621.09
T100838,24-Nov-2025,P0016,C00187,North,7.0,2604.21,0.0,"₹18,229.47"
T101086,18/02/2023,P0029,C00101,East,7.0,12773.07,0.0,89411.49
T102374,02/03/2025,P0015,C00224,Central,6.0,4549.66,0.0,27297.96
T103542,2024-03-18,P0027,C00018,Central,5.0,9818.49,0.0,49092.45
T105835,03/10/2025,P0037,C00117,West,7.0,8484.46,0.0,59391.22
T107310,07/04/2025,P0007,C00170,West,4.0,14423.4,0.05,54808.92
T105298,17-Feb-2025,P0034,C00127,SOUTH ,8.0,10038.95,0.0,80311.6
T106137,18/10/2023,P0001,C00083,South,4.0,6017.98,0.0,24071.92
T108565,05/21/2025,P0031,C00010,South,4.0,1566.84,0.0,6267.36
T100450,01/09/2024,P0033,C00118,Central,6.0,10082.29,0.0,60493.74
T104562,19/07/2025,P0011,C00219,West,2.0,8863.25,0.0,17726.5
T101714,2023-09-08,P0039,C00085,Central,3.0,14579.92,0.05,41552.77
T104708,2023-12-10,P0022,C00062,south,6.0,3102.81,0.0,18616.86
T108599,26/09/2025,P0011,C00225,SOUTH ,4.0,8863.25,0.0,35453.0
T100339,2024-06-25,P0010,C00049,East,5.0,8164.43,0.05,38781.04
T103692,29-Oct-2024,P0015,C00122,West,7.0,4549.66,0.0,31847.62
T105521,2025-01-28,P0017,C00239,East,4.0,382.2,0.0,1528.8
T104222,11-Apr-2025,P0021,C00172,Central,7.0,359.09,,2513.63
T107559,2024-06-18,P0012,C00086,West,6.0,14484.04,0.15,73868.6
T102670,2024-04-20,P0030,C00068,north,1.0,6824.34,0.05,6483.12
T101419,10/01/2024,P0039,C00063,North,2.0,14579.92,0.15,"₹24,785.86"
T100034,12/26/2025,P0015,C00041,,3.0,4549.66,0.0,13648.98
T107517,01-Dec-2023,P0040,C00186,North,6.0,12756.37,0.0,76538.22
T105912,30-Jan-2025,P0007,C00009,Central,1.0,14423.4,0.0,14423.4
T105090,10/10/2024,P0013,C00193,east,6.0,9164.46,0.1,49488.08
T108224,05/25/2025,P0031,C00145,North,3.0,1566.84,0.0,4700.52
T101410,16-Dec-2024,P0031,C00229,East,11.0,1566.84,0.0,17235.24
T103481,2025-05-17,P0024,C00248,North,6.0,11884.11,0.0,71304.66
T102170,07/11/2023,P0004,C00079,South,4.0,4999.13,0.0,19996.52
T104239,27/04/2025,P0006,C00042,Central,4.0,7884.39,0.0,31537.56
T100889,01/30/2024,P0012,C00135,North,5.0,14484.04,0.0,72420.2
T108568,2024-09-19,P0011,C00160,South,4.0,8863.25,,35453.0
T108255,08-Oct-2025,P0001,C00002,West,3.0,6017.98,0.1,16248.55
T106037,08/25/2023,P0036,C00163,,3.0,4229.62,0.0,12688.86
T102244,2025-05-27,P0011,C00091,Central,3.0,8863.25,0.2,21271.8
T105022,11-Oct-2023,P0032,C00049,East,4.0,5656.65,0.0,22626.6
T106081,2025-06-23,P0025,C00169,Central,6.0,9148.51,0.0,54891.06
T103661,06-Aug-2024,P0003,C00035,Central,5.0,10949.99,0.0,54749.95
T108626,09-Jan-2023,P0039,C00064,North,4.0,14579.92,0.2,46655.74
T105842,13/08/2024,P0004,C00236,East,6.0,4999.13,0.05,28495.04
T100432,20-Sep-2024,P0029,C00010,South,7.0,12773.07,0.0,89411.49
T101654,2024-08-19,P0001,C00004,East,4.0,6017.98,0.0,24071.92
T100178,12-Feb-2023,P0013,C00016,West,3.0,9164.46,0.0,27493.38
T108710,15/05/2024,P0037,C00164,North,4.0,8484.46,0.0,33937.84
T107474,2025-08-20,P0013,C00168,North,3.0,9164.46,0.0,27493.38
T107529,13/02/2023,P0036,C00040,North,1.0,4229.62,0.0,4229.62
T106129,13/08/2024,P0026,C00061,West,3.0,13905.57,0.0,41716.71
T101886,08-Jul-2025,P0033,C00127,SOUTH ,7.0,10082.29,0.0,70576.03
T107477,29/07/2023,P0011,C00018,Central,5.0,8863.25,0.2,35453.0
T101786,24-Jul-2024,P0002,C00061,West,6.0,13910.88,0.0,83465.28
T104077,08/27/2025,P0030,C00203,West,3.0,6824.34,0.0,20473.02
T103522,2025-06-17,P0029,C00049,East,8.0,12773.07,0.0,102184.56
T104335,06/30/2023,P0018,C00160,South,5.0,6437.51,0.0,"₹32,187.55"
T102181,09/30/2023,P0032,C00193,East,3.0,5656.65,,16969.95
T105522,27-Dec-2025,P0040,C00109,North,9.0,,0.1,103326.6
T105159,30/09/2024,P0019,C00138,Central,4.0,6013.99,0.1,21650.36
T102069,13-Oct-2025,P0030,C00108,West,1.0,6824.34,0.0,6824.34
T106641,05/19/2023,P0012,C00097,West,2.0,14484.04,0.0,28968.08
T105023,11-Aug-2023,P0012,C00148,North,3.0,14484.04,0.2,34761.7
T104051,2025-12-15,P0004,C00176,East,1.0,4999.13,0.0,4999.13
T100880,09/25/2025,P0014,C00081,West,2.0,500.0,0.0,1000.0
T106501,07/13/2024,P0020,C00214,Central,2.0,4508.3,0.0,9016.6
T104174,02-Dec-2025,P0028,C00155,West,13.0,13737.15,0.0,178582.95
T103379,05-Aug-2024,P0006,C00228,South,4.0,7884.39,0.0,"₹31,537.56"
T106860,2025-04-15,P0029,C00085,Central,2.0,12773.07,0.0,25546.14
T107738,03/15/2024,P0001,C00131,West,3.0,6017.98,0.0,18053.94
T103961,08-Mar-2024,P0033,C00046,South,4.0,10082.29,0.0,40329.16
T108109,06-Oct-2023,P0018,C00233,West,8.0,6437.51,0.15,43775.07
T103467,25-Mar-2024,P0022,C00117,West,7.0,3102.81,0.05,20633.69
T105994,03/10/2023,P0015,C00229,East,4.0,4549.66,0.1,16378.78
T101706,2023-03-12,P0028,C00204,Central,1.0,13737.15,0.05,13050.29
T101158,05-Apr-2024,P0007,C00143,South,1.0,14423.4,0.0,14423.4
T102306,2023-01-08,P0040,C00217,North,4.0,12756.37,0.0,51025.48
T107374,2025-06-18,p0030 ,C00083,South,3.0,6824.34,0.0,20473.02
T107887,06-Apr-2024,P0022,C00108,West,6.0,3102.81,0.0,18616.86
T106872,2023-11-20,P0011,C00245,Central,6.0,8863.25,0.0,53179.5
T105235,28-Apr-2025,P0026,C00228,South,4.0,13905.57,0.0,55622.28
T106423,05/31/2024,P0031,C00231,north,10.0,1566.84,0.0,15668.4
T103905,14/01/2025,P0038,C00223,Central,6.0,,0.0,35018.76
T106693,04-Oct-2024,P0008,C00134,East,6.0,499.0,0.0,2994.0
T108140,30-Oct-2025,P0033,C00240,South,3.0,10082.29,0.0,"₹30,246.87"
T105635,18-Aug-2024,P0004,C00088,South,7.0,4999.13,0.2,27995.13
T101564,08/05/2024,P0013,C00198,West,4.0,9164.46,0.05,34824.95
T101782,2023-11-10,P0013,C00181,South,4.0,9164.46,0.15,31159.16
T108063,19-Jun-2024,P0016,C00054,Central,4.0,2604.21,0.0,10416.84
T104623,07-Dec-2023,P0013,C00103,West,4.0,9164.46,0.05,34824.95
T103298,2025-09-15,P0021,C00009,Central,11.0,359.09,0.0,3949.99
T100904,2024-02-11,P0021,C00035,Central,1.0,359.09,0.0,359.09
T108816,03/19/2024,P0024,C00015,South,1.0,11884.11,0.0,11884.11
T105422,12-Apr-2025,P0023,C00075,,9.0,10713.43,0.05,91599.83
T107557,14-Sep-2025,P0036,C00037,South,8.0,4229.62,0.0,33836.96
T106789,07/11/2025,P0006,C00219,West,6.0,7884.39,0.05,44941.02
T102080,20/12/2024,P0009,C00006,East,11.0,11247.7,0.0,123724.7
T101565,05/04/2024,P0009,C00017, East,6.0,11247.7,0.1,60737.58
T104934,25/10/2023,P0006,C00144,West,1.0,7884.39,0.0,7884.39
T103570,01-Jun-2025,P0011,C00117,West,3.0,8863.25,0.05,25260.26
T105273,2023-08-04,P0012,C00197,South,5.0,14484.04,0.0,"₹72,420.20"
T103704,2023-09-11,P0006,C00083,South,4.0,7884.39,,28383.8
T105106,10/10/2025,P0033,C00011,East,5.0,10082.29,0.0,50411.45
T107981,05/01/2024,P0026,C00163,,3.0,13905.57,0.0,41716.71
T106143,26-Dec-2025,P0008,C00143,South,9.0,499.0,0.0,4491.0
T105312,15/12/2025,P0003,C00060,,5.0,10949.99,0.2,43799.96
T101113,14-Jan-2025,P0027,C00010,South,3.0,9818.49,0.15,25037.15
T102646,24-Apr-2024,P0028,C00067,,3.0,13737.15,0.0,41211.45
T103914,2025-08-30,P0032,C00071, East,3.0,5656.65,0.15,14424.46
T105904,05/03/2025,P0016,C00160,South,7.0,2604.21,0.0,18229.47
T105409,27/08/2023,P0030,C00206,North,4.0,6824.34,0.0,27297.36
T107813,11/01/2025,P0025,C00126,West,,9148.51,0.15,23328.7
T102300,01/30/2025,P0013,C00035,Central,4.0,9164.46,0.0,36657.84
T105780,12-Dec-2025,P0004,C00143,South,9.0,4999.13,0.05,42742.56
T100254,17-Jun-2024,P0015,C00204,Central,7.0,4549.66,0.1,28662.86
T108074,17/12/2024,P0039,C00174,Central,1.0,14579.92,0.0,14579.92
T108207,05/11/2023,P0038,C00045,West,7.0,,0.0,40855.22
T106381,30/03/2023,P0038,C00071, East,4.0,5836.46,0.0,23345.84
T107248,08/19/2023,P0017,C00037,South,4.0,382.2,0.0,1528.8
T105818,2023-12-25,P0034,C00178,West,-4.0,10038.95,,34132.43
T103806,08/03/2024,P0037,C00119,South,5.0,8484.46,0.1,38180.07
T105920,2023-05-04,P0028,C00025,South,,13737.15,0.0,54948.6
T105540,05/24/2023,P0036,C00207,Central,1.0,,0.15,3595.18
T102589,01/07/2023,P0037,C00184,East,3.0,8484.46,0.0,25453.38
T105640,04-Mar-2023,P0029,C00129,Central  ,6.0,12773.07,0.0,76638.42
T100303,2025-12-29,P0030,C00079,South,1.0,6824.34,0.0,6824.34
T105140,03/24/2023,P0009,C00228,South,1.0,11247.7,0.0,11247.7
T103299,2024-04-03,P0030,C00039,North,1.0,6824.34,0.0,6824.34
T106465,03/09/2024,P0022,C00186,North,4.0,3102.81,0.1,"₹11,170.12"
T105386,2025-05-23,P0003,C00073,South,6.0,10949.99,0.0,65699.94
T106403,06/25/2024,P0026,C00188,North,1.0,13905.57,0.05,13210.29
T101436,18/12/2025,P0028,C00053,West,1.0,13737.15,0.1,12363.44
T106319,2024-05-20,P0039,C00043,West,3.0,14579.92,0.0,43739.76
T106595,05-Mar-2023,P0027,C00112,South,4.0,9818.49,0.0,39273.96
T100376,07/10/2025,P0034,C00245,Central,2.0,10038.95,0.0,20077.9
T101869,12/31/2023,P0033,C00220,,6.0,10082.29,0.0,60493.74
T108941,03/11/2023,P0009,C00188,North,4.0,11247.7,0.0,44990.8
T106270,2024-02-25,P0026,C00057,East,5.0,13905.57,0.05,66051.46
T101834,25-Sep-2025,P0023,C00074,East,2.0,10713.43,0.05,20355.52
T101658,2024-09-11,P0019,C00044,South,5.0,6013.99,0.15,25559.46
T100755,2025-04-29,P0035,C00173,Central,8.0,8930.77,0.0,"₹71,446.16"
T107063,19/02/2024,P0011,C00186,North,5.0,8863.25,0.0,44316.25
T108745,2025-07-22,P0025,C00090,SOUTH ,7.0,,0.0,3201978.5
T104328,03-Nov-2023,P0031,C00139,South,12.0,1566.84,0.0,18802.08
T100290,14/05/2024,P0026,C00244,South,2.0,13905.57,0.05,26420.58
T102236,29-May-2023,P0034,C00038,West,1.0,10038.95,0.0,10038.95
T104951,2023-12-14,P0016,C00245,Central,4.0,2604.21,0.0,10416.84
T100805,21-Jul-2025,P0006,C00159,North,4.0,7884.39,0.1,28383.8
T102118,05/06/2023,P0035,C00181,South,1.0,8930.77,0.05,8484.23
T105950,19-May-2023,P0002,C00206,North,4.0,13910.88,0.0,55643.52
T105758,01/06/2025,P0004,C00124,West,2.0,4999.13,0.0,9998.26
T100501,2023-01-08,P0013,C00184,East,4.0,9164.46,,36657.84
T103102,16-Aug-2024,P0020,C00084,North,5.0,4508.3,0.0,22541.5
T105162,04/04/2023,P0011,C00103,West,4.0,8863.25,0.0,35453.0
T108517,2023-02-04,P0016,C00138,Central,4.0,2604.21,0.0,"₹10,416.84"
T101539,12/06/2025,P0011,C00139,South,3.0,8863.25,0.0,26589.75
T105067,2024-01-31,P0001,C00001,West,5.0,6017.98,0.0,30089.9
T101211,03/07/2025,P0034,C00152,North,1.0,10038.95,0.0,10038.95
T102996,12/06/2023,P0032,C00176,East,4.0,5656.65,0.0,22626.6
T107754,2024-10-15,P0026,C00175,East,7.0,13905.57,0.0,97338.99
T108761,2024-04-18,P0038,C00045,West,7.0,5836.46,0.0,40855.22
T100672,12/28/2024,P0036,C00241,South,1.0,4229.62,0.0,4229.62
T106580,14-Aug-2024,P0011,C00024,South,8.0,8863.25,0.0,70906.0
T105292,10/09/2023,P0008,C00204,Central,9.0,499.0,0.05,4266.45
T106865,2024-02-07,P0026,C00001,West,5.0,13905.57,0.0,69527.85
T104055,2025-03-24,P0033,C00144,West,3.0,10082.29,0.0,30246.87
T105268,2023-07-21,P0021,C00091,Central,3.0,359.09,0.1,969.54
T107835,2024-05-19,P0031,C00121,East,6.0,1566.84,0.0,9401.04
T101464,10/15/2025,P0005,C00074,East,12.0,8621.09,0.05,98280.43
T105911,12/06/2025,P0009,C00102,Central,5.0,11247.7,0.0,56238.5
T107874,28/02/2025,P0033,C00052,East,6.0,10082.29,0.05,57469.05
T101192,27-Nov-2023,P0004,C00059,North,1.0,4999.13,0.0,4999.13
T106695,27/07/2023,P0034,C00069,Central,1.0,10038.95,0.2,8031.16
T102264,11/12/2023,P0022,C00029,East,9.0,3102.81,0.0,27925.29
T100421,14/06/2023,P0037,C00236,East,3.0,8484.46,0.0,25453.38
T100505,04/29/2024,P0040,C00004,,3.0,12756.37,,38269.11
T106683,2023-06-07,P0017,C00123,North,6.0,382.2,0.0,2293.2
T102623,09/04/2024,P0008,C00046,South,4.0,499.0,0.0,1996.0
T101582,24/02/2024,P0027,C00008,South,2.0,9818.49,0.0,19636.98
T100506,20-Jul-2024,P0023,C00176,East,2.0,10713.43,0.1,19284.17
T105131,22-Sep-2025,P0040,C00124,West,12.0,12756.37,0.0,153076.44
T102405,15-Sep-2024,P0016,C00036,North,4.0,2604.21,0.15,8854.31
T105529,01/22/2025,P0019,C00249,West,6.0,6013.99,0.0,36083.94
T105928,2025-06-29,P0012,C00075,,4.0,14484.04,0.0,57936.16
T100621,2025-05-05,P0017,C00102,Central,7.0,382.2,0.0,2675.4
T102126,30-Aug-2024,P0029,C00083,South,4.0,12773.07,0.0,51092.28
T103524,2025-02-22,P0013,C00147,North,3.0,9164.46,0.0,27493.38
T107770,09/12/2023,P0014,C00093,North,4.0,500.0,0.0,2000.0
T108683,14-Jun-2023,P0035,C00195,East,4.0,8930.77,0.0,35723.08
T106631,2023-11-29,P0014,C00231,north,3.0,500.0,0.0,1500.0
T104672,10-Apr-2025,P0040,C00030,North,14.0,12756.37,0.0,178589.18
T103989,02/13/2024,P0015,C00241,South,4.0,4549.66,0.0,18198.64
T100347,23-Apr-2023,P0008,C00184,East,2.0,499.0,0.05,₹948.10
T100797,30/11/2025,P0009,C00105,West,1.0,11247.7,0.2,8998.16
T105834,12/19/2023,P0003,C00012,East,6.0,10949.99,0.0,65699.94
T102829,01/25/2024,P0033,C00002,West,2.0,10082.29,,20164.58
T104640,09/18/2023,P0037,C00092,SOUTH ,3.0,8484.46,0.0,25453.38
T104074,02/11/2025,P0035,C00007,Central,1.0,8930.77,0.0,8930.77
T108495,12-Jun-2023,P0027,C00167,East,3.0,9818.49,,29455.47
T107749,04/05/2023,P0027,C00212,South,7.0,9818.49,0.1,61856.49
T108806,2024-03-16,P0034,C00054,Central,6.0,10038.95,0.0,60233.7
T100312,09/02/2024,P0007,C00140,West,4.0,14423.4,0.0,57693.6
T104739,05/02/2025,P0031,C00172,Central,1.0,1566.84,0.05,1488.5
T100746,24/08/2024,P0038,C00048,south,3.0,5836.46,0.0,17509.38
T100790,24-Feb-2024,P0033,C00103,West,1.0,10082.29,0.0,10082.29
T102476,03/10/2024,P0021,C00044,South,1.0,359.09,0.0,359.09
T102024,28/03/2024,P0037,C00082,East,6.0,8484.46,0.15,43270.75
T105288,2025-05-07,P0011,C00134,East,3.0,8863.25,0.0,26589.75
T102570,07/12/2023,P0025,C00088,South,9.0,9148.51,0.0,82336.59
T103620,30/08/2023,P0015,C00226,West,4.0,4549.66,0.0,18198.64
T108899,09-Apr-2024,P0017,C00092,SOUTH ,6.0,382.2,0.0,2293.2
T107293,08/07/2025,P0032,C00094,SOUTH ,6.0,5656.65,0.0,33939.9
T105939,2025-12-24,P0036,C00039,North,5.0,4229.62,0.0,21148.1
T104439,11/13/2024,P0039,C00132,Central,3.0,14579.92,0.0,43739.76
T104298,01/30/2025,P0034,C00046,South,6.0,10038.95,0.0,60233.7
T100259,07/04/2024,P0025,C00025,South,5.0,9148.51,0.0,45742.55
T102163,01/02/2025,P0036,C00206,north,3.0,4229.62,0.0,12688.86
T108350,08/20/2025,P0029,C00152,North,6.0,12773.07,0.15,65142.66
T100380,2024-12-04,P0004,C00026,North,8.0,4999.13,0.0,39993.04
T105294,08/01/2025,P0007,C00040,North,3.0,14423.4,0.15,36779.67
T107628,23-Dec-2024,P0031,C00137,South,6.0,1566.84,0.0,9401.04
T101912,03-Nov-2025,P0035,C00189,,9.0,8930.77,0.0,80376.93
T103463,29-Dec-2024,P0016,C00153,Central,5.0,2604.21,0.0,13021.05
T100599,06/16/2024,P0026,C00148,North,3.0,13905.57,0.05,39630.87
T100045,2023-09-10,P0014,C00024,South,2.0,500.0,0.0,1000.0
T101444,10/16/2023,P0014,C00246,South,7.0,500.0,0.0,3500.0
T101652,05/09/2024,P0036,C00043,West,3.0,,0.0,12688.86
T102699,2024-12-09,P0018,C00045,West,5.0,6437.51,0.0,32187.55
T108570,17/10/2025,P0013,C00245,Central,5.0,9164.46,0.0,45822.3
T101893,05-Dec-2023,P0014,C00091,Central,7.0,500.0,0.0,3500.0
T101944,15/06/2023,P0001,C00027,,6.0,6017.98,0.05,34302.49
T102406,01/11/2024,P0025,C00099,North,1.0,9148.51,0.05,8691.08
T105489,17/12/2024,P0029,C00240,South,1.0,12773.07,,12773.07
T108906,07-Feb-2023,P0007,C00159,North,3.0,14423.4,0.05,41106.69
T103469,25/02/2025,P0027,C00160,South,4.0,9818.49,0.0,39273.96
T101966,09/02/2025,p0002 ,C00026,North,3.0,13910.88,0.0,41732.64
T103130,07/01/2024,P0032,C00056,South,8.0,5656.65,0.0,45253.2
T106534,04-Jun-2023,P0038,C00162,,4.0,5836.46,0.1,21011.26
T104270,2024-07-18,P0021,C00131,West,4.0,359.09,0.05,1364.54
T107746,02/18/2025,P0007,C00032,North,3.0,14423.4,0.0,43270.2
T101600,2025-07-13,P0038,C00177,South,4.0,5836.46,0.05,22178.55
T106156,24-Oct-2024,P0023,C00250,north,7.0,10713.43,0.0,74994.01
T101392,2024-05-02,P0035,C00040,North,3.0,8930.77,0.0,26792.31
T104631,01/06/2025,P0010,C00067,,7.0,8164.43,0.0,57151.01
T108574,10/05/2025,P0006,C00079,South,6.0,7884.39,0.0,47306.34
T105446,13-Jun-2023,P0015,C00232,West,-4.0,4549.66,0.0,18198.64
T106901,07/06/2023,P0004,C00214,Central,3.0,4999.13,0.05,14247.52
T105735,2023-05-24,P0011,C00048,South,5.0,8863.25,0.0,44316.25
T100426,06/01/2024,P0018,C00038,West,1.0,6437.51,0.15,5471.88
T105156,2024-06-19,P0030,C00215,East,1.0,6824.34,0.0,6824.34
T102853,2025-05-30,P0022,C00138,Central,7.0,3102.81,0.15,18461.72
T100410,05/24/2025,P0012,C00184,East,6.0,14484.04,0.2,69523.39
T108296,2024-01-24,P0023,C00113,East,4.0,10713.43,0.0,42853.72
T108184,30-Mar-2025,P0030,C00033,North,9.0,6824.34,0.0,61419.06
T105672,11/06/2023,P0018,C00146,Central,3.0,6437.51,0.0,19312.53
T102486,21/05/2023,P0008,C00050,East,6.0,499.0,0.2,2395.2
T104245,2023-01-14,P0030,C00240,South,5.0,6824.34,0.0,34121.7
T100779,23-Oct-2023,P0020,C00215,East,4.0,4508.3,0.05,17131.54
T104483,02/17/2024,P0035,C00106,West,4.0,8930.77,0.0,35723.08
T104151,11/28/2025,P0035,C00211,West,9.0,8930.77,0.0,80376.93
T103815,2024-01-17,P0011,C00205,North,7.0,8863.25,0.0,62042.75
T100210,09-Jul-2023,P0004,C00213,South,2.0,4999.13,0.0,9998.26
T102487,2023-01-17,P0002,C00085,Central,4.0,13910.88,0.0,55643.52
T106289,2025-09-06,P0025,C00067,,2.0,9148.51,0.0,18297.02
T107134,06/15/2023,P0021,C00081,West,6.0,359.09,0.0,2154.54
T107300,12/02/2024,P0018,C00051,East,1.0,6437.51,0.0,6437.51
T107836,08/26/2025,P0017,C00234, East,3.0,382.2,0.0,1146.6
T101049,06/06/2024,P0021,C00140,West,8.0,359.09,0.1,2585.45
T108248,01/18/2025,P0034,C00104,South,1.0,10038.95,0.0,10038.95
T104393,23/07/2024,P0024,C00103,West,2.0,11884.11,0.0,23768.22
T102035,14/08/2023,P0038,C00193,East,4.0,5836.46,0.1,21011.26
T108722,15-Feb-2023,P0032,C00065, East,5.0,5656.65,0.0,28283.25
T108703,02/04/2024,P0024,C00006,East,2.0,11884.11,0.0,23768.22
T104159,2023-04-07,P0040,C00052,East,4.0,12756.37,0.0,51025.48
T101972,29-Mar-2023,P0005,C00081,West,10.0,8621.09,0.0,86210.9
T107949,07/31/2025,P0023,C00055,South,,10713.43,0.0,32140.29
T102099,2025-01-31,P0003,C00042,Central,4.0,10949.99,0.0,43799.96
T101499,04-Aug-2025,P0037,C00223,Central,4.0,8484.46,0.0,33937.84
T101109,09/04/2024,P0011,C00221,West,4.0,8863.25,0.0,35453.0
T103148,2025-06-23,P0029,C00146,Central,4.0,12773.07,0.0,51092.28
T104845,2024-01-15,P0028,C00102,Central,6.0,13737.15,0.0,82422.9
T100652,2023-08-10,P0002,C00238,West,4.0,13910.88,0.0,55643.52
T104919,12-Dec-2024,P0011,C00065, East,5.0,8863.25,0.0,44316.25
T102732,20/06/2025,P0019,C00136,South,4.0,6013.99,0.0,24055.96
T103034,20-Apr-2025,P0020,C00217,North,4.0,4508.3,0.0,18033.2
T100242,10/18/2025,P0005,C00064,North,6.0,8621.09,0.0,51726.54
T101795,05/07/2025,P0031,C00081,West,2.0,1566.84,0.2,2506.94
T101702,10/22/2023,P0001,C00169,Central,11.0,6017.98,0.05,62887.89
T104119,11/12/2024,P0021,C00076,Central,17.0,359.09,0.0,6104.53
T105826,13/03/2025,P0028,C00077,South,4.0,13737.15,0.0,54948.6
T104250,08/04/2023,P0020,C00226,west,2.0,4508.3,0.05,8565.77
T101498,23/10/2024,P0038,C00004,East,4.0,5836.46,0.2,18676.67
T102756,16-Jan-2025,P0021,C00227,Central,1.0,359.09,0.0,359.09
T103693,16/08/2024,P0031,C00001,West,3.0,1566.84,0.0,4700.52
T105395,28-Mar-2024,P0034,C00086,West,5.0,10038.95,0.05,47685.01
T102178,04/14/2023,P0012,C00017, East,5.0,14484.04,0.0,72420.2
T108794,2025-09-05,P0002,C00155,West,7.0,13910.88,0.0,97376.16
T104279,2024-07-30,P0011,C00050,East,1.0,8863.25,0.0,8863.25
T107999,07/20/2023,P0028,C00121,East,2.0,13737.15,0.0,27474.3
T105910,09/13/2025,P0034,C00119,South,7.0,10038.95,0.0,70272.65
T105349,09/08/2024,P0029,C00186,North,3.0,12773.07,,38319.21
T100705,12/30/2024,P0019,C00028,Central,,6013.99,0.0,30069.95
T101872,10-Sep-2023,P0011,C00137,South,2.0,8863.25,0.0,17726.5
T103886,2023-04-05,P0007,C00243,West,4.0,14423.4,0.0,57693.6
T103973,15-Sep-2025,P0004,C00056,South,-4.0,4999.13,0.2,15997.22
T107825,2024-02-01,P0028,C00129,Central,,13737.15,0.15,35029.73
T106384,09/23/2023,P0034,C00013,Central,4.0,10038.95,0.0,40155.8
T108546,18/02/2024,P0024,C00104,South,3.0,11884.11,,28521.86
T104671,2025-03-14,P0020,C00055,South,6.0,4508.3,0.1,24344.82
T104988,03/08/2025,P0001,C00040,North,4.0,6017.98,0.0,24071.92
T106110,2023-08-04,P0038,C00008,South,3.0,5836.46,0.05,16633.91
T108068,2024-09-12,P0014,C00068,north,2.0,500.0,0.0,1000.0
T106991,05/01/2023,P0003,C00172,Central,4.0,10949.99,0.2,35039.97
T100565,29/06/2024,P0016,C00160,South,3.0,2604.21,0.0,7812.63
T105914,25-Jun-2025,P0034,C00162,north,4.0,10038.95,0.0,40155.8
T103608,22/04/2024,P0025,C00234, East,8.0,9148.51,0.05,69528.68
T103393,07/05/2025,P0018,C00247,North,2.0,6437.51,0.15,10943.77
T102987,11/09/2023,P0001,C00088,South,6.0,6017.98,0.0,36107.88
T100640,11/06/2024,P0021,C00037,South,8.0,359.09,0.0,2872.72
T104997,11-Jul-2023,P0003,C00235,,4.0,10949.99,0.0,43799.96
T105714,12/30/2023,P0036,C00121,East,12.0,4229.62,0.0,50755.44
T102778,29/07/2024,P0006,C00125,North,5.0,7884.39,0.0,39421.95
T100507,23-Jun-2025,P0005,C00054,Central,2.0,8621.09,0.2,13793.74
T106207,08/22/2025,P0006,C00189,North,6.0,7884.39,0.2,"₹37,845.07"
T101964,04/09/2025,P0035,C00157,Central,9.0,8930.77,0.0,80376.93
T106657,02/05/2023,P0032,C00075,,2.0,5656.65,,11313.3
T101534,31/07/2023,P0031,C00044,South,3.0,1566.84,0.05,4465.49
T100325,2024-11-28,P0010,C00157,Central,3.0,8164.43,0.0,24493.29
T106475,2023-06-23,P0022,C00064,North,4.0,3102.81,0.0,12411.24
T102338,2025-02-23,P0034,C00105,West,,10038.95,0.0,20077.9
T107378,2025-01-26,P0030,C00110,East,4.0,6824.34,0.1,24567.62
T106142,27-May-2024,P0020,C00126,West,6.0,4508.3,0.1,24344.82
T106633,12/05/2024,P0020,C00161,West,1.0,4508.3,0.0,4508.3
T102237,2025-09-11,P0011,C00021,central,1.0,8863.25,0.0,8863.25
T106650,08/23/2023,P0016,C00082,East,2.0,2604.21,0.05,4948.0
T104710,03/20/2024,P0022,C00242,East,2.0,3102.81,0.0,6205.62
T105768,11/04/2025,P0012,C00205,North,19.0,14484.04,0.0,275196.76
T108814,06/10/2023,P0007,C00086,West,7.0,14423.4,0.0,100963.8
T106118,21-Feb-2023,P0038,C00119,South,2.0,5836.46,0.15,9921.98
T105417,06-Dec-2024,P0028,C00086,West,8.0,13737.15,0.0,109897.2
T100864,27-Oct-2023,P0014,C00236,East,2.0,,0.0,1000.0
T107536,13-Oct-2023,P0002,C00069,Central,7.0,13910.88,0.2,77900.93
T108346,20-Sep-2023,P0003,C00047,Central,6.0,10949.99,0.0,65699.94
T107778,10-May-2025,P0029,C00034,East,3.0,12773.07,0.05,36403.25
T104872,04/30/2024,P0004,C00008,South,5.0,4999.13,0.05,23745.87
T102815,30-Jul-2025,P0004,C00130,East,2.0,4999.13,0.0,9998.26
T107581,2023-08-10,P0016,C00047,Central,4.0,2604.21,0.0,10416.84
T107597,04-Dec-2024,P0031,C00051,East,3.0,1566.84,0.0,4700.52
T100371,09/11/2023,P0037,C00064,North,5.0,8484.46,0.0,42422.3
T104581,12-Apr-2025,P0034,C00066,West,11.0,10038.95,0.0,110428.45
T104718,21-Jan-2023,P0017,C00031,South,3.0,382.2,0.0,"₹1,146.60"
T103707,21/02/2025,P0026,C00152,North,5.0,13905.57,0.0,69527.85
T102542,04/07/2025,P0007,C00079,South,3.0,14423.4,0.0,43270.2
T107931,26-Dec-2023,P0001,C00064,North,3.0,6017.98,0.0,18053.94
T104862,2023-11-24,P0018,C00130,East,3.0,6437.51,0.0,19312.53
T107116,02/18/2025,P0039,C00240,south,5.0,14579.92,0.0,72899.6
T105614,06/23/2024,P0006,C00184,East,4.0,7884.39,0.0,31537.56
T108921,2025-07-11,P0019,C00010,South,2.0,6013.99,0.0,12027.98
T102364,07/04/2024,P0033,C00234, East,7.0,10082.29,0.0,70576.03
T103213,2024-09-25,P0001,C00220,,4.0,6017.98,0.0,24071.92
T105688,21-Apr-2023,P0013,C00133,East,8.0,9164.46,0.0,73315.68
T101360,2023-06-02,P0001,C00143,South,5.0,6017.98,0.1,27080.91
T100911,03/23/2023,P0008,C00240,South,6.0,499.0,0.0,2994.0
T108240,06/04/2023,P0028,C00005,East,4.0,13737.15,0.0,54948.6
T103720,18/06/2025,P0019,C00114,South,7.0,6013.99,0.0,42097.93
T105382,04/15/2023,P0033,C00196,,2.0,10082.29,0.0,20164.58
T105973,14/12/2024,P0036,C00004,East,8.0,4229.62,0.0,33836.96
T107566,11/21/2023,P0034,C00085,Central,6.0,10038.95,,51198.64
T105388,07/10/2024,P0024,C00144,West,6.0,11884.11,0.0,71304.66
T105944,06-Jul-2023,P0030,C00179,North,4.0,6824.34,0.0,27297.36
T100964,28-Jun-2025,P0007,C00040,North,1.0,14423.4,0.0,14423.4
T104103,2024-01-30,P0028,C00140,West,3.0,13737.15,0.2,32969.16
T101423,14/05/2024,P0028,C00189,North,6.0,13737.15,0.0,82422.9
T100122,2023-08-30,P0020,C00011,East,8.0,4508.3,,32459.76
T100479,09/19/2024,P0034,C00231,north,5.0,10038.95,0.0,50194.75
T100662,07/03/2024,P0001,C00188,North,3.0,6017.98,0.0,18053.94
T103322,2023-03-02,P0006,C00153,Central,1.0,7884.39,0.0,7884.39
T103869,21-Nov-2024,P0017,C00236,East,5.0,382.2,0.0,1911.0
T103400,01-Feb-2023,P0013,C00220,,6.0,9164.46,0.1,49488.08
T106543,23-Jul-2025,P0013,C00160,South,7.0,9164.46,0.05,60943.66
T102988,06-Sep-2024,P0024,C00150,East,2.0,11884.11,0.0,23768.22
T105697,12/11/2025,P0010,C00099,North,7.0,8164.43,0.0,57151.01
T102776,2024-09-09,P0039,C00212,South,6.0,14579.92,0.0,87479.52
T100439,10/16/2023,P0025,C00205,North,5.0,9148.51,0.1,41168.3
T101379,09/19/2023,P0009,C00056,South,-4.0,11247.7,0.05,42741.26
T106682,15/11/2024,P0027,C00132,central,7.0,9818.49,0.0,68729.43
T103538,09/10/2024,P0032,C00038,West,1.0,5656.65,0.2,4525.32
T108976,2023-09-28,P0018,C00199,Central,4.0,6437.51,0.0,25750.04
T106983,28-Feb-2023,P0035,C00055,South,1.0,8930.77,0.15,7591.15
T101443,27-Mar-2024,P0025,C00040,North,6.0,9148.51,0.0,54891.06
T105487,03-Jun-2024,P0027,C00053,West,2.0,9818.49,0.05,18655.13
T108395,2025-09-09,P0039,C00206,North,6.0,14579.92,0.0,87479.52
T101477,2024-07-06,P0034,C00035,Central,7.0,10038.95,0.15,59731.75
T102039,06/13/2024,P0025,C00172,Central,2.0,9148.51,0.0,18297.02
T101173,27-Dec-2023,P0026,C00222,Central,6.0,13905.57,0.0,83433.42
T106586,2025-03-10,P0018,C00016,West,3.0,6437.51,0.0,19312.53
T106114,2024-07-10,P0020,C00010,South,3.0,4508.3,0.0,13524.9
T105192,2024-07-26,P0009,C00137,South,2.0,11247.7,0.0,22495.4
T103787,14-Aug-2023,P0028,C00104,South,2.0,13737.15,0.05,26100.58
T106927,03-Jul-2025,P0017,C00066,West,8.0,382.2,0.0,3057.6
T106729,26-Sep-2023,P0032,C00130,East,1.0,,0.0,5656.65
T102893,2023-01-09,P0015,C00004,East,4.0,4549.66,0.0,18198.64
T102669,23/02/2025,P0026,C00051,East,5.0,13905.57,0.0,69527.85
T108940,28/11/2025,P0032,C00225,SOUTH ,3.0,5656.65,0.2,13575.96
T100279,24-Mar-2024,P0034,C00044,South,,10038.95,0.05,38148.01
T103992,18-Dec-2024,P0024,C00228,South,1.0,11884.11,0.0,11884.11
T105551,24/10/2023,P0023,C00092,SOUTH ,1.0,10713.43,0.0,10713.43
T105197,2023-11-20,P0017,C00245,Central,4.0,382.2,0.0,1528.8
T105384,26-May-2023,P0014,C00151,East,4.0,500.0,0.1,1800.0
T102571,04-Jan-2023,P0026,C00035,Central,2.0,13905.57,0.0,"₹27,811.14"
T105792,12/26/2025,P0003,C00148,North,3.0,10949.99,0.0,32849.97
T101101,24/06/2024,P0032,C00223,Central,7.0,5656.65,,39596.55
T100568,31-Jul-2025,P0008,C00075,,7.0,499.0,0.0,3493.0
T101694,18-Jul-2025,P0024,C00197,South,7.0,11884.11,0.0,83188.77
T103332,18-Apr-2023,P0009,C00160,South,4.0,11247.7,0.05,42741.26
T103939,04/03/2024,P0001,C00010,South,4.0,6017.98,0.0,24071.92
T105824,2024-11-28,P0019,C00126,West,5.0,6013.99,0.0,30069.95
T107886,19-Jul-2024,P0015,C00204,Central,8.0,4549.66,0.0,36397.28
T103337,2025-11-05,P0008,C00046,South,13.0,499.0,0.0,6487.0
T100577,07/19/2025,P0019,C00035,Central,,6013.99,0.0,54125.91
T100059,05-Jul-2025,P0029,C00114,South,7.0,12773.07,0.15,75999.77
T103110,19/01/2024,P0014,C00130,East,2.0,500.0,0.0,1000.0
T100787,08/11/2023,P0029,C00116,Central,4.0,12773.07,0.0,51092.28
T103889,2025-12-30,P0012,C00226,West,3.0,14484.04,,43452.12
T104756,16/11/2023,P0019,C00189,North,8.0,6013.99,0.0,48111.92
T104092,04/18/2025,P0037,C00196,East,2.0,8484.46,0.0,16968.92
T108305,12/08/2023,P0017,C00236,East,1.0,382.2,0.0,382.2
T105861,02/25/2025,P0019,C00004,,1.0,6013.99,0.05,5713.29
T106828,04/07/2023,P0004,C00173,Central,6.0,4999.13,0.0,"₹29,994.78"
T105948,2024-06-16,P0037,C00128,South,2.0,8484.46,0.0,"₹16,968.92"
T104707,04/21/2025,P0031,C00020,North,7.0,1566.84,0.0,10967.88
T106775,02-Mar-2023,P0008,C00050,East,3.0,499.0,0.1,1347.3
T108220,2024-03-17,P0035,C00184,East,3.0,8930.77,0.2,21433.85
T107758,07/28/2024,P0017,C00089,East,3.0,382.2,10.0,1031.94
T103231,11-Apr-2025,P0017,C00077,South,2.0,382.2,0.0,764.4
T107590,11/07/2024,P0014,C00076,,5.0,500.0,0.0,2500.0
T100335,03/07/2025,P0020,C00170,West,6.0,4508.3,0.0,27049.8
T107353,25-Oct-2023,P0006,C00126,West,5.0,7884.39,0.0,39421.95
T106175,2025-03-07,P0031,C00194,East,7.0,1566.84,0.0,10967.88
T106845,2025-04-15,P0015,C00042,Central,4.0,4549.66,0.0,18198.64
T106061,04-Mar-2023,P0030,C00219,West,1.0,6824.34,0.0,6824.34
T100467,01/02/2023,P0019,C00083,South,5.0,6013.99,0.0,30069.95
T100184,08/20/2023,P0007,C00174,Central,4.0,14423.4,0.05,54808.92
T103820,19/11/2024,P0036,C00028,Central,5.0,4229.62,0.0,21148.1
T103885,08/09/2023,P0034,C00076,Central,5.0,10038.95,0.0,50194.75
T100420,05/22/2023,P0024,C00202,,3.0,11884.11,0.0,35652.33
T102350,23/02/2024,P0025,C00013,Central,3.0,9148.51,0.0,27445.53
T100553,07-Oct-2024,P0003,C00024,South,6.0,10949.99,0.0,65699.94
T101397,28-Jan-2025,P0019,C00239,East,5.0,6013.99,0.0,30069.95
T101384,2023-07-02,P0017,C00108,West,4.0,382.2,0.0,1528.8
T103734,12/09/2023,P0012,C00224,Central,3.0,14484.04,0.0,43452.12
T107478,02/15/2023,P0038,C00092,SOUTH ,2.0,5836.46,0.2,9338.34
T101760,2024-09-26,P0021,C00245,Central,-4.0,359.09,0.1,1292.72
T103668,13-Jul-2023,P0021,C00142,Central,1.0,359.09,0.0,359.09
T100297,11/01/2025,P0015,C00107,East,3.0,4549.66,0.0,13648.98
T100443,11-Aug-2025,P0031,C00088,South,-3.0,1566.84,0.05,4465.49
T100777,20/09/2024,P0030,C00146,Central,3.0,6824.34,0.0,20473.02
T101119,01/12/2023,P0018,C00111,North,1.0,6437.51,0.0,6437.51
T106165,12/20/2025,P0004,C00100,East,9.0,4999.13,0.2,35993.74
T105111,2025-10-15,P0011,C00068,north,3.0,8863.25,0.0,26589.75
T103771,01-Jul-2023,P0012,C00072,West,3.0,14484.04,0.0,43452.12
T101921,24-Jul-2024,P0029,C00230,East,2.0,12773.07,0.0,25546.14
T100655,09/14/2025,P0008,C00229,East,8.0,499.0,0.0,3992.0
T106442,15/09/2025,P0026,C00074,East,7.0,13905.57,0.0,97338.99
T102229,2025-05-01,P0025,C00015,South,unknown,9148.51,0.0,36594.04
T105070,2023-08-12,P0017,C00129,Central,3.0,382.2,0.1,1031.94
T102842,28-Sep-2023,P0020,C00150,East,1.0,4508.3,0.0,4508.3
T102537,2024-03-16,P0008,C00187,North,3.0,499.0,0.0,1497.0
T103445,04/11/2023,P0036,C00049,,2.0,4229.62,0.05,8036.28
T106951,12/17/2024,P0004,C00015,South,5.0,4999.13,0.0,24995.65
T108443,07/05/2023,P0019,C00055,South,3.0,6013.99,0.0,18041.97
T102540,2024-01-23,p0033 ,C00035,Central,3.0,10082.29,0.1,27222.18
T104922,10/26/2025,P0025,C00187,North,6.0,9148.51,0.0,54891.06
T105313,04/10/2025,P0001,C00119,South,4.0,6017.98,0.1,21664.73
T102457,2025-03-20,P0027,C00051,East  ,,9818.49,0.0,68729.43
T102578,09-Sep-2024,P0005,C00060,,4.0,8621.09,0.0,34484.36
T108239,16-Apr-2023,P0008,C00227,Central,4.0,499.0,0.0,1996.0
T106067,05-Apr-2024,P0021,C00004,East,1.0,359.09,0.0,359.09
T108047,2025-03-14,P0039,C00035,Central,11.0,14579.92,0.0,160379.12
T102758,11/09/2023,P0037,C00111,North,9.0,8484.46,0.1,68724.13
T106742,10/26/2024,P0019,C00068,north,4.0,6013.99,0.0,24055.96
T104747,2025-11-13,P0020,C00062,South,17.0,4508.3,0.0,76641.1
T100558,08/09/2025,P0037,C00241,South,6.0,8484.46,0.0,50906.76
T100320,30/09/2023,P0029,C00172,Central,4.0,12773.07,0.0,51092.28
T103039,11/12/2023,P0032,C00085,Central,1.0,5656.65,0.15,4808.15
T101371,06/16/2023,P0032,C00084,North,5.0,5656.65,0.0,28283.25
T103296,27-Jul-2024,P0003,C00247,North,4.0,10949.99,0.05,41609.96
T106597,10/02/2023,P0040,C00162,north,2.0,12756.37,0.05,24237.1
T100907,04/12/2024,P0037,C00202,,8.0,8484.46,0.0,67875.68
T108273,22-Mar-2023,P0009,C00169,Central,6.0,11247.7,,57363.27
T101433,28-Dec-2025,P0001,C00115,East,13.0,6017.98,,70410.37
T108706,21/11/2025,P0025,C00188,North,7.0,9148.51,0.0,64039.57
T106664,22-Dec-2023,P0026,C00107,East,3.0,13905.57,0.0,41716.71
T104098,03/16/2024,P0012,C00250,north,7.0,14484.04,0.2,81110.62
T107650,12/13/2025,P0039,C00005,East,3.0,14579.92,0.0,43739.76
T105026,23-Dec-2023,P0018,C00170,West,6.0,6437.51,0.0,38625.06
T103159,08-Apr-2024,P0012,C00011,East,12.0,14484.04,0.0,173808.48
T107838,06/10/2023,P0034,C00042,Central,3.0,10038.95,0.0,30116.85
T100926,03/18/2024,P0026,C00250,north,6.0,13905.57,0.0,83433.42
T107462,11/06/2023,P0030,C00103,West,1.0,6824.34,,6824.34
T102470,06/03/2024,P0017,C00199,Central  ,5.0,382.2,0.0,1911.0
T100015,2023-12-07,P0010,C00060,,4.0,8164.43,0.0,32657.72
T100143,01/21/2023,P0022,C00003,North,4.0,3102.81,0.15,"₹10,549.55"
T107520,05/24/2025,P0037,C00043,West,4.0,8484.46,0.0,33937.84
T102363,2025-05-29,P0024,C00107,East,4.0,11884.11,0.0,47536.44
T105389,23/12/2024,P0032,C00213,South,3.0,5656.65,0.1,15272.95
T107168,07/10/2023,P0019,C00005,East,4.0,6013.99,0.0,24055.96
T101161,03/10/2025,P0027,C00195,East,13.0,9818.49,0.0,127640.37
T104836,2025-09-01,P0009,C00076,Central,2.0,11247.7,0.0,22495.4
T104326,03/14/2024,P0004,C00021,Central,4.0,4999.13,0.0,19996.52
T106545,13-Jun-2024,P0038,C00242,East,7.0,5836.46,0.0,40855.22
T104914,2024-12-13,P0020,C00129,Central,8.0,4508.3,0.0,36066.4
T101204,11/08/2025,P0014,C00079,South,7.0,500.0,0.0,3500.0
T103381,01-Feb-2023,P0006,C00140,West,3.0,7884.39,0.0,23653.17
T101362,18-May-2025,P0023,C00091,Central,9.0,10713.43,0.0,96420.87
T105763,2024-10-25,P0002,C00059,North,3.0,13910.88,0.0,41732.64
T101212,05/05/2023,P0030,C00170,West,1.0,6824.34,0.0,6824.34
T101876,2024-04-03,P0009,C00026,North,5.0,11247.7,0.0,56238.5
T107697,17-Nov-2024,P0024,C00089,East,7.0,11884.11,0.15,70710.45
T103746,06/07/2024,P0026,C00084,North,4.0,13905.57,0.0,55622.28
T104392,09/12/2023,P0026,C00216,South,7.0,,0.0,97338.99
T108740,23/10/2023,P0030,C00014,Central,5.0,6824.34,0.0,34121.7
T105062,17-May-2024,P0034,C00034,East,2.0,10038.95,0.05,19074.0
T104417,10/09/2023,P0021,C00245,Central,5.0,359.09,0.1,1615.9
T101170,16-Nov-2024,P0040,C00127,SOUTH ,3.0,12756.37,0.2,30615.29
T100579,24-Dec-2024,P0006,C00088,South,10.0,7884.39,0.0,78843.9
T102182,2025-10-26,P0014,C00184,East,5.0,500.0,0.1,2250.0
T107928,10/19/2024,P0028,C00086,West,7.0,13737.15,0.15,81736.04
T103441,08/08/2024,P0030,C00091,Central,5.0,6824.34,0.0,34121.7
T104058,19/09/2023,P0007,C00244,South,3.0,14423.4,0.1,38943.18
T101833,06/21/2025,P0003,C00127,SOUTH ,3.0,10949.99,0.05,31207.47
T106897,19-Jun-2025,P0013,C00149,North,3.0,9164.46,0.2,21994.7
T101825,14/07/2023,P0024,C00174,Central,3.0,11884.11,0.0,35652.33
T106946,22/01/2025,P0024,C00126,West,4.0,11884.11,0.1,42782.8
T106626,2025-09-28,P0002,C00106,West,2.0,13910.88,0.0,27821.76
T101859,27/11/2023,P0026,C00006,East,4.0,13905.57,0.1,50060.05
T103909,2025-09-24,P0006,C00095,Central,4.0,7884.39,0.0,31537.56
T104604,28-Dec-2025,P0001,C00017, East,5.0,6017.98,0.0,30089.9
T102685,19/07/2024,P0040,C00202,,2.0,12756.37,0.0,25512.74
T105987,01/18/2024,P0001,C00193,East,1.0,6017.98,0.0,6017.98
T105876,19-Nov-2023,P0011,C00178,West,4.0,8863.25,0.0,35453.0
T105554,13/01/2024,P0034,C00066,West,1.0,10038.95,0.1,9035.06
T103121,01/11/2023,P0005,C00047,Central,3.0,8621.09,0.0,25863.27
T100387,02-Oct-2024,P0007,C00076,Central,6.0,14423.4,0.15,73559.34
T106417,18-Sep-2024,P0010,C00235,East,4.0,8164.43,0.0,32657.72
T101032,2023-05-21,P0023,C00152,North,6.0,10713.43,0.0,64280.58
T106474,19-Jun-2023,P0004,C00140,West,3.0,4999.13,0.0,14997.39
T102488,22-Dec-2025,P0008,C00169,Central,20.0,499.0,0.1,8982.0
T102286,11-Jun-2025,P0020,C00100,East,3.0,4508.3,0.0,13524.9
T103187,07/12/2024,P0037,C00111,North,4.0,8484.46,0.05,"₹32,240.95"
T102629,25-Apr-2025,P0020,C00166,Central,4.0,4508.3,0.1,16229.88
T103984,24-Jan-2024,P0003,C00106,West,4.0,10949.99,0.0,43799.96
T105015,11/12/2023,P0037,C00080,North,4.0,8484.46,0.15,28847.16
T103058,07/10/2023,P0033,C00147,North,3.0,10082.29,0.0,30246.87
T107699,2024-12-15,P0010,C00072,West,13.0,8164.43,0.05,100830.71
T100931,20/12/2024,P0018,C00210,North,10.0,6437.51,0.0,64375.1
T104056,25-Apr-2025,P0034,C00021,Central,6.0,10038.95,0.0,60233.7
T100691,05/12/2023,P0010,C00173,Central,3.0,8164.43,0.0,24493.29
T104367,28/12/2023,P0012,C00142,Central,1.0,14484.04,0.05,13759.84
T101891,2024-12-09,P0012,C00091,Central,15.0,14484.04,0.0,217260.6
T102268,26/07/2024,P0026,C00066,West,2.0,13905.57,0.1,"₹25,030.03"
T106130,2025-02-23,P0026,C00227,Central,6.0,13905.57,0.0,83433.42
T100829,2023-05-05,P0007,C00239,East,7.0,14423.4,0.0,"₹100,963.80"
T104567,2023-12-17,P0031,C00017, East,3.0,1566.84,0.0,4700.52
T107985,22-May-2025,P0036,C00116,Central,3.0,4229.62,0.05,12054.42
T106608,11/06/2025,P0004,C00189,North,3.0,4999.13,0.0,14997.39
T108607,2023-11-25,P0019,C00095,Central,1.0,6013.99,0.0,6013.99
T100044,03/03/2025,P0033,C00204,,4.0,10082.29,0.05,38312.7
T103101,28-Nov-2024,P0015,C00242,East,7.0,4549.66,0.0,31847.62
T104333,19-Oct-2023,P0009,C00075,,4.0,11247.7,0.1,40491.72
T103012,05/14/2023,P0024,C00055,South,7.0,11884.11,0.1,3743494.5
T104217,2023-06-04,P0037,C00232,West,3.0,8484.46,0.0,25453.38
T108943,12/04/2024,P0002,C00153,Central,2.0,13910.88,,27821.76
T100223,21/02/2025,p0015 ,C00143,South,4.0,4549.66,0.05,17288.71
T102965,2023-10-21,P0011,C00092,SOUTH ,2.0,8863.25,20.0,14181.2
T101187,03/01/2023,P0035,C00080,North,2.0,8930.77,0.0,17861.54
T106234,2024-02-12,P0001,C00053,West,2.0,6017.98,0.1,10832.36
T100837,04-May-2023,P0002,C00227,Central,4.0,13910.88,0.0,"₹55,643.52"
T104048,2024-11-18,P0036,C00152,North,7.0,4229.62,0.0,29607.34
T101683,2023-05-17,P0021,C00244,South,5.0,359.09,0.0,1795.45
T107500,10/23/2023,P0028,C00037,South,5.0,13737.15,0.0,68685.75
T103059,09/12/2024,P0008,C00056,South,3.0,499.0,0.0,1497.0
T103382,2023-10-14,P0022,C00192,Central,9.0,3102.81,0.0,27925.29
T107974,07/04/2023,P0011,C00103,West,5.0,8863.25,0.0,44316.25
T107120,06/07/2024,P0007,C00208,Central,4.0,14423.4,0.0,57693.6
T100063,2025-11-01,P0001,C00242,East,9.0,6017.98,0.15,46037.55
T103092,09/03/2025,P0031,C00237,Central,7.0,1566.84,0.0,10967.88
T100617,02/12/2024,P0010,C00075,,10.0,8164.43,,81644.3
T107843,2025-05-14,P0017,C00216,,4.0,382.2,0.0,1528.8
T106521,01/08/2025,P0024,C00228,South,1.0,11884.11,0.0,11884.11
T100227,02-May-2024,P0018,C00170,West,1.0,6437.51,0.0,6437.51
T105609,16/04/2023,P0027,C00046,South,3.0,9818.49,0.0,29455.47
T107388,03/04/2023,P0034,C00217,North,4.0,10038.95,0.0,40155.8
T107230,03/24/2024,P0018,C00084,North,3.0,6437.51,0.0,19312.53
T106291,2025-10-30,P0030,C00097,West,,6824.34,0.0,40946.04
T103195,2023-03-20,P0021,C00218,Central,3.0,359.09,0.0,1077.27
T107444,2024-04-19,P0037,C00164,North,3.0,8484.46,0.05,24180.71
T108966,14-Mar-2024,P0027,C00103,West,3.0,9818.49,,25037.15
T104237,02-Jul-2024,P0003,C00071, East,4.0,10949.99,0.0,43799.96
T100969,25/12/2025,P0030,C00041,East,7.0,6824.34,0.0,47770.38
T101805,29/11/2025,P0021,C00179,North,5.0,359.09,0.1,1615.9
T102447,17/02/2023,P0014,C00167,East,1.0,500.0,,500.0
T100925,27/05/2023,P0031,C00067,,3.0,1566.84,0.0,4700.52
T106519,22/11/2025,P0021,C00083,South,5.0,359.09,0.0,1795.45
T107103,2024-12-30,P0025,C00089,East,13.0,9148.51,0.0,118930.63
T108551,2025-06-10,P0014,C00130,East,3.0,500.0,0.0,1500.0
T107145,10/04/2024,P0008,C00061,West,6.0,499.0,0.0,2994.0
T104641,27/11/2024,P0012,C00208,Central,5.0,14484.04,0.0,72420.2
T102851,09/06/2025,P0003,C00057,East,3.0,10949.99,0.0,32849.97
T104140,09/14/2025,P0015,C00008,South,2.0,4549.66,,9099.32
T104271,2025-04-05,P0018,C00091,Central,2.0,6437.51,0.0,12875.02
T101860,11-Jun-2025,P0001,C00197,South,8.0,6017.98,0.0,48143.84
T106227,16/04/2023,P0014,C00156,South,2.0,500.0,0.0,1000.0
T107959,22-Apr-2024,P0030,C00098,East,7.0,6824.34,0.0,"₹47,770.38"
T106438,2025-11-16,P0030,C00225,SOUTH ,,6824.34,0.0,88716.42
T107740,01/15/2025,P0031,C00219,West,1.0,1566.84,0.0,1566.84
T104247,13-Aug-2023,P0025,C00181,South,1.0,9148.51,0.0,9148.51
T100252,2024-10-23,P0037,C00012,East,1.0,8484.46,0.0,8484.46
T103995,06/11/2025,P0026,C00142,Central,1.0,13905.57,0.1,12515.01
T106512,07/04/2025,P0019,C00042,Central,3.0,6013.99,0.0,18041.97
T101789,08/08/2023,P0039,C00198,West,7.0,14579.92,0.0,102059.44
T106919,25/11/2024,P0022,C00035,Central,5.0,3102.81,0.15,13186.94
T102059,07/11/2025,P0004,C00041,East,,4999.13,0.05,33244.21
T105265,23/03/2024,P0009,C00097,West,4.0,11247.7,0.0,44990.8
T103047,28-Sep-2025,P0008,C00112,South,7.0,499.0,0.0,3493.0
T103703,24/07/2025,P0013,C00020,North,6.0,9164.46,0.05,52237.42
T107604,27/09/2023,P0033,C00056,South,4.0,10082.29,0.0,40329.16
T101902,2025-12-07,P0018,C00069,Central,7.0,6437.51,0.0,45062.57
T102750,01/11/2023,P0002,C00226,West,1.0,13910.88,0.05,13215.34
T103334,01-Oct-2025,P0036,C00154,West,3.0,4229.62,0.0,12688.86
T102119,06/05/2025,P0014,C00021,Central,2.0,500.0,0.0,1000.0
T107417,2024-02-14,P0034,C00022,North,1.0,10038.95,0.0,10038.95
T105785,2025-12-17,P0018,C00043,West,1.0,6437.51,0.0,6437.51
T107246,02-Sep-2023,P0012,C00215,East,6.0,14484.04,0.1,78213.82
T102689,07/12/2023,P0037,C00228,South,3.0,8484.46,0.1,22908.04
T105993,09/25/2023,P0035,C00093,North,6.0,8930.77,0.0,53584.62
T104379,12/01/2023,P0027,C00210,North,4.0,9818.49,0.0,39273.96
T101923,27-Sep-2025,P0005,C00111,North,6.0,8621.09,0.0,51726.54
T105711,2024-10-25,P0022,C00090,SOUTH ,3.0,3102.81,0.0,"₹9,308.43"
T100075,24-Oct-2024,P0009,C00062,South,6.0,11247.7,0.1,60737.58
T102345,2023-01-19,P0024,C00161,West,2.0,11884.11,0.05,22579.81
T102351,02-May-2023,P0013,C00135,North,,9164.46,0.05,8706.24
T106713,2023-09-16,P0029,C00065, East,3.0,12773.07,,38319.21
T100430,02/29/2024,P0036,C00032,North,1.0,4229.62,0.0,4229.62
T105129,12/02/2024,P0031,C00248,North,6.0,1566.84,0.0,9401.04
T108870,07/23/2025,P0009,C00186,North,2.0,11247.7,,22495.4
T104041,19/06/2024,P0024,C00086,West,5.0,11884.11,0.0,59420.55
T105627,02/01/2025,P0030,C00136,South,2.0,6824.34,0.0,13648.68
T101010,14-Feb-2025,P0016,C00018,Central,1.0,2604.21,0.0,2604.21
T106703,12/11/2024,P0037,C00106,West,10.0,8484.46,0.0,84844.6
T105057,2024-01-11,P0001,C00040,North,4.0,6017.98,0.0,24071.92
T106712,2025-01-03,P0007,C00012,East,5.0,14423.4,0.0,72117.0
T106835,12/10/2023,P0031,C00032,North,9.0,1566.84,0.0,14101.56
T106973,2023-10-25,P0004,C00207,Central,2.0,4999.13,0.0,9998.26
T106571,09/28/2023,P0006,C00038,West,3.0,7884.39,0.05,22470.51
T100240,07/31/2025,P0019,C00028,Central,2.0,6013.99,0.1,10825.18
T100783,08/23/2023,P0032,C00212,South,3.0,5656.65,0.1,15272.95
T101354,03-Sep-2025,P0003,C00063,North,4.0,10949.99,0.0,43799.96
T103066,2023-03-20,P0015,C00121,East,7.0,4549.66,0.0,31847.62
T104701,22-Nov-2023,P0022,C00097,West,8.0,3102.81,0.0,24822.48
T100977,2023-04-21,P0009,C00212,South,7.0,11247.7,0.0,78733.9
T100809,07/12/2024,P0004,C00174,Central,2.0,4999.13,0.2,7998.61
T102168,09/05/2024,P0003,C00220,,2.0,10949.99,0.2,17519.98
T105729,24-Jan-2024,P0037,C00140,West,,8484.46,0.2,20362.7
T108635,14/05/2023,P0019,C00109,North,3.0,6013.99,0.0,18041.97
T101599,10/04/2025,P0015,C00158,East,6.0,,0.1,24568.16
T102941,04-Feb-2023,P0027,C00203,West,6.0,9818.49,0.1,53019.85
T105344,25/10/2024,P0035,C00019,Central,12.0,8930.77,0.05,101810.78
T104936,11-Jan-2024,P0029,C00237,Central,3.0,12773.07,0.0,38319.21
T106079,14-Oct-2024,P0006,C00166,Central,9.0,7884.39,0.0,70959.51
T100684,03/30/2025,P0018,C00150,East,8.0,6437.51,0.0,51500.08
T105225,26-Oct-2025,P0033,C00152,North,10.0,10082.29,0.0,100822.9
T106280,05-Aug-2024,P0005,C00074,East,3.0,8621.09,0.0,25863.27
T101620,21/02/2023,P0005,C00053,West,3.0,8621.09,0.0,"₹25,863.27"
T107322,2024-06-16,P0037,C00025,South,,8484.46,0.0,67875.68
T101482,01/02/2024,P0018,C00248,North,4.0,6437.51,0.0,25750.04
T102146,03-Dec-2025,P0015,C00097,West,9.0,4549.66,0.05,38899.59
T101801,23/02/2023,P0038,C00024,South,3.0,5836.46,0.05,16633.91
T102095,2023-11-04,P0040,C00213,South,6.0,12756.37,0.0,76538.22
T105274,08/29/2025,P0020,C00242,east,3.0,4508.3,0.0,13524.9
T104322,21/10/2025,P0028,C00117,West,8.0,13737.15,0.0,109897.2
T101357,2024-05-19,P0013,C00168,North,4.0,,0.2,29326.27
T106642,14/07/2023,P0033,C00207,Central,3.0,10082.29,0.1,"₹27,222.18"
T104990,10/12/2025,P0033,C00227,Central,6.0,10082.29,0.0,60493.74
T104121,23-Mar-2023,P0015,C00142,Central,3.0,4549.66,0.0,13648.98
T108076,20/07/2025,P0040,C00182,North,7.0,12756.37,0.0,89294.59
T103794,10/08/2024,P0002,C00242,East,6.0,13910.88,0.1,75118.75
T108289,26/09/2023,P0036,C00106,West,3.0,4229.62,0.1,11419.97
T104042,01/06/2023,P0002,C00216,South,6.0,13910.88,0.1,75118.75
T105215,19-Apr-2024,P0014,C00042,Central,2.0,500.0,0.0,1000.0
T101609,30-Oct-2023,P0003,C00172,Central,5.0,10949.99,0.1,49274.96
T103861,2023-11-21,P0005,C00084,North,,8621.09,0.0,51726.54
T100494,23/08/2024,P0006,C00142,Central,2.0,7884.39,0.05,14980.34
T103887,19-Sep-2023,P0012,C00157,Central,3.0,14484.04,0.0,43452.12
T103319,08/07/2023,P0017,C00229,East,4.0,382.2,0.0,1528.8
T103826,22/04/2024,P0034,C00104,South,2.0,10038.95,0.0,20077.9
T102017,11/04/2023,P0015,C00143,South,7.0,4549.66,0.0,31847.62
T104961,2025-02-16,P0036,C00033,North,3.0,4229.62,0.0,12688.86
T102328,2024-07-23,P0035,C00190,North,2.0,8930.77,0.0,17861.54
T100029,2024-07-14,P0021,C00171,East,6.0,359.09,0.0,2154.54
T107600,07/05/2025,P0009,C00220,,1.0,11247.7,0.0,11247.7
T105324,09/20/2025,P0024,C00077,South,6.0,11884.11,0.0,71304.66
T108937,29-Oct-2023,P0040,C00110,East,4.0,12756.37,0.0,51025.48
T103118,2025-08-02,P0019,C00026,North,4.0,6013.99,0.05,22853.16
T101092,07/11/2024,P0011,C00106,West,8.0,8863.25,0.0,70906.0
T103246,2023-10-11,P0004,C00054,Central,4.0,4999.13,0.0,19996.52
T100124,04/12/2023,P0025,C00128,South,9.0,9148.51,0.1,74102.93
T106562,16-Nov-2023,P0034,C00174,Central,6.0,10038.95,0.0,60233.7
T108141,21-Aug-2023,P0025,C00235,East,4.0,9148.51,0.0,36594.04
T104375,2024-01-25,P0005,C00067,,5.0,8621.09,0.0,43105.45
T106141,05/06/2024,P0005,C00151,East,3.0,8621.09,0.0,"₹25,863.27"
T108967,12-Jan-2025,P0008,C00108,West,2.0,499.0,0.15,848.3
T102298,21-Apr-2023,P0017,C00244,South,3.0,382.2,0.0,1146.6
T106393,06/06/2025,P0009,C00079,South,4.0,,0.0,44990.8
T101553,30/09/2024,P0006,C00192,Central,6.0,7884.39,0.0,47306.34
T108343,16-Jan-2023,P0003,C00020,North,3.0,10949.99,0.2,26279.98
T103341,02-Jan-2023,P0040,C00006,East,1.0,12756.37,0.1,11480.73
T100598,23-May-2023,P0005,C00118,Central,8.0,8621.09,0.15,58623.41
T102123,01/07/2025,P0006,C00077,South,7.0,7884.39,0.05,52431.19
T107622,31-Jan-2025,P0021,C00073,South,7.0,359.09,0.2,2010.9
T101416,11/09/2023,P0012,C00092,SOUTH ,6.0,14484.04,0.05,82559.03
T106497,24-Jun-2024,P0018,C00178,West,1.0,6437.51,0.0,6437.51
T104844,09/26/2025,P0033,C00148,North,9.0,10082.29,0.0,90740.61
T105856,11-Oct-2025,P0007,C00058,East,6.0,14423.4,0.1,77886.36
T105173,17/08/2024,P0035,C00163,,5.0,8930.77,0.0,44653.85
T105816,2025-04-17,P0016,C00052,East,6.0,2604.21,0.0,15625.26
T108106,08/13/2025,P0037,C00045,West,4.0,8484.46,0.0,33937.84
T107207,2023-01-05,P0019,C00028,Central,1.0,6013.99,0.05,5713.29
T102197,31/08/2024,P0019,C00174,Central,2.0,6013.99,0.05,11426.58
T104993,04-May-2025,P0009,C00008,South,4.0,11247.7,0.0,"₹44,990.80"
T103362,04-Mar-2025,P0038,C00142,Central,1.0,5836.46,0.15,4960.99
T105652,2025-07-30,P0038,C00003,North,3.0,5836.46,0.0,17509.38
T104817,08/03/2023,P0001,C00224,Central,4.0,6017.98,0.0,24071.92
T100725,04-Dec-2024,P0011,C00016,West,8.0,8863.25,0.0,70906.0
T107153,02/27/2024,P0005,C00114,South,7.0,8621.09,0.0,60347.63
T100978,05/22/2024,P0006,C00072,West,2.0,7884.39,0.1,14191.9
T100808,12/04/2025,P0002,C00250,north,8.0,13910.88,0.2,89029.63
T104076,07-May-2024,P0040,C00229,East,4.0,12756.37,0.0,51025.48
T106880,2023-07-23,P0030,C00077,South,3.0,6824.34,,20473.02
T100958,30/06/2024,P0009,C00010,South,3.0,11247.7,0.0,33743.1
T103662,05-Nov-2023,P0034,C00107,East,6.0,10038.95,0.1,54210.33
T105318,2023-03-12,P0035,C00246,South,5.0,8930.77,0.0,44653.85
T104787,18/10/2025,P0004,C00033,North,3.0,4999.13,0.05,14247.52
T100810,02/07/2025,P0002,C00211,West,4.0,13910.88,0.0,55643.52
T108229,07/23/2025,P0029,C00161,West,4.0,12773.07,0.0,"₹51,092.28"
T100834,02-May-2023,P0016,C00211,West,5.0,2604.21,0.0,13021.05
T104353,2025-12-18,P0018,C00134,East,7.0,6437.51,0.0,45062.57
T102423,17/03/2023,P0005,C00121,East,9.0,8621.09,0.1,69830.83
T108915,30/06/2025,P0029,C00022,North,8.0,12773.07,0.1,91966.1
T104383,2024-12-20,P0038,C00093,North,10.0,5836.46,0.05,55446.37
T101235,19/06/2023,P0029,C00199,Central,,12773.07,0.0,38319.21
T101225,15-Aug-2024,P0039,C00087,,1.0,14579.92,0.0,14579.92
T106567,26/01/2024,P0016,C00203,West,4.0,2604.21,0.0,10416.84
T106847,09/11/2023,P0023,C00009,Central,9.0,10713.43,0.05,"₹91,599.83"
T108401,01/08/2025,P0036,C00064,North,4.0,4229.62,0.0,16918.48
T103827,2025-09-30,P0024,C00230,East,-4.0,11884.11,0.0,47536.44
T107360,05/11/2023,P0026,C00021,Central,6.0,,0.0,83433.42
T103217,17/03/2024,P0011,C00112,South,4.0,8863.25,0.05,33680.35
T106145,2023-10-12,P0017,C00003,North,7.0,382.2,0.0,2675.4
T100287,25-Jul-2025,P0034,C00086,West,3.0,10038.95,0.0,30116.85
T105934,03-Jan-2025,P0029,C00196,East,3.0,12773.07,0.0,38319.21
T102966,2025-10-16,P0019,C00211,West,5.0,6013.99,0.0,30069.95
T103164,28-Jul-2024,P0039,C00126,West,2.0,14579.92,0.0,29159.84
T108799,17-Jun-2024,P0035,C00216,South,5.0,8930.77,0.2,35723.08
T105470,13-Nov-2023,P0038,C00144,West,8.0,5836.46,0.0,46691.68
T108738,2025-11-26,P0006,C00027,,,7884.39,0.0,7884.39
T101657,07/10/2024,P0014,C00105,West,1.0,500.0,0.05,475.0
T101975,2023-07-31,P0009,C00206,North,5.0,11247.7,0.0,56238.5
T102397,11/09/2024,P0030,C00049,East,1.0,6824.34,0.0,6824.34
T100452,05/02/2025,P0040,C00120,West,4.0,12756.37,0.0,51025.48
T108909,29/01/2024,P0013,C00067,,1.0,9164.46,0.0,9164.46
T105858,13/01/2023,P0037,C00134,East,5.0,8484.46,0.0,42422.3
T108687,05/23/2025,P0011,C00028,Central,4.0,8863.25,0.1,31907.7
T103979,01/28/2024,P0003,C00097,West,4.0,10949.99,0.0,43799.96
T102619,11/07/2025,P0017,C00112,South,3.0,382.2,0.0,1146.6
T100422,11/10/2023,P0012,C00027,,9.0,14484.04,0.0,"₹130,356.36"
T104989,2025-02-18,P0014,C00237,Central,6.0,500.0,0.0,3000.0
T101220,08/01/2023,P0015,C00001,West,1.0,4549.66,0.0,4549.66
T102929,2024-08-28,P0006,C00012,East,6.0,7884.39,0.0,47306.34
T100657,25/11/2024,P0009,C00223,Central,3.0,11247.7,0.0,33743.1
T103301,02/29/2024,P0007,C00246,South,2.0,14423.4,0.15,24519.78
T104812,04/28/2025,P0011,C00170,West,2.0,,0.0,17726.5
T102845,01-Oct-2023,P0024,C00244,South,8.0,11884.11,0.1,85565.59
T103023,02/12/2024,P0033,C00152,North,5.0,10082.29,0.0,50411.45
T106173,02/24/2023,P0021,C00119,,4.0,359.09,0.0,1436.36
T108786,22-Jul-2024,P0015,C00045,West,5.0,4549.66,0.0,22748.3
T101001,10/08/2025,P0038,C00160,South,3.0,5836.46,0.0,17509.38
T100102,12/22/2025,P0002,C00089,East,7.0,13910.88,0.0,97376.16
T102418,01/28/2025,P0039,C00045,West,5.0,14579.92,0.0,72899.6
T106160,2023-02-10,P0004,C00173,Central,5.0,4999.13,0.1,22496.09
T104355,09-May-2024,P0031,C00173,Central,4.0,1566.84,0.0,6267.36
T106333,30/03/2025,P0028,C00006,East,7.0,13737.15,0.0,96160.05
T106965,2024-02-17,P0028,C00139,South  ,1.0,13737.15,0.1,12363.44
T101580,11/01/2025,P0007,C00040,North,5.0,14423.4,0.1,64905.3
T104123,2023-08-13,P0035,C00118,Central,5.0,8930.77,0.0,44653.85
T102248,27/02/2025,P0032,C00043,West,1.0,5656.65,0.0,5656.65
T102206,2024-01-02,P0005,C00213,South,3.0,8621.09,0.0,25863.27
T100170,03-Aug-2024,P0013,C00059,North,3.0,9164.46,0.0,27493.38
T107431,04/07/2025,P0023,C00219,West,2.0,10713.43,0.0,21426.86
T100135,07/02/2023,P0037,C00123,North,2.0,8484.46,0.0,16968.92
T100757,2024-09-30,P0003,C00112,South,5.0,10949.99,0.0,54749.95
T105654,28-Jul-2025,P0037,C00061,West,7.0,8484.46,0.0,59391.22
T101310,17/10/2023,P0013,C00180,Central,5.0,9164.46,0.2,36657.84
T101217,18/07/2025,P0007,C00019,Central,3.0,14423.4,0.0,43270.2
T102284,06/09/2025,P0034,C00147,North,4.0,10038.95,0.2,32124.64
T105531,2024-10-27,P0039,C00217,North,9.0,14579.92,0.0,131219.28
T102905,01/12/2023,P0022,C00159,North,5.0,3102.81,0.05,14738.35
T104368,2025-07-17,P0021,C00080,North,4.0,359.09,0.0,1436.36
T103715,12-Jul-2025,P0010,C00239,East,4.0,8164.43,0.05,31024.83
T105739,07/05/2025,P0038,C00180,Central,8.0,5836.46,0.0,46691.68
T101935,05-Mar-2024,P0012,C00084,North,6.0,14484.04,0.0,86904.24
T103795,28-Dec-2025,P0025,C00107,East,9.0,9148.51,0.1,74102.93
T101743,01-Jun-2024,P0002,C00217,North,5.0,13910.88,0.0,69554.4
T106902,29-Mar-2025,P0006,C00068,north,6.0,7884.39,0.0,47306.34
T100807,25/02/2024,P0009,C00111,North,2.0,11247.7,,22495.4
T102045,28-Apr-2025,P0014,C00076,Central,7.0,500.0,0.0,3500.0
T105677,18-Feb-2023,P0015,C00049,East,2.0,4549.66,0.0,9099.32
T100462,24-Jul-2024,P0004,C00029,East,5.0,4999.13,0.15,21246.3
T102927,07/10/2025,P0003,C00143,South,6.0,10949.99,0.0,65699.94
T101956,10/23/2023,P0010,C00096,Central,2.0,,,15512.42
T102445,2025-11-14,P0039,C00023,West,7.0,14579.92,0.0,102059.44
T106646,13-Dec-2024,P0019,C00195,East,8.0,6013.99,0.0,48111.92
T104832,2025-05-05,P0031,C00248,North,3.0,1566.84,0.2,3760.42
T105065,08/07/2024,P0033,C00027,,5.0,10082.29,0.05,47890.88
T103235,2025-05-27,P0007,C00055,South,2.0,14423.4,0.0,28846.8
T100799,2023-01-23,P0029,C00123,North,2.0,12773.07,0.0,"₹25,546.14"
T102402,08/30/2024,P0002,C00085,Central,8.0,13910.88,0.0,111287.04
T107394,05/09/2024,P0015,C00121,East,4.0,,0.2,14558.91
T101073,02/14/2025,P0015,C00068,north,4.0,4549.66,0.0,18198.64
T104541,28/01/2025,P0020,C00247,North,3.0,4508.3,0.0,13524.9
T105407,03/11/2024,P0014,C00116,Central,8.0,500.0,0.0,4000.0
T100144,07/07/2024,P0011,C00128,South,10.0,8863.25,0.1,79769.25
T108362,09/10/2024,P0038,C00030,,5.0,5836.46,0.0,29182.3
T101340,2024-05-18,P0005,C00078,West,3.0,8621.09,0.0,25863.27
T104731,23-Mar-2025,P0038,C00239,East,11.0,5836.46,0.0,64201.06
T107316,2023-04-29,P0040,C00210,North,7.0,12756.37,0.0,89294.59
T102091,2024-01-22,P0010,C00100,East,5.0,8164.43,0.0,40822.15
T108481,04-Dec-2025,P0025,C00040,North,7.0,9148.51,0.05,60837.59
T105552,08/07/2025,P0037,C00226,West,7.0,8484.46,0.2,47512.98
T105937,08/16/2025,P0035,C00244,South,8.0,8930.77,0.0,71446.16
T105603,07/24/2023,P0035,C00198,West,5.0,8930.77,0.1,40188.47
T105968,14-Aug-2023,P0020,C00035,Central,4.0,4508.3,0.0,18033.2
T106108,12/18/2025,P0011,C00152,North,5.0,8863.25,0.1,39884.62
T104999,31-Jan-2024,P0004,C00184,East,5.0,4999.13,0.15,21246.3
T107926,2024-10-01,P0030,C00229,East,10.0,6824.34,0.0,68243.4
T105641,15-Aug-2025,P0004,C00076,Central,1.0,4999.13,0.0,4999.13
T101003,2024-02-12,P0017,C00238,West,2.0,382.2,0.0,764.4
T104474,11/24/2023,P0001,C00123,North,8.0,6017.98,0.15,40922.26
T106323,09/14/2024,P0026,C00184,East,5.0,13905.57,0.0,69527.85
T108032,08-Jun-2024,P0037,C00149,North,3.0,8484.46,0.05,24180.71
T104464,12/09/2023,P0003,C00093,North,6.0,10949.99,0.0,65699.94
T103470,2023-09-30,P0017,C00187,North,6.0,382.2,0.05,2178.54
T104374,07/09/2025,P0006,C00248,North,4.0,7884.39,0.0,31537.56
T100555,2025-07-31,P0036,C00225,SOUTH ,7.0,4229.62,0.0,29607.34
T108117,12/08/2025,P0025,C00087,,3.0,9148.51,0.0,27445.53
T108188,02-Sep-2025,P0017,C00027,,3.0,382.2,0.0,1146.6
T108327,10-Sep-2023,P0018,C00158,East,3.0,6437.51,0.0,19312.53
T101485,14/03/2023,P0039,C00179,North,1.0,14579.92,0.1,13121.93
T107187,2024-05-06,P0021,C00228,South,1.0,359.09,0.0,359.09
T101272,01/02/2025,P0009,C00139,South,3.0,11247.7,0.15,28681.64
T104886,30/03/2024,P0027,C00250,north,3.0,9818.49,0.0,29455.47
T101411,09-Jun-2025,P0014,C00241,South,3.0,500.0,0.0,1500.0
T108532,2025-11-10,P0007,C00047,Central,5.0,14423.4,0.0,72117.0
T100753,03/06/2024,P0023,C00122,West,3.0,10713.43,0.05,30533.28
T101471,01/22/2023,P0010,C00099,North,3.0,8164.43,0.0,24493.29
T108418,20/08/2025,P0040,C00184,East,2.0,12756.37,0.0,25512.74
T107857,21-Dec-2025,P0027,C00122,West,3.0,9818.49,0.05,27982.7
T104527,20/03/2023,P0024,C00129,,1.0,11884.11,0.0,11884.11
T106628,2023-11-03,P0008,C00184,East,9.0,499.0,0.1,4041.9
T105945,14-Sep-2024,P0013,C00116,Central,3.0,9164.46,0.0,27493.38
T103076,04/06/2024,P0024,C00105,West,4.0,11884.11,0.1,"₹42,782.80"
T106671,2023-05-07,P0003,C00074,East,3.0,10949.99,0.15,27922.47
T108075,03/04/2025,P0032,C00181,South,4.0,5656.65,0.05,21495.27
T103288,2025-04-19,P0019,C00127,SOUTH ,3.0,6013.99,0.0,18041.97
T107435,03-Sep-2023,P0039,C00229,East,1.0,14579.92,0.0,14579.92
T104235,16-May-2024,P0015,C00126,West,3.0,4549.66,0.0,13648.98
T100981,31-Aug-2025,P0014,C00031,South,1.0,500.0,0.0,500.0
T108354,16-Jan-2023,P0029,C00061,West,2.0,12773.07,0.0,25546.14
T104220,2025-02-14,P0009,C00200,North,7.0,11247.7,0.0,78733.9
T102722,01/21/2025,P0036,C00022,North,1.0,4229.62,0.0,4229.62
T108533,2025-04-21,P0008,C00176,East,3.0,499.0,0.1,1347.3
T101268,2025-11-30,P0010,C00246,South  ,5.0,8164.43,0.0,40822.15
T102462,2023-08-29,P0017,C00055,South,1.0,382.2,0.0,382.2
T104512,2024-10-19,P0031,C00081,West,7.0,1566.84,0.0,10967.88
T100268,29-May-2024,P0002,C00110,East,2.0,13910.88,0.0,27821.76
T103580,19-Jan-2023,P0024,C00155,West,7.0,11884.11,0.05,79029.33
T100654,03/09/2023,P0011,C00073,South,1.0,8863.25,0.0,8863.25
T104411,2023-04-24,P0006,C00030,North,5.0,7884.39,0.0,39421.95
T104039,12/23/2024,P0009,C00013,Central,16.0,11247.7,0.05,170965.04
T104254,07/07/2024,P0033,C00250,north,5.0,10082.29,0.0,50411.45
T103597,07/31/2023,P0019,C00173,Central,6.0,6013.99,0.0,36083.94
T102413,09/05/2025,P0029,C00019,Central,9.0,12773.07,0.05,109209.75
T107365,02-Dec-2025,P0004,C00011,East,3.0,4999.13,0.2,11997.91
T102821,2023-08-10,P0024,C00135,North,3.0,11884.11,0.05,33869.71
T100428,2024-01-19,P0023,C00057,East,2.0,10713.43,0.0,21426.86
T100589,20-Jul-2023,P0011,C00242,East,7.0,8863.25,0.0,62042.75
T100495,2024-01-14,P0038,C00023,West,3.0,5836.46,,17509.38
T108187,2024-08-15,P0032,C00067,,5.0,5656.65,0.0,28283.25
T104331,30/06/2023,P0037,C00020,North,4.0,8484.46,0.0,33937.84
T107980,03-Aug-2024,P0018,C00237,Central,3.0,6437.51,,15450.02
T105033,2025-11-20,P0005,C00181,South,5.0,8621.09,0.0,43105.45
T106309,07/23/2023,P0030,C00108,West,2.0,6824.34,0.0,13648.68
T108784,09/24/2025,P0020,C00047,Central,3.0,4508.3,0.0,13524.9
T100528,11/18/2024,P0012,C00089,East,7.0,14484.04,0.0,101388.28
T101808,03-Jan-2025,P0002,C00082,East,2.0,13910.88,0.0,27821.76
T106249,23-Sep-2025,P0004,C00073,South,2.0,4999.13,0.0,9998.26
T104913,2024-01-14,P0001,C00099,North,1.0,6017.98,0.0,6017.98
T102055,19-Mar-2024,P0033,C00222,Central,3.0,10082.29,0.0,30246.87
T101231,2023-05-17,P0019,C00192,Central,6.0,6013.99,0.0,36083.94
T102028,12/24/2025,P0013,C00042,Central,3.0,9164.46,0.0,27493.38
T108801,02-Feb-2025,P0004,C00194,East,2.0,4999.13,0.0,9998.26
T100677,2023-11-28,P0030,C00219,West,4.0,6824.34,0.2,21837.89
T107286,11/04/2024,P0039,C00117,West,5.0,14579.92,0.0,72899.6
T106759,08-May-2023,P0029,C00100,East,5.0,12773.07,0.05,60672.08
T104626,2023-02-07,P0012,C00130,East,,14484.04,0.1,52142.54
T108520,2023-08-09,P0002,C00161,West,3.0,13910.88,0.1,37559.38
T105862,2023-05-29,P0030,C00246,South,4.0,6824.34,0.0,27297.36
T102741,2024-10-13,P0006,C00026,North,4.0,7884.39,0.0,31537.56
T107815,10-Mar-2024,P0027,C00228,South,4.0,9818.49,0.0,39273.96
T104147,01/07/2023,P0005,C00196,East,5.0,8621.09,0.0,43105.45
T108451,28/02/2025,P0038,C00021,Central,4.0,5836.46,0.0,23345.84
T102432,2025-12-06,P0027,C00214,Central,1.0,9818.49,0.0,9818.49
T105212,2024-04-10,P0028,C00054,Central,6.0,13737.15,0.0,82422.9
T105049,2023-12-03,P0017,C00236,East,6.0,382.2,0.0,2293.2
T100551,01/12/2024,P0033,C00208,Central,1.0,10082.29,0.0,10082.29
T108290,2024-02-18,P0016,C00146,Central,3.0,2604.21,0.0,7812.63
T106840,16/08/2025,P0038,C00163,,2.0,5836.46,0.0,11672.92
T105725,11/03/2025,P0010,C00126,West,5.0,8164.43,0.0,40822.15
T101611,08/21/2025,P0014,C00242,East,2.0,500.0,0.0,1000.0
T104291,2024-03-24,P0016,C00204,Central,6.0,2604.21,0.0,15625.26
T105338,31/01/2024,P0019,C00097,West,2.0,,0.0,12027.98
T108358,03/08/2024,P0008,C00115,East,4.0,499.0,0.0,1996.0
T105354,2024-01-22,P0034,C00220,,3.0,10038.95,0.0,30116.85
T100673,2024-04-24,P0001,C00216,South,3.0,6017.98,0.2,14443.15
T107369,28-Aug-2025,P0027,C00207,Central,8.0,9818.49,0.0,78547.92
T103956,28-Sep-2023,P0022,C00071, East,3.0,3102.81,5.0,8843.01
T104081,2024-10-01,P0001,C00032,North,3.0,6017.98,0.05,17151.24
T106215,2024-05-26,P0018,C00170,West,2.0,6437.51,0.1,11587.52
T105749,08/02/2024,P0031,C00210,North,5.0,1566.84,0.0,7834.2
T106167,2023-11-30,P0032,C00187,North,3.0,5656.65,0.0,16969.95
T100605,24/04/2025,P0031,C00042,,6.0,1566.84,0.0,"₹9,401.04"
T104471,02/11/2025,P0017,C00126,West,6.0,382.2,0.2,1834.56
T108039,2023-05-14,P0022,C00081,West,4.0,3102.81,0.0,12411.24
T106916,30-May-2025,P0028,C00044,South,6.0,13737.15,0.1,74180.61
T101468,27-Jul-2023,P0026,C00235,East,1.0,13905.57,0.0,13905.57
T108536,2023-07-25,P0012,C00047,,1.0,14484.04,0.0,14484.04
T101982,03-Oct-2023,P0024,C00091,Central,7.0,11884.11,0.0,83188.77
T104901,20-Nov-2023,P0025,C00231,north,4.0,9148.51,0.0,36594.04
T100890,04/20/2024,P0031,C00088,South,2.0,1566.84,0.0,3133.68
T104749,25-Jan-2023,P0036,C00146,Central,5.0,4229.62,0.0,1057405.0
T106180,11-Jul-2024,P0002,C00053,West,6.0,13910.88,0.1,75118.75
T100843,2025-03-07,P0031,C00062,South,2.0,1566.84,0.0,3133.68
T102155,01-Dec-2025,P0019,C00030,,,6013.99,0.05,28566.45
T104202,2023-08-24,P0028,C00087,,4.0,13737.15,0.1,49453.74
T108912,24-Nov-2023,P0028,C00073,South,11.0,13737.15,0.0,151108.65
T102077,02/22/2023,P0037,C00065, East,2.0,8484.46,0.0,16968.92
T105719,25-Sep-2023,P0008,C00018,Central,5.0,499.0,0.0,2495.0
T105125,09/24/2023,P0003,C00091,Central,3.0,10949.99,0.0,32849.97
T105606,03/26/2025,P0022,C00013,Central,2.0,3102.81,0.0,6205.62
T103520,2024-08-18,P0032,C00035,Central,7.0,5656.65,0.0,39596.55
T104807,22/10/2024,P0008,C00200,North,7.0,499.0,0.0,3493.0
T102799,12/03/2023,P0017,C00138,Central,4.0,382.2,0.1,1375.92
T108191,2023-07-26,P0012,C00062,South,2.0,14484.04,0.1,26071.27
T100584,24-Jul-2025,P0024,C00109,North,8.0,11884.11,0.1,85565.59
T103268,2024-05-13,P0002,C00007,Central,6.0,13910.88,0.0,83465.28
T108775,2025-01-02,P0004,C00039,North,3.0,4999.13,0.0,14997.39
T101260,05/10/2025,P0016,C00235,East,6.0,2604.21,0.0,15625.26
T108503,09/01/2025,P0009,C00097,West,4.0,11247.7,0.0,44990.8
T108566,09/05/2024,P0025,C00134,East,3.0,9148.51,0.0,27445.53
T104638,2024-01-06,P0006,C00208,Central,2.0,7884.39,0.0,15768.78
T107780,15/05/2025,P0004,C00232,West,4.0,4999.13,0.0,19996.52
T106473,20/04/2024,P0025,C00123,,2.0,9148.51,0.0,18297.02
T105375,07/08/2024,P0002,C00018,Central,5.0,13910.88,0.05,66076.68
T104594,17/06/2025,P0034,C00007,Central,3.0,,0.0,30116.85
T105117,01-May-2025,P0040,C00027,,4.0,12756.37,0.0,51025.48
T108817,07-Apr-2024,P0009,C00098,East,4.0,11247.7,0.0,44990.8
T104313,2023-06-10,P0017,C00212,South,2.0,382.2,0.2,611.52
T108942,24-Oct-2025,P0014,C00196,East,8.0,500.0,0.0,4000.0
T102550,2024-08-02,P0025,C00146,Central,2.0,9148.51,0.2,14637.62
T103783,26-Jul-2024,P0017,C00113,East,3.0,382.2,0.0,1146.6
T108099,13/01/2023,P0030,C00030,North,6.0,6824.34,0.0,40946.04
T108743,08/11/2025,P0017,C00218,Central,7.0,382.2,0.0,2675.4
T100344,03/07/2024,P0003,C00206,,8.0,10949.99,0.0,87599.92
T102185,2023-10-20,P0013,C00009,Central,7.0,9164.46,0.0,64151.22
T105120,07-Aug-2023,P0020,C00175,East,9.0,4508.3,0.0,40574.7
T107199,25/07/2025,P0040,C00212,South,6.0,12756.37,0.0,76538.22
T105807,2024-11-03,P0037,C00021,Central,10.0,8484.46,0.05,80602.37
T105253,01/20/2025,P0021,C00192,Central,2.0,359.09,0.2,574.54
T108819,2024-04-17,p0012 ,C00232,West,3.0,14484.04,0.0,43452.12
T100871,05/19/2023,P0013,C00043,West,4.0,9164.46,0.0,36657.84
T107761,09/02/2023,p0003 ,C00183,South,3.0,10949.99,0.0,32849.97
T107779,2023-12-09,P0010,C00043,West,13.0,8164.43,0.0,106137.59
T104985,02/25/2023,P0006,C00011,East  ,5.0,7884.39,0.0,39421.95
T106357,2023-08-25,P0040,C00067,,1.0,12756.37,0.1,11480.73
T100090,2025-06-01,P0011,C00092,SOUTH ,3.0,8863.25,0.15,22601.29
T104925,14-Sep-2023,P0039,C00013,Central,6.0,14579.92,0.0,87479.52
T105296,07/01/2024,P0015,C00116,Central,7.0,4549.66,0.0,31847.62
T106961,2025-11-23,P0019,C00077,South,5.0,6013.99,0.05,28566.45
T104803,04/25/2025,P0004,C00005,East,4.0,4999.13,0.0,19996.52
T104194,04/10/2025,P0012,C00018,Central,3.0,14484.04,0.05,41279.51
T106134,03/07/2023,P0001,C00039,North,4.0,6017.98,0.0,24071.92
T106515,29-Oct-2023,P0007,C00023,West,7.0,14423.4,0.0,100963.8
T102117,2025-02-19,P0020,C00250,north,4.0,4508.3,0.0,18033.2
T102937,2023-06-24,P0019,C00137,South,1.0,6013.99,0.0,6013.99
T107081,21-Jul-2025,P0028,C00118,Central,4.0,13737.15,0.0,54948.6
T107917,12/05/2024,P0015,C00235,East,8.0,4549.66,0.0,"₹36,397.28"
T102836,11-May-2025,P0005,C00234, East,4.0,8621.09,0.0,34484.36
T103096,2024-05-07,P0023,C00173,Central,1.0,10713.43,0.0,10713.43
T105741,08-Apr-2024,P0026,C00212,South,1.0,13905.57,0.05,13210.29
T107066,12/11/2024,P0001,C00234,,7.0,6017.98,0.0,42125.86
T100947,10/08/2024,P0016,C00218,Central,6.0,2604.21,0.0,15625.26
T102925,09/20/2025,P0013,C00121,East,4.0,9164.46,0.0,36657.84
T105035,29/12/2023,P0032,C00250,north,3.0,5656.65,0.0,16969.95
T103214,2024-09-16,P0017,C00162,,4.0,382.2,0.0,1528.8
T104509,02/19/2023,P0037,C00151,East,3.0,8484.46,0.0,25453.38
T105316,16/12/2025,P0031,C00113,East,9.0,1566.84,0.15,11986.33
T100883,10/18/2024,P0009,C00213,South,7.0,11247.7,0.0,78733.9
T104537,05/11/2023,P0019,C00152,North,2.0,6013.99,,10825.18
T107463,2023-09-10,P0005,C00133,East,3.0,8621.09,0.0,25863.27
T105082,02/19/2024,P0019,C00121,East,4.0,6013.99,0.0,24055.96
T105813,10/04/2024,P0035,C00009,Central,3.0,8930.77,0.0,26792.31
T104301,02/01/2024,P0001,C00247,North,1.0,6017.98,0.0,6017.98
T100627,2025-08-04,P0019,C00008,South,6.0,6013.99,0.1,32475.55
T101456,22-Jul-2024,P0008,C00158,East,3.0,499.0,0.2,1197.6
T108715,01-Jan-2025,P0026,C00076,Central,3.0,13905.57,0.0,41716.71
T107422,15/05/2024,P0006,C00058,East,3.0,7884.39,0.0,23653.17
T106720,07/16/2023,P0006,C00230,East,4.0,7884.39,0.0,31537.56
T105715,02/06/2024,P0001,C00127,SOUTH ,4.0,6017.98,0.0,24071.92
T105982,2023-01-25,P0011,C00175,East,1.0,8863.25,0.2,7090.6
T106871,04/15/2023,P0001,C00078,West,4.0,6017.98,0.0,24071.92
T108746,15-Oct-2023,P0035,C00064,North,8.0,8930.77,0.0,71446.16
T107204,2024-04-28,P0014,C00034,East,4.0,,0.0,2000.0
T107255,2025-11-07,P0010,C00070,West,1.0,8164.43,,6939.77
T102415,2024-12-26,P0004,C00052,East,11.0,4999.13,0.0,54990.43
T104847,15/01/2025,P0023,C00012,East,1.0,10713.43,0.0,10713.43
T107621,19/05/2025,P0017,C00144,West,4.0,382.2,0.0,1528.8
T104575,20-May-2024,P0005,C00164,North,2.0,8621.09,0.0,17242.18
T105414,06-Feb-2023,P0031,C00028,Central,3.0,1566.84,0.0,4700.52
T106756,2025-01-09,P0003,C00145,North,1.0,10949.99,0.0,10949.99
T107947,2024-03-09,P0025,C00047,Central,5.0,,0.0,45742.55
T102899,2023-08-14,P0019,C00016,West,3.0,6013.99,0.0,18041.97
T100433,2025-06-13,P0005,C00012,East,6.0,8621.09,0.0,51726.54
T102398,24-Oct-2025,P0016,C00085,Central,10.0,2604.21,0.0,26042.1
T102209,16/04/2024,P0026,C00224,Central,4.0,13905.57,0.0,55622.28
T101710,31-Mar-2025,P0002,C00168,North,3.0,13910.88,0.1,37559.38
T103353,17-Dec-2025,P0014,C00235,East,7.0,500.0,0.0,3500.0
T108585,05/18/2025,P0018,C00237,Central,8.0,6437.51,0.0,51500.08
T104487,02-Jan-2024,P0024,C00176,East,2.0,11884.11,0.0,23768.22
T100104,27/04/2024,P0007,C00227,Central,2.0,14423.4,,28846.8
T105898,2025-01-12,P0014,C00173,Central,1.0,500.0,0.15,425.0
T101186,2023-10-29,P0024,C00091,Central,4.0,11884.11,0.0,47536.44
T107809,07/20/2023,P0003,C00226,West,6.0,10949.99,0.0,65699.94
T103184,04-Sep-2023,P0004,C00228,South,5.0,4999.13,0.0,24995.65
T108929,16-Mar-2025,P0026,C00097,West,2.0,13905.57,0.0,27811.14
T104953,30/09/2023,P0032,C00205,North,3.0,5656.65,0.0,16969.95
T107234,2025-05-05,P0025,C00065, East,7.0,9148.51,0.0,64039.57
T107647,19/06/2024,P0031,C00039,north,2.0,1566.84,0.0,3133.68
T103044,02/17/2023,P0039,C00240,South,4.0,14579.92,0.0,58319.68
T100151,29-Feb-2024,P0006,C00070,West,1.0,7884.39,0.0,7884.39
T104947,14-Jul-2024,P0022,C00183,South,5.0,3102.81,0.0,15514.05
T103282,29-Dec-2023,P0039,C00174,Central,6.0,14579.92,0.0,4373976.0
T106321,20-Nov-2024,P0007,C00187,North,3.0,14423.4,0.0,43270.2
T105133,2025-05-21,P0035,C00158,East,7.0,8930.77,0.0,62515.39
T100915,31-Dec-2023,P0010,C00014,Central,4.0,8164.43,0.0,32657.72
T101305,09/02/2023,P0011,C00153,Central,4.0,8863.25,0.0,35453.0
T104504,17/07/2025,P0027,C00119,South,2.0,9818.49,0.05,18655.13
T103049,06/25/2024,P0027,C00149,North,2.0,9818.49,0.0,19636.98
T108808,08/15/2023,P0022,C00078,west,3.0,3102.81,0.05,8843.01
T106531,08-Mar-2025,P0023,C00165,West,3.0,10713.43,0.0,32140.29
T108681,10/01/2024,P0017,C00094,SOUTH ,9.0,382.2,0.05,3267.81
T108094,06/25/2025,P0004,C00119,South,,4999.13,0.0,54990.43
T105905,22-Jul-2023,P0040,C00247,North,5.0,12756.37,0.0,63781.85
T104738,24-Mar-2025,P0017,C00081,West,6.0,382.2,0.0,2293.2
T104094,29-Dec-2025,P0002,C00172,Central,11.0,13910.88,0.0,153019.68
T106637,26-Aug-2024,P0021,C00004,East,7.0,359.09,0.0,2513.63
T102796,02-Mar-2024,P0014,C00075,,4.0,500.0,0.0,2000.0
T102701,03/10/2023,P0040,C00070,West,7.0,12756.37,0.0,89294.59
T101398,12/28/2024,P0036,C00136,South,3.0,4229.62,0.0,12688.86
T102519,12/08/2023,P0005,C00097,West,3.0,8621.09,0.0,25863.27
T103358,04/05/2024,P0004,C00034,East,4.0,4999.13,0.15,16997.04
T105793,26/10/2023,P0032,C00228,South,1.0,5656.65,0.0,5656.65
T100183,04-Oct-2023,P0036,C00065, East,7.0,4229.62,0.0,29607.34
T104518,12/02/2025,P0032,C00035,Central,2.0,5656.65,0.2,9050.64
T100366,16-Apr-2025,P0031,C00021,Central,9.0,1566.84,0.05,13396.48
T108085,28/12/2023,P0014,C00127,SOUTH ,,500.0,0.0,6000.0
T104382,23-Jan-2025,P0011,C00111,North,5.0,8863.25,0.0,44316.25
T107531,28/04/2025,P0039,C00035,Central,1.0,14579.92,0.0,14579.92
T106390,2024-09-13,P0035,C00118,Central,3.0,8930.77,0.2,21433.85
T102417,30-May-2023,P0024,C00147,North,7.0,11884.11,0.0,83188.77
T104050,13-Mar-2025,P0028,C00156,South,4.0,13737.15,0.0,54948.6
T100471,18/01/2024,P0001,C00030,North,2.0,6017.98,0.0,12035.96
T100967,24/03/2023,P0031,C00108,West,7.0,1566.84,0.0,10967.88
T106710,02/14/2024,P0008,C00231,north,6.0,499.0,0.0,2994.0
T106624,19-May-2025,P0035,C00229,East,9.0,8930.77,0.0,80376.93
T102656,11/11/2024,P0024,C00189,North,1.0,11884.11,0.0,11884.11
T103879,04/23/2024,P0018,C00216,South,4.0,6437.51,0.0,25750.04
T108573,2025-04-23,P0018,C00244,South,3.0,6437.51,0.0,19312.53
T100209,29-Apr-2023,P0032,C00062,South,4.0,5656.65,0.0,22626.6
T101961,2024-09-19,P0013,C00001,West,6.0,9164.46,0.15,46738.75
T100896,27/05/2023,P0034,C00127,SOUTH ,4.0,10038.95,0.0,40155.8
T107619,2023-09-18,P0028,C00007,Central,3.0,13737.15,0.0,41211.45
T108066,17/06/2023,P0023,C00003,North,4.0,10713.43,0.05,40711.03
T106138,2024-05-15,P0011,C00158,East,2.0,8863.25,0.0,17726.5
T106725,2023-01-08,P0023,C00130,East,2.0,10713.43,0.15,18212.83
T101773,21/12/2025,P0035,C00046,South,11.0,8930.77,0.1,88414.62
T105270,10-Jun-2025,P0015,C00021,Central,6.0,4549.66,0.0,27297.96
T102299,01/20/2024,P0022,C00193,East,2.0,3102.81,0.1,5585.06
T101209,2024-09-11,P0017,C00126,West,2.0,382.2,0.0,764.4
T107081,2025-07-21,P0028,C00118,Central,4.0,13737.15,0.0,54948.6
T108543,03/04/2025,P0001,C00032,North,,6017.98,0.0,6017.98
T103145,04/06/2025,P0033,C00091,Central,3.0,,0.0,30246.87
T101270,12/20/2023,P0013,C00007,Central,6.0,9164.46,0.0,54986.76
T101251,23-Nov-2023,P0018,C00226,West,1.0,6437.51,0.0,6437.51
T103176,13/11/2025,P0015,C00073,South,5.0,4549.66,0.1,20473.47
T108468,10/29/2025,P0022,C00010,South,1.0,3102.81,0.2,2482.25
T106395,2024-02-19,P0028,C00201,West,3.0,,0.0,41211.45
T104633,2025-02-11,P0037,C00059,North,5.0,8484.46,0.0,42422.3
T104127,2024-05-28,P0028,C00051,East,4.0,13737.15,0.05,52201.17
T101292,25/03/2023,P0017,C00154,West,8.0,382.2,0.0,3057.6
T107340,09-Dec-2024,P0013,C00084,North,10.0,9164.46,0.05,87062.37
T105391,29-Sep-2024,P0027,C00225,SOUTH ,5.0,9818.49,0.0,49092.45
T103370,27/04/2025,P0009,C00033,North,1.0,11247.7,0.0,11247.7
T106169,13-Feb-2023,P0012,C00069,Central,2.0,14484.04,0.0,28968.08
T103289,24-Dec-2025,P0036,C00206,North,11.0,4229.62,0.1,41873.24
T105317,10/06/2025,P0028,C00031,South,3.0,13737.15,0.0,41211.45
T103651,17-Nov-2024,P0001,C00009,Central,5.0,6017.98,0.05,28585.4
T103315,10/12/2024,P0029,C00027,,1.0,12773.07,0.0,12773.07
T106482,08/14/2024,P0027,C00115,East,1.0,9818.49,0.0,9818.49
T100292,08/20/2024,P0014,C00135,North,8.0,500.0,0.0,4000.0
T106273,19/09/2025,P0038,C00182,North,6.0,5836.46,0.2,28015.01
T104660,28-Dec-2024,P0016,C00027,,8.0,2604.21,0.0,20833.68
T101051,03-Mar-2025,P0012,C00060,,2.0,14484.04,0.0,"₹28,968.08"
T102231,03/28/2023,P0021,C00166,Central,2.0,359.09,0.0,718.18
T108530,10/22/2023,P0001,C00100,East,8.0,6017.98,0.0,48143.84
T104582,2023-10-10,P0026,C00163,,7.0,13905.57,0.1,87605.09
T100272,17/02/2024,P0014,C00010,South,2.0,500.0,0.0,1000.0
T102042,04/16/2023,P0018,C00196,East,3.0,6437.51,0.05,18346.9
T105309,21-Mar-2025,P0025,C00035,Central,1.0,9148.51,0.05,8691.08
T104091,26/06/2024,P0025,C00232,West,4.0,9148.51,0.0,36594.04
T104288,2025-09-08,P0020,C00107,East,3.0,4508.3,0.0,13524.9
T100103,06/02/2025,P0031,C00122,,6.0,1566.84,0.0,9401.04
T101086,02/18/2023,P0029,C00101,East,7.0,12773.07,0.0,89411.49
T104938,2024-03-12,P0027,C00148,North,3.0,9818.49,0.0,29455.47
T108016,09-Nov-2025,P0019,C00129,Central,9.0,,0.0,54125.91
T105239,02/17/2024,P0020,C00100,East,,4508.3,0.2,14426.56
T104921,09/14/2024,P0020,C00023,West,3.0,4508.3,0.0,13524.9
T102903,08/09/2025,P0005,C00053,West,4.0,8621.09,0.0,34484.36
T105509,07-Mar-2024,P0019,C00207,Central,10.0,6013.99,0.2,48111.92
T107766,07-Apr-2024,P0035,C00147,North,1.0,8930.77,0.0,8930.77
T104734,04/07/2024,P0018,C00072,West,5.0,6437.51,0.05,30578.17
T105731,05/27/2023,P0003,C00059,North,3.0,10949.99,0.0,32849.97
T106384,23-Sep-2023,P0034,C00013,Central,4.0,10038.95,0.0,40155.8
T106771,04/11/2023,P0024,C00007,Central,6.0,11884.11,0.0,71304.66
T106990,08/05/2024,P0026,C00088,South,4.0,13905.57,0.05,52841.17
T107154,08/31/2023,P0036,C00119,South,4.0,4229.62,0.0,16918.48
T106634,31/08/2023,P0011,C00029,East,6.0,8863.25,0.0,53179.5
T105097,20/11/2024,P0028,C00004,East,3.0,13737.15,0.2,"₹32,969.16"
T104004,27/06/2023,P0016,C00200,North,4.0,2604.21,0.0,"₹10,416.84"
T100613,22-May-2023,P0025,C00099,North,2.0,9148.51,0.2,14637.62
T104532,14/08/2023,P0008,C00190,North,3.0,499.0,0.0,1497.0
T108131,04/25/2025,P0039,C00034,East,6.0,14579.92,,87479.52
T104819,03-Sep-2024,P0034,C00016,West,3.0,10038.95,0.05,28611.01
T105594,04/04/2023,P0013,C00105,West,2.0,9164.46,0.0,18328.92
T103478,05/17/2025,P0012,C00193,East,6.0,14484.04,0.1,78213.82
T106218,11/06/2024,P0034,C00004,East,4.0,10038.95,0.0,40155.8
T107990,24-Aug-2023,P0033,C00174,Central,6.0,10082.29,0.2,48394.99
T101748,2025-01-01,P0013,C00054,Central,3.0,9164.46,0.2,21994.7
T100732,05/05/2025,P0037,C00213,South,4.0,8484.46,0.0,33937.84
T107690,08/19/2024,P0023,C00184,East  ,3.0,10713.43,0.0,32140.29
T106520,2023-09-17,P0016,C00085,Central,2.0,2604.21,0.0,5208.42
T107242,03/08/2023,P0010,C00029,East,1.0,8164.43,0.1,7347.99
T106274,15-Feb-2024,P0037,C00097,West,1.0,8484.46,0.0,8484.46
T102910,14/05/2023,P0038,C00101,East,5.0,5836.46,0.0,29182.3
T107505,12/12/2024,P0007,C00219,West,5.0,14423.4,0.0,72117.0
T102662,05/04/2025,P0010,C00009,Central,3.0,8164.43,0.0,24493.29
T105518,27/06/2023,P0013,C00195,,8.0,9164.46,0.0,73315.68
T107717,2023-07-15,P0032,C00217,North,3.0,5656.65,0.15,14424.46
T103773,2024-06-05,P0019,C00185,Central,2.0,6013.99,0.0,12027.98
T103113,04/11/2025,P0033,C00056,South,9.0,10082.29,0.0,90740.61
T103303,01-Sep-2024,P0014,C00019,Central,4.0,,0.0,2000.0
T102154,17-Apr-2023,P0034,C00141,South,3.0,10038.95,0.0,30116.85
T101344,22-Oct-2024,P0010,C00088,South,4.0,8164.43,0.0,32657.72
T108962,01-Jun-2024,P0029,C00078,West,3.0,12773.07,0.0,38319.21
T103261,20-Jun-2023,P0031,C00071, East,4.0,1566.84,0.0,6267.36
T107551,2025-06-07,P0021,C00142,Central,7.0,359.09,0.0,2513.63
T106679,2023-09-23,P0012,C00105,West,1.0,14484.04,0.0,14484.04
T105358,2024-07-07,P0001,C00180,Central,4.0,6017.98,0.0,24071.92
T100952,29-Jun-2025,P0016,C00119,South,4.0,2604.21,0.0,"₹10,416.84"
T106745,30/09/2023,P0018,C00133,East,,6437.51,0.0,25750.04
T103021,12/10/2023,P0020,C00143,South,6.0,4508.3,0.1,24344.82
T103308,02-Feb-2024,P0013,C00104,South,4.0,9164.46,0.0,36657.84
T101504,01-Sep-2024,P0024,C00082,East,6.0,11884.11,0.0,71304.66
T104602,2024-01-28,P0027,C00057,East,2.0,9818.49,0.0,19636.98
T101806,08/12/2025,P0037,C00090,SOUTH ,7.0,8484.46,0.0,59391.22
T105143,22-Feb-2025,P0025,C00075,,1.0,9148.51,0.05,8691.08
T107833,2024-05-10,P0020,C00208,Central,1.0,4508.3,0.0,4508.3
T103791,09-Mar-2024,P0005,C00199,Central,10.0,8621.09,0.0,86210.9
T101121,08/07/2024,P0031,C00196,East,5.0,1566.84,0.0,7834.2
T107697,17/11/2024,P0024,C00089,East,-7.0,11884.11,0.15,70710.45
T108919,2024-02-10,P0036,C00250,north,6.0,4229.62,0.0,25377.72
T108330,10/11/2025,P0038,C00232,West,11.0,5836.46,0.0,64201.06
T104871,2025-01-23,P0020,C00209,East,6.0,4508.3,0.0,27049.8
T106204,2024-03-31,P0025,C00125,North,1.0,9148.51,0.1,8233.66
T104639,11/28/2023,P0040,C00182,North,9.0,12756.37,0.0,114807.33
T105990,08-Mar-2024,P0035,C00218,Central,8.0,8930.77,0.1,64301.54
T106535,16/05/2025,P0028,C00113,East,2.0,13737.15,0.0,27474.3
T101848,09-Feb-2024,P0039,C00113,East,1.0,14579.92,0.1,13121.93
T100416,08/01/2025,P0015,C00234, East,2.0,4549.66,0.2,7279.46
T102973,11/15/2024,P0005,C00161,West,5.0,8621.09,0.0,43105.45
T105936,16/06/2023,P0024,C00024,South,4.0,11884.11,,47536.44
T102431,28-Dec-2025,P0039,C00234, East,9.0,14579.92,0.0,131219.28
T102518,06-Jul-2025,P0019,C00079,South,3.0,6013.99,0.0,18041.97
T100564,07/09/2025,P0003,C00115,East,6.0,10949.99,0.05,62414.94
T102526,02/03/2023,P0021,C00031,South,4.0,359.09,0.0,"₹1,436.36"
T107871,06/05/2024,P0030,C00200,North,3.0,6824.34,0.0,20473.02
T104609,03-Nov-2024,P0013,C00172,Central,3.0,9164.46,0.05,26118.71
T103251,23-May-2025,P0033,C00133,East,4.0,10082.29,0.05,38312.7
T101224,28/11/2025,P0039,C00065, East,7.0,14579.92,0.15,86750.52
T100142,2024-07-07,P0025,C00163,,,9148.51,0.0,18297.02
T106324,11-Jun-2025,P0011,C00195,East,9.0,8863.25,0.0,79769.25
T101490,18/12/2025,P0031,C00010,South,5.0,1566.84,0.0,7834.2
T107802,01-Apr-2025,P0038,C00107,East,2.0,5836.46,0.0,11672.92
T106523,11/03/2023,P0004,C00140,West,5.0,4999.13,0.0,24995.65
T101590,01/04/2025,P0003,C00084,North,4.0,10949.99,0.0,43799.96
T106918,23/02/2023,P0023,C00045,West,3.0,10713.43,0.0,32140.29
T104902,07/10/2025,P0019,C00193,East,5.0,6013.99,0.0,30069.95
T102653,30/06/2025,P0022,C00063,North,1.0,3102.81,0.0,3102.81
T102004,12/26/2023,P0008,C00063,North,1.0,499.0,0.0,499.0
T101194,19/02/2023,P0026,C00192,,3.0,13905.57,0.0,41716.71
T104338,07-Mar-2023,P0021,C00164,North,4.0,359.09,0.1,1292.72
T103409,13-Jan-2023,P0032,C00213,South,1.0,5656.65,0.0,5656.65
T101117,02/06/2024,P0019,C00089,East,2.0,6013.99,0.0,12027.98
T106017,2023-05-19,P0020,C00036,North,8.0,4508.3,0.1,32459.76
T101756,2024-07-10,P0001,C00221,West,3.0,6017.98,0.1,16248.55
T100497,03/11/2023,P0007,C00048,South,8.0,14423.4,0.1,103848.48
T105241,2024-01-22,P0019,C00222,Central,1.0,6013.99,0.0,6013.99
T100012,24/04/2023,P0020,C00202,,4.0,4508.3,0.0,18033.2
T100870,05/15/2025,P0026,C00135,North,3.0,13905.57,0.0,41716.71
T103357,18/06/2024,P0019,C00008,South,4.0,6013.99,0.0,24055.96
T100912,2024-08-26,P0039,C00159,North,4.0,14579.92,0.0,58319.68
T103582,11/01/2025,P0017,C00069,Central,5.0,382.2,0.0,1911.0
T100721,06/10/2025,P0018,C00094,SOUTH ,4.0,6437.51,0.0,25750.04
T102805,19/10/2023,P0005,C00022,North,4.0,8621.09,0.0,34484.36
T104582,10/10/2023,P0026,C00163,,7.0,13905.57,0.1,87605.09
T107319,01/26/2023,P0004,C00123,North,4.0,4999.13,0.0,19996.52
T108744,2024-06-13,P0022,C00019,Central,2.0,3102.81,0.0,6205.62
T105434,24-Aug-2023,P0003,C00245,Central,4.0,10949.99,,43799.96
T105916,14-Mar-2023,P0029,C00090,SOUTH ,7.0,12773.07,0.1,80470.34
T101520,21/04/2025,P0040,C00176,East,9.0,12756.37,0.0,5740366.5
T102746,16-Jan-2024,P0007,C00220,,5.0,14423.4,0.0,72117.0
T104678,28/03/2024,P0009,C00041,East,2.0,11247.7,0.0,22495.4
T105867,05/06/2024,P0021,C00044,South,3.0,359.09,0.0,1077.27
T100314,2023-02-07,P0030,C00097,West,5.0,6824.34,0.0,34121.7
T107055,2024-11-10,P0012,C00189,North,1.0,14484.04,0.1,13035.64
T108100,12/08/2023,P0034,C00231,north,16.0,10038.95,0.15,136529.72
T104656,04/07/2024,P0015,C00064,North,3.0,4549.66,0.0,13648.98
T103129,29/06/2024,P0020,C00160,South,4.0,4508.3,0.2,14426.56
T105660,2025-11-09,P0032,C00237,Central,5.0,5656.65,0.0,28283.25
T105556,15/04/2023,P0024,C00125,North,4.0,11884.11,0.0,47536.44
T103968,10-Jun-2025,P0024,C00243,West,3.0,11884.11,0.0,35652.33
T105701,09/01/2023,P0020,C00145,North,1.0,4508.3,0.0,4508.3
T101973,19/07/2025,P0009,C00060,,2.0,11247.7,0.15,19121.09
T100336,2023-07-30,P0004,C00043,West,3.0,4999.13,0.0,14997.39
T102764,2023-11-30,P0001,C00215,East,11.0,6017.98,0.0,66197.78
T106312,2024-03-18,P0002,C00015,South,7.0,13910.88,0.0,97376.16
T107085,2024-07-27,P0017,C00107,East,6.0,382.2,0.0,2293.2
T102985,07/07/2025,P0032,C00099,North,6.0,5656.65,0.0,33939.9
T104659,2025-09-18,P0037,C00062,South,4.0,8484.46,0.0,33937.84
T103477,2024-10-27,P0003,C00210,North,7.0,10949.99,0.1,68984.94
T103558,06/11/2025,P0008,C00029,East,3.0,499.0,0.0,1497.0
T102809,06/11/2024,P0039,C00248,North,2.0,14579.92,0.1,26243.86
T105931,04-Oct-2025,P0005,C00233,West,,8621.09,0.0,"₹68,968.72"
T106907,21-Nov-2024,P0014,C00138,Central,1.0,500.0,0.05,23750.0
T100307,06/19/2024,P0024,C00234, East,3.0,11884.11,0.0,35652.33
T103908,25/08/2023,P0035,C00077,South,5.0,8930.77,0.0,44653.85
T100348,2024-04-25,P0001,C00117,,1.0,6017.98,,6017.98
T107826,12/17/2025,P0034,C00181,South,7.0,10038.95,0.0,70272.65
T108662,10/28/2023,P0027,C00238,west,1.0,9818.49,0.0,9818.49
T107317,07/02/2024,P0023,C00018,Central,2.0,10713.43,0.0,21426.86
T103682,26/02/2023,P0040,C00219,West,5.0,12756.37,,63781.85
T104840,10/01/2023,P0040,C00238,West,9.0,12756.37,0.0,"₹114,807.33"
T107088,2023-06-19,P0023,C00051,East,5.0,10713.43,0.0,53567.15
T102053,03/22/2024,P0014,C00063,North,3.0,500.0,0.05,1425.0
T100071,02/11/2024,P0008,C00092,SOUTH ,3.0,499.0,0.0,1497.0
T108079,27/07/2025,P0027,C00197,South,8.0,9818.49,0.0,78547.92
T105787,09/10/2023,P0016,C00170,West,4.0,2604.21,0.0,10416.84
T106604,01/09/2023,P0007,C00020,North,3.0,14423.4,0.0,43270.2
T106708,2024-05-24,P0015,C00088,South,4.0,4549.66,0.0,18198.64
T101666,02/20/2024,P0040,C00080,North,3.0,12756.37,0.05,36355.65
T105263,26/06/2023,P0001,C00098,East,5.0,6017.98,0.05,28585.4
T105333,2025-02-07,P0015,C00118,Central,5.0,4549.66,0.05,21610.88
T104428,2025-03-19,P0017,C00079,South,3.0,382.2,0.0,1146.6
T101445,26-Jan-2024,P0006,C00194,East,1.0,7884.39,0.05,7490.17
T107282,21-Apr-2024,P0017,C00033,North,3.0,382.2,0.15,974.61
T105206,19/05/2023,P0008,C00192,Central,5.0,499.0,0.0,2495.0
T101695,2023-04-03,P0014,C00160,South,4.0,500.0,0.0,2000.0
T102892,05-Nov-2025,P0028,C00085,Central,7.0,13737.15,0.0,96160.05
T107789,2025-02-02,P0025,C00161,West,3.0,9148.51,0.15,23328.7
T103203,27-Jan-2024,P0002,C00220,,1.0,13910.88,0.0,13910.88
T101630,2025-04-08,P0011,C00075,,6.0,8863.25,0.0,53179.5
T106151,29-Aug-2023,P0004,C00206,North,3.0,4999.13,0.0,14997.39
T101881,15/05/2024,P0015,C00109,North,3.0,,0.05,12966.53
T107159,19-Nov-2024,P0018,C00105,West,3.0,6437.51,0.05,18346.9
T104610,2024-02-27,P0020,C00224,Central,2.0,4508.3,0.0,9016.6
T100848,19/04/2023,P0001,C00173,Central,2.0,6017.98,0.0,12035.96
T104942,01-Jun-2023,P0004,C00173,Central,5.0,4999.13,0.0,24995.65
T108675,2025-09-21,P0035,C00106,West,8.0,8930.77,0.0,"₹71,446.16"
T104834,07-Oct-2023,P0040,C00031,South,5.0,12756.37,0.0,63781.85
T102877,14/12/2023,P0030,C00047,Central,4.0,6824.34,0.2,21837.89
T107935,27-Mar-2024,P0002,C00232,West,7.0,13910.88,0.0,97376.16
T103779,08/03/2023,P0010,C00163,,5.0,8164.43,0.0,"₹40,822.15"
T101830,05-Jun-2023,P0020,C00242,East,4.0,4508.3,0.2,14426.56
T108373,05/18/2025,P0022,C00174,Central,6.0,3102.81,0.0,18616.86
T108420,2025-08-03,P0032,C00129,,7.0,5656.65,0.0,39596.55
T105267,07-Jan-2025,P0007,C00135,North,6.0,14423.4,0.0,86540.4
T101234,2023-06-20,P0014,C00033,North,1.0,500.0,0.15,425.0
T104923,18/01/2025,P0040,C00227,Central,6.0,12756.37,0.0,76538.22
T103915,20-Jul-2023,P0014,C00132,Central,1.0,500.0,0.1,450.0
T100446,26-Jun-2023,P0038,C00187,North,3.0,5836.46,0.0,17509.38
T100844,2023-03-18,P0011,C00133,East,4.0,8863.25,0.2,28362.4
T104755,2023-08-15,P0031,C00123,North,4.0,1566.84,0.0,6267.36
T105754,20/11/2023,P0017,C00072,West,9.0,382.2,0.0,3439.8
T102440,2024-12-18,P0013,C00027,,8.0,9164.46,0.15,62318.33
T103103,04-Jun-2025,P0024,C00151,East,7.0,11884.11,0.15,70710.45
T107456,2024-07-25,P0010,C00199,Central,4.0,8164.43,0.0,32657.72
T104663,10-Oct-2024,P0039,C00146,Central,7.0,14579.92,0.0,102059.44
T101294,19/09/2024,P0002,C00013,Central,2.0,13910.88,0.0,27821.76
T108243,14-Apr-2023,P0036,C00120,West,2.0,4229.62,0.0,8459.24
T103442,2025-07-01,P0013,C00207,Central,6.0,9164.46,0.0,54986.76
T107200,2023-05-11,P0031,C00030,North,1.0,1566.84,0.05,1488.5
T105998,02/11/2024,P0008,C00138,Central,7.0,499.0,0.0,3493.0
T105933,24/09/2025,P0003,C00028,Central,2.0,10949.99,0.0,21899.98
T100776,10/28/2024,P0028,C00044,South,9.0,13737.15,0.1,"₹111,270.92"
T108858,18-Jul-2023,P0016,C00174,Central,3.0,2604.21,0.05,7422.0
T102153,13-Mar-2023,P0036,C00146,Central,4.0,4229.62,0.0,16918.48
T104421,29/05/2024,P0037,C00172,Central,5.0,8484.46,0.0,42422.3
T108653,04/07/2025,P0005,C00014,Central,1.0,8621.09,0.0,8621.09
T104564,10/10/2025,P0023,C00112,South,10.0,10713.43,0.0,107134.3
T105798,28/01/2024,P0012,C00081,West,4.0,14484.04,0.1,52142.54
T107165,26/08/2023,P0006,C00093,North,5.0,7884.39,0.0,39421.95
T103183,2025-03-14,P0036,C00053,West,,4229.62,0.0,16918.48
T108855,2023-02-28,P0034,C00174,Central,5.0,10038.95,0.0,50194.75
T103199,03/02/2025,P0039,C00242,East,6.0,14579.92,0.1,"₹78,731.57"
T105795,2025-12-15,P0031,C00206,North,7.0,1566.84,0.0,10967.88
T101289,12/05/2023,P0024,C00047,Central,2.0,11884.11,0.0,23768.22
T108291,2023-01-25,P0032,C00129,Central,4.0,5656.65,0.05,21495.27
T108087,25-Mar-2023,P0016,C00169,Central,4.0,2604.21,0.15,8854.31
T105899,12/11/2025,P0038,C00170,West,5.0,5836.46,0.05,27723.18
T105587,12/15/2024,P0027,C00198,,5.0,9818.49,0.0,49092.45
T104106,29-Dec-2025,P0026,C00140,West,5.0,13905.57,0.0,69527.85
T104126,06/12/2023,P0040,C00031,South,3.0,12756.37,0.1,34442.2
T106779,2024-04-10,P0030,C00224,central,4.0,6824.34,0.0,27297.36
T103966,08/15/2025,P0024,C00163,,2.0,11884.11,0.15,20202.99
T101879,07-Aug-2025,P0006,C00170,West,4.0,7884.39,0.0,31537.56
T107294,2025-08-27,P0038,C00023,West,4.0,5836.46,0.1,21011.26
T104246,08/01/2024,P0020,C00194,East,1.0,4508.3,0.2,3606.64
T107793,2023-05-05,P0023,C00209,East,1.0,10713.43,0.0,10713.43
T106071,14/01/2024,P0016,C00132,Central,7.0,2604.21,0.05,17318.0
T107728,2023-01-21,P0034,C00035,Central,1.0,10038.95,0.0,10038.95
T106487,2025-10-17,P0027,C00009,Central,3.0,9818.49,0.0,29455.47
T106793,26-Jan-2023,P0004,C00199,Central,3.0,4999.13,0.05,14247.52
T101036,2024-11-21,P0018,C00215,East,10.0,6437.51,0.0,64375.1
T100636,31-Jul-2025,P0030,C00018,Central,1.0,6824.34,0.0,6824.34
T107624,29/06/2023,P0027,C00229,East,3.0,9818.49,0.2,23564.38
T104134,2025-07-11,P0013,C00097,West,4.0,9164.46,0.05,34824.95
T104401,06/03/2024,P0040,C00053,West,6.0,12756.37,0.05,72711.31
T101083,2023-12-22,P0029,C00025,South,1.0,12773.07,0.2,10218.46
T100861,30-Jul-2025,P0037,C00124,,6.0,8484.46,0.05,48361.42
T100903,25-Nov-2024,P0039,C00158,,5.0,14579.92,0.0,72899.6
T100191,2024-03-17,P0015,C00047,Central,3.0,4549.66,0.0,13648.98
T100109,30/03/2024,P0029,C00039,,,12773.07,0.0,51092.28
T101942,02/18/2025,P0024,C00004,East,3.0,11884.11,0.0,35652.33
T104863,04/03/2023,P0039,C00049,East,3.0,,0.15,37178.8
T107381,31/07/2023,P0016,C00162,north,3.0,2604.21,0.0,"₹7,812.63"
T107162,11/11/2025,P0015,C00234, East,11.0,4549.66,0.2,40037.01
T106040,09/13/2025,P0010,C00110,East,6.0,8164.43,0.0,48986.58
T105653,2023-09-06,P0024,C00121,East,1.0,11884.11,0.0,11884.11
T102775,24-Dec-2023,P0005,C00194,East,7.0,8621.09,0.0,60347.63
T106848,14/10/2025,P0015,C00106,West,1.0,4549.66,0.1,4094.69
T102323,10/12/2025,P0034,C00218,Central,5.0,10038.95,0.0,50194.75
T107497,04/07/2024,P0002,C00146,Central,3.0,13910.88,0.0,41732.64
T102617,2024-07-31,P0012,C00157,Central,7.0,14484.04,0.0,101388.28
T108526,2023-10-07,P0038,C00118,Central,7.0,5836.46,0.0,40855.22
T101094,02/02/2024,P0025,C00222,Central,1.0,9148.51,0.0,9148.51
T105508,2024-08-06,P0016,C00035,Central,,2604.21,0.0,18229.47
T107052,06/02/2023,P0032,C00087,,2.0,5656.65,0.0,"₹11,313.30"
T103135,12-Oct-2023,P0025,C00148,North,4.0,9148.51,0.0,36594.04
T104828,03/09/2025,P0016,C00246,South,3.0,2604.21,0.1,7031.37
T103805,2025-07-07,P0040,C00203,West,6.0,12756.37,0.0,76538.22
T107701,2023-10-30,P0006,C00161,West,5.0,7884.39,0.05,37450.85
T102654,01-Oct-2025,P0015,C00006,East,12.0,4549.66,0.0,54595.92
T104377,2024-11-12,P0036,C00111,North,10.0,4229.62,0.0,42296.2
T105103,24-Aug-2025,P0004,C00066,West,3.0,4999.13,0.1,13497.65
T106926,2023-12-26,P0027,C00211,West,7.0,9818.49,0.0,68729.43
T106133,28-Sep-2025,P0029,C00200,North,6.0,12773.07,,68974.58
T106285,15-Jun-2023,P0019,C00202,,3.0,6013.99,0.0,18041.97
T104684,2025-02-20,P0008,C00109,North,6.0,499.0,0.0,2994.0
T108832,03-Feb-2023,P0015,C00037,South,3.0,4549.66,0.0,13648.98
T102202,01/05/2024,P0001,C00026,North,3.0,6017.98,0.2,14443.15
T105039,2023-02-16,P0001,C00132,Central,2.0,6017.98,0.0,12035.96
T107753,2025-01-31,P0016,C00224,Central,4.0,2604.21,0.05,9896.0
T104405,07/10/2024,P0027,C00020,North,4.0,9818.49,0.0,39273.96
T100975,2025-11-02,P0036,C00187,North,5.0,4229.62,0.0,21148.1
T108046,24/08/2025,P0012,C00123,North,4.0,14484.04,0.0,57936.16
T100941,02/26/2023,P0016,C00145,North,1.0,2604.21,0.1,2343.79
T102387,05/31/2025,P0013,C00216,South,7.0,9164.46,0.0,64151.22
T103221,05/11/2025,P0007,C00175,East,2.0,14423.4,0.0,28846.8
T103882,2025-10-12,P0001,C00224,Central,1.0,6017.98,0.0,6017.98
T108605,02-Oct-2023,P0024,C00014,Central,1.0,11884.11,0.15,10101.49
T105465,15-Jan-2024,P0010,C00206,North,4.0,8164.43,0.0,32657.72
T106412,17-Sep-2025,P0012,C00171,East,7.0,14484.04,0.15,86180.04
T102789,03/30/2025,P0005,C00078,West,3.0,8621.09,0.1,23276.94
T100944,03/04/2025,P0037,C00071, East,3.0,8484.46,0.1,22908.04
T107995,2024-07-12,P0014,C00128,South,5.0,500.0,0.2,2000.0
T101857,18/03/2023,P0015,C00159,North,7.0,4549.66,0.15,27070.48
T107620,09/06/2023,P0016,C00005,East,2.0,2604.21,0.0,5208.42
T104108,02-Aug-2023,P0010,C00133,East,6.0,8164.43,0.0,48986.58
T108024,22/05/2025,P0014,C00178,West,7.0,500.0,0.15,2975.0
T103255,01/13/2023,P0033,C00175,East,3.0,10082.29,0.0,30246.87
T102690,2023-02-27,P0017,C00026,North,1.0,382.2,0.0,382.2
T108639,2024-08-06,P0020,C00082,East,3.0,4508.3,0.0,13524.9
T101319,30-Jun-2023,P0022,C00226,West,6.0,3102.81,0.1,16755.17
T101285,2023-06-03,P0007,C00123,North,1.0,14423.4,0.0,14423.4
T104800,01/07/2024,P0039,C00187,North,5.0,14579.92,0.05,69254.62
T105601,2025-04-15,P0001,C00026,North,1.0,6017.98,0.0,"₹6,017.98"
T105581,05/13/2024,P0002,C00225,SOUTH ,6.0,13910.88,0.0,83465.28
T103475,12/08/2025,P0023,C00166,Central,1.0,10713.43,0.0,10713.43
T103505,30/12/2024,P0040,C00057,East,6.0,12756.37,0.05,72711.31
T102477,2025-04-06,P0010,C00173,Central,6.0,8164.43,0.0,48986.58
T104528,11-Dec-2025,P0034,C00218,Central,9.0,10038.95,0.0,90350.55
T105456,30-Sep-2024,P0002,C00021,Central,3.0,13910.88,0.1,37559.38
T106051,03/24/2025,P0032,C00016,West,3.0,5656.65,0.0,16969.95
T106690,2024-10-27,P0027,C00014,Central,,9818.49,0.0,117821.88
T108993,2024-12-22,P0025,C00131,West,6.0,9148.51,,54891.06
T101874,2025-03-13,P0008,C00045,West,2.0,499.0,0.0,998.0
T107329,20-Oct-2023,P0032,C00056,South,8.0,5656.65,0.2,36202.56
T104342,2025-04-01,P0023,C00068,north,2.0,10713.43,0.1,19284.17
T102904,02-Nov-2023,P0005,C00157,Central,6.0,8621.09,0.15,43967.56
T100570,10/08/2025,P0001,C00004,East,4.0,6017.98,0.0,24071.92
T101448,08-May-2023,P0038,C00214,central,1.0,5836.46,0.05,5544.64
T106225,20-Apr-2025,P0007,C00220,,6.0,14423.4,0.1,77886.36
T105331,17-Oct-2023,P0032,C00198,West,2.0,5656.65,0.05,"₹10,747.63"
T108423,01-Mar-2024,P0032,C00137,South,6.0,5656.65,0.0,33939.9
T105628,09/15/2024,P0009,C00084,North,3.0,11247.7,0.0,33743.1
T106459,2024-09-15,P0021,C00179,North,3.0,359.09,,1077.27
T103226,2024-03-23,P0019,C00054,Central,1.0,6013.99,0.0,6013.99
T108883,23-Feb-2025,P0020,C00178,West,6.0,4508.3,0.0,27049.8
T103978,25/05/2024,P0003,C00107,East,4.0,10949.99,0.0,43799.96
T106419,12/20/2024,P0022,C00203,West,6.0,3102.81,0.2,14893.49
T103539,23/12/2023,P0020,C00146,Central,9.0,4508.3,0.0,40574.7
T104686,02/05/2024,P0014,C00088,South,2.0,500.0,0.0,1000.0
T102827,17/03/2024,P0036,C00051,East,1.0,4229.62,0.0,4229.62
T105559,01/17/2024,P0008,C00040,North,1.0,499.0,0.0,499.0
T101338,05/10/2024,P0003,C00014,Central,3.0,10949.99,0.0,"₹32,849.97"
T103262,22/10/2023,P0001,C00106,West,8.0,6017.98,0.0,48143.84
T105272,2023-12-22,P0005,C00211,West,4.0,8621.09,0.0,34484.36
T100650,2025-09-27,P0017,C00132,Central,4.0,382.2,0.0,1528.8
T102902,09/23/2023,P0006,C00159,North,6.0,7884.39,0.0,47306.34
T102258,22/10/2024,P0036,C00055,,3.0,4229.62,0.0,12688.86
T107731,06-Jan-2024,P0035,C00031,South,1.0,8930.77,0.0,8930.77
T107781,2023-10-20,P0021,C00231,north,1.0,359.09,0.1,323.18
T102730,01/09/2024,P0031,C00019,Central,,1566.84,0.0,7834.2
T105753,2023-04-03,P0010,C00131,West,,8164.43,0.05,69805.88
T107675,22-Oct-2024,P0020,C00230,East,4.0,4508.3,0.0,18033.2
T105830,2025-02-12,P0028,C00235,East,4.0,13737.15,0.0,54948.6
T102584,12/01/2023,P0031,C00150,East,1.0,1566.84,0.0,1566.84
T103196,2023-11-30,P0036,C00013,Central,1.0,4229.62,0.0,4229.62
T106330,12/03/2024,P0009,C00086,West,4.0,,0.05,42741.26
T107747,13/01/2023,P0014,C00064,North,5.0,500.0,0.0,2500.0
T101258,15-Nov-2024,P0017,C00016,West,10.0,382.2,0.0,3822.0
T104894,22/06/2023,P0030,C00206,North,3.0,6824.34,0.0,20473.02
T100991,31-Jan-2023,P0006,C00040,North,4.0,7884.39,,31537.56
T103504,2024-09-11,P0014,C00143,South,,500.0,0.0,1500.0
T100113,2024-02-09,P0032,C00110,East,6.0,5656.65,0.0,33939.9
T100919,2023-04-26,P0016,C00204,Central,3.0,2604.21,0.05,7422.0
T102509,10-Nov-2025,P0003,C00052,East,7.0,10949.99,0.15,65152.44
T108575,01/10/2023,P0015,C00179,North,1.0,4549.66,0.0,"₹4,549.66"
T107367,16-Jul-2023,P0029,C00216,South,2.0,12773.07,0.05,"₹24,268.83"
T108849,2025-08-19,P0016,C00246,South,4.0,2604.21,0.0,10416.84
T100949,12/24/2025,P0006,C00011,East,3.0,7884.39,0.0,23653.17
T104722,02/08/2024,P0020,C00204,Central,5.0,4508.3,0.0,22541.5
T103770,08/09/2023,P0014,C00125,North,3.0,500.0,0.0,1500.0
T107484,27/05/2023,P0021,C00207,Central,1.0,359.09,0.2,287.27
T102850,08/02/2024,P0029,C00001,West,6.0,12773.07,0.0,76638.42
T107496,11-Apr-2023,P0007,C00126,West,2.0,14423.4,0.0,28846.8
T104423,2024-08-02,P0005,C00136,South,4.0,8621.09,0.0,34484.36
T106123,11/04/2025,P0024,C00231,north,4.0,11884.11,0.05,45159.62
T105613,30/05/2025,P0024,C00130,East,6.0,11884.11,,71304.66
T102505,07/14/2023,P0003,C00027,,3.0,10949.99,0.15,27922.47
T101114,2024-10-26,P0033,C00050,East,7.0,10082.29,,70576.03
T107108,12/07/2024,P0024,C00243,West,5.0,11884.11,0.0,59420.55
T100298,07/28/2023,P0016,C00178,West,4.0,2604.21,0.0,10416.84
T101675,31-Oct-2025,P0011,C00105,West,1.0,8863.25,0.0,8863.25
T103347,10-Mar-2025,P0030,C00119,South,7.0,6824.34,0.0,47770.38
T102735,11/24/2023,P0023,C00017, East,1.0,10713.43,0.0,10713.43
T107450,12/05/2023,P0039,C00070,West,4.0,14579.92,0.15,49571.73
T108878,2024-02-23,P0025,C00025,South,,,0.05,34764.34
T105467,28-Jun-2024,P0011,C00143,South,1.0,8863.25,0.1,7976.92
T104325,02/05/2023,P0006,C00248,North,4.0,7884.39,0.0,31537.56
T107784,23-Mar-2024,P0004,C00021,Central,4.0,4999.13,0.0,19996.52
T107899,08/14/2024,P0033,C00121,East,2.0,10082.29,,19156.35
T104446,11/09/2023,P0027,C00207,Central,9.0,9818.49,0.0,88366.41
T108344,23-Sep-2025,P0017,C00113,East,9.0,382.2,0.0,3439.8
T102103,30/09/2024,P0014,C00132,Central,5.0,500.0,15.0,2125.0
T104786,2024-03-14,P0025,C00022,North,6.0,9148.51,0.05,52146.51
T108975,11/13/2025,P0023,C00233,West,3.0,10713.43,0.0,32140.29
T108550,2023-10-03,P0028,C00011,East,2.0,13737.15,0.05,26100.58
T101837,06/05/2025,P0032,C00113,East,1.0,5656.65,0.1,5090.98
T106511,2024-11-14,P0030,C00143,South,1.0,6824.34,,6483.12
T106979,30-Jun-2024,P0039,C00085,Central,8.0,14579.92,0.15,99143.46
T106727,04/12/2024,p0035 ,C00142,Central,4.0,8930.77,0.2,28578.46
T100607,07/10/2024,P0011,C00115,East,3.0,8863.25,0.1,23930.78
T101093,05/17/2025,P0026,C00033,North,8.0,13905.57,0.0,111244.56
T104477,2025-07-11,P0021,C00149,North,1.0,359.09,0.0,359.09
T105285,2024-03-09,P0012,C00187,North,3.0,14484.04,0.0,43452.12
T108144,2025-10-24,P0036,C00180,Central,5.0,4229.62,0.05,20090.69
T100160,01/28/2025,P0019,C00126,West,4.0,6013.99,0.0,24055.96
T100203,03-Aug-2025,P0023,C00203,West,8.0,10713.43,0.1,77136.7
T105808,2023-10-05,P0008,C00071, East,4.0,499.0,0.1,1796.4
T106627,2024-08-31,P0024,C00163,,3.0,11884.11,0.0,35652.33
T102934,04/29/2025,P0020,C00164,North,1.0,4508.3,0.0,4508.3
T106033,12/01/2023,P0030,C00110,East,2.0,6824.34,0.15,11601.38
T102435,08/10/2023,P0014,C00212,South,11.0,500.0,,5500.0
T101230,03-Dec-2025,P0039,C00051,East,5.0,14579.92,0.0,72899.6
T107632,13/09/2024,P0019,C00138,Central,6.0,6013.99,0.15,30671.35
T108197,12/29/2025,P0022,C00227,Central,14.0,3102.81,0.0,43439.34
T108931,2023-03-22,P0011,C00177,South,2.0,8863.25,0.15,15067.52
T107067,10/14/2024,P0006,C00123,North,6.0,7884.39,0.0,47306.34
T106317,2024-01-22,P0032,C00144,West,2.0,5656.65,0.1,10181.97
T108326,16/01/2023,P0025,C00223,Central,1.0,9148.51,0.1,8233.66
T104251,14-Sep-2025,P0022,C00223,Central,1.0,3102.81,0.0,3102.81
T108134,2023-05-12,P0020,C00248,North,8.0,4508.3,0.05,34263.08
T104034,22/08/2024,P0033,C00190,North,3.0,10082.29,0.15,25709.84
T107571,2024-05-16,P0017,C00021,Central,5.0,382.2,0.2,1528.8
T104290,24-Apr-2025,P0028,C00088,South,,13737.15,0.0,151108.65
T104334,11/22/2024,P0010,C00009,Central,7.0,,0.0,57151.01
T106581,2025-01-15,P0038,C00084,North,3.0,5836.46,0.0,17509.38
T103877,17/12/2025,P0026,C00162,north,11.0,13905.57,0.0,152961.27
T104482,11/12/2024,P0004,C00075,,7.0,4999.13,0.0,34993.91
T100857,04/08/2025,P0016,C00103,West,2.0,2604.21,0.0,5208.42
T106107,09/22/2025,P0025,C00102,Central,4.0,9148.51,0.0,36594.04
T107072,23-Aug-2024,P0016,C00250,north,4.0,2604.21,0.05,9896.0
T102561,12-Nov-2023,P0040,C00001,West,,12756.37,0.05,36355.65
T103801,2025-05-08,P0006,C00080,North,6.0,7884.39,0.0,47306.34
T102640,07/29/2025,P0001,C00011,East,12.0,6017.98,0.0,72215.76
T104618,20/05/2025,P0035,C00001,West,6.0,8930.77,0.0,53584.62
T102347,20/01/2025,P0031,C00088,South,3.0,1566.84,,4465.49
T106823,2025-02-21,P0024,C00073,South,5.0,11884.11,0.0,59420.55
T102781,2024-02-26,P0024,C00004,East,5.0,11884.11,,59420.55
T107441,10/09/2024,P0017,C00081,West,1.0,382.2,0.0,382.2
T107383,2024-08-16,P0033,C00150,East,3.0,10082.29,0.0,30246.87
T107636,14/01/2023,P0035,C00170,West,1.0,8930.77,0.1,8037.69
T100615,15-May-2024,P0015,C00072,West,1.0,4549.66,0.1,4094.69
T107194,04/07/2025,P0025,C00239,East,3.0,9148.51,0.0,27445.53
T102575,2025-09-18,P0035,C00207,Central,9.0,8930.77,0.0,80376.93
T107831,29-Jun-2024,P0006,C00024,South,2.0,7884.39,0.15,13403.46
T103340,2024-10-20,P0026,C00031,South,1.0,13905.57,0.0,13905.57
T107415,04/06/2024,P0001,C00064,North,10.0,6017.98,0.2,48143.84
T101705,01/17/2023,P0018,C00076,Central,3.0,6437.51,0.0,19312.53
T107139,2024-08-05,P0020,C00094,SOUTH ,3.0,4508.3,0.0,13524.9
T104511,04/16/2023,P0023,C00057,East,1.0,10713.43,0.2,8570.74
T101493,17-Feb-2024,P0027,C00199,Central,1.0,9818.49,0.15,8345.72
T101280,09-Oct-2023,P0012,C00129,Central,7.0,14484.04,0.0,101388.28
T106429,06/18/2025,P0004,C00232,West,6.0,4999.13,0.15,25495.56
T100803,11/09/2024,P0014,C00080,North,14.0,500.0,0.0,7000.0
T105720,31/10/2025,P0031,C00042,Central,5.0,1566.84,0.0,7834.2
T105863,02-May-2023,P0040,C00218,Central,5.0,12756.37,0.0,63781.85
T100990,2024-12-26,P0007,C00037,South,8.0,14423.4,0.0,115387.2
T106763,06-May-2024,P0031,C00237,Central,2.0,1566.84,0.0,3133.68
T106148,2025-09-15,P0036,C00133,East,4.0,4229.62,0.15,14380.71
T108446,20/06/2023,P0033,C00118,Central,5.0,10082.29,0.0,50411.45
T103513,12-Jul-2025,P0015,C00135,North,4.0,4549.66,0.2,14558.91
T108438,14-Nov-2024,P0021,C00014,Central,5.0,359.09,0.0,1795.45
T107111,2025-04-18,P0033,C00229,East,3.0,10082.29,0.0,"₹30,246.87"
T100219,2023-12-17,P0008,C00132,central,10.0,499.0,0.05,4740.5
T107191,06/30/2024,P0010,C00129,Central,3.0,8164.43,0.0,24493.29
T101288,2024-04-06,P0026,C00172,Central,3.0,13905.57,0.15,35459.2
T103163,11/20/2024,P0005,C00003,North,7.0,8621.09,0.0,60347.63
T102618,2023-11-17,P0005,C00100,East,1.0,8621.09,0.05,"₹8,190.04"
T103612,2025-05-04,P0012,C00100,East,4.0,14484.04,0.1,52142.54
T100043,23-Sep-2023,P0026,C00053,West,4.0,13905.57,0.15,47278.94
T105379,06/17/2023,P0036,C00190,North,2.0,4229.62,0.0,8459.24
T103792,17/11/2025,P0038,C00137,,3.0,5836.46,0.05,16633.91
T103571,02/18/2025,P0008,C00066,West,3.0,499.0,0.0,1497.0
T107662,31-Dec-2023,P0027,C00048,South,6.0,9818.49,0.0,58910.94
T101503,05/17/2025,P0017,C00074,East,2.0,382.2,0.0,764.4
T104586,20/10/2025,P0023,C00008,South,10.0,10713.43,0.0,107134.3
T108964,2023-05-12,P0023,C00242,East,2.0,10713.43,0.0,21426.86
T103439,2025-07-13,P0016,C00195,East,1.0,2604.21,0.1,2343.79
T101892,2023-05-18,P0004,C00123,North,4.0,4999.13,0.0,19996.52
T108498,08/09/2025,P0022,C00082,East,2.0,3102.81,0.0,6205.62
T101955,2025-11-18,P0008,C00083,South,9.0,499.0,0.0,4491.0
T105165,2025-08-24,P0026,C00103,West,6.0,13905.57,0.0,83433.42
T101505,2024-02-18,P0008,C00212,South,2.0,499.0,,898.2
T100670,09/03/2025,P0039,C00037,South,4.0,14579.92,0.0,58319.68
T108125,2023-11-21,P0027,C00246,South,6.0,9818.49,0.0,58910.94
T105821,2023-11-09,P0014,C00085,Central,1.0,500.0,0.0,500.0
T100897,2024-10-27,P0031,C00167,East,14.0,1566.84,0.0,21935.76
T105096,08-Feb-2023,P0024,C00036,North,1.0,11884.11,0.15,10101.49
T102666,26/04/2025,P0024,C00003,North,2.0,11884.11,0.0,23768.22
T103193,21-Oct-2025,P0001,C00005,,6.0,6017.98,0.1,32497.09
T102890,03/26/2024,P0032,C00077,South  ,7.0,5656.65,0.0,39596.55
T102621,10/06/2024,P0035,C00176,East,4.0,8930.77,0.0,35723.08
T104952,17-Jan-2025,P0010,C00080,North,1.0,8164.43,0.0,8164.43
T108874,17-Nov-2024,P0022,C00101,East,,3102.81,0.0,15514.05
T107666,2024-04-22,P0022,C00121,East,3.0,3102.81,0.0,9308.43
T102370,25-Aug-2023,P0035,C00160,South,4.0,8930.77,0.0,"₹35,723.08"
T106522,06-Mar-2025,P0027,C00014,Central,3.0,9818.49,0.0,29455.47
T101769,04/22/2025,P0020,C00177,South,4.0,4508.3,0.0,18033.2
T108690,2025-06-12,P0011,C00033,North,4.0,8863.25,0.0,35453.0
T102333,2024-01-25,P0021,C00063,North,3.0,359.09,0.0,1077.27
T100531,09/16/2025,P0027,C00112,South,1.0,9818.49,0.15,8345.72
T107213,01/08/2023,P0033,C00017, East,2.0,10082.29,0.15,17139.89
T107586,23/10/2024,P0002,C00108,West,6.0,13910.88,0.1,75118.75
T106915,19-Jan-2023,P0014,C00184,,2.0,500.0,,1000.0
T108180,23/08/2023,P0004,C00222,Central,5.0,4999.13,0.15,21246.3
T108216,2025-12-10,P0032,C00200,North,7.0,5656.65,0.0,39596.55
T100731,06/07/2024,P0037,C00136,South,2.0,8484.46,0.0,16968.92
T103406,2023-05-10,P0021,C00058,East,7.0,359.09,0.0,2513.63
T102339,09/06/2024,P0015,C00151,East,3.0,4549.66,,12966.53
T104920,19/03/2024,P0038,C00049,East,2.0,5836.46,0.0,11672.92
T104814,2023-08-14,P0012,C00098,East,2.0,14484.04,,28968.08
T102565,02/09/2023,P0027,C00219,West,2.0,9818.49,0.0,19636.98
T107336,29/06/2024,P0037,C00075,,4.0,8484.46,0.0,33937.84
T106447,09-Aug-2024,P0012,C00171,East,10.0,14484.04,0.0,144840.4
T108615,25-May-2024,P0004,C00179,North,2.0,4999.13,0.0,9998.26
T105839,2023-04-28,P0029,C00222,Central,3.0,12773.07,0.0,38319.21
T108151,04/26/2025,P0038,C00107,East,7.0,5836.46,0.0,40855.22
T104927,05/14/2024,P0038,C00049,East,3.0,5836.46,0.0,17509.38
T108160,07/17/2025,P0034,C00095,Central,4.0,10038.95,0.0,40155.8
T101255,12/18/2024,P0011,C00067,,1.0,8863.25,0.0,8863.25
T102104,26/07/2025,P0038,C00159,North,2.0,5836.46,0.0,11672.92
T105523,20/03/2024,P0018,C00206,North,3.0,6437.51,0.0,19312.53
T100276,28/12/2023,P0026,C00085,Central,10.0,13905.57,0.0,139055.7
T108336,2023-05-12,P0028,C00189,North,5.0,13737.15,0.05,65251.46
T107553,06/03/2024,P0022,C00117,West,5.0,3102.81,,13962.64
T106854,11-Jun-2024,P0029,C00045,West,2.0,12773.07,0.0,25546.14
T104434,12/18/2023,P0003,C00162,north,6.0,10949.99,0.0,65699.94
T103484,04/01/2025,P0017,C00249,West,7.0,382.2,0.1,2407.86
T108654,14/12/2023,P0030,C00047,Central,1.0,6824.34,,6824.34
T103816,17-Sep-2025,P0036,C00004,East,1.0,4229.62,0.0,4229.62
T105650,07/11/2024,P0011,C00171,East,3.0,8863.25,0.0,26589.75
T107227,06/01/2025,P0019,C00181,South,6.0,6013.99,0.0,36083.94
T106463,2023-06-28,P0011,C00178,West,3.0,8863.25,0.2,21271.8
T108791,2025-03-01,P0024,C00231,north,1.0,11884.11,0.0,11884.11
T101621,02-Jun-2023,P0009,C00135,North,5.0,11247.7,0.0,56238.5
T108594,12-Oct-2023,P0001,C00226,West,2.0,6017.98,0.0,12035.96
T108576,2024-10-25,P0017,C00179,North,4.0,382.2,0.0,"₹1,528.80"
T105148,19/11/2024,P0023,C00246,South,7.0,10713.43,0.0,74994.01
T108023,07/12/2023,P0003,C00015,South,7.0,10949.99,0.15,65152.44
T101096,01/22/2024,P0005,C00225,SOUTH ,3.0,8621.09,0.0,25863.27
T105254,18-Sep-2024,P0006,C00139,South,3.0,7884.39,0.0,23653.17
T108642,04/04/2025,P0001,C00092,SOUTH ,2.0,6017.98,0.0,12035.96
T102463,04/27/2024,P0036,C00224,Central,10.0,4229.62,0.0,42296.2
T106651,12/15/2023,P0026,C00234, East,1.0,13905.57,0.0,13905.57
T101788,13/06/2025,P0016,C00150,East,8.0,2604.21,0.0,20833.68
T107295,09/03/2023,P0002,C00176,East,6.0,13910.88,0.1,75118.75
T105107,14-Nov-2023,P0019,C00034,East,4.0,6013.99,0.05,22853.16
T105118,26-May-2024,P0008,C00020,North,8.0,499.0,0.0,3992.0
T100192,02/11/2025,P0040,C00116,Central,5.0,12756.37,0.05,60592.76
T100820,11/20/2025,P0018,C00054,Central,1.0,6437.51,0.0,6437.51
T108638,21/12/2023,P0021,C00210,North,4.0,359.09,0.1,1292.72
T106975,2024-05-23,P0026,C00218,Central,4.0,13905.57,0.1,50060.05
T108416,06/12/2025,P0016,C00062,South,7.0,2604.21,0.0,18229.47
T104166,04/12/2023,P0005,C00119,South,4.0,8621.09,0.0,34484.36
T102687,11/06/2024,P0005,C00243,West,4.0,8621.09,0.0,34484.36
T107209,27/07/2023,P0040,C00176,East,2.0,12756.37,0.0,25512.74
T101324,11/10/2024,P0033,C00142,Central,10.0,10082.29,0.0,100822.9
T104929,05/24/2024,P0034,C00199,Central,5.0,10038.95,0.0,50194.75
T105555,25-Feb-2024,P0011,C00004,East,1.0,8863.25,0.0,8863.25
T102607,2023-12-02,P0015,C00042,Central,7.0,4549.66,0.0,31847.62
T106144,04/11/2024,P0024,C00153,Central,3.0,11884.11,0.0,35652.33
T100238,11-May-2024,P0011,C00140,West,5.0,8863.25,0.0,44316.25
T104015,23/11/2023,P0033,C00226,West,8.0,10082.29,0.0,80658.32
T108441,30/10/2025,P0014,C00122,West,3.0,500.0,0.0,1500.0
T102977,2023-03-26,P0028,C00059,North,3.0,13737.15,0.0,41211.45
T104709,2025-05-08,P0007,C00017, East,4.0,14423.4,0.0,57693.6
T105398,06/01/2024,P0006,C00143,South,1.0,7884.39,0.0,7884.39
T100945,23-Apr-2023,P0002,C00021,Central,4.0,13910.88,0.0,55643.52
T107627,2023-02-27,P0025,C00006,East,1.0,9148.51,0.1,8233.66
T106329,16-Jan-2025,P0032,C00182,North,1.0,5656.65,0.15,4808.15
T105612,03/29/2023,P0032,C00136,South,6.0,5656.65,0.1,30545.91
T108434,2023-04-24,P0022,C00037,South,3.0,3102.81,0.2,7446.74
T103552,12/06/2024,P0027,C00128,South,5.0,9818.49,0.2,39273.96
T106336,10/08/2024,P0028,C00036,North,6.0,13737.15,0.0,82422.9
T103360,12/03/2025,P0002,C00116,,13.0,13910.88,0.0,180841.44
T106591,15/04/2025,P0034,C00221,West,2.0,10038.95,0.0,20077.9
T102410,2025-08-16,P0020,C00241,South,3.0,4508.3,0.0,13524.9
T104507,10/07/2024,P0003,C00094,SOUTH ,10.0,10949.99,0.2,87599.92
T107226,02-Oct-2025,P0014,C00114,South,3.0,500.0,0.0,1500.0
T103982,06/30/2024,P0013,C00036,North,2.0,9164.46,0.0,18328.92
T100146,2024-09-16,P0028,C00238,West,2.0,13737.15,0.0,27474.3
T108651,28-Jan-2024,P0010,C00006,East,2.0,8164.43,0.1,14695.97
T102294,06-May-2025,P0011,C00028,Central,3.0,8863.25,0.0,26589.75
T107398,14/06/2023,P0014,C00001,West,4.0,500.0,0.0,2000.0
T103611,2023-08-04,P0007,C00108,West,5.0,14423.4,0.15,61299.45
T101736,2023-02-26,P0033,C00041,East,5.0,10082.29,0.0,50411.45
T106311,31/05/2024,P0017,C00072,West,5.0,382.2,0.0,1911.0
T100114,03/09/2023,P0030,C00108,West,4.0,6824.34,0.0,27297.36
T107952,11/17/2023,P0030,C00162,north,3.0,6824.34,0.0,20473.02
T108212,18-Sep-2025,P0013,C00222,Central,1.0,9164.46,0.0,9164.46
T100498,02/17/2025,P0012,C00119,South,4.0,14484.04,0.0,57936.16
T100720,08/02/2024,P0026,C00222,Central,7.0,13905.57,0.15,82738.14
T106925,2023-10-09,P0026,C00124,West,5.0,13905.57,0.0,69527.85
T103089,2023-07-16,P0003,C00028,Central,3.0,10949.99,0.0,32849.97
T108231,2025-03-16,P0003,C00204,Central,6.0,10949.99,0.0,65699.94
T106020,02-Mar-2025,P0027,C00101,East,8.0,9818.49,0.0,78547.92
T105364,25/09/2024,P0006,C00144,West,2.0,7884.39,,15768.78
T100596,30/05/2024,P0034,C00180,Central,3.0,10038.95,0.0,30116.85
T108282,23-Oct-2025,P0012,C00029,East,6.0,14484.04,0.0,86904.24
T105028,08-May-2025,P0003,C00076,Central,4.0,10949.99,0.0,43799.96
T101647,06/13/2025,P0026,C00238,West,2.0,13905.57,0.2,22248.91
T105709,15-Jul-2023,P0001,C00215,East,1.0,6017.98,0.0,6017.98
T102700,2023-07-31,P0037,C00081,West,3.0,8484.46,0.05,24180.71
T106111,18-Oct-2024,P0017,C00230,East,1.0,382.2,0.0,382.2
T101700,2025-04-11,P0001,C00113,East,3.0,6017.98,0.0,18053.94
T108097,04/10/2023,P0003,C00248,North,8.0,10949.99,0.0,87599.92
T105953,20-Jan-2024,P0005,C00115,East,3.0,8621.09,0.05,24570.11
T105279,2023-09-06,P0027,C00189,North,3.0,9818.49,0.0,29455.47
T102942,25-Sep-2025,P0030,C00040,North,6.0,6824.34,0.05,38898.74
T105323,25/03/2023,P0028,C00020,North,2.0,13737.15,0.0,27474.3
T100086,09/09/2025,P0036,C00128,south,9.0,4229.62,0.0,38066.58
T102308,2024-06-12,P0004,C00136,South,6.0,4999.13,0.0,29994.78
T102677,2023-11-22,P0002,C00182,North,9.0,13910.88,0.05,118938.02
T106784,05/08/2024,P0003,C00130,East,2.0,10949.99,0.0,21899.98
T108379,06/05/2024,P0037,C00102,Central,1.0,8484.46,0.0,8484.46
T102594,2025-02-16,P0035,C00100,East,6.0,8930.77,0.1,48226.16
T104848,11/05/2024,P0024,C00120,West,8.0,11884.11,0.0,95072.88
T101029,09/03/2024,P0016,C00223,Central,4.0,2604.21,0.0,10416.84
T100136,2024-09-20,P0001,C00146,Central,5.0,6017.98,0.0,"₹30,089.90"
T106613,04/02/2024,P0015,C00099,North,1.0,4549.66,0.0,4549.66
T106200,2023-11-08,P0035,C00119,South,1.0,8930.77,0.0,8930.77
T107934,07/07/2025,P0036,C00209,East,4.0,4229.62,0.05,16072.56
T104409,01-Aug-2024,P0018,C00246,South,4.0,6437.51,0.0,25750.04
T101200,21/03/2024,P0007,C00169,Central,,14423.4,0.15,12259.89
T108677,08/10/2024,P0020,C00134,East,4.0,4508.3,0.0,18033.2
T107047,31/01/2025,P0036,C00236,East,4.0,4229.62,0.0,16918.48
T100566,02/10/2023,P0022,C00150,East,,3102.81,0.15,7912.17
T105991,2023-02-25,P0039,C00117,West,4.0,14579.92,0.0,58319.68
T103927,10-Oct-2023,P0032,C00097,West,7.0,5656.65,0.0,39596.55
T104994,08-Dec-2024,P0014,C00130,East,5.0,500.0,0.0,2500.0
T108452,02/12/2024,P0016,C00225,SOUTH ,1.0,2604.21,0.0,2604.21
T108485,28/04/2025,P0009,C00047,Central,2.0,11247.7,0.0,"₹22,495.40"
T107713,25-Jan-2024,P0034,C00010,South,3.0,10038.95,0.15,25599.32
T107202,01/26/2023,P0015,C00001,West,2.0,4549.66,0.0,9099.32
T106886,13/05/2023,P0025,C00184,East,1.0,9148.51,0.0,9148.51
T102330,01/26/2023,P0030,C00245,Central,2.0,6824.34,0.0,13648.68
T103515,01/15/2025,P0007,C00231,north,,14423.4,0.0,57693.6
T102187,02/27/2023,P0024,C00142,Central,4.0,11884.11,0.0,47536.44
T100195,18/05/2023,P0006,C00124,West,6.0,7884.39,0.0,47306.34
T106187,11-Apr-2024,P0001,C00069,Central,5.0,6017.98,0.15,25576.41
T100802,02/11/2024,P0023,C00078,West,7.0,10713.43,0.05,71244.31
T106795,03/03/2023,P0006,C00032,North,2.0,7884.39,0.0,15768.78
T106503,11-Apr-2024,P0022,C00231,north,3.0,3102.81,0.1,"₹8,377.59"
T102068,2025-09-05,P0013,C00232,,3.0,9164.46,0.1,24744.04
T104766,09/16/2025,P0016,C00198,West,6.0,2604.21,0.0,15625.26
T107762,02/14/2025,P0003,C00010,South,2.0,10949.99,0.1,19709.98
T100644,2023-09-22,P0003,C00049,East,1.0,10949.99,0.05,10402.49
T108547,2025-12-30,P0029,C00060,,9.0,12773.07,0.0,114957.63
T107000,12/28/2025,P0002,C00186,North,5.0,13910.88,0.0,69554.4
T100120,2025-11-02,P0019,C00038,West,9.0,6013.99,0.0,54125.91
T102981,2024-10-24,P0028,C00111,North,4.0,13737.15,0.0,54948.6
T103074,10/07/2023,P0009,C00150,East,4.0,11247.7,0.0,44990.8
T108072,15/07/2023,P0019,C00214,Central,4.0,6013.99,0.0,24055.96
T103278,12/27/2025,P0030,C00133,East,3.0,6824.34,0.0,20473.02
T102135,2023-05-23,P0039,C00023,West,5.0,14579.92,0.0,72899.6
T107386,13/09/2023,P0019,C00116,Central,2.0,6013.99,0.0,12027.98
T100134,11/04/2023,P0006,C00073,South,4.0,7884.39,0.0,31537.56
T106373,09/17/2023,P0033,C00063,North,4.0,10082.29,0.0,40329.16
T108788,09-Apr-2025,P0029,C00147,North,6.0,12773.07,0.15,65142.66
T102559,05/10/2023,P0010,C00102,Central,2.0,8164.43,0.05,15512.42
T100062,06/20/2024,P0001,C00128,South,3.0,6017.98,0.0,18053.94
T101358,23/02/2025,P0029,C00076,Central,3.0,12773.07,0.05,36403.25
T106537,01/12/2025,P0005,C00081,West,3.0,8621.09,0.0,25863.27
T102467,09/19/2023,P0032,C00207,Central,5.0,5656.65,0.0,28283.25
T100679,06/23/2023,P0005,C00208,Central,8.0,8621.09,0.05,65520.28
T105605,18-Mar-2023,P0023,C00158,East,5.0,10713.43,0.1,48210.44
T100741,01/19/2023,P0024,C00133,East,4.0,11884.11,0.05,45159.62
T106751,11-Jul-2025,P0024,C00061,West,2.0,11884.11,0.1,21391.4
T103641,26/02/2023,P0026,C00200,North,1.0,13905.57,0.0,13905.57
T106885,12/08/2023,P0017,C00103,West,6.0,382.2,0.1,2063.88
T106699,22/04/2024,P0019,C00196,East,3.0,6013.99,0.0,18041.97
T103258,30/08/2025,P0035,C00197,South,2.0,8930.77,0.1,16075.39
T101873,19/02/2025,P0034,C00223,Central,2.0,10038.95,0.0,20077.9
T102596,10/25/2023,P0032,C00186,North,9.0,5656.65,0.1,45818.86
T101717,03/04/2025,P0024,C00140,West,3.0,11884.11,0.0,"₹35,652.33"
T102912,14-Nov-2025,P0008,C00102,Central,7.0,499.0,0.0,3493.0
T102843,02/08/2025,P0039,C00078,West,8.0,14579.92,0.05,"₹110,807.39"
T104027,08/02/2023,P0035,C00247,North,1.0,8930.77,0.2,7144.62
T107556,14/09/2024,P0007,C00112,South,7.0,14423.4,0.0,100963.8
T106623,16-Jan-2024,P0038,C00200,North,3.0,5836.46,0.05,16633.91
T107706,28-Dec-2023,P0037,C00169,Central,7.0,8484.46,0.05,56421.66
T100489,03-Dec-2025,P0002,C00068,north,9.0,13910.88,0.1,112678.13
T100493,11/09/2024,P0036,C00099,North,10.0,4229.62,0.0,42296.2
T100690,28-Jun-2023,P0025,C00154,West,1.0,9148.51,0.0,9148.51
T103821,15-Jan-2024,P0016,C00224,Central  ,1.0,2604.21,0.0,2604.21
T100602,04-Apr-2024,P0018,C00250,north,4.0,6437.51,0.0,25750.04
T101911,06/19/2023,P0025,C00084,North,9.0,9148.51,0.05,78219.76
T106931,2024-10-02,P0012,C00134,East,14.0,14484.04,0.15,172360.08
T106163,06/24/2024,P0010,C00211,,5.0,8164.43,0.0,40822.15
T107142,17-Sep-2025,P0039,C00046,South,8.0,14579.92,0.0,116639.36
T107582,07-Jun-2023,P0032,C00218,Central,2.0,5656.65,0.0,11313.3
T103757,23-Jul-2024,P0037,C00202,,2.0,8484.46,0.1,15272.03
T102366,07/06/2023,P0028,C00245,Central,3.0,13737.15,0.0,41211.45
T104370,09-Jan-2023,P0022,C00152,North,3.0,3102.81,0.0,9308.43
T105680,05/03/2025,P0039,C00030,North,1.0,14579.92,0.0,14579.92
T105786,15-Apr-2023,P0024,C00012,East,3.0,11884.11,0.05,33869.71
T101361,05-Jul-2025,P0028,C00179,North,7.0,13737.15,0.0,"₹96,160.05"
T104932,12-Jun-2025,P0001,C00060,,4.0,6017.98,0.1,21664.73
T101526,01/14/2024,P0025,C00147,North,5.0,9148.51,0.0,45742.55
T107024,22-Mar-2024,P0007,C00159,North  ,5.0,14423.4,0.2,57693.6
T106444,2024-07-05,P0022,C00246,South,3.0,3102.81,0.2,7446.74
T106566,2023-11-03,P0002,C00219,West,9.0,13910.88,0.1,112678.13
T101551,11/27/2023,P0020,C00144,West,4.0,4508.3,0.0,18033.2
T105168,2025-11-01,P0025,C00178,West,7.0,9148.51,0.0,64039.57
T108833,21-Jan-2024,P0016,C00146,Central,4.0,2604.21,0.0,10416.84
T101337,25/07/2023,P0014,C00160,South,3.0,500.0,0.1,1350.0
T103901,16/12/2025,P0021,C00195,East,3.0,359.09,0.0,1077.27
T103010,02/27/2023,P0016,C00175,East,2.0,2604.21,0.0,5208.42
T107897,04/12/2024,P0008,C00148,North,5.0,499.0,0.15,"₹2,120.75"
T102250,07-Jun-2025,P0017,C00203,West,7.0,382.2,0.0,2675.4
T102346,28-Jul-2024,P0014,C00139,South,3.0,500.0,0.0,1500.0
T108459,2023-08-25,P0022,C00096,Central,6.0,3102.81,0.1,16755.17
T102784,2023-11-26,P0019,C00231,north,11.0,6013.99,0.0,66153.89
T106464,10-Mar-2025,P0027,C00113,East,3.0,9818.49,0.1,26509.92
T100150,01/28/2024,P0005,C00134,East,6.0,8621.09,0.0,51726.54
T102804,07/08/2025,P0030,C00183,South,7.0,6824.34,0.0,47770.38
T104838,2025-11-13,P0008,C00169,Central,3.0,499.0,0.0,1497.0
T102086,04-Sep-2023,P0022,C00246,South,1.0,3102.81,0.0,3102.81
T103751,16-Jul-2023,P0002,C00135,North,2.0,13910.88,0.1,25039.58
T102259,01/08/2025,P0008,C00178,West,6.0,499.0,0.0,2994.0
T104017,19-Mar-2025,P0023,C00002,West,7.0,10713.43,0.1,67494.61
T105044,20-Aug-2024,P0039,C00117,West,8.0,14579.92,0.0,116639.36
T104996,22-Apr-2025,P0009,C00038,,1.0,11247.7,0.15,"₹9,560.54"
T107752,27-Jul-2025,P0033,C00053,West,2.0,10082.29,0.0,20164.58
T106620,12/06/2023,P0014,C00090,SOUTH ,3.0,500.0,0.05,1425.0
T103856,31-Dec-2023,P0019,C00082,East,4.0,6013.99,0.05,22853.16
T100859,31-Jan-2025,P0034,C00064,North,-2.0,10038.95,0.05,19074.0
T106256,06/12/2024,P0007,C00193,East,7.0,14423.4,0.0,100963.8
T106666,16-Oct-2025,P0014,C00216,South,6.0,500.0,0.1,2700.0
T106032,28-Nov-2024,P0039,C00233,West,7.0,14579.92,0.0,102059.44
T107420,2023-09-28,P0015,C00109,North,6.0,4549.66,0.0,27297.96
T107471,31/08/2023,P0023,C00235,East,4.0,10713.43,0.0,42853.72
T104462,05/10/2023,P0017,C00006,East,1.0,382.2,0.1,343.98
T107058,08-Dec-2023,P0015,C00079,South,6.0,4549.66,0.0,27297.96
T101779,19/12/2024,P0006,C00058,East,1.0,7884.39,0.0,7884.39
T106240,06-Jul-2025,P0039,C00031,South,8.0,14579.92,0.0,116639.36
T105227,17-Dec-2024,P0018,C00155,West,6.0,6437.51,0.0,38625.06
T101818,01/03/2025,P0003,C00210,North,3.0,10949.99,0.0,"₹32,849.97"
T104548,04/14/2025,P0004,C00097,,7.0,4999.13,0.0,34993.91
T102704,15-Nov-2024,P0011,C00073,South,3.0,8863.25,0.2,21271.8
T100175,28-Oct-2025,P0017,C00127,SOUTH ,5.0,382.2,0.1,1719.9
T102093,04/06/2025,P0035,C00103,West,6.0,8930.77,0.0,53584.62
T107308,26/02/2023,P0012,C00240,South,6.0,14484.04,0.0,86904.24
T103491,28/05/2023,P0011,C00064,North,1.0,8863.25,0.0,8863.25
T108054,07/08/2025,P0004,C00102,Central,3.0,4999.13,0.0,14997.39
T100082,2024-01-17,P0019,C00043,West,2.0,6013.99,0.0,12027.98
T100816,29/07/2024,P0031,C00096,Central,4.0,1566.84,0.0,6267.36
T106056,05/02/2023,P0010,C00181,South,6.0,8164.43,0.0,48986.58
T107152,08/15/2023,P0014,C00113,East,6.0,500.0,0.1,2700.0
T105580,01/07/2025,P0027,C00172,Central,12.0,9818.49,0.0,117821.88
T100283,2023-10-29,P0009,C00092,SOUTH ,7.0,11247.7,0.0,78733.9
T107893,2024-08-21,P0022,C00131,West,3.0,3102.81,0.1,8377.59
T106158,10/04/2023,P0037,C00186,North,7.0,8484.46,0.2,47512.98
T107969,07-Jul-2025,P0012,C00161,West,4.0,14484.04,0.0,57936.16
T102915,2025-12-15,P0019,C00078,West,1.0,6013.99,0.0,6013.99
T101813,08/15/2024,P0021,C00176,East,7.0,359.09,0.0,2513.63
T101271,10/12/2025,P0018,C00003,North,10.0,6437.51,0.05,61156.34
T104883,2025-04-14,P0007,C00132,Central,1.0,14423.4,0.0,14423.4
T108747,2024-12-06,P0038,C00068,north,6.0,5836.46,0.0,35018.76
T107485,21-Aug-2024,P0004,C00248,North,6.0,4999.13,0.0,29994.78
T106057,22/03/2023,P0005,C00042,Central,8.0,8621.09,0.1,62071.85
T102642,28/05/2023,P0019,C00050,East,5.0,6013.99,0.0,30069.95
T105403,02/08/2023,P0008,C00176,East,3.0,499.0,,1497.0
T104508,07/11/2024,P0005,C00190,North,6.0,8621.09,0.0,51726.54
T102305,09/02/2024,P0033,C00113,East,5.0,10082.29,0.0,50411.45
T105360,01/03/2024,P0019,C00052,East,3.0,6013.99,0.0,18041.97
T104195,2024-11-19,P0013,C00115,East,8.0,9164.46,0.0,73315.68
T104655,17/12/2024,P0004,C00205,North,11.0,4999.13,0.0,54990.43
T106705,15/04/2025,P0011,C00172,Central,2.0,8863.25,0.0,17726.5
T104168,03/22/2024,P0013,C00054,Central,3.0,9164.46,0.0,27493.38
T103849,14/02/2023,P0022,C00125,North,3.0,3102.81,0.1,8377.59
T108980,2023-10-01,P0012,C00228,South,5.0,14484.04,0.0,72420.2
T108850,11/13/2023,P0025,C00030,North,8.0,9148.51,0.0,73188.08
T107592,06/12/2025,P0005,C00064,North,13.0,8621.09,0.1,100866.75
T102414,20/02/2024,P0011,C00100,East,4.0,8863.25,0.2,28362.4
T103554,19/04/2025,P0037,C00025,South,4.0,8484.46,0.0,33937.84
T104691,2024-08-27,P0034,C00046,South,11.0,10038.95,0.0,110428.45
T104498,2024-11-03,P0005,C00161,West,7.0,8621.09,0.0,60347.63
T102195,29-Jul-2023,P0023,C00036,North,3.0,10713.43,0.0,32140.29
T102600,07-Jul-2024,P0022,C00156,South,2.0,3102.81,0.0,6205.62
T107051,28/12/2025,P0019,C00044,South,5.0,6013.99,,30069.95
T104314,06/25/2023,P0005,C00069,Central,4.0,8621.09,0.1,31035.92
T103366,07/20/2024,P0009,C00159,North,4.0,11247.7,0.0,"₹44,990.80"
T106328,11/27/2025,P0020,C00216,,5.0,4508.3,0.1,20287.35
T107346,12/11/2025,P0008,C00070,West,9.0,499.0,0.0,4491.0
T102633,05-Feb-2023,P0025,C00221,West,4.0,9148.51,0.05,34764.34
T106743,31-Oct-2024,P0017,C00236,East,7.0,382.2,0.0,2675.4
T102434,30-Jan-2023,P0019,C00029,East,1.0,6013.99,0.1,5412.59
T107038,19-Dec-2023,P0026,C00089,East,3.0,13905.57,0.2,33373.37
T105572,07/05/2023,P0007,C00087,,4.0,14423.4,0.0,57693.6
T105454,11/01/2025,P0012,C00162,north,1.0,14484.04,0.0,14484.04
T104520,30-Mar-2024,P0019,C00007,Central,3.0,6013.99,0.0,18041.97
T103545,2023-05-23,P0002,C00002,West,6.0,13910.88,0.0,83465.28
T104918,02-Jul-2023,P0030,C00034,East,2.0,6824.34,0.0,13648.68
T108743,11/08/2025,P0017,C00218,Central,7.0,382.2,0.0,2675.4
T100517,05/26/2025,P0027,C00237,Central,7.0,9818.49,0.0,68729.43
T105042,03/03/2023,P0027,C00169,Central,2.0,9818.49,0.0,19636.98
T105664,04-Apr-2025,P0025,C00233,West,2.0,9148.51,0.0,18297.02
T101415,06/01/2025,P0034,C00216,South,7.0,10038.95,0.0,70272.65
T104664,09/26/2025,P0036,C00107,East,4.0,4229.62,0.0,16918.48
T104456,2024-10-19,P0018,C00234, East,7.0,6437.51,0.0,45062.57
T108025,2024-10-27,P0018,C00059,North,4.0,6437.51,0.1,23175.04
T100127,06/13/2023,P0019,C00184,East,5.0,6013.99,0.0,30069.95
T103474,04-Oct-2024,P0004,C00062,South,7.0,4999.13,0.0,34993.91
T106568,09/16/2025,P0004,C00130,East,4.0,4999.13,0.15,16997.04
T104310,16/09/2023,P0007,C00047,Central,7.0,14423.4,0.05,95915.61
T102438,2024-05-09,P0022,C00197,South,4.0,3102.81,,12411.24
T103765,2023-11-03,P0034,C00121,East,1.0,10038.95,0.0,10038.95
T105459,2023-10-04,P0005,C00106,West,5.0,8621.09,0.0,43105.45
T105123,26-Jun-2023,P0024,C00143,South,5.0,11884.11,0.0,59420.55
T108907,09/02/2023,P0005,C00072,West,2.0,8621.09,0.1,15517.96
T101473,2023-08-07,P0016,C00080,North,4.0,2604.21,0.0,10416.84
T107015,30/09/2023,P0031,C00214,Central,1.0,1566.84,0.0,1566.84
T103560,2024-09-22,P0011,C00163,,2.0,8863.25,0.0,17726.5
T103951,03/08/2025,P0030,C00042,Central,7.0,6824.34,0.2,38216.3
T100049,2025-04-12,P0028,C00152,North,7.0,13737.15,0.0,96160.05
T108353,03/13/2024,P0011,C00008,South,2.0,8863.25,0.0,17726.5
T100887,24-Sep-2023,P0006,C00003,North,3.0,7884.39,0.0,23653.17
T102616,2023-03-01,P0006,C00127,SOUTH ,5.0,7884.39,0.15,33508.66
T100516,2024-01-22,P0027,C00106,West,4.0,9818.49,0.0,39273.96
T103168,12-Aug-2023,P0040,C00177,South,5.0,12756.37,0.0,63781.85
T102949,05/12/2024,P0012,C00148,North,8.0,14484.04,0.0,"₹115,872.32"
T101424,08-Apr-2024,P0034,C00065, East,2.0,10038.95,0.2,16062.32
T100139,15-Sep-2024,P0034,C00124,West,3.0,10038.95,0.0,30116.85
T101924,2024-04-02,P0040,C00040,North,5.0,12756.37,0.1,57403.67
T102378,19-Aug-2025,P0034,C00109,North,7.0,10038.95,0.0,70272.65
T103197,2025-06-07,P0034,C00248,North,4.0,10038.95,0.0,40155.8
T100112,21-Jan-2024,P0006,C00159,North,1.0,7884.39,0.0,7884.39
T104559,22/12/2023,P0011,C00051,East,7.0,8863.25,0.0,62042.75
T104595,17-Mar-2023,P0035,C00087,,2.0,8930.77,0.0,17861.54
T103250,2025-03-12,P0034,C00095,Central,1.0,10038.95,0.0,10038.95
T104690,02/02/2024,P0024,C00041,East,3.0,11884.11,0.0,"₹35,652.33"
T106098,14-May-2023,P0018,C00105,West,4.0,6437.51,0.0,25750.04
T107689,2024-06-09,P0014,C00028,Central,1.0,500.0,0.0,500.0
T104546,11/25/2023,P0016,C00241,South,8.0,2604.21,0.2,16666.94
T105623,01-Jul-2025,P0010,C00086,West,3.0,8164.43,0.0,24493.29
T103277,07/12/2023,P0035,C00002,West,4.0,8930.77,0.0,35723.08
T108731,20/10/2025,P0008,C00137,South,6.0,499.0,0.0,2994.0
T107720,21/07/2024,P0018,C00194,East,4.0,6437.51,0.1,23175.04
T108107,2024-07-02,P0023,C00120,West,6.0,10713.43,0.15,54638.49
T106945,2025-04-17,P0028,C00133,East,12.0,13737.15,0.0,164845.8
T107460,13/02/2023,P0005,C00007,Central,4.0,8621.09,0.15,29311.71
T106080,01/07/2023,P0038,C00004,East,7.0,5836.46,0.0,40855.22
T103222,2024-08-15,P0020,C00246,South,6.0,4508.3,0.0,27049.8
T108979,2025-08-31,P0030,C00160,South,4.0,6824.34,0.0,27297.36
T100451,21/04/2025,P0032,C00234, East,8.0,5656.65,0.0,45253.2
T103731,2024-09-26,P0006,C00063,North,3.0,7884.39,0.0,23653.17
T108121,02-Sep-2025,P0028,C00125,North,3.0,13737.15,0.0,41211.45
T107868,23-Oct-2024,P0034,C00143,South,9.0,10038.95,0.0,90350.55
T102763,02/20/2025,P0035,C00231,north,1.0,8930.77,0.0,8930.77
T100658,05/11/2025,P0011,C00103,West,1.0,8863.25,0.0,8863.25
T106325,08/10/2025,P0006,C00202,,7.0,7884.39,0.05,52431.19
T104620,12/17/2025,P0019,C00056,South,11.0,6013.99,0.0,"₹66,153.89"
T100999,11/03/2025,P0008,C00223,Central,1.0,499.0,0.1,449.1
T100389,03-Sep-2024,P0013,C00164,North,4.0,9164.46,0.0,36657.84
T103407,30-Sep-2024,P0015,C00007,Central,3.0,4549.66,0.15,11601.63
T101476,01/20/2023,P0035,C00106,West,4.0,8930.77,0.0,35723.08
T102240,2024-03-21,P0014,C00225,SOUTH ,4.0,500.0,0.0,2000.0
T102386,2024-10-19,P0040,C00230,East,1.0,,0.0,12756.37
T100992,2023-12-03,P0001,C00185,Central,10.0,6017.98,0.0,"₹60,179.80"
T103922,02/11/2023,P0011,C00086,West,5.0,8863.25,0.0,44316.25
T102972,19-Mar-2024,P0024,C00095,Central,3.0,11884.11,0.15,30304.48
T103386,21/10/2025,P0026,C00215,East,3.0,13905.57,0.0,41716.71
T105744,13/03/2023,P0024,C00148,North,4.0,11884.11,0.15,40405.97
T104769,31/01/2024,P0020,C00026,North,2.0,4508.3,0.0,9016.6
T101293,2025-01-23,P0026,C00170,West,2.0,13905.57,0.0,27811.14
T101824,27/08/2023,P0011,C00073,South,4.0,8863.25,0.0,35453.0
T102873,08/06/2025,P0039,C00158,East,-3.0,14579.92,0.15,37178.8
T104173,08-Oct-2023,P0029,C00180,Central,2.0,12773.07,0.0,25546.14
T102535,04-Aug-2024,P0040,C00094,SOUTH ,3.0,,0.0,38269.11
T108320,2023-06-09,P0002,C00097,West,4.0,13910.88,0.0,55643.52
T101907,11/25/2024,P0031,C00134,East,8.0,1566.84,0.15,10654.51
T108294,25/12/2024,P0038,C00138,Central,8.0,5836.46,0.0,46691.68
T100368,05/18/2023,P0028,C00113,East,3.0,13737.15,0.0,"₹41,211.45"
T101151,10/05/2023,P0031,C00204,Central,5.0,1566.84,0.0,7834.2
T106389,02/16/2023,P0018,C00030,North,2.0,6437.51,0.1,11587.52
T105250,2024-08-11,P0028,C00084,North,4.0,13737.15,0.05,52201.17
T108260,27-Nov-2024,P0033,C00001,West,10.0,10082.29,0.05,95781.76
T105363,02/25/2023,P0004,C00035,Central,1.0,4999.13,0.0,4999.13
T106194,2024-07-26,P0010,C00016,West,3.0,8164.43,0.0,24493.29
T104160,19/09/2025,P0013,C00241,South,2.0,9164.46,,18328.92
T104287,2025-04-02,P0023,C00101,East,8.0,10713.43,0.0,85707.44
T106409,30/04/2024,P0029,C00161,West,1.0,12773.07,0.0,12773.07
T106554,2023-06-09,P0040,C00213,South,5.0,12756.37,0.0,63781.85
T100174,11-Apr-2023,P0014,C00113,East,7.0,500.0,0.0,3500.0
T101903,30/07/2023,P0018,C00234, East,4.0,6437.51,0.05,24462.54
T101099,17/01/2023,P0032,C00228,South,3.0,5656.65,0.0,16969.95
T106680,01-Jul-2025,P0019,C00044,South,4.0,6013.99,,22853.16
T103408,24-Apr-2023,P0016,C00165,West,2.0,2604.21,0.05,4948.0
T101538,31-May-2023,P0016,C00170,West,2.0,2604.21,0.2,4166.74
T102292,11/04/2024,P0002,C00076,Central,8.0,13910.88,0.0,111287.04
T108477,2024-09-25,P0002,C00113,East,2.0,13910.88,0.1,25039.58
T101363,01/22/2025,P0011,C00168,North,4.0,8863.25,0.0,35453.0
T108916,27-Dec-2023,P0017,C00212,South,3.0,382.2,0.1,1031.94
T106481,19-Sep-2024,P0025,C00066,West,4.0,9148.51,0.0,36594.04
T108363,09/02/2024,P0016,C00061,West,1.0,2604.21,0.0,2604.21
T105822,12/31/2023,P0021,C00132,Central,4.0,359.09,0.0,1436.36
T100680,07/12/2024,P0013,C00110,East,7.0,9164.46,0.0,64151.22
T108492,28/08/2024,P0001,C00210,North,2.0,6017.98,0.0,12035.96
T106301,22-Oct-2024,P0032,C00097,West,7.0,5656.65,0.0,39596.55
T103664,2023-12-09,P0025,C00136,South,,9148.51,0.2,21956.42
T101661,01/27/2025,P0010,C00100,East,5.0,8164.43,0.0,40822.15
T100508,2024-07-12,P0032,C00192,Central,2.0,5656.65,0.15,9616.3
T100166,03/20/2023,P0031,C00212,South,2.0,1566.84,0.1,2820.31
T106933,07/16/2024,P0038,C00138,Central,2.0,5836.46,0.1,10505.63
T101006,11/19/2025,P0024,C00174,Central,11.0,11884.11,0.05,124188.95
T107128,05/14/2023,P0028,C00096,Central,5.0,13737.15,0.15,58382.89
T106786,23/03/2023,P0016,C00147,North,4.0,2604.21,0.1,9375.16
T103494,27/10/2024,P0007,C00231,north,1.0,14423.4,0.0,14423.4
T106922,18/03/2024,P0017,C00023,West,5.0,382.2,0.0,1911.0
T108889,10/22/2023,P0007,C00036,North,4.0,14423.4,0.0,"₹57,693.60"
T102536,27-Aug-2023,P0015,C00210,North,3.0,4549.66,0.0,13648.98
T101104,2025-01-09,P0015,C00199,Central,1.0,4549.66,0.0,4549.66
T103875,2023-02-18,P0040,C00247,North,2.0,12756.37,0.05,24237.1
T106192,05/09/2023,P0030,C00045,West,5.0,6824.34,0.0,34121.7
T101752,15/11/2024,P0006,C00145,North,17.0,7884.39,0.0,134034.63
T108391,2023-06-05,P0004,C00192,,9.0,4999.13,0.05,42742.56
T102916,21-Apr-2023,P0025,C00027,,1.0,9148.51,0.0,9148.51
T106639,23/08/2023,P0022,C00105,West,6.0,3102.81,0.0,18616.86
T100152,2023-05-09,P0032,C00016,West,1.0,5656.65,0.05,5373.82
T103907,09/30/2024,P0028,C00054,Central,5.0,13737.15,0.05,65251.46
T108323,30/06/2023,P0015,C00009,Central,3.0,4549.66,0.1,12284.08
T102552,22-Apr-2024,P0010,C00026,North,6.0,8164.43,0.0,48986.58
T102773,13-Sep-2024,P0039,C00248,North,4.0,14579.92,0.0,58319.68
T108210,06/20/2023,P0018,C00215,East,3.0,6437.51,0.0,19312.53
T103551,04/03/2023,P0033,C00216,South,3.0,10082.29,0.0,30246.87
T103722,26/01/2023,P0002,C00149,North,3.0,13910.88,0.0,"₹41,732.64"
T108168,2023-10-09,P0011,C00206,North,8.0,8863.25,0.0,70906.0
T107391,2023-01-15,P0010,C00240,South,2.0,8164.43,0.2,13063.09
T108171,20/09/2023,P0014,C00218,Central,1.0,500.0,0.0,500.0
T104538,19/10/2025,P0008,C00061,West,5.0,499.0,0.0,2495.0
T105589,09/10/2024,P0008,C00001,West,7.0,499.0,0.0,3493.0
T101822,03/03/2023,P0037,C00093,North,6.0,8484.46,0.0,50906.76
T104086,06/06/2024,P0020,C00074,East,6.0,4508.3,0.15,22992.33
T108676,11-Oct-2025,P0027,C00070,West,12.0,9818.49,0.0,117821.88
T107756,29-Sep-2024,P0020,C00183,South,4.0,4508.3,0.0,18033.2
T106039,2024-10-08,P0034,C00021,Central,9.0,10038.95,0.0,90350.55
T106380,06/25/2024,P0034,C00195,East,4.0,10038.95,0.0,40155.8
T100309,2023-08-15,P0038,C00038,West,3.0,5836.46,0.15,14882.97
T106364,08/20/2024,P0038,C00215,East,4.0,5836.46,0.05,22178.55
T106027,23-Aug-2024,P0013,C00154,West,3.0,9164.46,0.0,27493.38
T103599,14-Mar-2025,P0008,C00247,North,2.0,499.0,0.0,998.0
T103622,23-Sep-2023,P0032,C00179,North,2.0,5656.65,0.0,11313.3
T101460,18-Nov-2023,P0006,C00226,West,9.0,7884.39,0.1,63863.56
T103450,2025-01-04,P0011,C00037,South,3.0,8863.25,0.0,26589.75
T104591,14-Jan-2024,P0027,C00140,West,3.0,9818.49,0.0,29455.47
T100205,15-Apr-2025,P0013,C00083,South,7.0,9164.46,0.0,64151.22
T101135,12/18/2025,P0008,C00078,West,3.0,499.0,0.0,1497.0
T102749,2023-09-17,P0027,C00194,East,6.0,9818.49,0.0,58910.94
T103613,2023-05-15,P0017,C00059,North,5.0,382.2,0.0,1911.0
T100305,2023-05-12,P0025,C00100,east,6.0,9148.51,0.0,54891.06
T101849,2024-08-30,P0032,C00109,North,7.0,5656.65,0.0,39596.55
T107522,01/03/2023,P0018,C00223,Central,6.0,6437.51,0.0,38625.06
T101988,2024-05-08,P0002,C00181,South,3.0,13910.88,0.05,39646.01
T103240,07-Apr-2023,P0010,C00011,East,5.0,8164.43,0.15,34698.83
T102798,30-Dec-2024,P0011,C00206,North,6.0,8863.25,0.1,47861.55
T104515,2024-03-21,P0017,C00234, East,1.0,382.2,0.1,₹343.98
T108275,05/18/2023,P0016,C00109,North,7.0,,0.15,15495.05
T103109,05/24/2023,P0023,C00128,South,2.0,10713.43,0.0,21426.86
T104059,21/12/2023,P0035,C00052,East,6.0,8930.77,0.0,53584.62
T101987,2025-07-13,P0027,C00158,East,6.0,9818.49,0.0,58910.94
T106765,14-Dec-2024,P0031,C00204,Central,3.0,1566.84,0.1,4230.47
T100383,29/09/2024,P0037,C00193,East,4.0,8484.46,0.0,33937.84
T104307,24-Aug-2025,P0032,C00225,SOUTH ,2.0,5656.65,0.0,11313.3
T103388,2024-06-01,P0009,C00124,West,7.0,11247.7,0.0,78733.9
T108064,04/30/2025,P0021,C00139,South,4.0,359.09,0.15,1220.91
T102727,01-Dec-2025,P0037,C00187,North,13.0,8484.46,0.0,110297.98
T105226,2024-05-14,P0018,C00019,,6.0,6437.51,0.1,34762.55
T108759,08/14/2024,P0003,C00025,South,5.0,10949.99,0.0,54749.95
T107655,2025-04-08,P0017,C00130,East,4.0,382.2,0.2,1223.04
T105314,19/09/2024,P0005,C00002,West,4.0,8621.09,0.0,34484.36
T103832,23/01/2025,P0028,C00184,East,1.0,13737.15,0.0,13737.15
T107977,2023-07-21,P0011,C00006,,2.0,8863.25,0.0,17726.5
T104776,28/09/2023,P0038,C00192,Central,4.0,5836.46,0.0,23345.84
T104276,2025-03-15,P0006,C00238,West,3.0,7884.39,0.0,23653.17
T100253,23-Aug-2023,P0004,C00030,North,4.0,4999.13,0.0,19996.52
T108742,09/05/2025,P0003,C00249,West,9.0,10949.99,0.0,98549.91
T106009,03/09/2024,P0007,C00005,East,2.0,14423.4,0.0,28846.8
T100278,05/29/2024,P0033,C00204,Central,6.0,10082.29,0.0,60493.74
T103252,16-Apr-2024,P0014,C00138,Central,1.0,500.0,,475.0
T102480,13/03/2023,P0021,C00033,North,3.0,359.09,0.2,861.82
T100289,02-Nov-2025,P0002,C00157,Central,13.0,13910.88,0.05,171799.37
T105020,19/02/2024,P0035,C00112,South,1.0,8930.77,0.05,8484.23
T103075,06/02/2025,P0008,C00151,East,10.0,499.0,0.0,4990.0
T106672,2023-07-24,P0022,C00234, East,9.0,3102.81,0.0,27925.29
T108926,03/08/2024,P0015,C00112,South,4.0,4549.66,0.0,18198.64
T105283,17/11/2023,P0018,C00083,South,4.0,6437.51,0.0,25750.04
T106004,03/09/2024,P0013,C00189,North,5.0,9164.46,0.1,41240.07
T108859,04-Feb-2023,P0002,C00178,West,1.0,13910.88,0.0,13910.88
T107113,31/03/2025,P0010,C00165,West,3.0,8164.43,0.15,20819.3
T106778,04/17/2025,P0029,C00229,East,3.0,12773.07,0.0,38319.21
T106391,02-Mar-2024,P0024,C00014,Central,4.0,11884.11,0.0,47536.44
T100270,19/01/2023,P0012,C00209,East,1.0,14484.04,0.0,14484.04
T104570,05-Mar-2023,P0002,C00040,North,4.0,13910.88,0.0,55643.52
T106483,06/10/2024,P0030,C00055,South,4.0,6824.34,0.05,25932.49
T106593,2023-05-15,P0012,C00132,Central,1.0,14484.04,0.0,14484.04
T107249,06/04/2023,P0037,C00035,Central,6.0,8484.46,0.0,50906.76
T107814,10-Jun-2025,P0006,C00067,,2.0,7884.39,0.1,14191.9
T104207,16-Sep-2023,P0023,C00158,East,4.0,10713.43,0.2,34282.98
T103218,05/17/2024,P0001,C00083,South,3.0,6017.98,0.0,18053.94
T101391,2023-02-12,P0034,C00154,West,4.0,10038.95,0.0,40155.8
T103975,01/04/2025,P0026,C00176,East,3.0,13905.57,5.0,39630.87
T104316,27-Sep-2025,P0013,C00174,Central,4.0,9164.46,0.2,29326.27
T106358,08/14/2025,P0011,C00199,Central,6.0,8863.25,0.0,53179.5
T106050,25/04/2023,P0019,C00219,,1.0,6013.99,0.0,6013.99
T106128,2025-12-10,P0040,C00196,East,5.0,12756.37,0.0,63781.85
T100083,11/20/2024,P0016,C00243,West,12.0,2604.21,0.0,31250.52
T100873,10-Mar-2024,P0022,C00082,East,4.0,3102.81,0.1,"₹11,170.12"
T108756,30/09/2024,P0009,C00057,East,5.0,11247.7,0.15,47802.72
T106773,18/05/2025,P0035,C00079,South,7.0,8930.77,0.0,62515.39
T104557,2025-08-01,P0031,C00023,West,2.0,1566.84,0.15,2663.63
T104500,01/18/2023,P0001,C00141,South,3.0,6017.98,0.0,"₹18,053.94"
T104647,2023-03-10,P0009,C00047,Central,3.0,11247.7,,33743.1
T102038,18/11/2024,P0039,C00116,Central,5.0,14579.92,0.0,72899.6
T108839,11/01/2024,P0035,C00220,,1.0,8930.77,0.0,8930.77
T106636,17-May-2024,P0036,C00023,West,1.0,4229.62,0.0,4229.62
T102450,15-Nov-2024,P0023,C00169,Central,7.0,10713.43,0.05,71244.31
T103954,02-Oct-2024,P0007,C00159,North,7.0,14423.4,0.0,100963.8
T102329,11-Feb-2024,P0010,C00012,East,3.0,8164.43,0.05,23268.63
T108313,12/03/2024,P0022,C00159,North,11.0,3102.81,0.0,34130.91
T105812,2025-05-24,P0037,C00022,North,4.0,8484.46,0.0,33937.84
T108537,01/03/2024,P0009,C00112,South,1.0,,0.0,11247.7
T104746,10-May-2024,P0017,C00059,,8.0,382.2,0.0,3057.6
T108540,29-Mar-2024,P0032,C00143,South,5.0,5656.65,0.0,28283.25
T105351,2025-04-28,P0011,C00170,West,4.0,8863.25,0.1,31907.7
T105637,18/12/2025,P0025,C00032,North,7.0,9148.51,0.0,64039.57
T105246,11-Jul-2024,P0037,C00125,North,2.0,8484.46,0.1,15272.03
T106757,11/05/2024,P0017,C00126,West,5.0,382.2,0.0,1911.0
T101216,03/25/2024,P0021,C00031,South,3.0,359.09,0.15,915.68
T107677,02-Nov-2025,P0020,C00123,North,5.0,4508.3,0.0,22541.5
T105665,12/14/2025,P0030,C00156,South,5.0,6824.34,0.0,34121.7
T101064,10-Jan-2025,P0030,C00177,South,3.0,6824.34,0.0,20473.02
T103786,12/22/2025,P0015,C00023,,5.0,4549.66,0.0,22748.3
T104410,06/25/2024,P0001,C00133,East,,6017.98,0.0,18053.94
T105574,01/19/2023,P0010,C00178,West,1.0,8164.43,0.1,7347.99
T107906,22/03/2024,P0035,C00202,,6.0,8930.77,0.0,53584.62
T108277,16/12/2023,P0024,C00100,East,6.0,11884.11,0.0,71304.66
T103008,2023-01-28,P0028,C00246,South,4.0,13737.15,0.15,46706.31
T101105,2025-05-07,P0024,C00144,West,11.0,11884.11,0.0,130725.21
T105491,09/12/2024,P0025,C00103,West,5.0,9148.51,0.05,43455.42
T107407,13/10/2025,P0001,C00159,North,8.0,6017.98,0.0,48143.84
T100663,25/09/2023,P0037,C00102,Central,4.0,8484.46,0.0,33937.84
T104956,2025-01-02,P0031,C00247,North,1.0,,0.0,1566.84
T107607,21/02/2023,P0023,C00174,Central,1.0,10713.43,0.05,10177.76
T107265,14-Apr-2024,P0037,C00184,East,5.0,8484.46,0.0,42422.3
T104369,04/10/2023,P0027,C00028,Central,4.0,9818.49,,39273.96
T102765,2025-03-08,P0008,C00062,South,6.0,499.0,0.0,2994.0
T103929,2023-09-15,P0001,C00094,SOUTH ,3.0,6017.98,0.0,18053.94
T108101,04-Feb-2023,P0010,C00235,East,3.0,8164.43,0.2,19594.63
T107748,23-Aug-2024,P0006,C00107,East,5.0,7884.39,0.0,39421.95
T106198,24-Oct-2024,P0019,C00052,East,1.0,6013.99,0.0,6013.99
T105278,04-Jun-2023,P0015,C00045,West,7.0,4549.66,0.0,31847.62
T107832,06/11/2025,P0032,C00184,East,7.0,5656.65,0.0,39596.55
T102451,06/21/2025,P0016,C00068,north,8.0,2604.21,0.0,20833.68
T105146,01/08/2025,P0012,C00235,East,2.0,14484.04,0.0,28968.08
T105426,30/11/2024,P0024,C00219,West,3.0,11884.11,0.0,35652.33
T103824,29/06/2025,P0036,C00190,North,6.0,4229.62,0.0,25377.72
T108166,02-Dec-2024,P0003,C00046,South,3.0,10949.99,0.0,32849.97
T102652,31-Jan-2024,P0007,C00015,South,4.0,14423.4,0.0,57693.6
T108297,22/12/2024,P0028,C00183,South,13.0,13737.15,0.05,169653.8
T103743,2023-09-13,P0033,C00079,South,3.0,10082.29,0.0,"₹30,246.87"
T102176,27-Mar-2025,P0023,C00001,West,9.0,10713.43,0.1,86778.78
T108442,01/08/2025,P0032,C00240,South,4.0,5656.65,0.1,20363.94
T103318,06/15/2025,P0024,C00163,,3.0,11884.11,0.0,35652.33
T108718,03-May-2025,P0008,C00032,North,8.0,499.0,0.0,3992.0
T102787,2024-01-16,P0032,C00125,North,1.0,5656.65,0.2,4525.32
T104105,19/01/2025,P0017,C00159,North,2.0,382.2,0.0,764.4
T105247,04/23/2023,P0040,C00186,North,1.0,12756.37,0.05,12118.55
T101676,25-Jul-2023,P0009,C00226,West,6.0,11247.7,0.0,67486.2
T103947,16/12/2025,P0013,C00037,South,9.0,9164.46,0.2,65984.11
T107700,27-Aug-2023,P0010,C00219,West,4.0,8164.43,0.1,29391.95
T108449,10/10/2025,P0013,C00112,South,6.0,9164.46,0.2,43989.41
T105496,22-Dec-2023,P0028,C00165,West,1.0,13737.15,0.0,13737.15
T106401,2025-11-04,P0024,C00027,,11.0,11884.11,0.2,104580.17
T107909,02/17/2024,P0031,C00198,West,5.0,1566.84,0.2,6267.36
T102503,2025-12-30,P0004,C00197,South,13.0,4999.13,0.0,64988.69
T107268,10/16/2025,P0032,C00055,South,13.0,5656.65,0.2,58829.16
T102369,07-May-2025,P0023,C00210,North,9.0,10713.43,0.0,96420.87
T104967,26/08/2025,P0012,C00219,West,6.0,14484.04,0.0,86904.24
T102217,28/09/2025,P0036,C00208,Central,1.0,4229.62,0.0,4229.62
T102218,2025-07-04,P0019,C00220,,9.0,6013.99,0.0,54125.91
T103326,14-Sep-2025,P0035,C00117,West,4.0,8930.77,0.0,35723.08
T105960,08/05/2025,P0028,C00017, East,7.0,13737.15,0.0,4808002.5
T103583,11/26/2023,P0035,C00059,North,8.0,8930.77,0.0,71446.16
T107880,2025-11-15,P0028,C00141,South,7.0,13737.15,0.0,96160.05
T106750,2024-05-28,P0034,C00166,Central,,10038.95,0.0,60233.7
T106352,14-Aug-2023,P0031,C00242,East,1.0,1566.84,0.0,1566.84
T105306,30/11/2024,P0003,C00008,South,5.0,10949.99,0.0,54749.95
T107879,22-Dec-2023,P0014,C00064,North,6.0,500.0,0.0,3000.0
T100085,04/01/2024,P0015,C00013,Central,6.0,4549.66,0.0,27297.96
T102801,01/04/2024,P0020,C00010,South,6.0,4508.3,0.0,27049.8
T103671,01-Dec-2025,P0035,C00171,East,16.0,8930.77,0.05,135747.7
T103667,19/05/2023,P0019,C00242,East,3.0,6013.99,0.0,18041.97
T108930,07/08/2023,P0004,C00061,West,8.0,4999.13,0.1,35993.74
T104590,30-Sep-2024,P0009,C00165,West,1.0,11247.7,0.0,11247.7
T102019,01/18/2024,P0008,C00131,West,4.0,499.0,0.0,1996.0
T108206,2024-05-18,P0017,C00183,South,3.0,382.2,0.1,1031.94
T102525,15/04/2024,P0040,C00130,East,3.0,12756.37,0.0,38269.11
T106025,29/03/2023,P0014,C00134,East,3.0,500.0,0.0,1500.0
T105138,06/30/2023,P0007,C00049,East,1.0,14423.4,0.0,14423.4
T107772,13/05/2023,P0001,C00144,,6.0,6017.98,0.0,36107.88
T108535,05/11/2024,P0009,C00064,North,4.0,11247.7,0.2,35992.64
T105576,11-Aug-2023,P0021,C00124,West,2.0,359.09,0.0,718.18
T102895,2025-10-13,P0029,C00006,East,5.0,12773.07,0.2,51092.28
T107759,21-Oct-2023,P0020,C00177,South,5.0,4508.3,0.0,"₹22,541.50"
T104714,2025-10-14,P0013,C00250,north,5.0,9164.46,0.0,45822.3
T108388,2025-12-12,P0032,C00042,Central,9.0,5656.65,0.0,50909.85
T103425,18/10/2024,P0011,C00002,West,6.0,8863.25,0.0,53179.5
T108515,14-Nov-2024,P0040,C00028,Central,5.0,12756.37,0.0,63781.85
T108435,15/06/2025,P0036,C00072,West,3.0,4229.62,0.0,12688.86
T105473,2024-08-14,P0027,C00138,Central,8.0,9818.49,0.1,70693.13
T105095,21/11/2024,P0037,C00126,West,1.0,8484.46,0.15,7211.79
T105980,08/27/2023,P0013,C00071, East,4.0,9164.46,0.0,36657.84
T102001,2024-08-06,P0036,C00151,East,10.0,4229.62,0.0,42296.2
T107510,2025-10-20,P0031,C00201,West,10.0,1566.84,0.0,15668.4
T100869,06/27/2025,P0022,C00004,East,4.0,3102.81,0.0,"₹12,411.24"
T100356,05-Feb-2024,P0017,C00150,East,2.0,382.2,0.05,726.18
T106741,31/07/2023,P0039,C00037,South,5.0,14579.92,0.1,65609.64
T106349,2023-02-08,P0027,C00018,Central,2.0,9818.49,0.0,19636.98
T101275,03/04/2025,P0013,C00033,North,2.0,9164.46,0.05,17412.47
T101890,29-May-2024,P0037,C00203,West,6.0,8484.46,0.0,50906.76
T108397,05/07/2024,P0017,C00084,North,3.0,382.2,0.15,974.61
T105418,28/06/2024,P0003,C00068,north,3.0,10949.99,0.0,32849.97
T108364,09/23/2025,P0040,C00243,West,7.0,12756.37,0.2,71435.67
T103563,30-Dec-2023,P0007,C00039,North,3.0,14423.4,0.0,43270.2
T104958,19-Mar-2024,P0027,C00162,north,3.0,9818.49,0.0,29455.47
T106824,11-Feb-2023,P0016,C00189,North,1.0,2604.21,0.05,2474.0
T102380,25/05/2025,P0001,C00041,East,6.0,6017.98,0.0,36107.88
T103823,2024-11-27,P0023,C00134,East,8.0,10713.43,0.0,85707.44
T108259,04-Sep-2024,P0001,C00025,South,3.0,6017.98,0.0,18053.94
T107110,2024-08-06,P0003,C00043,,2.0,10949.99,0.05,20804.98
T103306,2023-05-02,P0019,C00018,Central,1.0,6013.99,0.0,6013.99
T107785,2024-11-20,P0037,C00013,Central,3.0,8484.46,,25453.38
T103499,24-Dec-2024,P0035,C00100,,10.0,8930.77,0.0,89307.7
T108465,11/01/2024,P0039,C00220,,3.0,14579.92,0.05,41552.77
T101116,02/24/2023,P0006,C00185,Central,1.0,7884.39,0.0,7884.39
T107821,15-Nov-2023,P0006,C00218,Central,6.0,7884.39,0.0,47306.34
T108997,11/24/2024,P0002,C00030,,7.0,13910.88,0.0,97376.16
T107822,23-Apr-2025,P0001,C00192,Central,4.0,6017.98,0.2,19257.54
T106489,2024-06-12,P0011,C00238,West,1.0,8863.25,0.0,8863.25
T106803,21-Nov-2025,P0012,C00168,North,11.0,14484.04,0.0,159324.44
T108292,2023-11-12,P0014,C00106,West,8.0,500.0,0.0,4000.0
T103645,04/21/2024,P0008,C00047,Central,6.0,499.0,0.2,2395.2
T102500,14/07/2025,P0021,C00118,Central,4.0,359.09,0.0,1436.36
T105371,04/11/2023,P0020,C00024,South,6.0,4508.3,0.0,27049.8
T102783,10/05/2025,P0023,C00194,East,1.0,,0.15,9106.42
T103809,2025-04-15,P0028,C00247,North,2.0,13737.15,0.0,27474.3
T105460,24-Dec-2025,P0016,C00184,East,3.0,2604.21,0.0,7812.63
T107579,2025-09-08,P0009,C00134,East,7.0,11247.7,0.0,78733.9
T106884,2025-10-20,P0009,C00197,South,3.0,11247.7,0.1,30368.79
T101696,27-Aug-2023,P0008,C00097,West,2.0,499.0,0.15,848.3
T106755,10-Feb-2025,P0027,C00099,North,2.0,9818.49,0.0,19636.98
T102052,20-Jul-2023,P0032,C00100,East,5.0,5656.65,0.0,28283.25
T101776,12/14/2023,P0007,C00221,West,3.0,14423.4,0.05,41106.69
T105746,12/21/2023,P0026,C00061,West,6.0,13905.57,0.0,83433.42
T103313,2025-03-30,P0002,C00007,Central,3.0,13910.88,0.2,33386.11
T104781,28-Feb-2023,P0040,C00136,South,3.0,12756.37,0.15,32528.74
T107235,03/15/2024,P0032,C00036,North,5.0,5656.65,0.0,28283.25
T106196,14-Apr-2024,P0020,C00219,West,7.0,4508.3,0.1,28402.29
T101592,14/09/2025,P0038,C00075,,3.0,5836.46,0.2,14007.5
T101723,29-Feb-2024,P0036,C00214,Central,1.0,4229.62,0.0,4229.62
T107867,2023-09-03,P0032,C00099,North,5.0,5656.65,0.0,"₹28,283.25"
T105259,21-Apr-2024,P0025,C00241,South,4.0,9148.51,0.0,36594.04
T106853,2025-10-14,P0025,C00017, East,3.0,9148.51,0.05,26073.25
T100490,2025-10-08,P0030,C00143,South,6.0,6824.34,0.15,34804.13
T108321,03/06/2023,P0011,C00202,,4.0,8863.25,0.2,28362.4
T103483,12/02/2024,P0020,C00167,East,3.0,4508.3,0.0,13524.9
T105102,30/08/2023,P0005,C00180,Central,2.0,8621.09,0.0,17242.18
T103431,04/15/2025,P0007,C00136,South,6.0,14423.4,0.2,69232.32
T106296,2024-09-28,P0023,C00019,Central,5.0,10713.43,0.05,50888.79
T106355,2025-11-12,P0031,C00185,Central,17.0,1566.84,0.0,26636.28
T100025,2023-12-08,P0029,C00090,SOUTH ,4.0,12773.07,0.0,51092.28
T103512,22-Oct-2024,P0011,C00121,East,3.0,8863.25,0.0,26589.75
T102409,2025-03-21,P0040,C00122,West,4.0,12756.37,0.2,40820.38
T103270,15-May-2025,P0036,C00110,East,4.0,4229.62,0.0,16918.48
T101552,12/04/2023,P0014,C00227,Central,3.0,500.0,,1350.0
T108378,28/07/2023,P0032,C00182,North,5.0,5656.65,0.2,22626.6
T107523,2024-07-13,P0032,C00243,West,4.0,5656.65,0.0,22626.6
T103871,2024-08-26,P0036,C00201,West,3.0,4229.62,0.0,12688.86
T103402,28/10/2024,P0025,C00132,Central,3.0,9148.51,0.0,27445.53
T104529,06/16/2025,P0015,C00050,East,7.0,4549.66,0.1,28662.86
T100979,22-Oct-2023,P0036,C00033,North,4.0,4229.62,0.0,16918.48
T102655,13/11/2023,P0011,C00013,Central,6.0,8863.25,0.0,53179.5
T101847,06/11/2025,P0015,C00105,West,2.0,4549.66,0.0,9099.32
T106564,16-Jun-2025,P0038,C00128,South,1.0,5836.46,0.2,4669.17
T107828,03/02/2023,P0008,C00195,East,4.0,499.0,0.05,1896.2
T105896,30-Jul-2023,P0031,C00133,East,4.0,1566.84,0.0,6267.36
T107476,2024-06-18,P0033,C00147,North,2.0,10082.29,0.0,20164.58
T107951,15-Sep-2024,P0029,C00094,SOUTH ,3.0,12773.07,0.0,38319.21
T101102,2023-06-20,P0006,C00031,South,5.0,7884.39,0.0,39421.95
T103276,14/04/2024,P0021,C00193,East,4.0,359.09,0.0,"₹1,436.36"
T106084,09/07/2024,P0014,C00201,West,3.0,500.0,0.0,1500.0
T107468,02-Oct-2023,P0005,C00053,West,4.0,8621.09,0.15,29311.71
T107006,2024-02-03,P0013,C00043,West,7.0,9164.46,0.0,"₹64,151.22"
T103996,11/08/2024,P0002,C00077,South,3.0,13910.88,0.0,41732.64
T100194,2024-06-03,P0028,C00219,West,6.0,13737.15,0.15,70059.46
T104711,08/10/2023,P0038,C00083,South,9.0,5836.46,0.2,2101125.5
T100643,13-Oct-2023,P0036,C00029,East,8.0,4229.62,0.0,33836.96
T103285,04-Jun-2024,P0037,C00013,Central,6.0,8484.46,0.1,45816.08
T103116,07/02/2023,P0021,C00159,North,6.0,359.09,0.05,2046.81
T103575,2025-05-15,P0021,C00225,SOUTH ,8.0,359.09,0.0,2872.72
T108217,03-Jan-2024,P0016,C00188,North,5.0,2604.21,0.0,13021.05
T104320,06-Nov-2024,P0011,C00048,South,10.0,8863.25,0.0,88632.5
T104462,2023-10-05,p0017 ,C00006,East,1.0,382.2,0.1,343.98
T102207,30-Jun-2025,P0017,C00187,North,7.0,382.2,,2675.4
T104552,08/22/2025,P0010,C00249,West,7.0,8164.43,0.0,57151.01
T106029,02/08/2023,P0039,C00028,,3.0,14579.92,0.0,43739.76
T103718,10-Dec-2024,P0014,C00148,North,8.0,500.0,0.05,3800.0
T100972,11-Jun-2023,P0037,C00216,South,3.0,8484.46,0.1,22908.04
T107519,03/01/2025,P0019,C00157,Central,2.0,6013.99,0.0,12027.98
T100719,08/07/2024,P0034,C00247,North,5.0,10038.95,0.1,45175.28
T108598,2024-01-13,P0037,C00010,South,2.0,8484.46,0.15,14423.58
T103896,30/04/2024,P0024,C00082,East,4.0,11884.11,0.0,47536.44
T102803,2023-10-18,P0004,C00229,East,1.0,4999.13,0.0,4999.13
T102566,15/07/2025,P0038,C00111,North,6.0,5836.46,0.05,33267.82
T104025,11/22/2023,P0029,C00126,West,6.0,12773.07,0.05,72806.5
T100032,2024-08-16,P0040,C00190,North,2.0,12756.37,0.15,21685.83
T106952,03/21/2023,P0015,C00244,South,3.0,4549.66,0.0,13648.98
T107904,10/15/2025,P0021,C00241,South,8.0,359.09,,2585.45
T104063,30/03/2025,P0035,C00140,West,2.0,8930.77,0.0,17861.54
T108111,04/21/2023,P0001,C00092,SOUTH ,5.0,6017.98,0.0,30089.9
T101697,24/07/2023,P0032,C00066,West,1.0,5656.65,0.1,5090.98
T102792,06/08/2025,P0005,C00078,West,4.0,8621.09,0.0,34484.36
T102222,2024-04-08,P0039,C00072,West,1.0,14579.92,0.0,14579.92
T103764,2025-02-06,P0026,C00043,West,4.0,13905.57,0.0,55622.28
T103866,19-Aug-2023,P0035,C00079,South,3.0,8930.77,0.0,26792.31
T107608,04/26/2023,P0004,C00210,North,5.0,4999.13,0.0,24995.65
T108092,14/05/2023,P0021,C00228,South,,359.09,0.0,1436.36
T105505,2023-12-16,P0039,C00037,South,9.0,14579.92,,111536.39
T106397,09/09/2025,P0014,C00079,South,9.0,500.0,0.2,3600.0
T103758,12/08/2024,P0029,C00023,West,7.0,12773.07,0.0,89411.49
T106711,13/09/2025,P0002,C00133,East,3.0,13910.88,0.05,"₹39,646.01"
T103227,29-Mar-2025,P0035,C00162,north,7.0,8930.77,0.0,62515.39
T106432,29-Oct-2025,P0037,C00101,East,5.0,8484.46,0.05,40301.18
T107750,2023-10-20,P0019,C00198,West,4.0,6013.99,0.0,24055.96
T103904,04/10/2023,P0040,C00191,South,4.0,12756.37,0.0,51025.48
T102277,01/21/2025,P0009,C00207,Central,,11247.7,0.0,11247.7
T105617,09/08/2025,P0037,C00069,Central,2.0,8484.46,0.0,16968.92
T101401,07/06/2025,P0005,C00038,West,8.0,,0.0,68968.72
T100739,2023-05-07,P0031,C00013,Central,4.0,1566.84,0.05,5953.99
T104266,08-Mar-2023,P0031,C00205,North,3.0,1566.84,0.0,4700.52
T108991,28-Apr-2024,P0029,C00068,north,3.0,12773.07,0.1,34487.29
T106054,07/10/2025,P0002,C00192,Central,3.0,13910.88,0.0,41732.64
T106147,07/08/2023,P0031,C00199,Central,4.0,1566.84,0.2,5013.89
T103851,03-Mar-2023,P0004,C00129,Central,1.0,4999.13,0.0,4999.13
T107548,04/20/2025,P0022,C00097,West,3.0,3102.81,0.0,9308.43
T106760,05/17/2024,P0009,C00037,South,6.0,11247.7,0.0,67486.2
T105361,2023-01-26,P0020,C00079,South,2.0,4508.3,0.0,9016.6
T105647,2024-08-28,P0015,C00154,West,4.0,4549.66,0.0,18198.64
T100674,24-Dec-2025,P0013,C00013,Central,13.0,9164.46,0.15,101267.28
T105849,09/01/2023,P0024,C00054,Central,4.0,11884.11,0.1,42782.8
T106950,12/28/2024,P0007,C00159,North,5.0,14423.4,0.1,64905.3
T103841,11/06/2024,P0027,C00153,Central,5.0,9818.49,0.1,44183.2
T101815,2024-01-31,P0018,C00153,Central,4.0,6437.51,0.0,25750.04
T107003,2024-08-15,P0028,C00170,West,6.0,13737.15,0.0,82422.9
T108972,15-Sep-2023,P0007,C00113,East,7.0,14423.4,0.0,100963.8
T108382,04/09/2024,P0023,C00072,West,6.0,10713.43,0.0,64280.58
T104653,02/06/2025,P0009,C00214,Central,6.0,11247.7,0.0,67486.2
T106026,12/13/2024,P0016,C00015,South,6.0,2604.21,0.0,15625.26
T102100,2024-01-18,P0028,C00132,Central,5.0,13737.15,0.05,65251.46
T106550,30-Jun-2024,P0025,C00187,North,5.0,9148.51,0.1,41168.3
T101673,20-Jul-2025,P0005,C00008,,4.0,8621.09,0.2,27587.49
T102101,2024-01-23,P0021,C00091,Central,3.0,359.09,0.0,1077.27
T104213,27-Jul-2023,P0005,C00038,West,2.0,8621.09,0.0,17242.18
T108274,15-Jul-2025,P0025,C00170,West,6.0,9148.51,0.0,54891.06
T101548,03/02/2023,P0007,C00032,North,2.0,14423.4,0.05,27404.46
T105286,11/11/2025,P0040,C00233,West,7.0,12756.37,0.0,89294.59
T103323,13/12/2025,P0002,C00120,West,7.0,13910.88,0.0,97376.16
T105983,2024-02-14,P0003,C00190,North,7.0,10949.99,0.2,61319.94
T100355,06/10/2023,P0002,C00006,East,3.0,13910.88,0.15,35472.74
T105184,01/16/2023,P0008,C00020,North,4.0,499.0,0.0,1996.0
T101461,01-Jun-2024,P0015,C00168,North,4.0,4549.66,0.2,"₹14,558.91"
T108341,04/01/2023,P0037,C00208,Central,2.0,8484.46,0.0,16968.92
T108558,30/06/2024,P0018,C00049,East,2.0,6437.51,0.0,12875.02
T103220,19-Aug-2024,P0006,C00110,East,4.0,7884.39,0.1,28383.8
T107188,2025-01-24,P0035,C00165,West,5.0,8930.77,0.0,44653.85
T105147,11/13/2024,P0014,C00195,East,7.0,500.0,0.0,3500.0
T106495,2025-04-09,P0025,C00099,North,6.0,9148.51,0.0,54891.06
T101751,2025-12-08,P0030,C00119,South,5.0,6824.34,0.2,27297.36
T106599,2025-07-01,P0009,C00057,East,4.0,11247.7,0.0,44990.8
T106261,16-Dec-2023,P0003,C00022,North,4.0,10949.99,0.0,43799.96
T101772,06/16/2025,P0002,C00226,West,6.0,13910.88,0.2,66772.22
T101196,09/29/2023,P0037,C00062,,4.0,8484.46,0.15,28847.16
T101878,2024-05-13,P0008,C00132,central,2.0,499.0,0.0,998.0
T102668,05/14/2025,P0018,C00056,South,4.0,6437.51,0.0,25750.04
T103171,09/02/2024,P0025,C00114,South,5.0,9148.51,0.0,45742.55
T102016,05/02/2023,P0005,C00199,Central  ,3.0,8621.09,0.0,25863.27
T102005,2023-04-20,P0039,C00206,North,7.0,14579.92,0.2,81647.55
T106883,21-Mar-2024,P0038,C00038,West,1.0,5836.46,0.0,5836.46
T103893,03/21/2023,P0020,C00075,,5.0,4508.3,0.15,19160.27
T103237,2023-11-23,P0003,C00193,East,9.0,10949.99,0.0,98549.91
T104424,01/12/2025,P0019,C00205,North,6.0,6013.99,,36083.94
T104744,2023-08-20,P0021,C00246,South,1.0,359.09,0.0,359.09
T102078,27/01/2025,P0022,C00189,North,2.0,3102.81,0.05,5895.34
T105219,2025-09-23,P0014,C00074,East,7.0,500.0,0.0,3500.0
T100396,07/14/2025,P0035,C00076,,6.0,8930.77,0.0,53584.62
T102788,2025-01-11,P0007,C00002,West,1.0,14423.4,0.0,14423.4
T104211,06/08/2024,P0019,C00137,South,2.0,6013.99,0.1,10825.18
T105362,2024-01-20,P0026,C00183,South,3.0,13905.57,0.05,39630.87
T104072,28-Dec-2024,P0037,C00001,West,8.0,8484.46,0.2,54300.54
T107061,10/23/2024,P0026,C00062,South,15.0,13905.57,0.0,208583.55
T108667,04/03/2023,P0021,C00063,North,7.0,359.09,0.2,2010.9
T105965,17/03/2024,P0024,C00229,East,3.0,11884.11,0.0,35652.33
T101519,18/10/2024,P0019,C00225,SOUTH ,6.0,6013.99,0.05,34279.74
T106746,06-Oct-2023,P0013,C00081,West,9.0,9164.46,0.0,82480.14
T101378,2024-08-04,P0028,C00072,West,3.0,13737.15,0.0,41211.45
T101023,07/06/2025,P0030,C00201,West,2.0,6824.34,0.0,13648.68
T102587,05/03/2025,P0007,C00237,Central,11.0,14423.4,0.2,126925.92
T108127,03/10/2023,P0016,C00059,North,2.0,2604.21,0.0,5208.42
T105008,31/03/2023,P0037,C00232,West,3.0,8484.46,0.0,25453.38
T102857,05/14/2023,P0013,C00002,West,5.0,9164.46,0.0,45822.3
T106850,2025-04-13,P0019,C00243,West,7.0,6013.99,0.0,42097.93
T105903,11/11/2024,P0006,C00236,East,8.0,7884.39,0.2,50460.1
T101629,30/05/2025,P0005,C00041,East,4.0,8621.09,0.0,34484.36
T104888,02/07/2024,P0039,C00004,East,1.0,14579.92,0.0,14579.92
T104526,08/09/2023,P0027,C00014,Central,2.0,9818.49,0.0,19636.98
T103523,03/19/2023,P0006,C00168,North,3.0,7884.39,0.0,23653.17
T106414,19/10/2023,P0001,C00077,South,1.0,6017.98,0.15,5115.28
T103607,08/24/2023,P0020,C00199,Central,2.0,4508.3,0.05,8565.77
T108589,07/01/2024,P0020,C00078,West,,4508.3,0.0,27049.8
T105220,2025-07-10,P0003,C00051,East,11.0,10949.99,0.0,120449.89
T100234,04/23/2023,P0008,C00054,Central,9.0,499.0,0.0,4491.0
T106392,07/29/2023,P0033,C00161,West,5.0,10082.29,0.1,45370.31
T103796,15/05/2025,P0015,C00007,Central,4.0,4549.66,0.05,17288.71
T104118,10/11/2024,P0032,C00164,North,3.0,5656.65,0.0,16969.95
T105001,01/10/2024,P0010,C00153,Central,9.0,8164.43,0.0,73479.87
T103800,09/08/2023,P0012,C00191,South,1.0,14484.04,0.0,14484.04
T106216,16-Oct-2023,P0013,C00011,East,4.0,9164.46,0.15,31159.16
T107405,15/04/2023,P0008,C00170,West,5.0,499.0,,2495.0
T105024,13/01/2025,P0006,C00069,Central,4.0,7884.39,0.15,26806.93
T101948,08/30/2025,P0018,C00058,East,6.0,6437.51,0.0,38625.06
T100470,15/06/2024,P0024,C00050,East,4.0,11884.11,0.0,47536.44
T107487,29-Nov-2023,P0023,C00096,Central,9.0,10713.43,0.0,96420.87
T103492,30-Dec-2025,P0031,C00168,North,1.0,1566.84,0.0,"₹1,566.84"
T102671,03/24/2023,P0008,C00150,East,,499.0,0.0,3493.0
T108935,24-Nov-2023,P0033,C00001,West,6.0,10082.29,0.0,60493.74
T102224,04/04/2024,P0026,C00195,East,5.0,13905.57,0.0,69527.85
T101106,08/18/2023,P0012,C00041,East,1.0,14484.04,0.1,13035.64
T102188,04/11/2023,P0022,C00154,West,6.0,3102.81,0.0,18616.86
T100818,2025-07-18,P0017,C00134,East,,382.2,0.0,2293.2
T104523,14-Oct-2024,P0011,C00005,East,10.0,8863.25,0.0,88632.5
T108450,2025-12-27,P0025,C00200,North,11.0,9148.51,0.0,100633.61
T107745,24/04/2024,P0004,C00115,East,4.0,4999.13,,19996.52
T108037,09/01/2025,P0035,C00209,East,3.0,8930.77,0.0,26792.31
T108564,02/07/2025,P0007,C00233,West,2.0,14423.4,0.15,24519.78
T105705,2025-12-11,P0038,C00064,North,3.0,5836.46,0.15,14882.97
T100888,2023-09-03,P0029,C00056,South,4.0,12773.07,,51092.28
T102437,03/01/2024,P0039,C00147,North,2.0,14579.92,0.1,26243.86
T100817,11/21/2023,P0001,C00119,South,1.0,6017.98,,6017.98
T107354,30-Sep-2025,P0034,C00042,Central,6.0,10038.95,0.0,60233.7
T103414,15/12/2024,P0014,C00092,SOUTH ,5.0,500.0,0.15,2125.0
T102341,21-Jun-2025,P0034,C00038,West,6.0,10038.95,0.15,51198.64
T108223,2024-11-29,P0004,C00199,Central,7.0,4999.13,0.0,"₹34,993.91"
T103167,28/07/2023,P0029,C00201,West,2.0,12773.07,0.05,24268.83
T107430,15-Sep-2025,P0004,C00049,East,8.0,4999.13,0.1,35993.74
T106621,2024-05-16,P0040,C00019,Central,,12756.37,0.0,127563.7
T101264,24-Apr-2023,P0024,C00188,North,3.0,11884.11,0.0,35652.33
T105086,08/26/2024,P0034,C00210,North,1.0,10038.95,0.0,10038.95
T105194,11/22/2023,P0012,C00190,North,8.0,14484.04,0.1,104285.09
T104449,2023-07-07,P0025,C00120,West,4.0,9148.51,0.1,32934.64
T104945,23/08/2023,P0030,C00135,North,7.0,6824.34,0.05,"₹45,381.86"
T104045,2023-11-20,P0010,C00053,West,9.0,8164.43,0.1,66131.88
T107262,25/09/2025,P0023,C00191,South,1.0,10713.43,0.2,8570.74
T107087,03-Aug-2024,P0007,C00040,North,10.0,14423.4,0.1,129810.6
T101228,03/04/2023,P0006,C00098,East,4.0,7884.39,0.0,31537.56
T106332,03-Jul-2024,P0011,C00247,,8.0,8863.25,0.0,70906.0
T100761,16/02/2024,P0039,C00172,Central,6.0,14579.92,0.0,87479.52
T105141,2023-10-30,P0033,C00062,South,12.0,10082.29,0.0,120987.48
T100052,26/08/2023,P0040,C00220,,5.0,12756.37,0.0,63781.85
T106536,10/07/2025,P0001,C00233,West,4.0,,0.0,24071.92
T107106,20-Nov-2025,P0018,C00238,West,9.0,6437.51,0.0,57937.59
T100159,15/12/2024,P0004,C00060,,5.0,4999.13,0.0,24995.65
T106219,07/05/2025,P0007,C00011,East,4.0,14423.4,0.0,57693.6
T101587,09/13/2023,P0032,C00031,South,6.0,5656.65,0.1,30545.91
T101589,2025-05-24,P0020,C00148,North,3.0,4508.3,0.15,11496.16
T105828,17/12/2023,P0008,C00179,North,6.0,499.0,0.2,2395.2
T105441,04/08/2024,P0006,C00066,West,4.0,7884.39,0.05,29960.68
T106339,26/11/2024,P0026,C00064,North,10.0,13905.57,0.05,132102.92
T103858,2024-03-03,P0011,C00147,North,5.0,8863.25,,39884.62
T108034,2024-05-26,P0008,C00156,South,4.0,499.0,0.0,1996.0
T105520,27/05/2025,P0006,C00034,East,4.0,7884.39,0.0,31537.56
T102828,21/08/2024,P0024,C00196,East,3.0,11884.11,0.0,35652.33
T100436,23-Nov-2023,P0004,C00141,South,3.0,4999.13,0.05,14247.52
T108095,13/05/2025,P0018,C00089,East,7.0,6437.51,0.0,45062.57
T103878,27/11/2024,P0019,C00043,West,5.0,6013.99,0.05,28566.45
T101588,15-May-2023,P0005,C00150,,5.0,8621.09,0.0,43105.45
T102780,20-May-2024,P0031,C00208,Central,10.0,1566.84,0.05,14884.98
T108795,2024-10-31,P0007,C00047,Central,7.0,14423.4,0.0,100963.8
T107416,30/04/2024,P0005,C00055,South,3.0,8621.09,0.2,20690.62
T107395,12/04/2025,P0034,C00152,North,9.0,10038.95,0.0,90350.55
T104727,2023-09-16,P0007,C00020,North,5.0,14423.4,0.0,72117.0
T100973,2023-11-18,P0011,C00014,Central,4.0,8863.25,0.0,35453.0
T101238,03/31/2024,P0022,C00071, east,5.0,3102.81,0.1,13962.64
T102951,27/07/2025,P0013,C00163,,2.0,9164.46,0.0,18328.92
T102342,2024-01-19,P0020,C00136,South,1.0,4508.3,0.0,4508.3
T108228,07/11/2025,P0013,C00058,East,3.0,9164.46,0.0,27493.38
T102158,06/09/2024,P0027,C00144,West,1.0,9818.49,0.0,9818.49
T105436,29-Oct-2025,P0009,C00216,South,3.0,11247.7,0.05,32055.95
T101497,03/31/2025,P0012,C00147,North,4.0,,0.0,57936.16
T104545,06/09/2024,P0012,C00220,,2.0,14484.04,0.0,28968.08
T104257,22/05/2025,P0028,C00182,North,7.0,13737.15,0.05,91352.05
T102422,2025-09-28,P0029,C00187,North,8.0,12773.07,0.0,102184.56
T105185,15/03/2025,P0010,C00188,North,2.0,8164.43,0.2,13063.09
T100357,17-Jul-2023,P0039,C00011,East,4.0,14579.92,0.0,58319.68
T105242,2023-10-02,P0026,C00190,North,7.0,13905.57,0.2,77871.19
T108509,07/10/2023,P0039,C00094,SOUTH ,5.0,14579.92,0.1,65609.64
T108419,04/19/2024,P0036,C00122,West,8.0,4229.62,0.0,33836.96
T102092,29/11/2024,P0019,C00167,East,3.0,6013.99,0.0,18041.97
T102015,02-Nov-2025,P0026,C00081,West,1.0,13905.57,0.1,12515.01
T108251,25-Apr-2023,P0006,C00218,Central,1.0,7884.39,0.0,7884.39
T107333,11/13/2023,P0040,C00078,West,6.0,12756.37,0.0,76538.22
T100187,03-Feb-2024,P0018,C00148,North,6.0,6437.51,0.0,38625.06
T107458,13-Oct-2024,P0008,C00229,East,3.0,499.0,0.0,1497.0
T103655,2024-03-10,P0004,C00212,South,1.0,4999.13,0.0,4999.13
T103426,2024-12-28,P0007,C00210,North,8.0,14423.4,0.0,115387.2
T105930,2025-04-11,P0007,C00160,South,9.0,14423.4,0.0,129810.6
T101381,07/14/2024,P0014,C00038,West,6.0,500.0,0.0,3000.0
T106146,23-Aug-2024,P0029,C00158,East,2.0,12773.07,0.0,25546.14
T100413,29/12/2025,P0008,C00237,Central,9.0,499.0,0.05,4266.45
T105037,29-Oct-2024,P0028,C00103,West,4.0,13737.15,,46706.31
T104897,2025-03-03,P0029,C00150,East,3.0,12773.07,0.05,36403.25
T103336,08/12/2024,P0034,C00101,East,3.0,10038.95,0.05,28611.01
T103606,2025-05-03,P0026,C00135,North,1.0,13905.57,0.05,13210.29
T103175,10/06/2025,P0029,C00042,Central,3.0,12773.07,0.1,34487.29
T107327,08/07/2024,P0040,C00031,South,,12756.37,0.0,63781.85
T108852,17-Sep-2024,P0030,C00083,South,4.0,6824.34,0.0,27297.36
T106427,05-Dec-2023,P0013,C00233,West,9.0,9164.46,0.0,82480.14
T100256,08-Feb-2025,P0025,C00179,North,6.0,9148.51,0.0,54891.06
T105825,2023-05-11,P0021,C00239,East,2.0,359.09,0.0,718.18
T100200,2023-11-25,P0010,C00070,West,11.0,8164.43,0.0,89808.73
T102235,31/10/2024,P0015,C00099,North,7.0,4549.66,0.1,28662.86
T104743,2023-09-30,P0035,C00112,South,7.0,8930.77,0.0,62515.39
T101767,07/27/2024,P0029,C00045,West,5.0,12773.07,0.2,51092.28
T104236,06/04/2025,P0040,C00047,Central,4.0,12756.37,0.0,"₹51,025.48"
T107197,06/02/2025,P0001,C00036,North,2.0,6017.98,0.0,12035.96
T101572,02-Jul-2024,P0027,C00134,East,1.0,9818.49,0.0,"₹9,818.49"
T100024,23/05/2023,P0012,C00157,Central,4.0,14484.04,0.0,57936.16
T107946,04/09/2023,P0028,C00049,East,5.0,13737.15,0.0,68685.75
T101088,2023-02-23,P0013,C00048,South,5.0,9164.46,0.0,45822.3
T104674,18-Jun-2023,P0040,C00141,South,2.0,12756.37,0.0,25512.74
T102694,08-Jan-2023,P0007,C00239,East,1.0,14423.4,0.0,14423.4
T106248,2025-03-20,P0004,C00145,North,1.0,4999.13,0.0,4999.13
T103398,2024-12-20,P0031,C00139,South,5.0,1566.84,0.0,7834.2
T103559,30/06/2024,P0014,C00203,West,6.0,500.0,0.0,3000.0
T108342,05/23/2024,P0013,C00010,South,5.0,9164.46,0.05,43531.18
T102841,01/16/2025,P0014,C00062,South,4.0,500.0,0.0,2000.0
T102311,2023-06-15,P0020,C00235,East,4.0,4508.3,0.05,"₹17,131.54"
T107542,25-Jun-2025,P0032,C00244,South,4.0,5656.65,0.2,18101.28
T103234,08/09/2023,P0028,C00148,North,4.0,13737.15,0.0,54948.6
T104152,10-Feb-2025,P0031,C00025,South,5.0,,0.2,6267.36
T101309,10/24/2025,P0025,C00017, East,6.0,9148.51,0.0,54891.06
T100695,17-Mar-2023,P0028,C00139,South,8.0,13737.15,0.0,109897.2
T105503,2023-02-12,P0014,C00232,West,4.0,500.0,0.1,1800.0
T103752,04/26/2024,P0003,C00215,East,3.0,10949.99,0.0,32849.97
T101227,23/01/2025,P0012,C00117,West,3.0,14484.04,0.1,39106.91
T101999,21-Feb-2025,P0030,C00241,South,6.0,6824.34,0.0,40946.04
T100276,2023-12-28,P0026,C00085,Central,10.0,13905.57,0.0,139055.7
T106603,10/24/2025,P0020,C00183,South,10.0,4508.3,0.2,36066.4
T105841,11/07/2023,P0035,C00129,Central,5.0,8930.77,0.0,44653.85
T107963,2025-05-07,P0013,C00154,West,2.0,9164.46,0.0,18328.92
T103637,25/01/2023,P0037,C00158,East,2.0,8484.46,0.0,16968.92
T106811,11/10/2025,P0009,C00063,North,7.0,11247.7,0.0,78733.9
T104778,23/01/2024,P0024,C00013,Central,2.0,11884.11,0.0,23768.22
T108843,24/10/2023,P0021,C00193,East,2.0,359.09,0.05,682.27
T104117,11/04/2025,P0007,C00186,North,7.0,14423.4,,95915.61
T105799,23/05/2025,P0019,C00046,South,3.0,6013.99,0.0,18041.97
T101137,07-Sep-2024,P0009,C00118,Central,3.0,11247.7,0.0,33743.1
T102767,30-Sep-2023,P0023,C00227,Central,3.0,10713.43,0.1,28926.26
T106747,26-Mar-2025,P0010,C00229,East,8.0,8164.43,0.0,65315.44
T106351,12/15/2025,P0006,C00104,South,9.0,7884.39,0.1,63863.56
T100942,19/01/2023,P0020,C00138,Central,3.0,4508.3,0.05,12848.66
T106314,29-Apr-2025,P0019,C00090,SOUTH ,1.0,6013.99,0.0,6013.99
T108102,12-Jul-2024,P0035,C00176,East,5.0,8930.77,0.0,44653.85
T104935,17/05/2023,P0037,C00078,West,4.0,8484.46,0.0,"₹33,937.84"
T103935,27-Feb-2024,P0031,C00012,East,7.0,1566.84,0.2,8774.3
T105740,07/31/2025,P0026,C00095,Central,8.0,13905.57,0.0,111244.56
T102384,02/09/2025,P0032,C00125,North,6.0,5656.65,0.0,33939.9
T100115,01/11/2025,P0009,C00143,South,1.0,11247.7,0.0,"₹11,247.70"
T107034,2023-11-26,P0024,C00156,South,9.0,11884.11,0.0,106956.99
T102250,07/06/2025,P0017,C00203,West,7.0,382.2,0.0,2675.4
T103119,19-May-2025,P0010,C00132,Central,6.0,8164.43,0.0,48986.58
T104258,10/10/2023,P0014,C00131,West,2.0,500.0,0.0,1000.0
T105533,06/14/2024,P0016,C00060,,6.0,2604.21,0.0,15625.26
T108426,13/08/2024,P0036,C00220,,4.0,4229.62,0.0,16918.48
T102819,2023-04-18,P0028,C00075,,5.0,13737.15,0.0,68685.75
T103822,18-Apr-2024,P0034,C00184,,7.0,10038.95,0.1,63245.39
T108280,09/28/2025,P0004,C00130,East,3.0,4999.13,0.0,14997.39
T104699,2023-01-17,P0033,C00147,North,5.0,10082.29,0.0,50411.45
T108056,2024-05-03,P0016,C00118,,1.0,2604.21,0.0,2604.21
T103802,05/05/2025,P0031,C00228,South,4.0,1566.84,0.1,5640.62
T103536,25/03/2023,P0021,C00018,Central,3.0,359.09,0.0,1077.27
T103825,08/17/2025,P0023,C00057,East,4.0,10713.43,0.0,42853.72
T107573,11-Oct-2023,P0014,C00108,West,7.0,500.0,0.0,3500.0
T107502,26-Jun-2025,P0002,C00152,North,4.0,13910.88,0.0,55643.52
T104810,01/22/2025,P0002,C00016,West,3.0,13910.88,0.05,39646.01
T101946,31-Mar-2023,P0037,C00121,East,1.0,8484.46,0.0,8484.46
T106466,03/03/2025,P0021,C00239,East,4.0,359.09,0.0,1436.36
T105888,2024-11-07,P0013,C00119,South,14.0,9164.46,0.05,121887.32
T105335,2024-04-15,P0014,C00227,Central,5.0,500.0,0.1,2250.0
T103488,2024-03-17,P0002,C00063,North,2.0,13910.88,0.0,27821.76
T101610,13/03/2025,P0028,C00165,West,7.0,13737.15,0.15,81736.04
T107338,14-May-2025,P0008,C00002,West,11.0,499.0,0.0,5489.0
T105823,2025-06-23,P0011,C00018,Central,1.0,8863.25,0.0,8863.25
T104677,30/05/2024,P0022,C00232,West,7.0,3102.81,0.2,17375.74
T104959,02/09/2024,P0021,C00111,North,2.0,359.09,0.05,682.27
T107808,05/24/2025,P0005,C00029,east,4.0,8621.09,0.0,34484.36
T104761,05/09/2025,P0020,C00065, East,4.0,4508.3,0.0,18033.2
T102194,15/06/2025,P0014,C00065, East,1.0,500.0,0.1,450.0
T106592,30-Sep-2024,P0019,C00060,,5.0,6013.99,0.0,30069.95
T105113,2023-05-08,P0002,C00249,West,2.0,13910.88,0.0,27821.76
T100557,12/25/2024,P0003,C00181,South,,10949.99,0.0,54749.95
T106643,2024-10-08,P0038,C00051,East,12.0,5836.46,0.0,70037.52
T107678,03/29/2023,P0025,C00200,North,2.0,9148.51,0.1,16467.32
T101207,04-Jun-2025,P0029,C00040,North,6.0,12773.07,0.0,76638.42
T107133,12/14/2023,P0004,C00103,West,4.0,4999.13,0.0,19996.52
T106379,2023-03-10,P0034,C00053,West,2.0,10038.95,0.1,18070.11
T101510,12/27/2025,P0024,C00210,North,1.0,11884.11,0.1,10695.7
T103829,07/12/2024,P0015,C00007,Central,1.0,4549.66,0.0,4549.66
T103732,16/09/2025,P0008,C00128,South,6.0,499.0,0.0,2994.0
T106558,10/09/2025,P0005,C00118,Central,6.0,8621.09,0.0,51726.54
T103211,18-Oct-2023,P0011,C00200,North,5.0,8863.25,0.0,44316.25
T103630,2025-04-04,P0010,C00193,East,,8164.43,0.0,57151.01
T101141,09/01/2024,P0033,C00234, East,4.0,10082.29,0.05,38312.7
T107399,2025-12-24,P0019,C00089,East,7.0,6013.99,0.0,42097.93
T100266,02/25/2024,P0008,C00226,West,1.0,499.0,0.0,499.0
T101140,2023-06-06,P0016,C00005,East,1.0,2604.21,0.0,"₹2,604.21"
T103162,2025-04-22,P0017,C00198,West,7.0,382.2,0.0,2675.4
T107277,13-Jan-2024,P0028,C00156,South,1.0,13737.15,0.15,11676.58
T103730,2024-10-24,P0017,C00202,,6.0,382.2,0.15,1949.22
T101909,19-Jun-2025,P0002,C00157,Central,7.0,13910.88,0.0,97376.16
T106021,09/28/2024,P0029,C00051,East,2.0,12773.07,0.0,25546.14
T102660,19-Apr-2023,P0020,C00072,West,8.0,4508.3,0.0,36066.4
T100656,28-May-2024,P0006,C00151,East,4.0,7884.39,0.0,31537.56
T107799,2024-08-02,P0026,C00091,Central,2.0,13905.57,0.0,27811.14
T106455,24-Aug-2024,P0018,C00107,,2.0,6437.51,0.0,12875.02
T100998,06/09/2023,P0005,C00225,SOUTH ,6.0,8621.09,0.1,46553.89
T106115,08/29/2025,P0034,C00208,Central,4.0,10038.95,0.0,40155.8
T102834,29-Aug-2024,P0037,C00075,,3.0,8484.46,0.15,21635.37
T108359,2023-01-06,P0017,C00200,North,3.0,382.2,0.0,1146.6
T101237,11/18/2023,P0033,C00182,North,1.0,10082.29,0.0,10082.29
T102151,2025-08-10,P0015,C00107,East,2.0,4549.66,0.1,8189.39
T106526,2023-01-24,P0019,C00164,North,2.0,6013.99,0.0,12027.98
T107938,09/04/2023,P0017,C00167,East,4.0,382.2,0.0,1528.8
T105091,09-Aug-2023,P0040,C00022,North,5.0,12756.37,0.0,63781.85
T102186,26/06/2023,P0013,C00094,SOUTH ,4.0,9164.46,0.0,36657.84
T101134,04/12/2025,P0040,C00119,South,7.0,12756.37,0.1,80365.13
T105004,19/08/2023,P0014,C00095,Central,3.0,500.0,0.0,1500.0
T101303,25-Feb-2024,P0032,C00001,West,4.0,5656.65,0.05,21495.27
T101627,27-Apr-2025,P0027,C00150,East,3.0,9818.49,0.0,29455.47
T106480,29-Dec-2025,P0002,C00233,West,5.0,13910.88,0.0,69554.4
T101522,2023-02-23,P0017,C00021,Central,,382.2,0.0,382.2
T108944,28-Jun-2023,P0038,C00152,North,3.0,5836.46,0.1,15758.44
T100358,21-Oct-2024,P0011,C00137,South,3.0,8863.25,0.0,26589.75
T100138,06/29/2024,P0033,C00006,East,1.0,10082.29,0.0,10082.29
T100299,03-Nov-2025,P0040,C00029,East,1.0,12756.37,0.2,10205.1
T101556,11-Aug-2024,P0015,C00092,SOUTH ,3.0,4549.66,0.05,12966.53
T105099,06/10/2023,P0009,C00184,East,7.0,11247.7,,78733.9
T100382,2023-12-22,P0010,C00017, East,7.0,8164.43,0.05,54293.46
T107965,21-Dec-2024,P0018,C00094,SOUTH ,5.0,6437.51,0.0,32187.55
T105733,2024-09-21,P0007,C00152,North,5.0,14423.4,0.0,72117.0
T104857,05/11/2023,P0003,C00134,East,8.0,10949.99,0.0,87599.92
T107998,15-Mar-2025,P0033,C00202,,3.0,10082.29,0.0,30246.87
T107306,10/03/2023,P0012,C00122,West,2.0,14484.04,0.05,27519.68
T105885,20-May-2025,P0006,C00044,South,2.0,7884.39,0.0,15768.78
T108132,05/18/2025,P0032,C00077,South,1.0,5656.65,0.0,5656.65
T108304,01/03/2024,P0028,C00159,North,3.0,13737.15,0.0,41211.45
T105498,2025-06-08,P0030,C00168,North,1.0,6824.34,0.0,6824.34
T105837,04/01/2025,P0037,C00142,Central,1.0,8484.46,0.15,7211.79
T108410,2025-09-05,P0012,C00234, East,4.0,14484.04,0.0,57936.16
T102721,2023-07-30,P0036,C00111,North,3.0,4229.62,0.0,12688.86
T101932,2025-07-31,P0017,C00039,North,7.0,382.2,0.1,2407.86
T106109,05/04/2025,P0008,C00050,East,3.0,499.0,0.1,1347.3
T103236,13/06/2024,P0013,C00118,Central,2.0,9164.46,0.0,18328.92
T103140,19/03/2023,P0014,C00088,South,4.0,500.0,0.0,2000.0
T104163,05-Dec-2025,P0014,C00038,West,9.0,500.0,0.0,4500.0
T108005,04/03/2023,P0038,C00249,West,3.0,5836.46,0.0,17509.38
T103807,28-Feb-2023,P0027,C00007,Central,1.0,9818.49,0.0,9818.49
T108640,09/16/2024,P0029,C00099,North,6.0,12773.07,0.0,76638.42
T105761,02/19/2025,P0011,C00222,Central,5.0,8863.25,0.0,44316.25
T104154,23-Oct-2025,P0030,C00149,North,10.0,6824.34,0.1,61419.06
T104172,15/06/2025,P0038,C00006,East,4.0,5836.46,0.1,21011.26
T100796,26/04/2025,P0023,C00094,SOUTH ,11.0,10713.43,0.0,117847.73
T102416,2024-03-29,P0023,C00076,Central,2.0,10713.43,5.0,20355.52
T100785,2024-07-27,P0029,C00075,,4.0,12773.07,0.0,"₹51,092.28"
T103158,01/01/2023,P0008,C00220,,4.0,499.0,0.0,1996.0
T100123,07-May-2024,P0001,C00146,Central,7.0,6017.98,0.05,40019.57
T102172,01-Apr-2025,P0037,C00170,West,2.0,8484.46,0.1,15272.03
T107269,2023-01-24,P0022,C00198,West,5.0,3102.81,0.0,15514.05
T101903,2023-07-30,P0018,C00234, East,4.0,6437.51,0.05,24462.54
T108473,07/25/2025,P0029,C00080,North,4.0,12773.07,0.0,51092.28
T104340,2024-01-19,P0026,C00155,West,1.0,13905.57,10.0,12515.01
T100910,08/31/2025,P0024,C00140,West,1.0,11884.11,0.05,11289.9
T102309,24-Aug-2024,P0008,C00237,Central,4.0,499.0,0.0,1996.0
T108804,07/24/2023,P0037,C00234, East,8.0,8484.46,0.0,"₹67,875.68"
T103634,20-Apr-2023,P0009,C00191,South,2.0,11247.7,0.0,22495.4
T101257,01-Oct-2023,P0022,C00222,Central,4.0,3102.81,,12411.24
T104458,10-Apr-2023,P0036,C00113,East,3.0,4229.62,0.05,12054.42
T101178,15/01/2023,P0012,C00115,East,3.0,14484.04,0.0,43452.12
T104652,2023-01-16,P0035,C00099,North,5.0,8930.77,0.0,44653.85
T103650,06/13/2024,P0021,C00071, East,5.0,359.09,0.1,1615.9
T100442,01/28/2023,P0007,C00162,north,5.0,14423.4,0.0,"₹72,117.00"
T107712,11-Jan-2025,P0033,C00105,West,3.0,10082.29,0.1,27222.18
T101399,07/13/2025,P0009,C00198,West,3.0,11247.7,0.15,28681.64
T101457,06-Aug-2023,P0021,C00022,North,,359.09,0.0,2154.54
T106193,03/08/2023,P0009,C00023,West  ,3.0,11247.7,0.0,33743.1
T101054,2025-03-20,P0016,C00061,West,4.0,2604.21,0.15,8854.31
T105593,06/12/2025,P0040,C00154,West,7.0,12756.37,0.0,89294.59
T103275,08/04/2024,P0032,C00126,West,6.0,5656.65,0.0,33939.9
T107920,12/01/2024,P0036,C00122,West,,4229.62,0.0,8459.24
T103699,23/09/2025,P0009,C00146,Central,1.0,11247.7,0.0,11247.7
T103759,2025-12-01,P0021,C00056,South,9.0,359.09,0.05,3070.22
T100929,2025-07-31,P0011,C00147,North,4.0,8863.25,0.15,30135.05
T107358,2023-04-03,P0022,C00205,North,5.0,3102.81,0.0,15514.05
T107801,2023-11-17,P0025,C00038,West,8.0,9148.51,0.0,73188.08
T101829,15/11/2024,P0032,C00075,,7.0,5656.65,0.0,39596.55
T102928,22-Jun-2025,P0021,C00115,East,1.0,359.09,0.0,359.09
T105723,2024-09-19,P0001,C00150,East,6.0,6017.98,0.0,36107.88
T104221,20/09/2024,P0018,C00031,South,2.0,6437.51,0.0,12875.02
T103546,2023-07-11,P0037,C00036,North,5.0,8484.46,0.0,42422.3
T108091,10/09/2024,P0007,C00157,Central,6.0,14423.4,0.1,77886.36
T106030,03/15/2023,P0005,C00008,South,7.0,8621.09,0.0,60347.63
T106688,10/20/2024,P0032,C00064,North,6.0,5656.65,0.05,32242.9
T102011,11-Oct-2024,P0006,C00155,West,3.0,7884.39,0.0,23653.17
T107625,20-Jan-2023,P0027,C00036,North,1.0,9818.49,0.1,8836.64
T106844,16/01/2025,P0004,C00158,East,1.0,4999.13,0.0,4999.13
T103219,05/10/2023,P0032,C00032,North,9.0,5656.65,0.1,45818.86
T102606,2023-12-29,P0035,C00079,South,4.0,8930.77,0.0,35723.08
T103264,03/01/2024,P0032,C00138,Central,3.0,5656.65,0.0,16969.95
T104928,2023-10-16,P0021,C00170,West,4.0,359.09,0.0,1436.36
T107606,05/23/2025,P0011,C00001,West,2.0,8863.25,0.0,17726.5
T106691,01/02/2024,P0038,C00239,East,2.0,5836.46,0.1,10505.63
T100006,10/09/2025,P0032,C00223,Central,5.0,5656.65,0.0,28283.25
T102980,06-Mar-2023,P0015,C00162,north,4.0,4549.66,0.1,16378.78
T103361,01/27/2023,P0029,C00247,North,1.0,12773.07,0.0,"₹12,773.07"
T104774,24-Jun-2024,P0001,C00092,SOUTH ,4.0,6017.98,0.0,24071.92
T101943,2024-06-15,P0021,C00183,South,3.0,359.09,0.0,1077.27
T107413,02/10/2024,P0018,C00188,North,9.0,6437.51,0.0,57937.59
T105499,03/03/2025,P0019,C00008,South,9.0,6013.99,0.05,51419.61
T101635,30-Jun-2024,P0029,C00112,South,8.0,12773.07,0.1,91966.1
T101141,09/01/2024,P0033,C00234, East,4.0,10082.29,0.05,38312.7
T108702,19/01/2025,P0016,C00091,Central,2.0,2604.21,0.0,5208.42
T106445,12/07/2025,P0014,C00129,Central,7.0,500.0,0.0,3500.0
T102070,07/07/2023,P0012,C00077,South,4.0,14484.04,0.0,57936.16
T103134,14/05/2023,P0010,C00206,North,5.0,8164.43,0.2,32657.72
T105160,08/22/2023,P0004,C00056,South,5.0,4999.13,0.0,24995.65
T108796,28/11/2024,P0023,C00203,West,5.0,10713.43,0.0,53567.15
T106906,2024-09-26,P0036,C00195,East,5.0,4229.62,0.1,19033.29
T102242,10/21/2023,P0018,C00191,South,7.0,6437.51,0.0,"₹45,062.57"
T101474,30-Oct-2024,P0022,C00244,South,6.0,3102.81,0.05,17686.02
T107465,2024-04-18,P0015,C00169,Central,3.0,4549.66,0.0,13648.98
T101889,26-Jul-2023,P0023,C00017, East,4.0,10713.43,0.0,42853.72
T103435,2023-06-17,P0019,C00030,North,1.0,6013.99,0.0,6013.99
T106258,30-Mar-2023,P0026,C00249,West,6.0,13905.57,0.0,83433.42
T107412,03/31/2025,P0031,C00195,East,3.0,1566.84,0.2,3760.42
T103705,25/11/2023,P0039,C00150,East,8.0,14579.92,0.15,99143.46
T102021,31-Jan-2023,P0014,C00110,East,3.0,500.0,0.0,1500.0
T104020,2024-12-10,P0021,C00062,South,1.0,359.09,0.0,359.09
T107903,2024-09-11,P0032,C00088,South,5.0,5656.65,0.1,25454.92
T108830,12/27/2025,P0027,C00118,Central,1.0,9818.49,0.0,9818.49
T107742,2025-02-04,P0038,C00224,Central,8.0,5836.46,0.0,46691.68
T102658,09-Jul-2024,P0028,C00214,Central,3.0,13737.15,0.0,41211.45
T101130,14-Feb-2025,P0039,C00193,East,4.0,14579.92,0.0,58319.68
T105557,26/11/2023,P0012,C00145,North,6.0,14484.04,0.1,78213.82
T108802,01/15/2023,P0017,C00058,East,4.0,382.2,0.0,1528.8
T101819,19-Oct-2024,P0003,C00119,South,9.0,10949.99,0.2,78839.93
T106206,18/07/2025,P0030,C00053,West,4.0,6824.34,0.0,27297.36
T106161,2023-10-21,P0011,C00234, East,,8863.25,0.0,79769.25
T104318,03/10/2023,P0016,C00154,West,7.0,2604.21,,18229.47
T104645,31-Mar-2025,P0029,C00145,North,4.0,12773.07,0.0,51092.28
T104144,2024-07-13,P0030,C00199,Central,1.0,6824.34,,6824.34
T104669,2025-09-18,P0022,C00224,,4.0,3102.81,0.0,12411.24
T101236,2025-05-21,P0012,C00176,East,11.0,14484.04,0.0,159324.44
T105476,04/01/2025,P0010,C00166,Central,2.0,8164.43,0.0,16328.86
T108970,20/09/2023,P0015,C00117,West,3.0,4549.66,0.1,12284.08
T101856,14/04/2023,P0034,C00007,Central,5.0,,0.0,50194.75
T102282,2025-04-23,P0007,C00016,West,7.0,14423.4,0.1,90867.42
T106826,19/10/2023,P0036,C00057,East,9.0,4229.62,0.0,38066.58
T108496,25/02/2025,P0010,C00103,West,3.0,8164.43,0.0,24493.29
T104093,12/25/2025,P0008,C00074,East,7.0,499.0,0.0,3493.0
T105831,2024-05-24,P0003,C00065, East,4.0,10949.99,0.1,39419.96
T105200,30-Mar-2024,P0026,C00189,North,3.0,13905.57,0.05,"₹39,630.87"
T103421,04-Mar-2024,P0028,C00159,North,4.0,13737.15,0.0,54948.6
T100386,19/07/2025,P0022,C00166,Central,6.0,3102.81,0.0,18616.86
T101628,04/07/2023,P0035,C00016,West,3.0,8930.77,,26792.31
T103585,02/12/2025,P0009,C00016,West,7.0,11247.7,0.0,78733.9
T106101,2024-08-29,P0018,C00010,South,3.0,6437.51,0.0,19312.53
T102714,18/09/2024,P0034,C00250,north,5.0,10038.95,0.0,"₹50,194.75"
T107839,18-Dec-2024,P0016,C00031,South,6.0,2604.21,0.0,15625.26
T107169,08-Nov-2025,P0007,C00201,West,5.0,14423.4,0.1,"₹64,905.30"
T108497,28-Jun-2025,P0036,C00145,North,4.0,4229.62,0.2,13534.78
T103189,2025-09-10,P0034,C00162,north,4.0,10038.95,0.05,38148.01
T107850,2024-08-18,P0013,C00141,South,3.0,9164.46,0.2,21994.7
T104305,2025-09-28,P0004,C00182,North,6.0,4999.13,0.05,28495.04
T100909,05/13/2024,P0010,C00097,West,3.0,8164.43,0.1,22043.96
T105385,2024-12-16,P0006,C00120,West,6.0,7884.39,0.0,47306.34
T107601,07-Aug-2024,P0021,C00107,,4.0,359.09,0.1,1292.72
T101866,24-Apr-2024,P0002,C00185,Central,1.0,13910.88,0.05,13215.34
T101842,2024-01-27,P0025,C00091,Central,4.0,9148.51,0.1,32934.64
T102497,2025-03-06,P0035,C00247,North,3.0,8930.77,0.2,21433.85
T100201,2025-08-19,P0004,C00133,East,7.0,4999.13,0.05,"₹33,244.21"
T108211,09/03/2024,P0021,C00033,North,1.0,359.09,0.0,359.09
T107612,03/25/2025,P0009,C00125,,4.0,11247.7,0.05,"₹42,741.26"
T105054,09/11/2023,P0022,C00007,Central,1.0,3102.81,0.0,3102.81
T104006,01/15/2024,P0001,C00015,South,8.0,6017.98,0.2,38515.07
T102702,31/08/2023,P0040,C00137,South,5.0,12756.37,0.0,63781.85
T103449,06/06/2023,P0014,C00229,East,4.0,500.0,0.05,1900.0
T100331,11-Jun-2023,P0017,C00184,East,6.0,382.2,0.0,2293.2
T106201,05/11/2023,P0018,C00234, East,4.0,6437.51,0.1,23175.04
T108136,04/28/2024,P0014,C00226,West,1.0,500.0,0.0,500.0
T106719,2023-05-07,P0036,C00117,West,6.0,4229.62,0.0,25377.72
T105918,01/10/2023,P0028,C00047,Central,4.0,13737.15,0.0,54948.6
T102459,02/23/2023,P0029,C00011,East,2.0,12773.07,0.0,25546.14
T101774,14/07/2024,P0007,C00033,North,1.0,14423.4,0.0,14423.4
T106260,08/12/2024,P0027,C00207,Central,1.0,9818.49,0.0,9818.49
T106579,08-Jun-2025,P0018,C00250,north,2.0,6437.51,0.0,12875.02
T102686,23/02/2023,P0021,C00191,South,5.0,359.09,0.0,1795.45
T108333,2024-05-12,P0035,C00187,North,6.0,8930.77,0.1,48226.16
T108312,18/07/2025,P0003,C00090,SOUTH ,4.0,10949.99,0.0,43799.96
T105804,13/11/2023,P0022,C00051,East,,3102.81,0.0,18616.86
T107019,08/06/2023,P0024,C00107,East,3.0,11884.11,0.1,32087.1
T107635,2025-10-10,P0005,C00145,,6.0,8621.09,0.1,46553.89
T107744,12/29/2024,P0032,C00082,East,10.0,5656.65,0.1,50909.85
T107682,08/24/2025,P0012,C00109,North,3.0,14484.04,0.0,43452.12
T107180,2025-09-12,P0013,C00036,North,6.0,9164.46,0.1,49488.08
T107565,20-Jul-2025,P0038,C00091,Central,,5836.46,0.0,23345.84
T105462,2023-07-07,P0037,C00054,Central,5.0,8484.46,0.0,42422.3
T100173,28/03/2023,P0004,C00121,East,4.0,4999.13,0.0,19996.52
T106851,05/07/2025,P0009,C00152,North,6.0,11247.7,0.1,60737.58
T104615,06/22/2024,P0017,C00015,South,3.0,382.2,0.0,1146.6
T103321,2024-05-06,P0007,C00055,South,3.0,14423.4,0.15,36779.67
T105829,06/29/2023,P0005,C00073,South,7.0,8621.09,0.0,60347.63
T103372,03/16/2025,P0008,C00239,East,8.0,499.0,0.1,3592.8
T103311,07/22/2024,P0006,C00189,North,3.0,7884.39,0.1,21287.85
T106914,06/30/2023,P0007,C00085,Central,8.0,14423.4,0.0,115387.2
T106250,17-Apr-2024,P0017,C00089,East,5.0,382.2,0.05,"₹1,815.45"
T107876,22-Sep-2023,P0032,C00207,Central,6.0,5656.65,0.0,33939.9
T106716,10/24/2023,P0020,C00124,West,2.0,4508.3,0.0,9016.6
T104679,01-Mar-2023,P0036,C00089,East,5.0,4229.62,0.0,21148.1
T103403,11-Oct-2023,P0015,C00111,North,5.0,4549.66,0.0,22748.3
T100018,2025-08-26,P0035,C00117,West,4.0,8930.77,0.15,30364.62
T103691,28-Aug-2025,P0020,C00011,,4.0,4508.3,0.2,14426.56
T107594,2024-05-01,P0040,C00027,,,12756.37,0.2,51025.48
T104096,20-Feb-2024,P0022,C00185,Central,7.0,3102.81,0.1,19547.7
T103628,07-Nov-2025,P0013,C00028,Central,7.0,9164.46,0.0,64151.22
T107955,2023-10-27,P0019,C00250,north,1.0,6013.99,0.0,6013.99
T102174,05/19/2023,P0029,C00096,Central,1.0,12773.07,0.0,12773.07
T101356,26-Dec-2024,P0021,C00112,South,5.0,359.09,0.0,1795.45
T105002,15-Oct-2025,P0003,C00153,Central,8.0,10949.99,0.0,87599.92
T106086,21/08/2024,P0016,C00009,Central,3.0,2604.21,0.15,"₹6,640.74"
T108663,2023-06-15,P0012,C00216,South,4.0,14484.04,0.0,57936.16
T105670,12/05/2024,P0036,C00143,South,1.0,4229.62,0.05,4018.14
T103112,2023-11-20,P0011,C00061,West,8.0,8863.25,0.0,70906.0
T100182,28/05/2023,P0040,C00235,East,3.0,12756.37,0.05,36355.65
T107850,18/08/2024,P0013,C00141,South,3.0,9164.46,0.2,21994.7
T107948,06-Sep-2024,P0005,C00134,East,2.0,8621.09,0.2,13793.74
T101812,2024-01-30,P0009,C00081,West,1.0,11247.7,0.1,10122.93
T108199,12/29/2025,P0017,C00169,Central,7.0,382.2,0.0,2675.4
T107276,2024-05-03,P0027,C00035,Central,2.0,9818.49,0.0,19636.98
T104912,01-Feb-2025,P0023,C00200,North,2.0,10713.43,0.0,21426.86
T105668,2023-09-03,P0014,C00063,North,6.0,500.0,0.0,3000.0
T107382,29/10/2024,P0007,C00210,North,3.0,14423.4,0.0,43270.2
T101800,24-Sep-2023,P0025,C00042,Central,2.0,9148.51,0.0,18297.02
T102429,14/12/2024,P0018,C00140,West,8.0,6437.51,0.0,51500.08
T105482,13-Nov-2023,P0039,C00117,West,11.0,14579.92,0.15,136322.25
T107760,14/06/2025,P0022,C00216,South,9.0,3102.81,,25132.76
T106182,17-Dec-2024,P0005,C00071, East,1.0,8621.09,0.0,8621.09
T101968,12-Aug-2025,P0006,C00191,South,3.0,7884.39,0.0,23653.17
T107217,2025-10-01,P0037,C00236,East,6.0,8484.46,0.1,45816.08
T106700,11/13/2024,P0034,C00012,East,8.0,10038.95,0.0,80311.6
T106209,2023-05-01,P0035,C00168,North,3.0,8930.77,0.0,26792.31
T104987,2025-06-18,P0018,C00160,South,4.0,6437.51,,25750.04
T108894,2025-11-03,P0014,C00071, East,1.0,500.0,0.0,500.0
T104650,31-Jul-2023,P0023,C00214,Central,5.0,10713.43,0.0,53567.15
T101159,2024-03-31,P0025,C00102,Central,10.0,9148.51,0.0,91485.1
T101213,2024-09-10,P0008,C00052,East,10.0,499.0,0.0,4990.0
T106045,01/17/2023,P0008,C00144,West,3.0,499.0,0.2,1197.6
T101325,26/01/2024,P0028,C00072,West,2.0,13737.15,0.0,27474.3
T107603,2023-08-20,P0023,C00095,Central,3.0,10713.43,0.0,32140.29
T106246,19/01/2024,P0010,C00135,North,3.0,8164.43,0.1,22043.96
T104796,22/10/2023,P0020,C00165,West,5.0,4508.3,0.2,18033.2
T101455,12/27/2023,P0008,C00206,North,9.0,499.0,0.0,4491.0
T105410,2024-11-30,P0031,C00158,East,3.0,1566.84,0.0,4700.52
T105883,23/08/2024,P0036,C00125,North,2.0,4229.62,0.15,7190.35
T107155,13-Jun-2024,P0013,C00160,South,4.0,9164.46,0.2,29326.27
T104962,2023-04-25,P0022,C00074,East,2.0,3102.81,0.0,6205.62
T107691,19-Apr-2025,P0033,C00247,North,7.0,10082.29,0.0,70576.03
T101644,04/15/2024,P0013,C00050,East,5.0,9164.46,0.0,45822.3
T102140,19/01/2024,P0035,C00249,West,4.0,8930.77,0.0,35723.08
T104536,11/01/2025,P0019,C00135,North,1.0,6013.99,0.0,6013.99
T104457,08/19/2024,P0031,C00143,South,8.0,1566.84,0.0,12534.72
T108118,09/16/2023,P0012,C00133,East,5.0,14484.04,0.0,72420.2
T105586,12/12/2025,P0011,C00234, East,5.0,8863.25,0.1,39884.62
T104378,2023-06-06,P0025,C00108,West,2.0,9148.51,0.1,16467.32
T100729,21-Aug-2023,P0013,C00124,West,1.0,9164.46,0.0,9164.46
T104357,24/01/2025,P0019,C00195,East,4.0,6013.99,0.0,24055.96
T106839,2023-09-11,P0029,C00026,North,7.0,12773.07,0.0,89411.49
T101936,10/15/2024,P0013,C00113,East,10.0,9164.46,0.15,77897.91
T103793,2024-11-12,P0015,C00008,,3.0,4549.66,0.05,12966.53
T103736,07/09/2024,P0037,C00173,Central,5.0,8484.46,0.2,33937.84
T102261,05/21/2025,P0004,C00193,East,1.0,4999.13,0.0,4999.13
T107181,2023-01-14,P0020,C00247,North,3.0,4508.3,0.0,13524.9
T101110,14/04/2023,P0035,C00055,South,2.0,8930.77,0.0,17861.54
T108165,09/05/2023,P0032,C00156,South,5.0,5656.65,0.0,28283.25
T105480,2025-09-18,P0027,C00209,East,11.0,9818.49,0.0,108003.39
T102998,10/07/2024,P0032,C00066,West,4.0,5656.65,0.0,22626.6
T102394,28-Mar-2024,P0013,C00108,West,2.0,9164.46,0.2,14663.14
T101185,2024-12-14,P0025,C00165,West,8.0,9148.51,0.15,62209.87
T102007,22-Jun-2025,P0018,C00165,West,3.0,6437.51,0.1,17381.28
T100193,12/16/2023,P0029,C00013,Central,10.0,12773.07,0.0,127730.7
T105611,04/05/2025,P0002,C00030,North,3.0,13910.88,0.0,41732.64
T108029,10-Oct-2024,P0005,C00202,,3.0,8621.09,0.2,20690.62
T100578,16-Oct-2023,P0034,C00153,Central,2.0,10038.95,0.1,18070.11
T105525,08/24/2024,P0028,C00238,West,2.0,13737.15,0.0,27474.3
T100771,2023-07-29,P0019,C00038,West,7.0,6013.99,0.1,37888.14
T102395,16-Dec-2023,P0007,C00218,Central,7.0,14423.4,0.05,95915.61
T101478,07/08/2025,P0016,C00092,SOUTH ,3.0,2604.21,0.05,"₹7,422.00"
T101846,12/29/2025,P0025,C00081,West,,9148.51,0.0,64039.57
T108298,2024-03-19,P0015,C00022,,4.0,4549.66,0.05,17288.71
T104274,2023-07-23,P0039,C00145,North,2.0,14579.92,0.05,27701.85
T103740,2025-05-23,P0024,C00034,East,6.0,11884.11,0.0,71304.66
T104600,03-Aug-2023,P0018,C00180,Central,1.0,6437.51,0.1,5793.76
T106452,02/12/2023,P0021,C00230,East,7.0,359.09,0.0,2513.63
T106687,11/06/2024,P0003,C00074,East,7.0,10949.99,0.0,76649.93
T104915,13-Aug-2023,P0006,C00009,central,2.0,7884.39,,15768.78
T102073,2025-04-24,P0039,C00162,north,6.0,14579.92,0.0,87479.52
T104754,22/05/2024,P0027,C00068,north,4.0,9818.49,0.0,39273.96
T101896,01/18/2024,P0020,C00071, East,2.0,4508.3,0.0,9016.6
T107401,19-Nov-2025,P0026,C00181,South,9.0,13905.57,0.0,125150.13
T103659,09/13/2024,P0011,C00249,West,5.0,8863.25,0.05,42100.44
T102379,08/05/2024,P0035,C00223,Central,4.0,8930.77,0.0,35723.08
T101447,2023-08-03,P0036,C00121,East,5.0,4229.62,0.0,21148.1
T100342,05/17/2025,P0040,C00191,South,2.0,,0.0,25512.74
T105127,17-Apr-2025,p0035 ,C00075,,6.0,8930.77,0.0,53584.62
T103136,2024-11-16,P0023,C00248,North,7.0,10713.43,0.15,63744.91
T102527,2024-10-14,P0020,C00158,East,15.0,4508.3,0.2,54099.6
T100727,09/09/2024,P0014,C00094,SOUTH ,2.0,500.0,0.05,950.0
T104577,12/04/2025,P0005,C00115,East,1.0,8621.09,0.0,8621.09
T100976,03-Jul-2023,P0029,C00106,West,3.0,12773.07,0.0,38319.21
T107097,06/08/2023,P0016,C00083,South,5.0,2604.21,,13021.05
T105443,18/06/2023,P0040,C00158,East,3.0,12756.37,0.0,38269.11
T103516,2023-03-28,P0022,C00219,West,1.0,3102.81,0.0,3102.81
T106572,19-Dec-2025,P0001,C00030,North,5.0,6017.98,0.05,28585.4
T108924,08/17/2024,P0036,C00102,Central,3.0,4229.62,0.0,12688.86
T103940,23-Jul-2023,P0021,C00231,north,3.0,359.09,0.0,1077.27
T101299,12/07/2025,P0014,C00084,North,3.0,500.0,0.2,1200.0
T108902,03/09/2025,P0032,C00025,South,3.0,5656.65,0.0,16969.95
T101348,01-Feb-2023,P0019,C00034,East,4.0,6013.99,0.1,21650.36
T100660,21/12/2025,P0006,C00144,West,9.0,7884.39,0.0,70959.51
T101492,15-Sep-2023,P0038,C00243,West,1.0,5836.46,0.1,5252.81
T106770,29-Jan-2023,P0040,C00223,Central,1.0,12756.37,0.05,12118.55
T108478,09-Nov-2024,P0030,C00037,South,3.0,6824.34,0.1,18425.72
T108672,2024-09-17,P0028,C00122,West,1.0,13737.15,,13737.15
T105154,27-Feb-2025,P0040,C00133,East,2.0,12756.37,,25512.74
T102315,2024-03-04,P0027,C00036,North,1.0,9818.49,,9818.49
T108763,02-Jun-2025,P0008,C00208,Central,1.0,499.0,0.0,499.0
T108730,2025-07-17,P0015,C00095,Central,3.0,4549.66,0.0,13648.98
T101085,15-Aug-2023,P0013,C00099,North,4.0,9164.46,0.0,36657.84
T102524,2023-02-14,P0016,C00183,South,3.0,2604.21,0.0,7812.63
T107260,30/12/2024,P0020,C00197,South,10.0,4508.3,0.0,45083.0
T105374,20/04/2023,P0026,C00192,Central,,13905.57,0.0,111244.56
T103198,05/16/2024,P0013,C00230,East,3.0,9164.46,0.15,23369.37
T105751,01/08/2024,P0022,C00134,East,4.0,3102.81,0.0,12411.24
T106808,2024-05-30,P0010,C00166,Central,2.0,8164.43,0.1,14695.97
T105717,2023-08-17,P0006,C00199,Central,5.0,7884.39,0.05,37450.85
T106857,11-Feb-2023,P0026,C00045,West,2.0,13905.57,0.2,22248.91
T100067,2025-04-25,P0001,C00220,,3.0,6017.98,0.0,18053.94
T107915,2024-08-30,P0040,C00069,Central,2.0,12756.37,0.0,25512.74
T108767,31-Jan-2024,P0029,C00186,North,8.0,12773.07,0.2,81747.65
T102269,11/07/2023,P0032,C00237,Central,2.0,5656.65,0.0,11313.3
T107105,2024-02-21,P0015,C00192,Central,2.0,4549.66,0.0,9099.32
T106048,27-Apr-2023,P0019,C00241,South,4.0,6013.99,0.0,24055.96
T106171,2023-11-29,P0036,C00127,SOUTH ,4.0,4229.62,0.0,16918.48
T104916,2025-01-07,P0036,C00212,South,2.0,4229.62,0.05,8036.28
T105322,28-May-2024,P0034,C00071, East,10.0,10038.95,0.0,100389.5
T108542,05/21/2024,P0025,C00081,West,3.0,9148.51,0.0,27445.53
T103447,03/14/2023,P0037,C00083,South,4.0,8484.46,0.0,33937.84
T102367,01/01/2025,P0031,C00236,East,3.0,1566.84,,4465.49
T105963,01-Oct-2024,P0020,C00127,SOUTH ,6.0,4508.3,0.0,27049.8
T106721,08/09/2023,P0023,C00108,West,,10713.43,0.0,32140.29
T102512,27/01/2023,P0036,C00231,north,1.0,4229.62,0.0,4229.62
T102723,03/10/2024,P0012,C00228,South,6.0,14484.04,0.0,86904.24
T108366,07/19/2024,P0034,C00191,South,5.0,10038.95,0.0,50194.75
T107439,08-Nov-2024,P0019,C00157,Central,10.0,6013.99,0.1,54125.91
T101143,15/04/2024,P0011,C00019,Central,5.0,8863.25,0.05,42100.44
T108875,17/08/2025,P0006,C00237,Central,4.0,7884.39,0.0,31537.56
T105956,24-Jul-2023,P0010,C00204,Central,5.0,8164.43,0.0,40822.15
T107309,04/29/2025,P0028,C00208,Central,2.0,13737.15,0.2,21979.44
T108400,16/03/2023,P0024,C00230,East,5.0,11884.11,0.15,50507.47
T104728,2023-04-13,P0026,C00068,north,5.0,13905.57,0.0,69527.85
T105494,2024-07-13,P0019,C00125,North,2.0,6013.99,0.0,12027.98
T105755,19/01/2024,P0018,C00157,Central,3.0,6437.51,0.0,19312.53
T108387,2023-04-01,P0014,C00188,North,5.0,500.0,0.0,2500.0
T103789,02/10/2025,P0021,C00005,East,4.0,359.09,0.0,1436.36
T102220,01/06/2023,P0025,C00092,SOUTH ,3.0,9148.51,0.0,27445.53
T105075,2023-08-14,P0030,C00086,West,10.0,6824.34,0.1,61419.06
T102331,25/10/2025,P0004,C00224,Central,3.0,4999.13,0.0,14997.39
T105394,08/04/2024,P0010,C00211,West,1.0,8164.43,0.2,6531.54
T106121,02-Nov-2024,P0028,C00011,East,12.0,13737.15,0.05,156603.51
T108138,23/12/2023,P0020,C00042,Central,1.0,4508.3,0.0,4508.3
T108511,06/11/2025,P0037,C00110,East,1.0,8484.46,0.0,8484.46
T104088,04/27/2023,P0005,C00081,West,1.0,8621.09,0.0,8621.09
T101967,04-Dec-2025,P0020,C00024,South,1.0,4508.3,0.0,4508.3
T108185,2023-09-29,P0010,C00232,West,3.0,8164.43,0.0,24493.29
T107861,05-Aug-2025,P0021,C00121,East,3.0,359.09,0.0,1077.27
T108738,11/26/2025,P0006,C00027,,,7884.39,0.0,7884.39
T104365,2025-12-28,P0038,C00077,South,11.0,5836.46,0.0,64201.06
T100423,21/01/2023,P0035,C00230,East,4.0,8930.77,0.0,35723.08
T100280,23/05/2025,P0021,C00185,Central,2.0,359.09,0.0,718.18
T101904,04/05/2025,P0009,C00179,North,4.0,11247.7,0.1,40491.72
T100595,10-Jul-2023,P0039,C00181,South,8.0,14579.92,0.0,116639.36
T107443,30-Apr-2025,P0008,C00032,North,7.0,499.0,0.2,2794.4
T103917,05/23/2024,P0016,C00035,Central,4.0,2604.21,0.05,9896.0
T105661,02/02/2023,P0001,C00248,North,4.0,6017.98,0.0,24071.92
T105778,12/01/2025,P0017,C00185,Central,2.0,382.2,0.0,764.4
T103618,01/13/2024,P0012,C00106,West,4.0,14484.04,0.0,57936.16
T100839,07-Oct-2024,P0026,C00223,Central,3.0,13905.57,0.1,37545.04
T104596,19-Aug-2023,P0009,C00023,West,6.0,11247.7,0.1,60737.58
T106505,2024-11-15,P0027,C00046,South,5.0,9818.49,0.0,49092.45
T100141,2025-01-13,P0003,C00160,South,2.0,10949.99,0.1,19709.98
T102597,18/03/2025,P0013,C00166,Central,4.0,9164.46,0.0,36657.84
T101377,03/14/2023,P0012,C00237,Central,3.0,14484.04,0.0,43452.12
T103674,10/01/2025,P0032,C00062,South,2.0,5656.65,0.0,11313.3
T107816,2025-03-28,P0006,C00173,Central,4.0,7884.39,0.0,31537.56
T102341,21/06/2025,P0034,C00038,West,6.0,10038.95,0.15,51198.64
T104741,09/17/2025,P0040,C00039,North,2.0,12756.37,0.05,24237.1
T103808,26-Aug-2025,P0034,C00176,,6.0,,0.0,60233.7
T101138,07/14/2023,P0021,C00055,South,4.0,359.09,0.0,1436.36
T102257,06/13/2024,P0024,C00013,Central,3.0,11884.11,0.0,35652.33
T106485,21/03/2025,P0031,C00017, East,8.0,1566.84,0.0,12534.72
T101787,05-Aug-2024,P0023,C00138,Central,6.0,10713.43,0.0,64280.58
T103938,2024-02-28,P0027,C00042,Central,2.0,9818.49,0.15,16691.43
T106510,2023-10-08,P0029,C00217,,5.0,12773.07,0.05,60672.08
T104646,04/12/2024,P0027,C00202,,8.0,9818.49,0.0,78547.92
T100459,28-Sep-2024,P0019,C00007,Central,4.0,6013.99,0.0,24055.96
T108698,10/11/2023,P0003,C00235,East,4.0,10949.99,0.0,"₹43,799.96"
T100948,01-Aug-2024,P0023,C00082,East,1.0,10713.43,0.0,10713.43
T103700,09/10/2023,P0022,C00158,East,5.0,3102.81,0.0,15514.05
T101336,20/06/2024,P0032,C00020,North,2.0,5656.65,0.0,11313.3
T104628,16/07/2025,P0039,C00094,,2.0,14579.92,0.0,29159.84
T108000,06/02/2024,P0009,C00244,South,3.0,11247.7,0.0,33743.1
T101602,14/12/2024,P0007,C00249,West,11.0,14423.4,,158657.4
T102238,01/05/2025,P0017,C00031,South,3.0,382.2,0.0,1146.6
T100639,22/07/2025,P0031,C00087,,4.0,1566.84,0.0,6267.36
T108954,09/26/2023,P0024,C00017, East,4.0,11884.11,0.0,47536.44
T103830,2025-05-03,P0040,C00016,West,2.0,12756.37,0.15,21685.83
T108567,21-Feb-2024,P0029,C00107,East,4.0,12773.07,0.0,51092.28
T106578,05/17/2024,P0033,C00230,East,3.0,10082.29,0.0,30246.87
T108244,2024-06-03,P0037,C00134,East,,8484.46,0.0,8484.46
T106956,01/18/2023,P0005,C00233,West,4.0,8621.09,0.0,34484.36
T101958,2025-07-14,P0030,C00069,Central,3.0,6824.34,0.0,20473.02
T101070,08/09/2025,P0005,C00229,East,9.0,8621.09,0.0,77589.81
T100155,10/30/2025,P0007,C00229,East,17.0,14423.4,0.05,232937.91
T102295,15/06/2025,P0040,C00088,South,4.0,12756.37,0.1,45922.93
T106410,26/11/2023,P0028,C00040,North,8.0,13737.15,0.2,87917.76
T104578,07/05/2025,P0010,C00208,Central,7.0,8164.43,0.15,48578.36
T101089,18-Jul-2024,P0018,C00204,Central,1.0,,0.1,5793.76
T102940,30/08/2025,P0027,C00222,central,2.0,9818.49,0.0,19636.98
T100723,24/08/2024,P0006,C00249,West,2.0,7884.39,0.0,15768.78
T104384,16/03/2023,P0021,C00038,West,3.0,359.09,0.05,1023.41
T100930,2023-10-14,P0020,C00026,North,,4508.3,0.2,25246.48
T102909,2023-06-20,P0029,C00158,East,3.0,12773.07,0.0,38319.21
T106468,2024-05-06,P0034,C00028,Central,4.0,10038.95,0.0,40155.8
T100895,01-Jun-2025,P0036,C00006,East,1.0,4229.62,0.0,4229.62
T103247,16/04/2023,P0024,C00234, East,3.0,11884.11,0.05,33869.71
T102326,01/06/2023,P0021,C00245,Central,1.0,359.09,0.0,359.09
T107467,24-Nov-2025,P0008,C00168,North,5.0,499.0,0.0,2495.0
T106247,2024-04-12,P0035,C00228,South,3.0,8930.77,0.0,26792.31
T107371,01/01/2025,P0017,C00058,East,1.0,382.2,0.1,343.98
T105038,04/09/2023,P0038,C00193,East,6.0,5836.46,0.05,33267.82
T104136,2024-07-18,P0036,C00234, East,3.0,4229.62,0.1,11419.97
T108494,2025-06-17,P0015,C00210,North,1.0,4549.66,0.0,4549.66
T101715,24-Jun-2024,p0019 ,C00134,East,2.0,6013.99,0.0,12027.98
T101698,13-Jul-2024,P0028,C00090,,4.0,13737.15,0.0,54948.6
T108836,2025-03-04,P0009,C00097,West,1.0,11247.7,0.0,11247.7
T108705,16-Nov-2023,P0009,C00069,Central,6.0,11247.7,0.0,67486.2
T108819,17-Apr-2024,P0012,C00232,West,3.0,14484.04,0.0,43452.12
T106800,01/30/2025,P0035,C00184,East,1.0,8930.77,0.1,8037.69
T103831,10/13/2025,P0021,C00126,West,6.0,359.09,0.1,1939.09
T103348,22-May-2025,P0024,C00194,East,,11884.11,0.0,35652.33
T108678,08/12/2024,P0001,C00165,West,5.0,6017.98,0.0,30089.9
T100985,2023-11-17,P0003,C00243,West,1.0,10949.99,0.0,10949.99
T101821,01/19/2024,P0030,C00037,South,2.0,6824.34,0.1,12283.81
T104571,01/24/2025,P0027,C00042,Central,4.0,9818.49,0.0,39273.96
T100587,2025-12-06,P0016,C00020,North,9.0,2604.21,0.0,23437.89
T108895,09/26/2024,P0014,C00044,South,5.0,500.0,0.1,2250.0
T105077,01-Jul-2023,P0013,C00096,Central,2.0,9164.46,0.0,18328.92
T106415,2023-05-23,P0030,C00148,,4.0,6824.34,0.0,27297.36
T106987,2024-12-19,P0027,C00245,Central,13.0,9818.49,0.0,127640.37
T108682,16-Apr-2023,P0002,C00247,North,5.0,13910.88,0.1,62598.96
T107302,16-Jul-2024,P0009,C00113,East,6.0,11247.7,0.0,67486.2
T105483,05/03/2023,P0001,C00210,North,4.0,6017.98,0.0,24071.92
T106383,2025-04-13,P0002,C00060,,3.0,13910.88,0.0,41732.64
T108658,25/08/2025,P0035,C00023,West,4.0,8930.77,0.2,28578.46
T105514,09/20/2024,P0011,C00006,East,7.0,8863.25,0.0,62042.75
T107972,11/10/2024,P0011,C00203,West,4.0,8863.25,0.0,35453.0
T105553,2024-11-10,P0026,C00244,South,3.0,13905.57,0.0,41716.71
T103557,16/04/2024,P0001,C00042,Central,3.0,6017.98,0.0,"₹18,053.94"
T101395,04-Nov-2024,P0025,C00125,North,7.0,9148.51,0.2,51231.66
T100264,05-Apr-2024,P0033,C00018,Central  ,3.0,10082.29,0.0,30246.87
T103547,13-Jan-2024,P0024,C00021,Central,5.0,11884.11,0.0,59420.55
T106286,30-Nov-2024,P0004,C00092,SOUTH ,10.0,4999.13,0.0,49991.3
T103069,2025-02-10,P0028,C00165,,4.0,13737.15,0.0,54948.6
T105025,07-Apr-2024,P0018,C00181,South,1.0,6437.51,0.1,5793.76
T107107,01/03/2024,P0034,C00074,East,4.0,10038.95,0.05,38148.01
T103864,18-Sep-2025,P0040,C00042,Central,9.0,12756.37,0.0,114807.33
T108264,06-Sep-2023,P0032,C00144,West,4.0,5656.65,0.15,19232.61
T102400,2023-01-06,P0023,C00191,South,4.0,10713.43,0.0,42853.72
T107272,06/08/2024,P0026,C00049,East,4.0,13905.57,0.0,55622.28
T103711,2024-10-16,P0008,C00158,East,4.0,499.0,0.15,1696.6
T100246,08/10/2024,P0024,C00014,Central,9.0,11884.11,0.0,"₹106,956.99"
T101594,23-Oct-2025,P0006,C00098,East,5.0,,0.0,39421.95
T108828,11/08/2023,P0011,C00029,East,11.0,8863.25,0.05,92620.96
T101529,09-May-2025,P0024,C00103,West,6.0,11884.11,0.0,71304.66
T108766,2025-12-20,P0037,C00229,East,13.0,8484.46,0.0,110297.98
T100923,06-Jan-2025,P0006,C00210,North,3.0,7884.39,0.0,23653.17
T106220,21/12/2025,P0011,C00062,South,11.0,8863.25,0.1,87746.18
T104364,02/01/2023,P0027,C00125,North,6.0,9818.49,0.0,58910.94
T100669,24-Nov-2025,P0024,C00060,,7.0,11884.11,0.0,83188.77
T103604,2025-01-21,P0017,C00241,South,unknown,382.2,0.05,363.09
T105108,23/01/2023,P0004,C00065, East,2.0,4999.13,0.05,9498.35
T101910,2025-02-18,P0029,C00088,South,6.0,12773.07,0.2,61310.74
T107016,06/03/2024,P0014,C00159,North,5.0,500.0,0.0,2500.0
T105248,21/05/2023,P0003,C00062,,5.0,10949.99,0.0,54749.95
T103958,02/23/2024,P0008,C00146,Central,4.0,499.0,0.0,1996.0
T105643,14-Jul-2024,P0037,C00054,Central,3.0,8484.46,0.0,25453.38
T102696,04/08/2025,P0016,C00195,East,7.0,2604.21,0.0,18229.47
T102591,17/10/2024,P0011,C00014,Central,4.0,8863.25,0.0,35453.0
T105906,2023-11-21,P0007,C00004,East,3.0,14423.4,0.2,34616.16
T101781,07-Sep-2023,P0002,C00193,East,5.0,13910.88,0.2,55643.52
T103013,2023-09-06,P0022,C00058,East,3.0,3102.81,,9308.43
T102307,2024-12-02,P0009,C00034,East,1.0,11247.7,0.0,11247.7
T107638,23/11/2025,P0040,C00010,South,5.0,12756.37,0.0,63781.85
T103690,16-Jun-2025,P0015,C00200,North,3.0,4549.66,0.15,11601.63
T100687,20-Aug-2023,P0006,C00049,East,9.0,7884.39,0.0,70959.51
T100612,03-Jul-2024,P0002,C00185,Central,1.0,13910.88,0.0,13910.88
T106297,2024-03-02,P0006,C00211,West,2.0,7884.39,0.05,14980.34
T103200,09-Jul-2025,P0036,C00148,North,4.0,4229.62,0.0,16918.48
T102267,07/22/2023,P0010,C00123,North,4.0,8164.43,,32657.72
T108918,07-Aug-2023,P0003,C00102,Central,4.0,10949.99,0.0,43799.96
T107640,14-Aug-2024,P0038,C00112,South,2.0,5836.46,0.2,9338.34
T101898,2024-11-13,P0039,C00090,SOUTH ,3.0,14579.92,0.15,37178.8
T108689,15/12/2023,P0001,C00242,East,12.0,6017.98,0.0,72215.76
T106362,25/11/2024,P0010,C00028,Central,7.0,8164.43,0.1,51435.91
T100258,2023-08-01,P0006,C00022,North,3.0,7884.39,0.0,23653.17
T102924,03/24/2025,P0032,C00016,West,4.0,5656.65,0.0,22626.6
T104943,10/28/2025,P0019,C00044,South,5.0,6013.99,0.0,30069.95
T102822,11/23/2024,P0017,C00099,North,7.0,382.2,0.0,2675.4
T103339,2024-08-30,P0019,C00008,South,7.0,6013.99,0.0,42097.93
T103525,11/04/2024,P0029,C00021,Central,5.0,12773.07,0.1,57478.82
T104563,10/05/2024,P0038,C00195,East,4.0,5836.46,,23345.84
T105329,13/05/2023,P0032,C00069,Central,,5656.65,0.1,15272.95
T105223,20/08/2024,P0033,C00158,East,-3.0,10082.29,0.0,30246.87
T102285,08/17/2025,P0017,C00169,Central,2.0,382.2,0.0,764.4
T104654,11/28/2023,P0001,C00068,north,1.0,6017.98,0.0,6017.98
T108036,2025-02-10,P0023,C00203,West,7.0,10713.43,0.0,74994.01
T100484,27-Feb-2023,P0007,C00123,North,2.0,14423.4,0.0,28846.8
T102211,18-Jan-2025,P0040,C00020,North,1.0,12756.37,0.0,12756.37
T105416,03/02/2025,P0012,C00146,Central,9.0,14484.04,0.0,130356.36
T106611,26/06/2024,P0011,C00050,East,3.0,8863.25,0.05,25260.26
T102555,03/16/2024,P0028,C00063,North,3.0,13737.15,0.0,41211.45
T100007,22-Feb-2025,P0033,C00008,South,6.0,10082.29,0.0,60493.74
T103657,2025-10-17,P0013,C00169,Central,8.0,9164.46,0.05,69649.9
T108349,2024-01-13,P0017,C00141,South,8.0,382.2,0.0,3057.6
T104874,27-Oct-2025,P0001,C00184,East,8.0,6017.98,0.2,"₹38,515.07"
T104402,22-Mar-2025,P0040,C00158,East,3.0,12756.37,0.0,38269.11
T105546,20-Feb-2024,P0029,C00206,North,3.0,12773.07,0.1,34487.29
T108112,2024-03-06,P0036,C00222,Central,,4229.62,0.2,3383.7
T102426,04/23/2023,P0029,C00238,West,,12773.07,0.0,51092.28
T101814,28-May-2024,P0018,C00088,South,2.0,6437.51,0.0,12875.02
T108773,21-Mar-2023,P0038,C00184,East,4.0,5836.46,0.0,23345.84
T102274,18-Mar-2024,P0022,C00214,Central,4.0,3102.81,0.05,11790.68
T101011,01/11/2025,P0019,C00102,Central,1.0,6013.99,0.0,6013.99
T106810,01-Feb-2025,P0038,C00099,North,1.0,5836.46,0.0,5836.46
T101067,2025-06-16,P0029,C00203,West,1.0,12773.07,0.0,12773.07
T101991,23-Jul-2024,P0015,C00056,South,4.0,4549.66,0.0,18198.64
T103970,16/11/2025,P0024,C00224,Central,9.0,11884.11,0.0,106956.99
T108265,2024-09-29,P0002,C00136,South,5.0,13910.88,0.0,69554.4
T105879,10/12/2024,P0018,C00144,West,3.0,6437.51,0.0,19312.53
T107160,2025-01-03,P0037,C00107,East,1.0,8484.46,0.15,7211.79
T104542,12/04/2024,P0035,C00151,East,5.0,8930.77,,40188.47
T108501,26-Sep-2025,P0035,C00114,South,3.0,8930.77,0.0,26792.31
T103867,28/03/2024,P0038,C00076,Central,2.0,5836.46,0.05,11089.27
T108586,26/10/2025,P0027,C00074,east,5.0,9818.49,0.2,39273.96
T103048,30/10/2025,p0038 ,C00120,West,1.0,5836.46,0.0,5836.46
T100781,09/25/2023,P0008,C00133,East,1.0,499.0,0.0,499.0
T102675,08/09/2023,P0027,C00219,West,3.0,9818.49,0.0,29455.47
T101749,2023-04-26,P0037,C00160,South,1.0,8484.46,0.0,8484.46
T102791,27-May-2024,P0027,C00127,SOUTH ,5.0,9818.49,0.1,44183.2
T105774,2025-11-17,P0036,C00141,South,1.0,4229.62,0.0,4229.62
T104979,2023-06-13,P0028,C00032,North,3.0,,0.0,41211.45
T106253,09/11/2025,P0004,C00164,North,3.0,4999.13,0.0,14997.39
T101091,2023-02-22,P0018,C00221,West,4.0,6437.51,0.0,25750.04
T106953,24-Apr-2024,P0030,C00057,,3.0,6824.34,0.15,17402.07
T104627,21/10/2024,P0021,C00020,North,15.0,359.09,0.0,5386.35
T102324,11/05/2024,P0037,C00233,West,1.0,8484.46,0.2,6787.57
T108911,01/08/2023,P0033,C00170,West,1.0,10082.29,0.0,10082.29
T105055,2023-01-20,P0019,C00153,Central,1.0,6013.99,0.15,5111.89
T102608,2023-06-11,P0030,C00098,East,2.0,6824.34,0.0,13648.68
T108214,09/03/2023,P0037,C00224,Central,6.0,8484.46,0.0,50906.76
T102290,2024-09-06,P0003,C00140,West,5.0,10949.99,0.0,54749.95
T101727,2024-12-18,P0011,C00200,North,3.0,8863.25,0.0,26589.75
T100610,06/06/2025,P0029,C00094,SOUTH ,9.0,12773.07,0.0,114957.63
T104666,2024-11-20,P0020,C00003,North,1.0,4508.3,0.0,4508.3
T107070,02/05/2023,P0017,C00125,North,2.0,382.2,0.2,611.52
T100343,2023-01-19,P0031,C00090,SOUTH ,2.0,1566.84,0.0,3133.68
T107036,2025-02-23,P0019,C00194,East,4.0,6013.99,0.0,24055.96
T107837,2025-12-28,P0032,C00179,North,1.0,5656.65,0.0,5656.65
T103750,09-Apr-2023,P0017,C00233,West,5.0,382.2,0.2,1528.8
T107203,2024-09-26,P0033,C00084,North,2.0,10082.29,0.0,20164.58
T108484,11/16/2025,P0022,C00153,Central,9.0,3102.81,0.0,27925.29
T105999,04/05/2024,P0017,C00177,South,3.0,382.2,0.0,1146.6
T103215,2025-07-27,P0001,C00125,North,4.0,6017.98,0.15,20461.13
T100097,30/03/2025,P0016,C00056,South,9.0,2604.21,0.05,22266.0
T108345,2025-08-13,P0037,C00100,East,4.0,8484.46,0.0,33937.84
T105176,09/15/2025,P0032,C00121,East,2.0,5656.65,0.0,11313.3
T101537,26-Jan-2025,P0022,C00197,South,2.0,3102.81,0.0,6205.62
T103588,03/11/2023,P0030,C00229,East,9.0,6824.34,0.0,61419.06
T106969,09-Oct-2023,P0029,C00077,South,2.0,12773.07,0.0,25546.14
T103648,2023-10-16,P0008,C00007,Central,4.0,499.0,0.0,1996.0
T107997,05-Aug-2023,P0020,C00076,Central,7.0,4508.3,0.0,31558.1
T106221,03/09/2025,P0001,C00036,North,3.0,6017.98,0.0,18053.94
T101517,19/09/2023,P0037,C00171,East,1.0,8484.46,0.05,8060.24
T105061,09/03/2024,P0011,C00112,South,7.0,8863.25,0.15,52736.34
T108523,2023-03-17,P0005,C00245,Central,5.0,8621.09,0.0,43105.45
T104624,10-May-2025,P0033,C00120,West,3.0,10082.29,0.0,30246.87
T104272,20/05/2024,P0033,C00158,East,4.0,10082.29,0.0,40329.16
T103669,07/31/2025,P0021,C00205,North,3.0,359.09,0.15,915.68
T105800,16/01/2024,P0039,C00191,South,3.0,14579.92,0.0,"₹43,739.76"
T102090,2025-06-24,P0004,C00036,North,1.0,4999.13,0.0,4999.13
T100572,14-Jun-2025,P0032,C00067,,,5656.65,0.1,35636.89
T108714,06-Oct-2025,P0033,C00077,South,6.0,10082.29,0.1,54444.37
T107616,11/05/2023,P0026,C00002,West,3.0,13905.57,,39630.87
T108266,08/07/2025,P0007,C00225,SOUTH ,3.0,14423.4,,43270.2
T103062,23-May-2023,P0039,C00081,West,2.0,14579.92,0.0,29159.84
T106372,2025-12-18,P0006,C00128,South,7.0,7884.39,0.0,55190.73
T107284,06/04/2023,P0028,C00194,East,2.0,13737.15,0.2,21979.44
T106532,18-Jan-2023,P0006,C00092,SOUTH ,1.0,7884.39,0.05,7490.17
T106509,16/08/2023,P0014,C00068,north,6.0,500.0,0.0,3000.0
T106734,10/22/2024,P0007,C00158,East,10.0,14423.4,0.0,144234.0
T104479,2023-01-26,P0011,C00178,West,1.0,8863.25,0.0,8863.25
T104948,2023-02-07,P0033,C00040,North,2.0,10082.29,0.0,20164.58
T105976,07/14/2025,P0040,C00019,Central,6.0,12756.37,0.1,68884.4
T100370,30-Aug-2025,P0039,C00236,East,7.0,14579.92,0.0,"₹102,059.44"
T101938,2024-01-10,P0027,C00249,West,1.0,9818.49,0.05,9327.57
T105889,09/28/2023,P0010,C00163,,3.0,8164.43,0.0,24493.29
T101753,23/03/2023,P0001,C00049,East,5.0,6017.98,0.0,30089.9
T103670,06/08/2024,P0040,C00203,West,1.0,12756.37,0.0,12756.37
T103652,17-Jul-2025,P0014,C00170,West,4.0,500.0,0.1,1800.0
T105201,12/07/2023,P0013,C00012,East,1.0,9164.46,,9164.46
T102361,05/04/2025,P0040,C00065, East,1.0,12756.37,0.0,12756.37
T104260,13-Apr-2025,P0010,C00095,Central,4.0,8164.43,0.05,"₹31,024.83"
T105432,21/07/2024,P0001,C00225,SOUTH ,7.0,6017.98,0.05,40019.57
T104991,2025-03-13,P0009,C00173,Central,7.0,11247.7,0.0,78733.9
T106264,11/03/2023,P0018,C00020,North,3.0,6437.51,0.0,19312.53
T108625,14-Sep-2023,P0016,C00105,West,7.0,2604.21,0.0,18229.47
T103737,02-Dec-2023,P0009,C00044,South,13.0,11247.7,0.0,146220.1
T108424,13-May-2023,P0023,C00209,East,6.0,10713.43,0.0,64280.58
T106942,05/02/2023,P0002,C00071, East,5.0,13910.88,0.0,69554.4
T108361,2025-03-17,p0014 ,C00121,East,7.0,500.0,0.0,3500.0
T105591,11/14/2024,P0020,C00165,West,5.0,4508.3,0.0,22541.5
T101171,04/03/2025,P0016,C00087,,6.0,2604.21,0.0,15625.26
T107727,2024-11-03,P0030,C00054,Central,7.0,6824.34,0.1,42993.34
T106660,31-May-2025,P0001,C00043,West,4.0,6017.98,0.0,24071.92
T101422,08/17/2024,P0022,C00038,West,7.0,3102.81,0.2,17375.74
T108610,05/02/2025,P0021,C00112,South,9.0,359.09,0.0,3231.81
T106698,18-Apr-2025,P0026,C00094,SOUTH ,11.0,13905.57,,152961.27
T108524,2024-05-08,P0040,C00081,West,7.0,12756.37,0.0,89294.59
T106607,2025-11-15,P0003,C00051,East,7.0,10949.99,0.0,76649.93
T108348,09/22/2023,P0030,C00139,South,4.0,6824.34,0.0,27297.36
T100874,2024-05-23,P0033,C00166,,4.0,10082.29,0.05,38312.7
T102297,05/07/2024,P0034,C00076,Central,1.0,10038.95,0.05,9537.0
T102643,2023-10-21,P0029,C00156,South,5.0,12773.07,0.0,63865.35
T106199,2023-10-13,P0032,C00010,South,5.0,5656.65,0.05,26869.09
T101719,29/10/2024,P0013,C00092,SOUTH ,4.0,9164.46,0.0,36657.84
T105347,26-Feb-2024,P0037,C00102,Central,3.0,8484.46,0.0,25453.38
T105932,2024-09-17,P0011,C00121,East,3.0,8863.25,0.1,"₹23,930.78"
T100840,2025-02-24,P0014,C00248,North,6.0,500.0,0.0,3000.0
T102568,25-Jun-2025,P0023,C00135,North,3.0,10713.43,0.0,32140.29
T100581,29/09/2023,P0035,C00131,West,6.0,8930.77,0.0,53584.62
T100204,2025-08-20,P0019,C00108,West,3.0,6013.99,0.0,18041.97
T101641,28/03/2023,P0032,C00079,South,3.0,5656.65,0.0,16969.95
T102014,28/09/2024,P0010,C00222,Central,1.0,8164.43,0.0,8164.43
T103253,2025-12-15,P0013,C00075,,3.0,9164.46,0.0,27493.38
T106552,13/11/2023,P0007,C00116,Central,4.0,14423.4,0.0,57693.6
T100905,02/03/2024,P0033,C00189,North,2.0,10082.29,0.0,20164.58
T100631,22-Jun-2023,P0034,C00111,North,4.0,10038.95,0.0,40155.8
T107144,19/12/2024,P0036,C00249,West,10.0,4229.62,0.1,"₹38,066.58"
T106449,17-Apr-2023,P0010,C00210,North,2.0,8164.43,0.0,16328.86
T101974,28-Jun-2023,P0019,C00026,North,9.0,6013.99,0.0,54125.91
T100162,2025-02-14,P0018,C00013,Central,4.0,6437.51,0.2,20600.03
T104998,15-Oct-2025,P0015,C00055,South,5.0,4549.66,0.05,21610.88
T106867,22/04/2023,P0038,C00140,West,6.0,5836.46,0.05,33267.82
T108614,30/11/2023,P0004,C00230,East,9.0,4999.13,,44992.17
T106399,2025-01-09,P0021,C00202,,1.0,359.09,0.1,323.18
T104713,27-Oct-2025,P0017,C00202,,8.0,382.2,0.0,3057.6
T100875,2023-09-30,P0012,C00020,North,4.0,14484.04,0.0,57936.16
T101431,2024-07-22,P0024,C00202,,8.0,11884.11,0.0,95072.88
T104643,2025-08-07,P0013,C00249,West,3.0,9164.46,0.0,27493.38
T105080,2025-06-12,P0017,C00131,,4.0,382.2,0.0,1528.8
T105783,2025-12-13,P0030,C00048,South,9.0,6824.34,0.1,55277.15
T108325,2025-02-14,P0003,C00244,South,4.0,10949.99,0.0,43799.96
T106277,03-May-2025,P0027,C00145,North,4.0,9818.49,0.0,39273.96
T106625,2025-06-23,P0023,C00126,,3.0,10713.43,0.15,27319.25
T106394,03/06/2023,P0032,C00188,North,2.0,5656.65,0.0,11313.3
T108604,17-Jan-2025,P0028,C00077,South,1.0,13737.15,0.0,13737.15
T102856,2024-01-18,P0003,C00036,North,3.0,10949.99,0.05,31207.47
T101861,18/11/2024,P0023,C00043,West,3.0,10713.43,0.0,32140.29
T102659,09/01/2024,P0014,C00086,West,7.0,500.0,0.0,3500.0
T103384,2025-12-02,P0016,C00156,South,5.0,2604.21,0.1,11718.94
T108719,27/10/2024,P0037,C00236,East,1.0,8484.46,0.05,8060.24
T108913,17-Oct-2023,P0014,C00019,Central,7.0,500.0,0.0,3500.0
T106662,14/09/2024,P0023,C00206,North,2.0,10713.43,0.0,21426.86
T107018,09/29/2024,P0024,C00085,Central,4.0,11884.11,0.0,47536.44
T104733,07/31/2025,P0006,C00236,East,6.0,7884.39,0.1,42575.71
T103331,2024-11-23,P0015,C00110,East,8.0,4549.66,0.0,36397.28
T108202,05-Oct-2024,P0006,C00106,West,4.0,7884.39,0.15,26806.93
T107569,30/04/2025,P0013,C00088,South,7.0,9164.46,0.15,54528.54
T107017,21/07/2024,P0025,C00109,North,6.0,9148.51,0.1,49401.95
T102096,14-Oct-2023,P0005,C00158,East,4.0,8621.09,0.0,34484.36
T102003,2023-02-25,P0016,C00131,West,4.0,2604.21,0.2,8333.47
T107123,2024-07-24,P0016,C00235,East,3.0,2604.21,0.05,7422.0
T107792,23-Aug-2024,P0024,C00096,Central,6.0,11884.11,0.1,64174.19
T106838,15/03/2023,P0021,C00037,South,2.0,359.09,0.0,718.18
T105017,18-Oct-2024,P0023,C00002,West,9.0,10713.43,0.0,96420.87
T100546,15-Jul-2023,P0006,C00102,Central,3.0,7884.39,0.0,23653.17
T101449,29-Jan-2025,P0039,C00015,South,4.0,14579.92,0.0,58319.68
T107732,2023-03-19,P0040,C00154,West,2.0,12756.37,0.0,25512.74
T102610,10/08/2024,P0013,C00038,,5.0,,0.05,43531.18
T101900,26/07/2024,P0021,C00161,West,5.0,359.09,0.0,1795.45
T107913,2023-05-31,P0014,C00054,Central,3.0,500.0,0.0,1500.0
T102757,2024-01-02,P0005,C00216,South,4.0,8621.09,0.0,34484.36
T106124,2023-08-20,P0018,C00012,East,4.0,6437.51,0.0,25750.04
T101885,06/04/2024,P0006,C00209,East,4.0,7884.39,0.0,31537.56
T108957,21-Sep-2025,P0001,C00098,East,-4.0,6017.98,0.15,20461.13
T105738,2023-09-14,P0033,C00156,South,7.0,10082.29,0.0,70576.03
T107905,2025-02-15,P0018,C00138,Central,2.0,6437.51,0.0,12875.02
T105890,2024-07-03,P0029,C00138,Central,2.0,12773.07,0.1,22991.53
T102097,02/04/2025,P0022,C00074,East,8.0,,0.0,24822.48
T108466,10-Sep-2024,P0033,C00155,West,3.0,10082.29,0.0,30246.87
T105692,2023-11-25,P0001,C00189,North,14.0,6017.98,0.1,75826.55
T100499,05/18/2024,P0013,C00022,North,2.0,9164.46,0.1,16496.03
T105624,06/01/2023,P0033,C00174,Central,4.0,10082.29,0.0,40329.16
T100836,2023-06-19,P0035,C00232,West,5.0,8930.77,0.05,42421.16
T103471,08/10/2024,P0040,C00237,Central,4.0,12756.37,0.0,51025.48
T104697,03/11/2025,P0034,C00124,West,4.0,10038.95,0.0,40155.8
T108969,05/03/2025,P0014,C00098,East,2.0,500.0,0.0,1000.0
T102171,13-May-2024,P0016,C00145,North,3.0,2604.21,0.0,7812.63
T108411,10-Jan-2024,P0016,C00130,east,7.0,2604.21,0.0,18229.47
T105678,14-Sep-2024,P0004,C00126,West,6.0,4999.13,0.1,26995.3
T108365,16-Aug-2024,P0032,C00205,North,4.0,5656.65,0.0,22626.6
T100398,09-Sep-2024,P0034,C00195,East,6.0,10038.95,0.1,54210.33
T102010,19-Dec-2025,P0005,C00115,East,5.0,8621.09,0.0,43105.45
T105166,2025-06-08,P0022,C00147,North,3.0,3102.81,0.05,8843.01
T105871,10/01/2025,P0008,C00047,Central,8.0,499.0,0.0,"₹3,992.00"
T108928,08/01/2023,P0005,C00229,East,4.0,8621.09,0.0,34484.36
T101283,2023-07-18,P0007,C00004,East,2.0,14423.4,0.15,24519.78
T107096,26-Feb-2023,P0030,C00167,East,3.0,6824.34,0.1,18425.72
T107352,03-Nov-2025,P0010,C00157,Central,3.0,8164.43,0.0,24493.29
T104256,11/06/2024,P0016,C00209,East,8.0,2604.21,0.0,20833.68
T101836,01/23/2024,P0024,C00157,Central,2.0,11884.11,0.0,"₹23,768.22"
T108748,2023-08-03,P0007,C00181,South,3.0,14423.4,0.15,36779.67
T101019,28-Mar-2025,P0038,C00182,North,4.0,5836.46,0.0,23345.84
T107279,26-Sep-2025,P0021,C00186,North,9.0,359.09,0.0,3231.81
T101326,2023-07-31,P0013,C00207,Central,6.0,9164.46,0.0,54986.76
T106231,2025-06-11,P0015,C00119,South,,4549.66,0.0,36397.28
T100475,2024-01-11,P0016,C00080,North,3.0,2604.21,0.0,7812.63
T102810,07/12/2024,P0038,C00104,South,4.0,5836.46,0.0,23345.84
T107550,12/08/2024,P0011,C00114,South,2.0,8863.25,,17726.5
T101651,11/02/2024,P0013,C00201,West,10.0,9164.46,0.0,91644.6
T108760,21/05/2023,P0012,C00075,,1.0,14484.04,0.2,11587.23
T101169,05/03/2024,P0011,C00222,Central,5.0,8863.25,0.0,44316.25
T102528,04/09/2025,P0037,C00244,South,7.0,8484.46,0.0,59391.22
T101206,2025-05-19,P0035,C00154,West,12.0,8930.77,0.0,107169.24
T106533,2023-02-13,P0010,C00074,East,4.0,8164.43,0.2,26126.18
T105469,12-Jan-2025,P0016,C00238,West,4.0,2604.21,0.0,10416.84
T108556,24/06/2023,P0005,C00093,North,9.0,8621.09,0.1,69830.83
T104539,2024-09-23,P0037,C00033,North,5.0,8484.46,0.2,33937.84
T106345,03-May-2024,P0028,C00156,South,4.0,13737.15,0.0,"₹54,948.60"
T100867,04/15/2025,P0033,C00226,West,6.0,10082.29,0.0,60493.74
T102974,04/19/2025,P0035,C00135,North,3.0,8930.77,0.0,26792.31
T105236,2023-05-29,P0011,C00198,West,6.0,8863.25,0.0,"₹53,179.50"
T105093,05/12/2025,P0013,C00031,South,22.0,9164.46,0.0,201618.12
T105433,2025-07-07,P0016,C00060,,1.0,2604.21,0.0,2604.21
T100541,2023-09-26,P0001,C00131,West,5.0,6017.98,0.0,30089.9
T105195,24/05/2025,P0035,C00130,East,8.0,8930.77,0.0,71446.16
T101132,09/09/2025,P0026,C00108,West,8.0,13905.57,0.0,111244.56
T108971,04-Oct-2024,P0014,C00231,north,4.0,500.0,0.0,2000.0
T107925,24/01/2025,P0002,C00105,West,2.0,13910.88,0.0,27821.76
T108508,27-Jun-2023,P0016,C00076,Central,6.0,2604.21,0.05,14844.0
T103390,08/05/2024,P0002,C00103,West,3.0,13910.88,0.15,35472.74
T107238,23/02/2024,P0009,C00046,South,2.0,11247.7,0.0,22495.4
T102962,02/14/2024,P0031,C00225,SOUTH ,3.0,1566.84,0.0,4700.52
T104155,10/12/2025,P0015,C00161,West,5.0,4549.66,0.0,22748.3
T103259,04/23/2023,P0016,C00143,South,4.0,2604.21,0.0,10416.84
T106034,24-Mar-2025,P0015,C00131,West,7.0,4549.66,0.0,31847.62
T107854,26-Feb-2023,P0029,C00162,north,5.0,12773.07,0.0,63865.35
T104068,14/04/2025,P0010,C00016,West,3.0,8164.43,0.2,19594.63
T102583,2024-05-07,P0022,C00131,West,4.0,3102.81,0.0,12411.24
T102813,2024-02-25,P0024,C00217,North,6.0,11884.11,0.1,64174.19
T107795,2025-09-07,P0014,C00066,West,8.0,500.0,0.0,"₹4,000.00"
T102947,07/10/2024,P0034,C00137,South,5.0,10038.95,0.0,50194.75
T105174,2023-08-17,P0017,C00072,West,2.0,,0.0,764.4
T106930,2025-08-10,P0039,C00191,South,4.0,14579.92,0.1,52487.71
T103586,01/27/2024,P0019,C00164,North,2.0,6013.99,0.0,12027.98
T108408,08/01/2024,P0020,C00064,North,2.0,4508.3,0.0,9016.6
T106581,01/15/2025,P0038,C00084,North,3.0,5836.46,0.0,"₹17,509.38"
T102563,16/01/2023,P0011,C00069,Central,1.0,8863.25,0.0,8863.25
T102630,04-Nov-2024,P0027,C00090,SOUTH ,1.0,9818.49,0.0,9818.49
T108044,17/12/2023,P0026,C00117,West,10.0,13905.57,0.05,132102.92
T107968,13-May-2023,P0023,C00107,East,3.0,10713.43,0.2,25712.23
T105036,04/01/2025,P0023,C00214,,2.0,10713.43,0.0,21426.86
T101080,05/02/2024,P0017,C00137,South,2.0,382.2,0.0,764.4
T104283,01/18/2025,P0039,C00169,Central,4.0,14579.92,0.0,58319.68
T108606,2023-08-03,P0026,C00030,North,2.0,13905.57,0.05,26420.58
T102085,12-Dec-2024,P0028,C00037,South,10.0,13737.15,0.0,137371.5
T102452,05/17/2024,P0036,C00064,North,8.0,4229.62,,33836.96
T104966,29/10/2023,P0012,C00246,South,1.0,14484.04,0.2,11587.23
T102023,2023-04-06,P0038,C00119,South,3.0,5836.46,0.0,17509.38
T106648,21/06/2024,P0003,C00242,East,6.0,10949.99,0.0,65699.94
T108181,09-Aug-2025,P0023,C00143,South,4.0,10713.43,0.0,42853.72
T107722,19-Aug-2023,P0024,C00070,West,4.0,11884.11,0.0,47536.44
T100226,02-Jul-2023,P0005,C00007,Central,2.0,8621.09,0.0,17242.18
T101013,20/12/2023,P0011,C00074,East,10.0,8863.25,0.05,84200.88
T101929,12-Jul-2023,P0026,C00233,West,3.0,13905.57,0.0,"₹41,716.71"
T107912,17/10/2023,P0021,C00248,North,11.0,359.09,0.0,3949.99
T105251,15-Feb-2024,P0026,C00216,South,1.0,13905.57,0.0,13905.57
T101404,12-Jul-2023,P0015,C00212,South,3.0,4549.66,0.05,12966.53
T102179,2025-05-20,P0034,C00072,West,4.0,10038.95,0.0,40155.8
T100697,2025-05-03,P0035,C00125,North,6.0,8930.77,0.1,48226.16
T101124,30-Aug-2025,P0019,C00211,West,9.0,6013.99,0.0,54125.91
T103895,07/04/2025,P0026,C00077,South,6.0,13905.57,0.0,83433.42
T106785,2025-06-17,P0039,C00012,East,6.0,14579.92,0.0,87479.52
T105110,12/01/2024,P0012,C00080,North,6.0,14484.04,0.0,86904.24
T101778,2023-11-13,P0034,C00056,South,3.0,10038.95,0.0,30116.85
T106418,31-Mar-2023,P0011,C00032,North,7.0,8863.25,0.0,62042.75
T102634,11-Nov-2025,P0034,C00245,Central,5.0,10038.95,0.0,50194.75
T103489,2024-05-01,P0003,C00155,West,4.0,10949.99,0.1,39419.96
T106859,05-Oct-2023,P0007,C00221,West,9.0,14423.4,0.0,129810.6
T101037,2024-02-05,P0004,C00146,Central,4.0,4999.13,0.0,19996.52
T106093,18/11/2024,P0032,C00139,South,7.0,5656.65,0.1,35636.89
T102256,04/01/2023,P0024,C00059,North,4.0,11884.11,0.0,47536.44
T107823,12/09/2024,P0018,C00079,South,3.0,6437.51,0.15,"₹16,415.65"
T102613,05/19/2024,P0016,C00237,Central,2.0,2604.21,0.0,5208.42
T100313,21/07/2023,P0014,C00087,,4.0,500.0,0.0,2000.0
T102649,2025-08-22,P0031,C00097,West,8.0,1566.84,,12534.72
T102281,2023-04-18,P0030,C00055,South,7.0,6824.34,0.15,40604.82
T107211,11-Jan-2023,P0002,C00129,Central,4.0,13910.88,0.0,55643.52
T102547,2024-10-10,P0015,C00100,East,7.0,4549.66,0.05,30255.24
T105512,2024-06-03,P0040,C00083,South,4.0,12756.37,0.0,51025.48
T105132,12/23/2023,P0027,C00033,,4.0,9818.49,0.0,39273.96
T102159,05/12/2025,P0006,C00103,West,4.0,7884.39,0.1,28383.8
T103137,27/11/2023,P0017,C00093,North,16.0,382.2,,6115.2
T108271,2025-02-09,P0013,C00043,West,7.0,9164.46,0.05,60943.66
T105850,07/08/2024,P0019,C00020,North,2.0,6013.99,0.0,12027.98
T103967,13/04/2023,P0014,C00238,West,5.0,500.0,0.0,2500.0
T101428,20/05/2023,P0001,C00102,Central,3.0,6017.98,0.0,18053.94
T108234,09-Mar-2024,P0025,C00046,South,5.0,9148.51,0.0,45742.55
T102520,22/02/2025,P0020,C00196,East,2.0,4508.3,0.0,9016.6
T106461,12-Sep-2025,P0018,C00008,South,6.0,6437.51,0.0,38625.06
T107281,26-Jan-2025,P0028,C00027,,5.0,13737.15,0.0,68685.75
T107434,02/10/2023,P0019,C00138,Central,5.0,6013.99,0.0,30069.95
T108960,06/08/2025,P0018,C00146,Central,2.0,6437.51,0.0,12875.02
T105602,2024-10-12,P0012,C00174,Central,6.0,14484.04,0.0,86904.24
T108998,09-May-2024,P0003,C00096,Central,4.0,10949.99,0.2,35039.97
T100448,2025-08-23,P0022,C00054,Central,2.0,3102.81,0.0,6205.62
T106348,18-Nov-2025,P0031,C00027,,9.0,1566.84,0.0,14101.56
T101284,2023-11-23,P0010,C00213,South,11.0,8164.43,0.0,89808.73
T105995,20-Jun-2025,P0020,C00029,East,6.0,4508.3,0.0,27049.8
T107541,14/10/2025,P0002,C00141,South,,13910.88,0.0,41732.64
T103727,05-Oct-2025,P0023,C00090,SOUTH ,8.0,10713.43,0.0,85707.44
T100361,19/03/2023,P0030,C00058,East,1.0,6824.34,0.0,6824.34
T106279,2025-11-26,P0021,C00039,North,13.0,359.09,0.0,4668.17
T105230,12-Apr-2024,P0014,C00167,East,4.0,500.0,0.05,1900.0
T108813,15-Jul-2025,P0007,C00056,South,2.0,14423.4,0.2,23077.44
T108009,2023-12-31,P0002,C00109,North,7.0,13910.88,0.0,97376.16
T106251,19-Sep-2025,P0025,C00034,East,8.0,9148.51,0.0,73188.08
T105926,20/02/2025,P0040,C00041,East,7.0,12756.37,,89294.59
T105149,01/31/2024,P0038,C00106,West,6.0,5836.46,0.05,33267.82
T102460,15-Oct-2025,P0016,C00119,South,12.0,2604.21,0.0,31250.52
T100022,2023-09-19,P0027,C00242,East,6.0,9818.49,0.0,58910.94
T102066,26/05/2025,P0017,C00188,North,2.0,382.2,0.0,764.4
T101653,12/04/2025,P0019,C00195,East,7.0,6013.99,0.1,37888.14
T100702,07/26/2024,P0025,C00057,East,4.0,9148.51,0.0,36594.04
T107283,17-Jan-2024,P0004,C00151,East,4.0,4999.13,0.0,19996.52
T102743,08/22/2024,P0018,C00051,,6.0,6437.51,0.1,34762.55
T101376,04/21/2024,P0008,C00089,East,5.0,499.0,,2495.0
T108169,2023-11-18,P0011,C00124,West,4.0,8863.25,0.0,35453.0
T102468,2025-08-10,P0021,C00210,north,4.0,359.09,0.0,1436.36
T103754,06-Sep-2024,P0020,C00029,East,8.0,4508.3,0.0,36066.4
T102325,2025-12-19,P0005,C00192,Central,13.0,8621.09,0.0,112074.17
T100460,10-Aug-2024,P0036,C00215,East,5.0,4229.62,0.0,21148.1
T105163,2023-11-23,P0003,C00202,,,10949.99,0.0,10949.99
T104183,08/03/2024,P0020,C00168,North,5.0,4508.3,0.0,22541.5
T105526,05/25/2023,P0037,C00043,West,1.0,8484.46,,"₹6,787.57"
T104082,22-Jun-2023,P0039,C00192,Central,11.0,14579.92,0.15,136322.25
T101486,25-Apr-2024,P0010,C00021,Central,3.0,8164.43,0.0,24493.29
T103678,2023-05-20,P0019,C00132,Central,3.0,6013.99,0.2,14433.58
T100282,30/10/2025,P0005,C00194,East,6.0,8621.09,0.0,51726.54
T104558,13/11/2025,P0025,C00135,North,5.0,9148.51,0.0,45742.55
T104308,11/11/2023,P0030,C00245,Central,3.0,6824.34,0.0,20473.02
T104865,01/07/2025,P0002,C00026,North,,13910.88,0.0,27821.76
T103537,18-Jul-2024,P0023,C00089,East,4.0,10713.43,0.0,42853.72
T107986,08/02/2025,P0024,C00051,East,6.0,11884.11,0.0,71304.66
T102581,02/14/2024,P0030,C00107,East,4.0,6824.34,0.0,27297.36
T101368,2025-10-21,P0007,C00157,Central,6.0,14423.4,0.0,86540.4
T108632,03-Feb-2024,P0020,C00087,,1.0,4508.3,0.1,4057.47
T106753,19-May-2024,P0030,C00100,East,4.0,6824.34,0.05,25932.49
T100597,17-Mar-2024,P0002,C00065, East,6.0,13910.88,0.0,83465.28
T104351,08/26/2023,P0034,C00125,North,2.0,10038.95,0.0,20077.9
T106346,22-Dec-2024,P0021,C00124,West,8.0,359.09,0.0,2872.72
T108953,12/26/2024,P0015,C00116,Central,1.0,4549.66,0.0,4549.66
T104758,03/27/2023,P0034,C00093,North,1.0,10038.95,0.05,9537.0
T100646,03-Nov-2024,P0010,C00164,North,10.0,8164.43,0.2,65315.44
T108842,20-Mar-2024,P0013,C00210,North,4.0,9164.46,0.0,36657.84
T106023,07-Jan-2025,P0002,C00084,North,1.0,13910.88,0.0,13910.88
T106556,06/18/2025,P0020,C00029,East,3.0,4508.3,0.15,11496.16
T103468,20/03/2025,P0007,C00120,West,3.0,14423.4,0.0,43270.2
T106428,17-Nov-2024,P0026,C00157,Central,16.0,13905.57,0.0,222489.12
T102990,2025-03-23,P0026,C00004,East,4.0,13905.57,0.0,55622.28
T108578,2024-10-10,P0005,C00057,East,7.0,8621.09,0.05,57330.25
T104875,2024-10-29,P0030,C00050,East,4.0,6824.34,0.0,27297.36
T102544,10/05/2023,P0006,C00171,East,11.0,7884.39,0.0,86728.29
T107472,21-Sep-2023,P0037,C00193,East,5.0,8484.46,0.0,"₹42,422.30"
T105341,24-Jan-2023,P0022,C00156,South,3.0,3102.81,0.0,9308.43
T107366,2024-10-08,P0008,C00104,South,12.0,499.0,0.0,5988.0
T100733,29/03/2025,P0026,C00136,South,2.0,13905.57,,27811.14
T104066,2024-06-17,P0021,C00197,South,1.0,359.09,0.1,323.18
T103988,17/08/2025,P0021,C00181,South,3.0,359.09,0.0,1077.27
T102160,2023-09-30,P0035,C00132,Central,1.0,8930.77,0.0,8930.77
T100685,27/08/2024,P0029,C00104,South,4.0,12773.07,0.0,51092.28
T106416,01/16/2025,P0028,C00191,South,1.0,13737.15,0.0,13737.15
T103243,05/05/2023,P0022,C00102,Central,3.0,3102.81,0.15,7912.17
T107236,15/12/2025,P0021,C00181,South,7.0,359.09,0.05,2387.95
T106726,27-Jun-2024,P0005,C00129,Central,,8621.09,0.15,29311.71
T108093,2025-02-26,P0011,C00004,East,9.0,8863.25,0.0,79769.25
T104083,09/16/2023,P0032,C00048,,2.0,5656.65,0.1,10181.97
T102837,06/04/2023,P0013,C00052,East,3.0,9164.46,0.0,27493.38
T103697,29/08/2025,P0040,C00142,Central,3.0,12756.37,0.0,38269.11
T106267,21/09/2023,P0021,C00152,North,4.0,359.09,0.0,1436.36
T104941,30-Jul-2025,P0025,C00056,South,8.0,9148.51,0.0,73188.08
T105946,12/30/2024,P0032,C00182,North,6.0,5656.65,0.0,33939.9
T104583,01/14/2024,P0013,C00180,Central,1.0,9164.46,0.0,9164.46
T105784,20/11/2025,P0036,C00003,,,4229.62,0.0,21148.1
T104040,2023-10-04,P0033,C00197,South,8.0,10082.29,0.0,80658.32
T102230,2023-05-20,P0034,C00134,East,3.0,10038.95,0.0,30116.85
T107341,30-Apr-2024,P0037,C00052,East,6.0,8484.46,0.05,48361.42
T102320,16/10/2024,P0028,C00059,North,7.0,13737.15,,96160.05
T104878,02-Jan-2024,P0026,C00048,South,2.0,13905.57,0.0,27811.14
T100521,30-Apr-2024,P0016,C00204,Central,2.0,2604.21,0.1,4687.58
T100522,07/17/2025,P0040,C00073,South,2.0,12756.37,0.0,25512.74
T105345,13/03/2024,P0040,C00191,South,8.0,12756.37,0.0,102050.96
T107845,20-Apr-2023,P0034,C00170,West,3.0,10038.95,0.0,30116.85
T108084,13-Feb-2024,P0018,C00040,North,1.0,6437.51,0.0,6437.51
T108080,18-Feb-2025,P0021,C00014,Central,2.0,359.09,0.1,646.36
T108803,05/01/2024,P0016,C00052,East,2.0,2604.21,0.0,5208.42
T107584,07/06/2025,P0017,C00200,North,8.0,382.2,0.0,3057.6
T100780,15/09/2023,P0024,C00109,North,3.0,11884.11,0.0,35652.33
T107859,03-Feb-2025,P0030,C00195,East,5.0,6824.34,0.0,34121.7
T106816,25/05/2023,P0014,C00091,Central,3.0,500.0,0.0,1500.0
T105607,02/06/2025,P0022,C00237,Central,1.0,3102.81,0.0,3102.81
T105978,14-Sep-2023,P0018,C00035,Central,4.0,6437.51,0.0,25750.04
T100651,11/30/2023,P0035,C00234, East,6.0,8930.77,0.2,42867.7
T107498,2025-03-12,P0032,C00042,Central,3.0,5656.65,0.05,16121.45
T102196,26/03/2025,P0018,C00211,West,4.0,6437.51,0.05,24462.54
T108514,19/08/2025,P0040,C00230,East,4.0,12756.37,0.0,51025.48
T100369,2023-02-19,P0007,C00210,North,-3.0,14423.4,0.0,43270.2
T106594,17-Sep-2024,P0036,C00248,North,3.0,4229.62,0.0,12688.86
T104214,2025-01-16,P0027,C00216,South,4.0,9818.49,0.0,39273.96
T100377,08/03/2024,P0009,C00175,East,4.0,11247.7,0.05,42741.26
T107078,2024-01-17,P0037,C00231,north,6.0,8484.46,0.0,50906.76
T102216,21-Sep-2024,P0023,C00247,North,5.0,10713.43,0.0,53567.15
T107652,26/11/2023,P0016,C00210,North,8.0,2604.21,0.0,20833.68
T101613,2023-07-15,P0008,C00201,West,3.0,499.0,5.0,1422.15
T101827,02-Mar-2023,P0012,C00018,Central,3.0,14484.04,0.0,43452.12
T103632,18/12/2023,P0031,C00172,Central,10.0,1566.84,0.2,12534.72
T100962,2025-07-30,P0014,C00230,East,2.0,500.0,0.0,1000.0
T102993,10/03/2024,P0010,C00038,West,,8164.43,,22043.96
T108818,19/11/2025,P0001,C00050,East,1.0,6017.98,0.0,6017.98
T107914,04-May-2025,P0001,C00053,West,3.0,6017.98,0.0,"₹18,053.94"
T106817,31/01/2025,P0026,C00085,Central,2.0,13905.57,0.0,27811.14
T100359,12/06/2025,P0011,C00122,West,7.0,8863.25,0.0,62042.75
T103839,31-May-2023,P0024,C00144,West,6.0,11884.11,0.0,71304.66
T108143,02/17/2024,P0040,C00061,West,1.0,12756.37,0.05,12118.55
T101246,2024-10-28,P0004,C00160,South,1.0,4999.13,0.0,4999.13
T107020,2024-10-13,P0004,C00195,East,3.0,4999.13,0.0,14997.39
T105087,2024-08-04,P0002,C00195,East,2.0,13910.88,0.0,27821.76
T103694,11/08/2024,P0005,C00054,Central,,8621.09,0.0,43105.45
T101573,10/10/2024,P0028,C00222,Central,7.0,13737.15,0.1,86544.04
T106281,20/11/2025,P0002,C00112,South,5.0,13910.88,0.0,69554.4
T107372,02-Dec-2023,P0024,C00236,East,3.0,11884.11,0.0,35652.33
T102567,2023-05-09,P0020,C00004,East,5.0,4508.3,0.05,21414.42
T103423,2024-01-01,P0015,C00036,North,2.0,4549.66,0.0,9099.32
T102037,2025-02-28,P0007,C00248,North,3.0,14423.4,0.0,43270.2
T100772,16-Jul-2024,P0019,C00146,Central,1.0,6013.99,0.0,6013.99
T105380,10/07/2024,P0016,C00129,Central,6.0,2604.21,0.1,"₹14,062.73"
T108721,12/30/2025,P0006,C00176,East,1.0,7884.39,0.1,7095.95
T103562,2025-02-16,P0020,C00086,West,7.0,4508.3,0.0,31558.1
T100562,2023-06-05,P0033,C00176,East,4.0,10082.29,0.1,36296.24
T102546,2024-08-11,P0019,C00205,North,1.0,6013.99,0.15,5111.89
T105510,02/22/2023,P0038,C00250,north,5.0,5836.46,0.1,26264.07
T105330,2025-12-24,P0034,C00170,West,9.0,10038.95,0.0,90350.55
T108725,2025-06-28,P0009,C00173,,2.0,11247.7,0.0,22495.4
T104531,19-Feb-2025,P0016,C00200,North,6.0,2604.21,0.0,"₹15,625.26"
T101674,11/04/2024,P0032,C00227,Central,5.0,5656.65,0.05,26869.09
T100365,24/08/2024,P0036,C00009,Central,3.0,4229.62,0.0,12688.86
T106605,20/06/2025,P0013,C00244,South,4.0,9164.46,0.0,36657.84
T106502,01/31/2025,P0032,C00144,West,3.0,5656.65,0.15,14424.46
T104327,08/17/2024,P0020,C00091,Central,5.0,4508.3,0.0,22541.5
T106816,05/25/2023,P0014,C00091,Central,3.0,500.0,0.0,1500.0
T100147,2023-04-15,P0025,C00005,East,7.0,9148.51,0.15,54433.63
T101668,13/05/2024,P0040,C00051,East,4.0,12756.37,0.0,51025.48
T103088,2023-06-28,P0037,C00199,Central,1.0,8484.46,0.0,8484.46
T107927,05/04/2023,P0013,C00105,West,2.0,9164.46,0.15,15579.58
T100407,20/04/2025,P0038,C00073,South,3.0,5836.46,0.1,15758.44
T108736,17/01/2024,P0013,C00070,West,8.0,9164.46,0.05,69649.9
T103456,04/06/2023,P0035,C00170,West,6.0,8930.77,0.0,"₹53,584.62"
T106186,17-Jul-2024,P0019,C00177,South,4.0,6013.99,0.0,24055.96
T104182,27-Aug-2025,P0027,C00158,East,4.0,9818.49,,39273.96
T103576,04/16/2023,P0009,C00060,,3.0,11247.7,0.0,33743.1
T103271,05-Apr-2025,P0009,C00113,East,1.0,11247.7,0.1,10122.93
T104940,02/12/2024,P0020,C00151,East,8.0,4508.3,0.0,36066.4
T101031,03/29/2025,P0023,C00246,South,1.0,10713.43,0.0,10713.43
T108963,01/14/2023,P0006,C00072,West,1.0,7884.39,0.2,6307.51
T108116,04/11/2025,P0030,C00046,South,9.0,6824.34,,61419.06
T108945,06/10/2024,P0030,C00099,North,6.0,6824.34,0.1,36851.44
T100855,2025-03-31,P0032,C00054,Central,2.0,5656.65,0.0,11313.3
T103926,2025-11-06,P0035,C00209,East,7.0,8930.77,0.0,62515.39
T100078,2025-10-07,P0036,C00223,Central,12.0,4229.62,0.0,"₹50,755.44"
T102247,14/11/2025,P0029,C00171,East,11.0,12773.07,0.0,140503.77
T107448,03/31/2023,P0015,C00168,North,4.0,4549.66,0.0,18198.64
T107281,2025-01-26,P0028,C00027,,5.0,13737.15,0.0,68685.75
T108724,05/29/2023,P0020,C00065, East,5.0,4508.3,0.0,22541.5
T107774,20/05/2024,P0032,C00077,South,2.0,5656.65,,9050.64
T107011,08/06/2025,P0002,C00174,Central,6.0,13910.88,0.0,83465.28
T100788,09/07/2025,P0038,C00040,North,2.0,5836.46,0.0,11672.92
T102279,29-Mar-2025,P0032,C00164,North,1.0,5656.65,0.0,5656.65
T104095,2024-03-22,P0040,C00130,East,2.0,12756.37,0.1,22961.47
T103897,24/11/2024,P0013,C00143,South,3.0,9164.46,0.1,24744.04
T106559,03-Dec-2024,P0040,C00069,Central,6.0,12756.37,0.0,76538.22
T108268,2023-06-25,P0001,C00048,South,,6017.98,0.15,5115.28
T108616,01/18/2024,P0017,C00148,North,,382.2,0.1,343.98
T103631,25/01/2025,P0029,C00112,South,2.0,12773.07,0.0,25546.14
T107528,09/25/2025,P0039,C00136,South,1.0,14579.92,0.0,14579.92
T106272,09/24/2024,P0014,C00020,North,6.0,500.0,0.0,3000.0
T100424,09/10/2025,P0038,C00137,South,3.0,5836.46,0.15,14882.97
T100392,07/07/2023,P0022,C00133,East,6.0,3102.81,0.0,18616.86
T107506,2025-09-06,P0033,C00171,East,4.0,10082.29,0.0,40329.16
T100016,2025-02-08,P0027,C00142,Central,5.0,9818.49,0.0,49092.45
T107515,2025-08-30,P0011,C00006,East,9.0,8863.25,0.05,75780.79
T104200,01/10/2025,P0039,C00206,North,1.0,,0.0,14579.92
T102672,2023-07-09,P0033,C00089,East,8.0,10082.29,0.0,80658.32
T102444,30/09/2024,P0023,C00164,North,5.0,10713.43,0.0,53567.15
T107198,24/05/2025,P0026,C00081,West,2.0,13905.57,0.2,22248.91
T106798,2025-11-24,P0034,C00077,South,7.0,10038.95,0.05,66759.02
T103493,2025-03-21,P0012,C00078,West,6.0,14484.04,0.0,86904.24
T106044,2024-01-18,P0004,C00045,West,,4999.13,0.0,34993.91
T101459,2023-01-17,P0018,C00026,North,3.0,6437.51,0.0,19312.53
T107263,10/30/2023,P0033,C00052,East,4.0,10082.29,0.0,40329.16
T107334,2024-02-02,P0026,C00247,North,4.0,13905.57,0.0,55622.28
T106792,01/31/2025,P0021,C00002,West,4.0,359.09,0.2,1149.09
T108432,14/02/2024,P0040,C00094,SOUTH ,1.0,12756.37,0.0,12756.37
T103835,2024-08-10,P0019,C00080,North,3.0,6013.99,0.0,18041.97
T108490,02-Mar-2025,P0023,C00102,Central,3.0,10713.43,0.0,32140.29
T105683,24/03/2023,P0011,C00247,North,5.0,8863.25,0.05,42100.44
T108936,08/07/2024,P0029,C00055,South,4.0,12773.07,0.0,51092.28
T105827,27/02/2025,P0033,C00213,South,3.0,10082.29,0.0,30246.87
T108887,2025-04-04,P0029,C00191,South,8.0,12773.07,0.0,102184.56
T104724,12/03/2024,P0005,C00107,East,4.0,8621.09,0.0,"₹34,484.36"
T107800,21/02/2025,P0036,C00212,South,6.0,4229.62,0.0,25377.72
T105887,19/03/2025,P0040,C00240,South,1.0,12756.37,0.0,12756.37
T102355,05/25/2023,P0002,C00084,North,1.0,13910.88,0.1,12519.79
T106036,27/09/2025,P0036,C00240,South,6.0,4229.62,0.0,25377.72
T104798,04/11/2025,P0014,C00069,Central,9.0,500.0,0.1,4050.0
T102442,2024-08-28,P0003,C00066,West,3.0,10949.99,0.05,31207.47
T106837,2025-02-09,P0006,C00179,North,3.0,7884.39,0.0,23653.17
T104592,11/10/2024,P0027,C00098,East,12.0,9818.49,0.0,117821.88
T107818,11/21/2024,P0032,C00010,South,1.0,,0.0,5656.65
T100464,2023-08-31,P0007,C00217,North,3.0,14423.4,0.0,43270.2
T100163,12/26/2024,P0039,C00214,Central,5.0,14579.92,0.05,3462731.0
T108440,07/31/2025,P0019,C00106,West,9.0,6013.99,0.0,54125.91
T108601,12/19/2025,P0025,C00029,East,14.0,9148.51,0.0,"₹128,079.14"
T107278,01/07/2024,P0038,C00023,West,2.0,5836.46,,11672.92
T108914,25-May-2024,P0031,C00145,North,2.0,1566.84,0.0,3133.68
T100241,29/05/2023,P0033,C00049,East,2.0,10082.29,0.0,20164.58
T102009,07/21/2024,P0006,C00196,East,3.0,7884.39,,18922.54
T106356,25/09/2025,P0032,C00208,Central,3.0,5656.65,0.0,16969.95
T103084,04-Nov-2023,P0035,C00052,East,1.0,8930.77,0.2,7144.62
T106208,07/17/2025,P0036,C00221,West,9.0,4229.62,0.0,38066.58
T100900,2025-05-13,P0023,C00102,,3.0,10713.43,0.0,32140.29
T105542,11/11/2024,P0040,C00203,West,8.0,12756.37,0.1,91845.86
T107688,2024-07-11,P0027,C00024,South,5.0,9818.49,0.0,"₹49,092.45"
T108256,08/03/2023,P0030,C00177,South,2.0,6824.34,0.05,12966.25
T104837,01/27/2025,P0034,C00094,SOUTH ,3.0,10038.95,0.0,30116.85
T102293,2024-06-26,P0037,C00161,West,5.0,8484.46,0.0,42422.3
T106548,19-Jul-2024,P0017,C00192,Central,5.0,382.2,0.0,1911.0
T106574,06/12/2024,P0007,C00035,Central,5.0,14423.4,0.0,72117.0
T104481,02-Dec-2024,P0002,C00079,South,5.0,13910.88,0.0,69554.4
T105302,2023-11-10,P0012,C00151,East,3.0,14484.04,0.15,"₹36,934.30"
T104605,2024-09-02,P0040,C00180,Central,2.0,12756.37,0.0,25512.74
T103716,20/02/2024,P0015,C00037,South,2.0,4549.66,0.0,9099.32
T108263,12/25/2023,P0014,C00162,north,7.0,500.0,,3500.0
T106140,23/04/2024,P0030,C00190,North,1.0,6824.34,,6824.34
T101764,09/02/2023,P0009,C00092,SOUTH ,7.0,11247.7,0.0,78733.9
T101549,08/03/2025,P0031,C00157,Central,3.0,1566.84,0.0,4700.52
T103029,2023-12-11,P0040,C00062,South,3.0,12756.37,0.1,34442.2
T107593,2024-04-23,P0021,C00030,North,6.0,359.09,0.0,2154.54
T106298,12/18/2025,P0034,C00227,Central,7.0,10038.95,0.0,70272.65
T102044,11/09/2024,P0008,C00111,North,16.0,499.0,0.05,7584.8
T100767,04/15/2023,P0002,C00008,South,4.0,13910.88,0.05,52861.34
T105693,2023-05-02,P0010,C00180,Central,,8164.43,0.0,32657.72
T101508,2025-05-30,P0005,C00035,Central,4.0,8621.09,0.0,34484.36
T103302,07/07/2024,P0013,C00140,West,2.0,9164.46,0.0,18328.92
T104517,30/05/2023,P0030,C00130,East,5.0,6824.34,0.0,34121.7
T104219,31/03/2024,P0006,C00003,North,2.0,7884.39,0.0,15768.78
T108270,03/01/2024,P0008,C00041,East,4.0,499.0,0.0,1996.0
T106582,03-Mar-2024,P0023,C00062,South,2.0,10713.43,0.05,20355.52
T103292,2023-03-24,P0006,C00023,West,3.0,7884.39,0.0,23653.17
T100819,12/04/2025,P0027,C00184,,6.0,9818.49,0.0,58910.94
T101403,12/05/2023,P0029,C00086,West,3.0,12773.07,0.0,38319.21
T101382,24/06/2023,P0037,C00154,West,3.0,8484.46,0.2,20362.7
T102148,20/05/2023,P0003,C00229,East,3.0,10949.99,0.0,32849.97
T105671,10/23/2024,P0032,C00010,South,6.0,5656.65,0.05,32242.9
T101638,2024-02-29,P0002,C00209,East,6.0,13910.88,0.0,83465.28
T105891,21-Jul-2024,P0013,C00037,South,4.0,9164.46,0.0,36657.84
T100608,07-Aug-2023,P0023,C00134,East,7.0,10713.43,0.0,74994.01
T100399,02/18/2024,P0006,C00052,East,4.0,7884.39,0.1,28383.8
T106406,02-Mar-2024,P0003,C00231,north,5.0,10949.99,0.0,54749.95
T100882,2024-05-31,P0035,C00187,North,4.0,8930.77,0.0,35723.08
T103565,06/29/2024,P0025,C00032,North,3.0,9148.51,0.2,21956.42
T104285,05/09/2024,P0023,C00233,West,4.0,10713.43,0.0,42853.72
T101179,05/01/2025,P0022,C00009,Central,1.0,3102.81,0.05,"₹2,947.67"
T105448,17-Nov-2025,P0011,C00102,Central,5.0,,0.2,35453.0
T104244,08/06/2023,P0015,C00129,Central,3.0,4549.66,0.0,13648.98
T105218,20/07/2025,P0016,C00154,West,8.0,2604.21,,20833.68
T106866,2024-02-13,P0010,C00117,West,5.0,8164.43,0.0,40822.15
T102130,08/28/2024,P0027,C00051,East,8.0,9818.49,0.0,78547.92
T105078,2023-07-29,P0011,C00229,East,3.0,8863.25,0.0,26589.75
T100456,21-Apr-2025,P0019,C00144,West,4.0,6013.99,0.1,21650.36
T108386,17-Aug-2025,P0008,C00002,West,8.0,499.0,0.0,3992.0
T105175,10/12/2023,P0004,C00240,South,7.0,4999.13,0.0,34993.91
T101950,02/08/2025,P0040,C00148,North,4.0,12756.37,0.0,51025.48
T105372,01-Apr-2023,P0028,C00230,East,3.0,13737.15,0.0,41211.45
T100689,19/05/2024,P0034,C00239,East,5.0,10038.95,0.0,50194.75
T108458,2025-05-19,P0013,C00151,East,6.0,9164.46,0.0,54986.76
T106525,25-Apr-2024,P0001,C00153,Central,4.0,,0.0,24071.92
T108955,2025-11-09,P0039,C00012,East,13.0,14579.92,0.0,189538.96
T106488,12/11/2024,P0037,C00152,North,1.0,8484.46,0.0,8484.46
T101953,21-Oct-2024,P0022,C00064,North,,3102.81,0.0,21719.67
T105636,2025-11-05,P0008,C00189,North,5.0,499.0,0.05,2370.25
T107149,07/07/2024,P0012,C00247,North,4.0,14484.04,0.0,57936.16
T106610,2024-04-27,P0033,C00239,East,4.0,10082.29,0.15,34279.79
T102710,26/05/2025,P0008,C00165,West,8.0,499.0,0.0,3992.0
T107442,2024-12-07,P0031,C00114,South,5.0,1566.84,0.0,7834.2
T107464,12-May-2023,P0008,C00060,,1.0,499.0,0.0,499.0
T104349,05/28/2024,P0023,C00051,East,5.0,10713.43,0.05,50888.79
T104138,28/03/2024,P0038,C00220,,2.0,5836.46,0.0,11672.92
T101884,2023-06-15,P0019,C00021,,3.0,6013.99,0.0,18041.97
T107568,2025-01-30,P0001,C00082,East,4.0,6017.98,,21664.73
T104485,2023-06-18,P0034,C00059,North,5.0,10038.95,0.0,50194.75
T102494,03/31/2023,P0016,C00095,Central,5.0,2604.21,0.1,11718.94
T107176,10/31/2023,P0022,C00234, East,8.0,3102.81,0.0,24822.48
T103036,2024-04-25,P0039,C00064,North,1.0,14579.92,0.05,13850.92
T105777,15/09/2025,P0018,C00092,SOUTH ,3.0,6437.51,0.0,19312.53
T103603,10-Sep-2023,P0007,C00015,South,3.0,14423.4,0.0,43270.2
T100845,02/28/2023,P0009,C00038,West,,11247.7,0.0,33743.1
T100542,07/12/2025,P0017,C00166,Central,1.0,382.2,0.1,343.98
T103724,25-Feb-2024,P0008,C00193,East,4.0,499.0,0.0,1996.0
T104187,2023-07-08,P0016,C00207,Central  ,4.0,2604.21,0.1,9375.16
T103679,03/02/2025,P0007,C00060,,4.0,14423.4,0.0,57693.6
T108020,07-Mar-2024,P0015,C00108,West,1.0,4549.66,0.0,4549.66
T106075,29/09/2024,P0002,C00166,Central,1.0,13910.88,0.0,13910.88
T108630,05-Jun-2025,P0023,C00185,Central,6.0,10713.43,0.05,61066.55
T108203,21-Jul-2024,P0004,C00140,West,1.0,4999.13,0.0,4999.13
T106913,18/12/2025,P0034,C00018,Central,7.0,10038.95,0.05,66759.02
T102964,14-Aug-2024,P0029,C00241,South,5.0,12773.07,0.0,63865.35
T102529,2023-08-09,P0002,C00002,West,6.0,13910.88,0.0,83465.28
T105772,08/07/2024,P0040,C00052,East,2.0,12756.37,0.0,25512.74
T101048,17-Jul-2025,P0038,C00027,,4.0,5836.46,0.0,23345.84
T101960,06/12/2023,P0039,C00172,Central,6.0,14579.92,0.0,87479.52
T102530,17-Jun-2024,P0026,C00240,South,4.0,13905.57,0.0,"₹55,622.28"
T107403,2023-11-16,P0018,C00162,north,6.0,6437.51,0.0,38625.06
T106524,09-Sep-2025,P0009,C00249,West,4.0,11247.7,0.0,44990.8
T100237,02/08/2023,P0033,C00056,South,4.0,10082.29,0.0,"₹40,329.16"
T104917,08/24/2023,P0012,C00033,North,7.0,,0.0,101388.28
T106479,11/07/2025,P0040,C00167,East,1.0,12756.37,0.15,10842.91
T101133,29/12/2024,P0004,C00094,SOUTH ,13.0,4999.13,0.0,64988.69
T105901,01/06/2023,P0038,C00060,,2.0,5836.46,0.0,"₹11,672.92"
T108249,10/04/2025,P0001,C00043,West,6.0,6017.98,0.0,36107.88
T104259,2025-12-17,P0037,C00030,North,9.0,8484.46,0.1,68724.13
T107922,28-Apr-2023,P0005,C00185,Central,4.0,8621.09,0.1,31035.92
T105089,2025-03-01,P0017,C00159,North,8.0,382.2,0.15,2598.96
T107432,08/19/2023,P0020,C00109,North,4.0,4508.3,0.0,18033.2
T105472,2023-11-29,P0007,C00126,West,14.0,14423.4,0.0,201927.6
T105656,04-Jan-2025,P0012,C00037,South,4.0,14484.04,0.0,57936.16
T107751,25/01/2023,P0001,C00199,,3.0,6017.98,0.0,18053.94
T108200,2024-09-13,P0027,C00015,South,4.0,9818.49,0.0,39273.96
T105907,04/04/2025,P0011,C00031,South,9.0,8863.25,0.0,79769.25
T102978,03/04/2025,P0012,C00125,North,3.0,14484.04,0.0,43452.12
T107953,05-May-2025,P0016,C00197,South,4.0,2604.21,0.1,9375.16
T105524,08/12/2024,P0003,C00004,East,10.0,10949.99,0.05,104024.9
T107729,2024-08-10,P0038,C00059,North,3.0,5836.46,0.0,17509.38
T106788,05/28/2025,P0021,C00081,West,1.0,359.09,,359.09
T107495,2025-09-08,P0040,C00102,Central,2.0,12756.37,0.0,25512.74
T103919,07/30/2023,P0033,C00068,north,3.0,10082.29,0.0,30246.87
T103138,12/06/2025,P0033,C00052,East,7.0,10082.29,0.1,63518.43
T108587,02-May-2025,P0039,C00069,Central,8.0,14579.92,0.0,116639.36
T105789,10/29/2024,P0035,C00146,Central,1.0,8930.77,0.05,8484.23
T104073,25/03/2023,P0028,C00185,Central,3.0,13737.15,0.2,"₹32,969.16"
T103287,15-Jun-2024,P0027,C00159,North,3.0,9818.49,0.0,29455.47
T103229,22-Sep-2023,P0025,C00244,,7.0,9148.51,0.0,64039.57
T101826,2024-11-08,P0003,C00093,North,3.0,10949.99,0.0,32849.97
T105548,04/26/2024,P0007,C00157,Central,1.0,14423.4,0.15,12259.89
T100593,05/04/2025,P0032,C00128,South,4.0,5656.65,0.0,22626.6
T102725,14/03/2024,P0034,C00214,Central,2.0,10038.95,0.0,20077.9
T104137,2024-07-03,P0028,C00083,South,3.0,13737.15,0.05,39150.88
T100560,20-Apr-2024,P0025,C00103,West,6.0,9148.51,0.0,54891.06
T107870,31/01/2024,P0024,C00136,South,4.0,11884.11,0.0,47536.44
T107086,08/23/2025,P0038,C00097,West,3.0,5836.46,0.1,15758.44
T100243,10/22/2024,P0017,C00096,Central,3.0,382.2,0.0,1146.6
T105435,13-Sep-2025,P0026,C00126,West,8.0,13905.57,0.1,100120.1
T104437,03/22/2025,P0026,C00095,,7.0,13905.57,0.0,97338.99
T106982,2024-06-20,P0026,C00240,South,1.0,13905.57,0.0,13905.57
T100405,07/24/2023,P0038,C00113,East,4.0,5836.46,0.0,23345.84
T101442,12-Jul-2024,P0030,C00097,West,6.0,6824.34,0.0,40946.04
T100261,10-Oct-2023,P0012,C00236,east,7.0,14484.04,0.0,101388.28
T106744,2023-08-09,P0021,C00209,East,2.0,359.09,0.0,718.18
T108692,29/09/2023,P0011,C00135,North,8.0,8863.25,0.0,70906.0
T101689,28-Sep-2025,P0007,C00173,Central,3.0,14423.4,,43270.2
T101725,04-Aug-2025,P0040,C00168,North,1.0,12756.37,0.0,12756.37
T108193,22/04/2023,P0019,C00111,North,3.0,6013.99,0.15,15335.67
T104930,09-Dec-2024,P0032,C00045,West,3.0,5656.65,0.15,14424.46
T105962,31/08/2025,P0012,C00084,North,2.0,14484.04,0.0,28968.08
T102496,03/14/2025,P0014,C00079,South,3.0,500.0,0.0,1500.0
T106106,2023-08-23,P0031,C00232,West,4.0,1566.84,0.0,6267.36
T106761,20-Jun-2025,P0034,C00232,West,11.0,10038.95,0.2,88342.76
T100340,09/24/2025,P0038,C00231,north,3.0,5836.46,0.0,17509.38
T107488,06/25/2025,P0012,C00214,Central,4.0,14484.04,0.0,57936.16
T101601,2024-10-06,P0008,C00110,East,4.0,499.0,0.0,1996.0
T107042,08-Nov-2025,P0032,C00142,Central,9.0,5656.65,0.0,50909.85
T105782,2025-07-28,P0027,C00226,West,4.0,9818.49,0.0,39273.96
T104576,03/03/2025,P0039,C00003,North,7.0,14579.92,0.0,102059.44
T103725,2024-05-10,P0030,C00144,West,4.0,6824.34,0.05,25932.49
T102556,02/19/2024,P0021,C00216,South,2.0,359.09,0.0,718.18
T102785,10/11/2024,P0017,C00234, East,9.0,382.2,0.0,3439.8
T101523,20/11/2024,P0012,C00087,,8.0,14484.04,0.0,115872.32
T107493,28/01/2023,P0011,C00071, East,1.0,8863.25,0.0,8863.25
T102831,03-Dec-2025,P0030,C00211,West,13.0,6824.34,0.0,88716.42
T101012,04/29/2025,P0002,C00213,South,7.0,13910.88,0.05,92507.35
T107091,2024-08-06,P0007,C00216,South,6.0,14423.4,0.1,77886.36
T108123,23-Dec-2024,P0014,C00223,Central,8.0,500.0,0.1,3600.0
T101766,08/08/2025,P0036,C00002,West,6.0,4229.62,0.0,25377.72
T104551,28-Aug-2024,P0032,C00029,East,2.0,5656.65,0.0,11313.3
T106549,17-Mar-2023,P0008,C00169,Central,5.0,499.0,0.15,2120.75
T104037,18/09/2025,P0026,C00163,,7.0,13905.57,0.0,97338.99
T107645,07/01/2023,P0034,C00188,North,4.0,10038.95,0.2,32124.64
T107942,31/12/2023,P0005,C00167,East,12.0,8621.09,0.0,103453.08
T108149,02/01/2024,P0002,C00123,North,2.0,13910.88,0.1,25039.58
T108797,09/20/2025,P0032,C00209,East,9.0,5656.65,0.15,"₹43,273.37"
T100363,03/16/2023,P0004,C00222,Central,4.0,4999.13,0.0,19996.52
T105367,10/31/2024,P0013,C00120,West,4.0,9164.46,0.0,36657.84
T105542,2024-11-11,P0040,C00203,West,8.0,12756.37,0.1,91845.86
T107127,14-Aug-2024,P0032,C00201,West,6.0,5656.65,0.05,32242.9
T108617,11/28/2023,P0008,C00147,North,8.0,499.0,0.0,3992.0
T104725,08/04/2025,P0024,C00072,West,2.0,11884.11,0.0,23768.22
T104443,2025-06-04,P0024,C00202,,2.0,11884.11,0.05,22579.81
T108631,2024-01-28,P0033,C00064,North,2.0,10082.29,0.0,20164.58
T108737,2024-05-03,P0009,C00193,East,8.0,11247.7,0.05,"₹85,482.52"
T102562,05/24/2023,P0007,C00026,North,8.0,14423.4,0.05,109617.84
T107040,07/29/2025,P0035,C00057,East,9.0,8930.77,0.0,80376.93
T108753,04/09/2024,P0010,C00152,North,7.0,8164.43,0.0,57151.01
T105519,04/21/2025,P0005,C00137,South,1.0,8621.09,0.0,8621.09
T108762,11/20/2025,P0008,C00073,South,11.0,499.0,0.0,5489.0
T103083,2023-03-14,P0015,C00095,Central,3.0,4549.66,0.1,12284.08
T102959,11/22/2024,P0039,C00127,SOUTH ,3.0,14579.92,0.0,43739.76
T102102,06/08/2024,P0012,C00029,East,5.0,14484.04,0.1,65178.18
T100632,2025-12-22,P0024,C00143,South,9.0,11884.11,0.1,96261.29
T102493,06/03/2024,P0010,C00242,East,3.0,8164.43,,24493.29
T102665,07/25/2023,P0019,C00077,South,5.0,6013.99,0.0,30069.95
T107290,26/01/2024,P0040,C00187,North,1.0,12756.37,0.0,12756.37
T104406,2024-10-10,P0005,C00233,West,7.0,8621.09,0.1,54312.87
T107389,2024-02-11,P0024,C00166,Central,3.0,11884.11,0.0,35652.33
T107150,12-Oct-2024,P0028,C00187,North,3.0,13737.15,0.0,41211.45
T102334,2024-12-10,P0021,C00015,South,-8.0,359.09,0.0,2872.72
T107709,16-Jan-2023,P0002,C00120,West,2.0,13910.88,0.0,27821.76
T106596,05/05/2024,P0027,C00135,North,6.0,9818.49,,58910.94
T103619,10-Dec-2025,P0016,C00239,East,-1.0,2604.21,0.05,2474.0
T105561,31/07/2025,P0002,C00226,West,7.0,13910.88,0.0,97376.16
T103883,08/31/2024,P0029,C00026,North,5.0,12773.07,0.1,57478.82
T106829,2023-03-15,P0008,C00082,East,5.0,499.0,0.1,2245.5
T104211,08/06/2024,P0019,C00137,South,2.0,6013.99,0.1,10825.18
T107449,02/01/2025,P0011,C00097,West,6.0,8863.25,0.05,50520.52
T101494,24/12/2025,P0009,C00028,Central,9.0,11247.7,0.15,86044.9
T102401,10/15/2023,P0017,C00011,East,4.0,382.2,0.0,1528.8
T103874,11/19/2025,P0020,C00044,South,15.0,4508.3,0.0,67624.5
T101232,02/25/2024,P0001,C00166,Central,3.0,6017.98,0.0,18053.94
T102661,07-Jan-2024,P0029,C00174,Central,4.0,12773.07,0.0,51092.28
T102817,2024-06-25,P0003,C00038,West,4.0,10949.99,0.1,39419.96
T106875,26-Sep-2024,P0019,C00176,East,8.0,6013.99,0.1,43300.73
T102774,08/04/2025,P0023,C00145,North,4.0,10713.43,0.05,40711.03
T108949,2025-07-18,P0033,C00028,Central,2.0,10082.29,0.0,20164.58
T107976,12/19/2025,P0024,C00125,North,9.0,11884.11,0.0,106956.99
T104153,06/12/2025,P0028,C00240,South,6.0,13737.15,0.0,82422.9
T108613,01/07/2023,P0022,C00178,West,3.0,3102.81,0.15,7912.17
T103061,09/29/2023,P0016,C00160,South,5.0,2604.21,0.0,13021.05
T100066,2024-06-26,P0011,C00142,Central,3.0,8863.25,0.05,"₹25,260.26"
T104250,2023-08-04,P0020,C00226,West,2.0,4508.3,0.05,8565.77
T101735,2024-06-25,P0011,C00123,North,6.0,8863.25,,53179.5
T102823,12-Sep-2023,P0015,C00050,East  ,3.0,4549.66,0.2,10919.18
T106292,07/11/2023,P0039,C00174,Central,2.0,14579.92,0.2,23327.87
T107665,02-Sep-2023,P0022,C00199,Central,3.0,,0.2,7446.74
T106909,2025-11-23,P0037,C00203,West,3.0,8484.46,0.0,25453.38
T102475,2025-09-25,P0022,C00111,North,1.0,3102.81,0.0,3102.81
T102564,2024-02-27,P0022,C00016,West,5.0,3102.81,0.2,12411.24
T105202,09/18/2024,P0018,C00173,Central,4.0,6437.51,,21887.53
T103713,30-Sep-2024,P0014,C00069,Central,10.0,500.0,0.0,5000.0
T108167,04/06/2023,P0022,C00030,North,6.0,3102.81,0.2,14893.49
T107773,2023-12-17,P0019,C00055,South,7.0,6013.99,0.1,37888.14
T100707,2023-12-28,P0006,C00129,Central,9.0,7884.39,0.0,70959.51
T103046,2023-10-14,P0036,C00238,West,4.0,4229.62,0.0,16918.48
T108372,09/05/2024,P0023,C00215,East,3.0,10713.43,0.0,32140.29
T105189,19-Aug-2025,P0003,C00140,,4.0,10949.99,0.15,37229.97
T107911,25/10/2024,P0039,C00133,East,,14579.92,0.05,166211.09
T105472,2023-11-29,P0007,C00126,West,14.0,14423.4,0.0,201927.6
T100072,02/12/2023,P0018,C00225,SOUTH ,4.0,6437.51,0.0,25750.04
T106018,09/04/2023,P0018,C00236,East,1.0,6437.51,0.1,5793.76
T104448,2025-03-21,P0039,C00130,East,6.0,14579.92,0.0,87479.52
T105860,2025-12-10,P0015,C00030,North,3.0,4549.66,0.2,10919.18
T104839,2023-11-17,P0029,C00035,Central,4.0,12773.07,0.0,51092.28
T104131,12-Jan-2025,P0007,C00222,Central,2.0,14423.4,0.0,28846.8
T105101,23/11/2025,P0028,C00213,South,5.0,13737.15,0.1,61817.18
T106764,10-Nov-2025,P0024,C00241,South,3.0,11884.11,0.0,35652.33
T101190,2024-05-07,P0003,C00238,West,-1.0,10949.99,0.1,9854.99
T106431,2023-08-11,P0007,C00022,North,2.0,14423.4,0.05,27404.46
T102601,30/10/2023,P0034,C00032,North,4.0,10038.95,0.15,34132.43
T101125,14/09/2024,P0010,C00102,Central,3.0,8164.43,0.0,24493.29
T101241,09/04/2024,P0019,C00124,West,1.0,6013.99,0.05,5713.29
T106849,16-Aug-2023,P0007,C00222,Central,1.0,14423.4,0.0,14423.4
T103602,04/04/2024,P0029,C00068,north,4.0,12773.07,0.0,51092.28
T102349,2024-02-23,P0002,C00084,North,2.0,13910.88,0.0,27821.76
T107544,2024-08-25,P0003,C00001,West,5.0,,0.0,54749.95
T103351,20/01/2025,P0011,C00039,North,4.0,8863.25,0.1,31907.7
T105094,02/26/2025,P0007,C00243,West,7.0,14423.4,0.0,100963.8
T106602,07/06/2025,P0039,C00219,west,3.0,,0.0,"₹43,739.76"
T104008,19-Oct-2024,P0029,C00153,Central,9.0,12773.07,0.15,97713.99
T106780,31-Aug-2023,P0017,C00247,North,4.0,382.2,0.0,1528.8
T101577,20/03/2024,P0011,C00040,North,2.0,,0.0,17726.5
T103906,05/07/2024,P0020,C00102,Central,8.0,4508.3,0.0,36066.4
T103729,05/04/2024,P0033,C00009,Central,8.0,10082.29,0.0,80658.32
T104358,30/07/2023,P0033,C00239,East,4.0,10082.29,0.1,36296.24
T105922,06/26/2024,P0024,C00113,East,2.0,11884.11,0.0,23768.22
T101343,06/11/2023,P0015,C00169,Central,12.0,4549.66,0.05,51866.12
T101666,02/20/2024,P0040,C00080,North,3.0,12756.37,0.05,36355.65
T107646,28-Aug-2023,P0034,C00137,South,5.0,10038.95,0.0,50194.75
T100440,15/08/2024,P0026,C00225,SOUTH ,5.0,13905.57,0.0,69527.85
T106652,31/01/2024,P0032,C00011,East,4.0,,0.0,22626.6
T101100,02/06/2025,P0006,C00183,South,7.0,7884.39,0.0,55190.73
T102637,27/04/2025,P0033,C00125,North,6.0,10082.29,0.0,"₹60,493.74"
T107104,01/08/2024,P0022,C00165,West,7.0,3102.81,0.05,20633.69
T100649,2025-03-31,P0007,C00030,North,2.0,14423.4,0.0,28846.8
T101546,23/10/2023,P0024,C00023,West,2.0,11884.11,0.05,22579.81
T108475,03/28/2025,P0003,C00067,,6.0,10949.99,0.0,65699.94
T107672,11/09/2023,P0013,C00193,East,3.0,9164.46,0.05,26118.71
T102852,12/22/2024,P0027,C00182,North,5.0,9818.49,0.15,41728.58
T103503,2024-02-02,P0019,C00030,North,4.0,6013.99,0.0,24055.96
T107254,27-Oct-2023,P0023,C00047,Central,7.0,10713.43,0.0,74994.01
T106804,2025-11-01,P0008,C00139,South,9.0,499.0,0.2,3592.8
T100630,09/06/2025,P0038,C00133,East,3.0,5836.46,0.15,14882.97
T104768,2024-02-07,P0005,C00001,West,4.0,8621.09,0.0,34484.36
T101249,2024-08-23,P0005,C00009,Central,8.0,8621.09,0.1,62071.85
T106890,03-Apr-2023,P0026,C00209,East,3.0,13905.57,0.0,41716.71
T100482,09/27/2025,P0007,C00243,West,4.0,14423.4,0.0,57693.6
T101584,2023-03-04,P0004,C00164,North,3.0,4999.13,0.0,14997.39
T106830,27-Dec-2025,P0021,C00193,East,7.0,359.09,0.0,2513.63
T104676,26-May-2023,P0014,C00250,north,7.0,500.0,0.0,3500.0
T106385,30-Jun-2025,P0016,C00248,North,4.0,2604.21,0.05,9896.0
T101462,11/11/2024,P0009,C00030,North,8.0,11247.7,0.0,89981.6
T103040,14-Feb-2023,P0039,C00238,West,2.0,14579.92,0.0,29159.84
T105010,01/04/2024,P0013,C00213,South,3.0,9164.46,0.15,23369.37
T107737,10/09/2023,P0004,C00190,North,7.0,4999.13,0.0,34993.91
T103273,2023-09-05,P0023,C00129,Central,2.0,10713.43,0.0,21426.86
T103683,22/04/2023,P0003,C00240,South,11.0,10949.99,0.0,120449.89
T106674,03/20/2024,P0003,C00107,East,4.0,10949.99,0.0,"₹43,799.96"
T106807,2023-03-27,P0027,C00069,Central,3.0,9818.49,0.0,29455.47
T104145,17/12/2023,P0039,C00236,East,4.0,14579.92,0.0,58319.68
T108877,05/01/2023,P0006,C00174,Central,10.0,7884.39,0.0,78843.9
T108553,10/23/2025,P0003,C00166,Central,6.0,10949.99,0.0,65699.94
T104954,11/04/2023,P0006,C00230,East,1.0,7884.39,0.2,6307.51
T103225,28/12/2025,P0020,C00218,Central,9.0,4508.3,0.0,40574.7
T101072,11-Jun-2023,P0036,C00029,East,5.0,4229.62,0.0,21148.1
T104815,08/02/2023,P0025,C00250,north,6.0,9148.51,0.0,54891.06
T107223,03-Mar-2025,P0024,C00037,South,2.0,11884.11,0.0,23768.22
T102631,10-Nov-2023,P0007,C00164,North,8.0,14423.4,0.0,115387.2
T106825,12-Jun-2024,P0022,C00054,Central,1.0,3102.81,0.0,3102.81
T101660,23-Oct-2024,P0026,C00163,,10.0,13905.57,0.1,125150.13
T105752,12/28/2023,P0021,C00165,West,10.0,359.09,0.0,3590.9
T102425,2023-08-13,P0003,C00208,Central,4.0,10949.99,0.0,43799.96
T105079,06/04/2023,P0017,C00093,North,3.0,382.2,0.2,₹917.28
T108332,16-Oct-2023,P0018,C00050,East,2.0,6437.51,0.2,10300.02
T105902,03/07/2024,P0040,C00141,South,,12756.37,0.05,72711.31
T107642,10/16/2023,P0024,C00027,,5.0,11884.11,0.0,59420.55
T103097,26/10/2024,P0001,C00172,Central,4.0,6017.98,0.0,24071.92
T103976,20-Jul-2025,P0010,C00136,South,,8164.43,0.0,24493.29
T101243,15/12/2023,P0018,C00216,South,6.0,6437.51,0.0,38625.06
T101300,19-Apr-2024,P0006,C00168,North,5.0,7884.39,0.05,37450.85
T106284,10/12/2023,P0020,C00192,Central,6.0,4508.3,0.0,27049.8
T103861,2023-11-21,P0005,C00084,North,,8621.09,0.0,51726.54
T106702,2023-07-09,P0017,C00180,Central,1.0,382.2,,382.2
T105481,2023-04-09,P0010,C00212,South,4.0,8164.43,0.1,29391.95
T107962,07/24/2023,P0022,C00125,,4.0,3102.81,0.0,12411.24
T105495,2025-08-26,P0031,C00054,Central,2.0,1566.84,0.0,3133.68
T105291,19/05/2025,P0013,C00210,North,4.0,9164.46,0.2,29326.27
T101408,08-Jun-2024,P0019,C00012,East,2.0,6013.99,0.15,10223.78
T101845,17/06/2024,P0013,C00105,West,4.0,,0.0,36657.84
T101798,2025-07-26,P0031,C00127,,4.0,1566.84,0.0,6267.36
T103957,07/08/2025,P0011,C00207,Central,6.0,8863.25,0.0,53179.5
T101475,18-Aug-2023,P0005,C00046,South,1.0,8621.09,0.0,8621.09
T107633,29/03/2023,P0009,C00236,East,6.0,11247.7,0.0,67486.2
T100035,10/27/2025,P0034,C00082,East,5.0,10038.95,0.1,45175.28
T108644,2025-10-15,P0003,C00110,East,8.0,10949.99,0.15,74459.93
T106441,11/11/2025,P0029,C00037,South,1.0,12773.07,0.0,12773.07
T100444,2023-02-12,P0002,C00156,South,1.0,13910.88,0.0,13910.88
T102359,21-Dec-2023,P0011,C00145,North,6.0,8863.25,0.0,53179.5
T103654,2024-08-18,P0032,C00075,,2.0,5656.65,0.0,11313.3
T106302,01/09/2023,P0018,C00230,East,3.0,6437.51,0.2,15450.02
T108606,03-Aug-2023,P0026,C00030,North,2.0,13905.57,0.05,26420.58
T103179,12/18/2024,P0033,C00082,East,3.0,10082.29,0.0,30246.87
T101286,07/05/2024,P0006,C00198,West,3.0,7884.39,0.0,23653.17
T107459,29-May-2023,P0011,C00066,West,1.0,8863.25,0.2,7090.6
T104445,26/01/2023,P0025,C00039,North,4.0,9148.51,0.0,36594.04
T103416,20/06/2024,P0024,C00089,East  ,4.0,11884.11,0.0,47536.44
T102137,2024-04-23,P0002,C00199,Central,5.0,13910.88,0.2,55643.52
T106787,2025-05-05,P0007,C00080,North,4.0,14423.4,0.0,57693.6
T102636,09/30/2024,P0011,C00062,South,6.0,8863.25,0.1,47861.55
T104016,11/14/2023,P0024,C00009,Central,6.0,11884.11,0.0,71304.66
T104097,15-Jun-2024,P0025,C00181,South,4.0,9148.51,0.0,36594.04
T101681,02/16/2024,P0013,C00131,West,4.0,9164.46,0.0,36657.84
T106813,07/31/2024,P0011,C00135,North,4.0,8863.25,0.0,35453.0
T108890,05/13/2025,P0031,C00042,Central,7.0,1566.84,0.05,10419.49
T107707,03/11/2025,P0007,C00043,West,7.0,14423.4,0.0,100963.8
T105767,26/12/2024,P0034,C00192,Central,11.0,10038.95,0.0,110428.45
T106972,2023-09-25,P0005,C00154,West,5.0,8621.09,0.1,38794.9
T105275,2024-07-08,P0035,C00166,Central,2.0,8930.77,0.0,"₹17,861.54"
T106894,23/09/2023,P0018,C00242,East,5.0,6437.51,0.0,32187.55
T101692,21-May-2023,P0012,C00175,East,5.0,14484.04,,72420.2
T107426,09-Feb-2025,P0019,C00034,East,6.0,6013.99,0.0,36083.94
T108003,29-Nov-2025,P0002,C00244,South,1.0,13910.88,0.15,11824.25
T103635,13/10/2025,P0018,C00247,North,10.0,6437.51,0.2,51500.08
T100372,10/12/2024,P0015,C00081,,10.0,4549.66,0.0,45496.6
T107726,25/04/2025,P0030,C00217,,2.0,6824.34,0.0,13648.68
T106012,21-Aug-2025,P0030,C00116,Central,6.0,6824.34,0.0,40946.04
T105453,14/04/2023,P0035,C00068,north,5.0,8930.77,0.05,42421.16
T105921,2025-10-30,P0012,C00158,East,13.0,14484.04,0.0,188292.52
T104882,2025-05-21,P0001,C00042,Central,3.0,6017.98,0.0,18053.94
T104565,2024-10-16,P0016,C00211,West,4.0,2604.21,,9375.16
T100140,08/16/2024,P0007,C00088,South,2.0,14423.4,0.15,24519.78
T104884,13-Feb-2025,P0003,C00039,North,4.0,10949.99,0.0,43799.96
T104419,21-Jan-2024,P0010,C00186,North,3.0,8164.43,0.0,24493.29
T108781,02-May-2023,P0029,C00109,North,5.0,12773.07,0.0,63865.35
T103667,2023-05-19,P0019,C00242,East,3.0,6013.99,0.0,18041.97
T100714,2024-10-14,P0034,C00128,South,6.0,10038.95,0.0,60233.7
T105923,01-Mar-2023,P0006,C00130,East,6.0,7884.39,0.0,47306.34
T106542,2025-06-16,P0012,C00131,West,2.0,14484.04,0.1,26071.27
T105243,12/19/2023,P0032,C00235,East,1.0,5656.65,0.0,5656.65
T103188,30/08/2025,P0025,C00211,West,2.0,9148.51,0.0,18297.02
T108539,27-Aug-2024,P0012,C00084,North,5.0,14484.04,0.0,72420.2
T104431,01/31/2023,P0003,C00104,South,3.0,10949.99,0.0,32849.97
T108624,09/04/2025,P0001,C00076,Central,,6017.98,0.0,48143.84
T106762,26-Jun-2024,P0021,C00012,East,6.0,359.09,0.0,2154.54
T100406,08/04/2024,P0029,C00028,Central,2.0,12773.07,0.0,25546.14
T100020,14-Apr-2025,P0002,C00045,West,3.0,13910.88,0.0,41732.64
T101004,2025-04-26,P0012,C00073,South,4.0,14484.04,0.0,57936.16
T107073,2024-04-19,P0026,C00135,North,4.0,13905.57,0.0,55622.28
T104986,2023-04-28,P0025,C00034,East,2.0,9148.51,0.1,16467.32
T102411,2025-04-28,P0022,C00076,Central,3.0,3102.81,0.0,9308.43
T102545,15-Sep-2025,P0006,C00193,East,4.0,7884.39,0.0,31537.56
T107538,03/29/2025,P0036,C00108,West,4.0,4229.62,0.2,13534.78
T102390,25-Jul-2024,P0011,C00146,Central,2.0,8863.25,0.0,17726.5
T108071,21/12/2023,P0018,C00217,North,6.0,6437.51,0.0,38625.06
T100042,07/19/2025,P0034,C00224,Central,4.0,10038.95,0.0,40155.8
T102830,2024-08-04,P0016,C00021,Central,4.0,2604.21,0.0,10416.84
T105859,26-Oct-2023,P0001,C00102,Central,4.0,6017.98,0.0,24071.92
T103371,08/21/2024,P0014,C00230,,7.0,500.0,0.0,3500.0
T103022,24/11/2025,P0034,C00187,North,9.0,10038.95,0.0,90350.55
T103364,01/07/2024,P0037,C00015,South,3.0,8484.46,0.0,25453.38
T104399,05/06/2025,P0005,C00051,East,6.0,8621.09,0.1,46553.89
T105252,12/01/2024,P0019,C00123,North,4.0,6013.99,0.0,24055.96
T100011,25/04/2024,P0014,C00219,West,7.0,500.0,0.0,3500.0
T104760,02/22/2023,P0010,C00144,West,2.0,8164.43,0.05,15512.42
T101177,02/26/2024,P0025,C00131,West,4.0,9148.51,0.0,36594.04
T106772,2023-06-11,P0020,C00176,East,7.0,4508.3,0.05,29980.2
T101947,2023-01-13,P0007,C00133,East,3.0,14423.4,0.0,43270.2
T102501,2024-02-04,P0030,C00240,South,4.0,6824.34,,27297.36
T108457,28/04/2025,P0009,C00198,West,8.0,11247.7,0.0,89981.6
T102863,28-Jun-2023,P0015,C00116,Central,6.0,4549.66,0.0,27297.96
T107630,15/07/2024,P0009,C00015,South,11.0,11247.7,0.0,123724.7
T103865,11-Feb-2023,P0022,C00211,West,3.0,3102.81,0.0,9308.43
T106228,21-Nov-2024,P0019,C00007,Central,3.0,6013.99,0.0,18041.97
T101026,30-Jul-2024,P0036,C00040,North,3.0,4229.62,0.05,12054.42
T103848,02/18/2024,P0003,C00047,Central,5.0,10949.99,0.0,54749.95
T102989,2025-07-07,P0034,C00189,North,6.0,10038.95,0.15,51198.64
T100961,03/12/2025,P0029,C00084,North,6.0,12773.07,0.15,65142.66
T102889,19-Aug-2024,P0030,C00136,South,7.0,6824.34,0.0,47770.38
T103015,2024-07-03,P0005,C00020,North,3.0,8621.09,0.1,23276.94
T103338,23-Nov-2023,P0018,C00001,West,8.0,6437.51,0.1,46350.07
T106105,22/08/2025,P0011,C00173,Central,2.0,8863.25,0.2,14181.2
T106245,06/16/2023,P0008,C00168,,3.0,499.0,0.0,1497.0
T104205,2023-05-03,P0010,C00164,North,3.0,,0.0,24493.29
T106434,17/05/2024,P0006,C00212,South,5.0,7884.39,0.0,39421.95
T107118,03-Jul-2025,P0022,C00249,West,8.0,3102.81,0.0,24822.48
T100735,2025-11-30,P0020,C00029,East,1.0,4508.3,0.0,4508.3
T104400,11-Dec-2025,P0030,C00113,East,5.0,6824.34,0.0,34121.7
T101440,26/12/2024,P0023,C00047,Central,6.0,10713.43,0.0,64280.58
T108886,28/03/2025,P0031,C00125,North,6.0,1566.84,0.0,9401.04
T108696,16-Jun-2025,P0011,C00142,Central,7.0,8863.25,0.0,62042.75
T102875,03/05/2023,P0002,C00171,East,4.0,13910.88,0.0,55643.52
T103986,24/10/2025,P0015,C00014,Central,6.0,4549.66,0.0,27297.96
T100916,2023-06-12,P0009,C00039,North,6.0,11247.7,0.0,67486.2
T108288,13-Jun-2025,P0009,C00200,North,3.0,11247.7,0.05,32055.95
T107842,29-Nov-2024,P0023,C00175,East,8.0,10713.43,0.15,72851.32
T104089,2023-07-03,P0025,C00047,Central,2.0,9148.51,0.0,18297.02
T108739,01/02/2024,P0022,C00041,East,4.0,3102.81,0.1,11170.12
T107851,05/09/2025,P0025,C00128,South,6.0,9148.51,0.0,54891.06
T102772,20-Mar-2023,P0034,C00069,Central,4.0,10038.95,0.0,40155.8
T101624,2024-09-13,P0026,C00220,,8.0,13905.57,0.1,100120.1
T107964,01/29/2025,P0035,C00010,South,3.0,8930.77,0.0,26792.31
T100821,2025-04-16,P0038,C00234, East,4.0,5836.46,0.0,23345.84
T101367,14-Apr-2023,P0032,C00072,West,5.0,5656.65,0.2,22626.6
T103712,29/01/2025,P0031,C00221,West,1.0,1566.84,0.0,1566.84
T108984,2023-10-15,P0012,C00019,Central,2.0,14484.04,0.0,28968.08
T101388,05/13/2025,P0035,C00113,East,8.0,8930.77,0.0,71446.16
T100850,03/09/2023,P0034,C00049,East,3.0,10038.95,0.0,30116.85
T101000,16/02/2024,P0028,C00022,North,5.0,13737.15,0.0,68685.75
T107473,2024-06-05,P0030,C00193,East,6.0,6824.34,0.0,40946.04
T107480,24-Jun-2023,P0006,C00124,West,6.0,7884.39,0.0,47306.34
T104114,02/24/2025,P0027,C00220,,4.0,9818.49,0.0,39273.96
T101637,10/23/2024,P0040,C00200,North,,12756.37,0.0,"₹51,025.48"
T101667,07/26/2025,P0014,C00147,North,6.0,500.0,0.0,3000.0
T104589,06/11/2025,P0011,C00129,Central,3.0,8863.25,0.2,21271.8
T103173,2024-03-22,P0008,C00037,South,7.0,499.0,,3493.0
T107654,14-Feb-2023,P0028,C00137,South,5.0,13737.15,0.05,65251.46
T101347,07/26/2025,P0025,C00002,West,3.0,9148.51,0.1,24700.98
T107848,20-Feb-2023,P0021,C00120,West,1.0,359.09,0.0,359.09
T103230,09/03/2024,P0022,C00091,Central,2.0,3102.81,0.0,6205.62
T107331,06-Mar-2024,P0026,C00155,West,4.0,13905.57,0.0,55622.28
T107094,12-Jun-2024,P0011,C00140,West,2.0,8863.25,0.0,17726.5
T108470,2025-03-17,P0028,C00136,South,3.0,13737.15,0.0,41211.45
T107588,2024-11-07,P0025,C00053,West,12.0,9148.51,0.05,104293.01
T104783,2025-04-22,P0021,C00010,South,4.0,359.09,0.0,1436.36
T107853,31/12/2024,P0029,C00228,,8.0,12773.07,0.0,102184.56
T103232,04-Nov-2024,P0021,C00206,North,7.0,359.09,0.0,2513.63
T105704,11-Jul-2025,P0036,C00200,North,2.0,4229.62,0.0,8459.24
T108787,2023-11-06,P0004,C00129,Central,6.0,4999.13,0.0,29994.78
T100703,18/02/2025,P0025,C00037,South,2.0,9148.51,0.2,14637.62
T105105,23-Apr-2023,p0010 ,C00021,Central,5.0,8164.43,0.0,40822.15
T108011,2025-11-13,P0027,C00038,West,3.0,9818.49,0.0,29455.47
T103291,06/19/2024,P0024,C00015,South,6.0,11884.11,0.0,71304.66
T103673,2023-07-29,P0039,C00138,Central,2.0,14579.92,0.0,29159.84
T102408,14-Apr-2025,P0038,C00157,Central,4.0,5836.46,0.0,23345.84
T108733,12/02/2025,P0001,C00240,South,1.0,6017.98,,6017.98
T101327,19-Jan-2024,P0035,C00246,South,5.0,8930.77,0.1,40188.47
T108779,06/04/2024,P0040,C00026,North,2.0,12756.37,0.0,25512.74
T105773,11/12/2025,P0011,C00177,South,7.0,8863.25,0.15,52736.34
T106095,10/09/2024,P0023,C00231,north,2.0,10713.43,0.0,21426.86
T105406,16-Jan-2024,P0011,C00037,South,4.0,8863.25,0.0,35453.0
T108215,24/05/2023,P0025,C00230,East,1.0,9148.51,0.05,8691.08
T107362,15-Nov-2023,P0026,C00194,East,3.0,13905.57,0.0,41716.71
T106083,19-Jul-2024,P0011,C00154,West,3.0,8863.25,0.1,"₹23,930.78"
T104909,04/15/2023,P0016,C00021,Central,1.0,2604.21,0.2,2083.37
T104440,23-Sep-2025,P0011,C00209,East,3.0,8863.25,0.0,26589.75
T101863,10/26/2023,P0034,C00244,South,4.0,10038.95,0.0,40155.8
T100986,07/01/2025,P0006,C00217,North,4.0,7884.39,0.05,29960.68
T107979,23-May-2025,P0020,C00170,West,2.0,4508.3,0.1,8114.94
T103952,10/12/2023,P0022,C00203,West,3.0,3102.81,0.0,9308.43
T107933,16-Dec-2025,P0031,C00132,Central,5.0,1566.84,0.0,7834.2
T108531,14/10/2025,P0020,C00065, East,3.0,4508.3,0.0,13524.9
T108254,03/12/2023,P0007,C00022,North,3.0,14423.4,0.0,43270.2
T104049,2023-11-06,P0022,C00142,Central,6.0,,0.0,18616.86
T106257,06/10/2025,P0009,C00042,Central,3.0,11247.7,0.0,33743.1
T103485,2024-07-14,P0019,C00247,North,3.0,6013.99,0.0,18041.97
T106089,04-Feb-2025,P0039,C00166,Central,3.0,14579.92,0.0,43739.76
T102474,2023-03-17,P0038,C00012,East,4.0,5836.46,0.15,19843.96
T105238,09/23/2024,P0026,C00168,North,4.0,13905.57,0.0,55622.28
T106454,17/04/2025,P0017,C00151,East,8.0,382.2,,3057.6
T103873,2023-03-26,P0019,C00169,Central,,6013.99,0.0,12027.98
T101198,2024-07-13,P0036,C00200,North,2.0,4229.62,0.0,8459.24
T104181,17-Aug-2025,P0003,C00139,South,8.0,10949.99,0.0,87599.92
T101518,25-Jun-2023,P0006,C00159,North,4.0,7884.39,0.15,26806.93
T108262,05/09/2023,P0015,C00173,Central,4.0,4549.66,0.0,18198.64
T105477,09/12/2024,P0016,C00006,East,-1.0,2604.21,0.0,2604.21
T106812,23-Sep-2025,P0008,C00160,South,7.0,499.0,0.0,3493.0
T101799,23-Apr-2025,P0007,C00205,North,3.0,14423.4,0.0,43270.2
T101014,22/05/2025,P0040,C00016,West,2.0,12756.37,0.05,24237.1
T100128,04/09/2024,P0001,C00149,North,4.0,6017.98,0.0,24071.92
T101364,16/07/2024,P0008,C00179,North,2.0,499.0,0.0,998.0
T107739,27-Sep-2023,P0009,C00209,East,3.0,11247.7,0.0,33743.1
T104470,2023-10-08,P0020,C00123,,7.0,4508.3,0.0,31558.1
T100891,09/03/2025,P0038,C00142,Central,4.0,5836.46,0.0,23345.84
T102793,2025-07-18,P0031,C00146,Central,4.0,1566.84,0.0,6267.36
T101969,09/08/2025,P0009,C00188,North,1.0,11247.7,0.0,11247.7
T105455,03/01/2024,P0023,C00015,South,1.0,10713.43,0.0,10713.43
T104403,24/08/2023,P0015,C00182,North,6.0,4549.66,0.15,23203.27
T105757,05/01/2025,P0015,C00164,North,4.0,4549.66,0.0,18198.64
T106527,2025-08-22,P0039,C00249,West,6.0,14579.92,0.0,87479.52
T106294,02-Aug-2024,P0016,C00243,West,12.0,2604.21,0.0,31250.52
T103923,11-Nov-2023,P0022,C00197,South,9.0,3102.81,0.0,27925.29
T105413,2025-07-08,P0040,C00154,West,4.0,12756.37,0.0,51025.48
T108404,25/11/2023,P0001,C00134,East,8.0,6017.98,0.1,43329.46
T103249,14-Nov-2023,P0032,C00144,West,9.0,5656.65,0.0,50909.85
T106570,21-Aug-2023,P0020,C00116,Central,2.0,4508.3,0.0,9016.6
T106638,2023-10-30,P0018,C00229,East,8.0,6437.51,0.2,41200.06
T108355,17/05/2025,P0010,C00120,West,6.0,8164.43,0.0,48986.58
T101208,03-Jun-2023,P0018,C00029,East,3.0,6437.51,0.0,19312.53
T103868,01/29/2024,P0013,C00024,South,1.0,9164.46,,8706.24
T108612,04/11/2025,P0002,C00056,South,,13910.88,0.0,55643.52
T104065,2024-04-18,P0023,C00217,North,10.0,10713.43,0.0,107134.3
T108385,12/07/2024,P0039,C00215,East,4.0,14579.92,0.0,58319.68
T108770,15/02/2024,P0017,C00168,North,1.0,382.2,0.0,382.2
T101239,01-Aug-2025,P0015,C00182,North,7.0,4549.66,0.0,31847.62
T102289,2024-04-01,P0010,C00056,South,5.0,8164.43,0.0,40822.15
T102740,25-Dec-2023,P0036,C00073,South,7.0,4229.62,0.0,29607.34
T100275,16-May-2023,P0016,C00081,West,4.0,2604.21,0.0,10416.84
T104585,11/10/2025,P0024,C00149,North,3.0,11884.11,,35652.33
T101035,15-Sep-2024,P0037,C00034,East,5.0,8484.46,0.0,42422.3
T101229,2023-03-27,P0039,C00138,Central,4.0,14579.92,0.0,58319.68
T106834,2023-11-27,P0004,C00210,North,4.0,4999.13,0.15,16997.04
T101008,17/09/2023,P0013,C00162,north,6.0,9164.46,0.0,54986.76
T108190,20/09/2023,P0013,C00035,Central,2.0,9164.46,0.2,14663.14
T107182,12/01/2025,P0033,C00097,West,1.0,10082.29,0.0,10082.29
T105178,10-Jun-2024,P0015,C00080,north,4.0,4549.66,0.0,18198.64
T103828,14/07/2025,P0038,C00113,East,2.0,5836.46,0.0,11672.92
T102532,2025-07-20,P0005,C00219,West,3.0,8621.09,0.0,25863.27
T104293,2024-05-25,P0026,C00237,Central,4.0,13905.57,0.0,55622.28
T101058,20-Oct-2025,P0010,C00064,North,3.0,8164.43,0.0,24493.29
T106262,22/01/2024,P0032,C00070,West,5.0,5656.65,0.0,28283.25
T107469,07/06/2023,P0005,C00187,North,4.0,8621.09,0.0,34484.36
T100281,17-Apr-2024,P0004,C00167,East,11.0,4999.13,0.05,52240.91
T101043,24-Jun-2025,P0015,C00077,South,4.0,4549.66,,18198.64
T101316,2024-08-03,P0035,C00064,North,4.0,8930.77,0.0,35723.08
T106654,07/04/2025,P0031,C00200,North,7.0,1566.84,0.1,9871.09
T100968,24-Dec-2023,P0028,C00097,West,10.0,13737.15,0.1,123634.35
T102381,06/01/2024,P0016,C00104,South,3.0,2604.21,0.15,6640.74
T108480,08/01/2023,P0039,C00107,,4.0,14579.92,0.2,46655.74
T101939,12/18/2025,P0040,C00100,East,3.0,12756.37,0.0,38269.11
T107233,15/05/2023,p0009 ,C00008,South,-3.0,11247.7,0.0,33743.1
T101274,12-Oct-2024,P0031,C00198,West,3.0,1566.84,0.0,4700.52
T100619,2023-10-08,P0010,C00223,Central,4.0,8164.43,0.0,32657.72
T108148,24-Apr-2023,P0002,C00164,North,2.0,13910.88,0.0,27821.76
T101742,17/06/2024,P0026,C00212,South,6.0,13905.57,0.2,66746.74
T101390,2025-04-30,P0019,C00078,West,8.0,6013.99,0.0,48111.92
T108183,2024-06-22,P0032,C00146,Central,7.0,5656.65,0.2,31677.24
T105943,01/30/2024,P0007,C00134,East,2.0,14423.4,0.0,28846.8
T101579,03/05/2023,P0018,C00163,,5.0,6437.51,0.2,25750.04
T101655,03/25/2024,P0029,C00207,Central,3.0,12773.07,0.0,38319.21
T103568,2025-08-20,P0014,C00225,SOUTH ,8.0,500.0,0.15,3400.0
T102352,2024-03-07,P0016,C00118,Central,10.0,2604.21,0.0,26042.1
T102212,20-Jun-2024,P0002,C00064,North,3.0,13910.88,0.05,39646.01
T106116,09/14/2023,P0019,C00240,South,3.0,6013.99,0.0,18041.97
T103131,01-Jun-2024,P0014,C00041,East,3.0,500.0,0.0,1500.0
T106052,2024-10-05,P0023,C00103,West,6.0,10713.43,0.0,64280.58
T103178,09/12/2025,P0028,C00240,South,13.0,13737.15,0.05,169653.8
T103192,2025-02-19,P0023,C00096,Central,3.0,10713.43,0.2,25712.23
T101307,20-Sep-2025,P0039,C00133,East,9.0,14579.92,0.0,131219.28
T106099,20-Apr-2025,P0020,C00083,South,6.0,4508.3,0.15,22992.33
T107029,11/18/2025,P0035,C00042,Central,7.0,8930.77,0.0,62515.39
T100575,11-Sep-2024,P0016,C00005,East,5.0,2604.21,0.05,12370.0
T102360,10/03/2025,P0003,C00040,North,6.0,10949.99,0.0,65699.94
T106656,22-Mar-2023,P0020,C00139,,2.0,4508.3,0.0,9016.6
T107115,09/13/2023,P0034,C00139,South,5.0,10038.95,0.0,50194.75
T105802,22/03/2024,P0006,C00165,West,4.0,7884.39,0.0,31537.56
T107865,14/06/2024,P0004,C00079,South,2.0,4999.13,0.0,9998.26
T108591,01/30/2024,P0038,C00090,SOUTH ,3.0,5836.46,0.0,17509.38
T101280,10/09/2023,P0012,C00129,Central,7.0,14484.04,0.0,101388.28
T108176,07/09/2025,P0036,C00066,West,7.0,4229.62,0.0,29607.34
T104957,2025-10-29,P0018,C00001,West,3.0,6437.51,0.0,19312.53
T108252,05/17/2024,P0039,C00183,South,6.0,14579.92,0.2,69983.62
T105897,14-Oct-2023,P0016,C00084,North,5.0,2604.21,0.0,13021.05
T105724,2024-11-19,P0014,C00119,South,8.0,500.0,0.15,3400.0
T101993,10/03/2023,P0021,C00133,,1.0,359.09,0.15,305.23
T102639,12/29/2024,P0005,C00120,West,5.0,8621.09,0.0,43105.45
T100269,03-Dec-2024,P0006,C00202,,5.0,7884.39,0.05,37450.85
T100629,10/11/2023,P0021,C00093,North,8.0,359.09,0.0,2872.72
T107457,09/07/2023,P0006,C00142,Central,5.0,7884.39,0.0,39421.95
T103081,10/14/2024,P0009,C00168,North,7.0,11247.7,0.0,78733.9
T103466,12/04/2023,P0016,C00111,North,7.0,2604.21,0.0,18229.47
T106430,29-Aug-2024,P0025,C00228,South,6.0,9148.51,0.0,54891.06
T108488,26-Feb-2024,P0017,C00164,North,7.0,382.2,0.1,2407.86
T107062,08/31/2023,P0007,C00086,West,8.0,14423.4,0.0,115387.2
T104396,24-Sep-2025,P0018,C00156,South,7.0,6437.51,0.0,45062.57
T104023,22/02/2024,P0028,C00081,,2.0,13737.15,0.0,27474.3
T108868,14-Dec-2023,P0035,C00082,East,6.0,8930.77,0.2,42867.7
T105543,30-Aug-2025,P0014,C00157,Central,4.0,500.0,0.0,2000.0
T105568,20/01/2023,P0027,C00170,West,4.0,9818.49,0.05,37310.26
T102046,11/21/2025,P0023,C00126,West,9.0,10713.43,0.0,96420.87
T104356,08/04/2025,P0006,C00143,South,1.0,7884.39,0.0,7884.39
T107889,22/03/2023,P0017,C00016,West,4.0,382.2,0.1,1375.92
T102113,2023-04-19,P0012,C00047,Central,4.0,14484.04,0.0,57936.16
T100027,04/05/2024,P0017,C00126,West,2.0,382.2,0.0,764.4
T102040,2025-08-29,P0031,C00170,West,6.0,1566.84,0.0,9401.04
T103928,31-Jul-2025,P0003,C00212,South,1.0,10949.99,0.0,10949.99
T102938,10/08/2024,P0015,C00030,North,5.0,4549.66,0.0,22748.3
T103216,27/04/2025,P0010,C00212,South,4.0,8164.43,0.0,32657.72
T104933,14/02/2025,P0039,C00009,Central,,14579.92,0.0,29159.84
T103814,2023-09-04,P0037,C00130,East,4.0,8484.46,0.2,27150.27
T100129,21/09/2025,P0040,C00043,West,4.0,12756.37,0.1,45922.93
T107461,12/03/2025,P0018,C00107,East,13.0,,0.0,83687.63
T106104,02/04/2025,P0038,C00155,West,6.0,5836.46,0.0,35018.76
T102278,26-Dec-2023,P0022,C00001,West,6.0,3102.81,0.0,18616.86
T104599,12/26/2024,P0032,C00117,West,6.0,5656.65,0.0,33939.9
T100013,01/18/2025,P0010,C00011,East,5.0,8164.43,0.0,40822.15
T108405,12-Aug-2024,P0030,C00036,North,5.0,6824.34,0.0,34121.7
T104476,12/27/2024,P0023,C00053,West,6.0,10713.43,0.0,64280.58
T105947,08/28/2023,P0035,C00222,Central,1.0,8930.77,0.0,8930.77
T101525,05-Oct-2024,P0015,C00173,Central,14.0,4549.66,0.0,63695.24
T102365,18-Mar-2025,P0027,C00016,West,6.0,9818.49,0.0,58910.94
T104648,19-Jul-2023,P0007,C00184,East,2.0,,0.2,23077.44
T103052,2025-08-13,P0029,C00007,Central,6.0,12773.07,0.1,68974.58
T104005,03/20/2025,P0036,C00062,South,11.0,4229.62,0.0,46525.82
T106980,28/09/2023,P0018,C00204,Central,5.0,6437.51,0.0,32187.55
T102340,13/01/2023,P0034,C00107,East,1.0,10038.95,0.0,10038.95
T100374,26/01/2025,P0002,C00162,north,2.0,13910.88,0.1,25039.58
T107337,17-Mar-2023,P0003,C00222,Central,4.0,10949.99,0.0,43799.96
T106477,11-Dec-2023,P0030,C00178,West,4.0,6824.34,0.15,23202.76
T100525,20-Oct-2025,P0012,C00066,West,6.0,14484.04,0.2,69523.39
T100939,13-Jul-2023,P0022,C00156,South,5.0,3102.81,0.05,14738.35
T103369,28/12/2025,P0013,C00200,North,7.0,9164.46,0.1,57736.1
T105718,06/20/2024,P0040,C00121,East,7.0,12756.37,,89294.59
T104573,13-Apr-2025,P0011,C00050,East,2.0,8863.25,0.2,14181.2
T106895,07/10/2024,P0029,C00055,South,6.0,12773.07,0.15,65142.66
T102147,08/01/2025,P0030,C00214,Central,4.0,6824.34,0.0,27297.36
T103591,20/04/2025,P0007,C00236,East,2.0,14423.4,0.15,24519.78
T107944,12-Sep-2024,P0018,C00196,East,1.0,6437.51,0.0,6437.51
T108668,2024-04-27,P0005,C00079,South,6.0,8621.09,0.0,51726.54
T102958,2025-06-09,P0011,C00005,East,2.0,8863.25,0.0,17726.5
T106164,26-Mar-2024,P0023,C00069,Central,3.0,10713.43,0.0,32140.29
T103623,12/12/2024,P0023,C00145,North,8.0,10713.43,0.0,85707.44
T100529,04-Sep-2024,P0011,C00225,SOUTH ,3.0,8863.25,0.0,26589.75
T103714,29-Nov-2025,P0032,C00057,East,11.0,5656.65,0.0,62223.15
T107852,2025-12-01,P0025,C00124,West,11.0,9148.51,0.1,90570.25
T104732,08/14/2023,P0033,C00108,West,2.0,10082.29,0.0,20164.58
T101269,2023-04-15,P0029,C00192,Central,3.0,12773.07,0.15,32571.33
T104281,27-Apr-2023,P0017,C00060,,2.0,382.2,0.2,611.52
T101394,05/04/2025,P0013,C00115,East,3.0,9164.46,0.0,27493.38
T104850,27/08/2024,P0012,C00143,South,1.0,14484.04,0.0,14484.04
T104009,25-Mar-2024,P0007,C00117,West,8.0,14423.4,0.0,115387.2
T104390,05/23/2025,P0016,C00065, East,6.0,2604.21,0.0,15625.26
T101797,04-May-2024,P0032,C00130,East,10.0,5656.65,0.0,56566.5
T102979,2023-03-26,P0037,C00031,South,4.0,8484.46,0.0,33937.84
T101441,16-Jul-2023,P0027,C00159,North,6.0,9818.49,0.0,58910.94
T107527,2025-08-25,P0015,C00132,Central,4.0,4549.66,0.0,18198.64
T102625,2025-05-20,P0025,C00040,North,3.0,9148.51,0.0,27445.53
T103811,08/03/2023,P0028,C00032,North,4.0,13737.15,0.0,54948.6
T105631,21/12/2024,P0011,C00158,East,1.0,8863.25,0.0,8863.25
T107545,19/07/2023,P0012,C00179,North,3.0,14484.04,0.0,2172606.0
T101273,09-Dec-2024,p0033 ,C00017, East,1.0,10082.29,0.0,10082.29
T106563,01/17/2024,P0003,C00110,East,1.0,10949.99,0.0,10949.99
T104703,04/09/2024,P0022,C00123,North,6.0,3102.81,0.0,18616.86
T107090,2024-05-25,P0005,C00032,North,2.0,8621.09,0.0,17242.18
T101712,2024-06-12,P0024,C00137,South,11.0,11884.11,0.2,104580.17
T108893,04/10/2025,P0029,C00181,South,6.0,12773.07,0.1,68974.58
T100955,07/07/2023,P0002,C00170,,3.0,13910.88,0.0,41732.64
T106675,08/23/2025,P0030,C00203,West,,6824.34,0.1,12283.81
T108821,2023-03-21,P0028,C00149,North,4.0,13737.15,0.15,46706.31
T108028,23/11/2025,P0022,C00165,West,3.0,3102.81,10.0,8377.59
T108548,12/03/2023,P0026,C00204,Central,1.0,13905.57,0.1,12515.01
T108720,2024-10-13,P0009,C00240,South,4.0,11247.7,0.0,44990.8
T108293,24/07/2024,P0022,C00144,West,6.0,3102.81,0.05,17686.02
T100403,23-Sep-2024,P0025,C00027,,7.0,9148.51,0.2,51231.66
T102071,27-Sep-2023,P0033,C00049,East,3.0,10082.29,0.0,30246.87
T108879,16-Dec-2023,P0014,C00098,East,9.0,500.0,0.0,4500.0
T101977,22/09/2024,P0012,C00058,East,2.0,14484.04,0.05,27519.68
T100158,2025-02-27,P0035,C00133,East,6.0,8930.77,0.0,53584.62
T105844,20/10/2024,P0029,C00121,East,6.0,12773.07,0.0,76638.42
T107005,19-Jul-2024,P0010,C00177,South,2.0,8164.43,0.0,"₹16,328.86"
T103888,06/15/2025,P0015,C00014,Central,4.0,4549.66,0.05,17288.71
T105451,2025-09-02,P0020,C00059,North,4.0,4508.3,0.2,14426.56
T100902,19/10/2025,P0035,C00114,South,12.0,8930.77,0.0,107169.24
T100352,01/02/2025,P0019,C00234, East,2.0,6013.99,0.2,9622.38
T105326,18-Apr-2025,P0017,C00092,SOUTH ,7.0,382.2,0.1,2407.86
T106078,08-Oct-2025,P0025,C00066,West,8.0,9148.51,0.0,73188.08
T106236,11/12/2024,P0012,C00162,north,11.0,14484.04,0.0,159324.44
T104540,17/04/2025,P0032,C00157,Central,2.0,5656.65,0.0,11313.3
T104130,06/30/2023,P0028,C00218,Central,2.0,13737.15,0.0,27474.3
T100754,27-Dec-2024,P0032,C00132,Central,8.0,5656.65,0.0,45253.2
T105833,09/07/2025,P0039,C00119,South,3.0,14579.92,0.0,43739.76
T102971,23/02/2024,P0004,C00219,West,2.0,4999.13,0.0,9998.26
T101082,24/12/2025,P0028,C00078,West,9.0,13737.15,0.0,123634.35
T102920,12-Apr-2024,P0020,C00122,West,4.0,4508.3,0.0,18033.2
T100311,2025-05-20,P0038,C00076,Central,4.0,5836.46,,23345.84
T104644,2024-01-22,P0029,C00179,North,4.0,12773.07,0.0,51092.28
T100661,30/05/2025,P0019,C00173,Central,6.0,6013.99,0.0,36083.94
T107057,2023-07-09,P0008,C00023,West,5.0,499.0,0.15,2120.75
T101989,2025-12-30,P0011,C00004,East,9.0,8863.25,0.0,79769.25
T103665,03/11/2024,P0011,C00116,Central,3.0,8863.25,0.0,26589.75
T100306,2025-11-09,P0035,C00200,North,5.0,8930.77,0.1,40188.47
T102335,2024-07-24,P0011,C00237,Central,6.0,8863.25,0.1,47861.55
T104790,2025-06-23,P0002,C00205,North,4.0,13910.88,0.0,55643.52
T102356,12/29/2023,P0027,C00018,Central,4.0,9818.49,0.0,39273.96
T103702,2023-01-16,P0038,C00035,Central,2.0,5836.46,0.0,"₹11,672.92"
T103804,2023-10-21,P0012,C00195,East,4.0,14484.04,0.0,57936.16
T101927,2025-12-23,P0006,C00140,West,1.0,7884.39,0.05,7490.17
T108506,28/03/2024,P0007,C00092,SOUTH ,1.0,14423.4,,12259.89
T103427,17-Aug-2023,P0030,C00005,East,9.0,6824.34,0.0,61419.06
T100749,06/03/2024,P0032,C00076,Central,2.0,5656.65,0.0,11313.3
T103638,22-Apr-2025,P0036,C00198,West  ,2.0,4229.62,0.2,6767.39
T107323,29-May-2023,P0006,C00042,,4.0,7884.39,0.0,31537.56
T101266,06/03/2023,P0013,C00034,East,5.0,9164.46,0.15,38948.95
T107364,24/05/2025,P0012,C00217,North,3.0,14484.04,0.2,34761.7
T107639,2025-06-10,P0016,C00227,Central,6.0,2604.21,0.0,15625.26
T102956,2024-11-29,P0015,C00157,Central,5.0,4549.66,0.0,22748.3
T103595,01/09/2025,P0035,C00179,North,3.0,8930.77,0.05,25452.69
T102134,2024-09-19,P0029,C00056,South,4.0,12773.07,0.0,51092.28
T107179,01/16/2024,P0033,C00149,North,1.0,10082.29,0.0,10082.29
T107157,06/01/2024,P0007,C00010,South,3.0,14423.4,0.05,41106.69
T107121,30/06/2023,P0025,C00203,West,1.0,9148.51,0.1,8233.66
T105066,18/11/2024,P0027,C00066,West,,9818.49,0.0,68729.43
T104109,04/01/2024,P0035,C00169,Central,1.0,8930.77,0.2,7144.62
T104969,08/21/2023,P0021,C00147,North,3.0,359.09,0.0,1077.27
T104904,01/08/2023,P0021,C00085,Central,1.0,359.09,0.0,359.09
T100514,2025-02-13,P0020,C00235,East,5.0,4508.3,0.0,22541.5
T100894,14/10/2025,P0001,C00183,South,,6017.98,0.2,28886.3
T100409,07/09/2023,P0020,C00123,North,6.0,4508.3,,24344.82
T107508,03-Sep-2025,P0017,C00185,Central,6.0,382.2,0.0,2293.2
T107065,09/12/2023,P0023,C00037,South,6.0,10713.43,0.05,61066.55
T103461,05/07/2025,P0037,C00048,South,6.0,8484.46,0.05,48361.42
T100899,03/30/2025,P0007,C00209,East,3.0,14423.4,0.0,43270.2
T100207,05/08/2023,P0012,C00081,West,3.0,14484.04,0.0,43452.12
T108177,20-Mar-2025,P0011,C00079,South,3.0,8863.25,0.05,25260.26
T100458,10-Mar-2024,P0009,C00108,West,7.0,11247.7,0.05,74797.2
T102054,27/11/2025,P0015,C00234, East,11.0,4549.66,0.05,47543.95
T102430,05/05/2023,P0013,C00243,West,5.0,9164.46,0.0,45822.3
T100250,13/09/2023,P0033,C00085,Central,5.0,10082.29,0.0,50411.45
T108376,2025-02-05,P0026,C00172,Central,4.0,13905.57,0.0,55622.28
T105437,01/03/2023,P0004,C00182,North,3.0,4999.13,0.0,14997.39
T101107,29/04/2023,P0003,C00048,South,2.0,10949.99,0.0,21899.98
T108156,08-Mar-2023,P0022,C00153,Central,4.0,3102.81,0.0,12411.24
T105979,07/30/2024,P0021,C00190,North,6.0,359.09,0.0,2154.54
T101713,2023-06-20,P0002,C00011,East,4.0,13910.88,0.0,55643.52
T103911,2024-11-14,P0038,C00092,SOUTH ,8.0,5836.46,0.05,44357.1
T108090,16-Apr-2024,P0040,C00042,Central,2.0,12756.37,0.05,24237.1
T100715,12/01/2024,P0008,C00034,East,3.0,499.0,0.0,1497.0
T100552,09/22/2023,P0034,C00072,West,2.0,10038.95,0.0,20077.9
T101439,19/01/2023,P0019,C00192,Central,4.0,6013.99,0.0,24055.96
T102270,05/01/2023,P0022,C00145,North,4.0,3102.81,0.1,11170.12
T103144,07/19/2024,P0017,C00146,Central,6.0,382.2,0.0,2293.2
T106917,2023-06-24,P0040,C00239,East,,12756.37,0.05,72711.31
T102056,01/30/2025,P0038,C00155,West,3.0,5836.46,0.0,17509.38
T101925,2025-07-06,P0005,C00215,East,2.0,8621.09,0.0,17242.18
T100634,24-Sep-2024,P0029,C00069,Central,3.0,12773.07,0.2,30655.37
T106082,05/09/2025,P0019,C00047,Central,4.0,6013.99,0.0,24055.96
T100316,07/07/2023,P0023,C00161,West,3.0,10713.43,0.1,28926.26
T108447,2023-08-01,P0032,C00076,Central,3.0,5656.65,0.0,16969.95
T108824,10-Jul-2024,P0037,C00136,South,5.0,8484.46,0.0,42422.3
T105424,08/19/2024,P0002,C00106,West,1.0,13910.88,0.05,13215.34
T100427,05/02/2025,P0014,C00164,North,1.0,500.0,,500.0
T107470,06-Aug-2025,P0014,C00050,East,7.0,500.0,0.1,3150.0
T100105,2024-06-02,P0039,C00036,North,7.0,14579.92,0.0,102059.44
T103041,01/21/2023,P0016,C00082,East,1.0,2604.21,0.0,2604.21
T104238,18/04/2025,P0035,C00221,West,11.0,8930.77,0.0,98238.47
T102169,07-May-2024,P0008,C00105,West,5.0,499.0,0.0,2495.0
T101709,2025-03-27,P0004,C00131,West,9.0,4999.13,0.1,40492.95
T100089,2023-07-09,P0023,C00195,East,3.0,10713.43,0.0,32140.29
T107014,2025-03-26,P0040,C00017, East,4.0,12756.37,0.0,51025.48
T102241,02-Jun-2025,P0018,C00213,South,3.0,6437.51,0.1,17381.28
T103174,19-Feb-2024,P0001,C00228,South,1.0,6017.98,0.0,6017.98
T108089,12/07/2024,P0040,C00228,South,8.0,12756.37,0.0,102050.96
T106259,30-Apr-2024,P0013,C00022,North,4.0,9164.46,0.15,31159.16
T106732,06/07/2024,P0040,C00044,South,5.0,12756.37,0.0,63781.85
T101949,15/03/2025,P0014,C00233,West,4.0,500.0,0.1,1800.0
T104044,2023-09-16,P0040,C00080,North,5.0,12756.37,0.05,60592.76
T108978,2025-06-20,P0010,C00032,North,1.0,8164.43,0.15,6939.77
T102848,30-Dec-2023,P0017,C00200,North,3.0,382.2,0.0,1146.6
T106368,15-Sep-2023,P0024,C00084,North,2.0,11884.11,0.0,23768.22
T100001,2023-05-29,P0011,C00238,West,6.0,8863.25,0.0,53179.5
T106139,05/07/2023,P0022,C00081,West,6.0,3102.81,0.0,18616.86
T104337,02-Jul-2025,P0011,C00084,North,3.0,8863.25,0.1,23930.78
T106047,2025-07-14,P0029,C00120,West,6.0,12773.07,0.0,76638.42
T100935,06/24/2025,P0004,C00091,Central,3.0,4999.13,0.0,14997.39
T100713,18/01/2025,P0026,C00164,North,3.0,13905.57,0.0,41716.71
T102720,15-Mar-2024,P0033,C00163,,4.0,10082.29,0.0,40329.16
T105502,03/12/2025,P0036,C00119,South,6.0,4229.62,0.0,25377.72
T105205,02-Apr-2023,P0029,C00201,West,5.0,12773.07,0.2,51092.28
T107702,2024-08-29,P0025,C00076,Central,5.0,9148.51,0.05,43455.42
T100591,01/01/2023,P0040,C00122,West,4.0,12756.37,0.0,51025.48
T108946,10/03/2023,P0007,C00112,South,7.0,14423.4,0.0,100963.8
T107552,12-Feb-2023,P0019,C00138,Central,2.0,6013.99,0.0,12027.98
T102936,23-Mar-2025,P0006,C00002,,7.0,7884.39,0.0,55190.73
T108628,06-Aug-2025,P0037,C00229,East,7.0,8484.46,0.05,56421.66
T102448,2023-04-09,P0002,C00245,Central,3.0,13910.88,0.0,41732.64
T101576,02/08/2025,P0008,C00122,West,4.0,499.0,0.0,1996.0
T108086,23-Oct-2025,P0026,C00057,East,5.0,13905.57,0.1,62575.07
T103762,06/28/2024,P0019,C00105,West,5.0,6013.99,0.0,30069.95
T100213,2023-05-29,P0037,C00223,Central,2.0,8484.46,0.0,16968.92
T100778,22-Jan-2024,P0025,C00041,East,9.0,9148.51,0.15,69986.1
T105511,28-Jul-2025,P0011,C00041,East,8.0,8863.25,0.05,67360.7
T103496,2023-07-18,P0027,C00165,West,3.0,9818.49,,29455.47
T107884,05/24/2025,P0010,C00042,Central,3.0,8164.43,0.0,24493.29
T102043,10-Apr-2025,P0027,C00231,,4.0,9818.49,0.0,39273.96
T108876,16/11/2024,P0019,C00135,North,1.0,6013.99,0.0,6013.99
T108665,2023-01-01,P0027,C00199,Central,4.0,9818.49,0.2,31419.17
T105420,10/13/2025,P0033,C00220,,5.0,10082.29,0.1,45370.31
T106154,22/01/2024,P0009,C00200,North,3.0,11247.7,0.2,26994.48
T101567,05/23/2024,P0027,C00246,South,8.0,9818.49,0.0,78547.92
T100165,2025-08-02,P0008,C00247,North,4.0,499.0,0.0,1996.0
T104702,21/09/2025,P0015,C00102,Central,1.0,4549.66,0.0,4549.66
T103566,2024-06-05,P0022,C00051,East,4.0,3102.81,0.0,12411.24
T107698,07/24/2024,P0036,C00076,Central,3.0,4229.62,0.0,12688.86
T108881,01/29/2023,P0006,C00228,South,4.0,7884.39,0.0,31537.56
T105439,13/08/2023,P0038,C00100,East,3.0,5836.46,0.0,17509.38
T102013,08/12/2025,P0015,C00199,Central,1.0,4549.66,0.05,4322.18
T100273,11/19/2025,P0006,C00219,West,11.0,7884.39,0.0,86728.29
T103860,06/29/2024,P0006,C00216,South,3.0,7884.39,,23653.17
T104167,03/05/2023,P0032,C00046,South,3.0,5656.65,0.15,14424.46
T108018,2025-06-29,P0036,C00149,North,4.0,4229.62,0.0,16918.48
T103788,04/15/2023,P0030,C00122,West,5.0,6824.34,0.0,34121.7
T105183,10/17/2025,P0012,C00162,north,10.0,14484.04,0.15,123114.34
T100394,01-Jul-2024,P0016,C00184,East,6.0,2604.21,0.0,15625.26
T100583,27/04/2024,P0031,C00200,North,4.0,,0.0,6267.36
T101682,29-Dec-2023,P0031,C00045,West,4.0,1566.84,0.0,6267.36
T106192,2023-09-05,P0030,C00045,West,5.0,6824.34,0.0,34121.7
T100116,22-Oct-2024,P0009,C00038,West,4.0,11247.7,0.0,44990.8
T106644,01/01/2023,P0015,C00212,South,3.0,4549.66,0.1,12284.08
T108227,08/02/2025,P0028,C00080,North,2.0,13737.15,,"₹27,474.30"
T106869,12/10/2024,P0028,C00149,North,3.0,13737.15,0.0,41211.45
T102873,08/06/2025,P0039,C00158,East,3.0,14579.92,0.15,37178.8
T106330,12/03/2024,P0009,C00086,West,4.0,,0.05,42741.26
T108133,2024-07-21,P0003,C00244,South,5.0,10949.99,0.0,54749.95
T100520,09-Feb-2023,P0035,C00232,West,2.0,8930.77,0.0,17861.54
T101763,25/07/2023,P0009,C00155,West,5.0,11247.7,0.0,56238.5
T101875,2025-10-08,P0005,C00106,West,3.0,8621.09,0.0,25863.27
T105355,06/28/2025,P0004,C00229,East,3.0,4999.13,0.1,13497.65
T103965,2024-01-14,P0040,C00138,Central,2.0,12756.37,0.0,25512.74
T103344,05-May-2023,P0012,C00157,Central,4.0,14484.04,0.0,57936.16
T106598,23/10/2025,P0013,C00153,Central,8.0,9164.46,0.0,"₹73,315.68"
T102253,16/09/2024,P0033,C00039,North,3.0,10082.29,0.0,30246.87
T106877,2025-06-07,P0017,C00127,SOUTH ,6.0,382.2,0.0,2293.2
T103224,11/21/2023,P0033,C00116,Central,4.0,10082.29,0.1,36296.24
T100526,2024-09-04,P0026,C00143,South,6.0,13905.57,0.0,83433.42
T107521,30/12/2023,P0017,C00187,North,3.0,382.2,0.0,1146.6
T102946,2024-01-09,P0021,C00031,South,2.0,359.09,0.0,718.18
T104473,2024-12-19,P0027,C00245,Central,8.0,9818.49,0.0,78547.92
T103899,05/06/2023,P0028,C00130,East,2.0,13737.15,0.0,27474.3
T105655,2023-06-06,P0010,C00101,East,3.0,8164.43,0.0,24493.29
T100692,12/14/2023,P0007,C00174,Central,6.0,14423.4,0.0,86540.4
T106059,23-Oct-2024,P0018,C00030,North,6.0,6437.51,0.0,38625.06
T100959,07/13/2023,P0020,C00072,West,5.0,4508.3,0.0,22541.5
T104444,01/02/2024,P0022,C00241,South,4.0,3102.81,0.1,11170.12
T108595,11/26/2023,P0010,C00150,East,12.0,8164.43,0.0,97973.16
T106342,02-Feb-2023,P0009,C00218,Central,5.0,11247.7,0.15,47802.72
T106131,09/11/2024,P0011,C00194,East,7.0,8863.25,0.0,62042.75
T103633,10/10/2023,P0034,C00247,North,5.0,10038.95,0.0,50194.75
T105805,2024-03-17,P0009,C00074,East,5.0,11247.7,0.0,56238.5
T101050,2024-03-06,P0027,C00213,South,3.0,9818.49,0.0,29455.47
T100590,05/04/2023,P0011,C00048,South,5.0,8863.25,0.0,44316.25
T100519,10/10/2023,P0023,C00013,Central,8.0,10713.43,0.0,85707.44
T103380,05/29/2024,P0011,C00018,Central,2.0,8863.25,0.1,15953.85
T103676,11/08/2025,P0018,C00241,South,2.0,6437.51,0.0,12875.02
T105776,06/11/2025,P0005,C00029,East,9.0,8621.09,0.1,69830.83
T108238,18-Jul-2024,P0040,C00127,SOUTH ,3.0,12756.37,0.0,38269.11
T106573,07/11/2024,P0003,C00155,West,3.0,10949.99,0.0,"₹32,849.97"
T105179,2023-03-16,P0014,C00194,East,2.0,500.0,0.0,1000.0
T101607,2025-08-20,P0016,C00175,East,7.0,2604.21,0.0,18229.47
T103610,11/09/2025,P0018,C00079,South,5.0,6437.51,0.0,32187.55
T108896,17-Aug-2024,P0029,C00189,North,8.0,12773.07,0.0,102184.56
T106635,08/22/2024,P0016,C00233,West,3.0,2604.21,0.1,7031.37
T107469,06/07/2023,P0005,C00187,North,4.0,8621.09,0.0,34484.36
T101809,12/16/2024,P0005,C00055,South,11.0,8621.09,0.0,94831.99
T100791,2024-09-02,P0005,C00041,East,6.0,8621.09,0.0,51726.54
T100792,10/01/2024,P0007,C00162,north,7.0,14423.4,0.0,100963.8
T103056,01/15/2023,P0034,C00079,South,3.0,10038.95,0.0,30116.85
T101855,03/30/2024,P0010,C00218,Central,1.0,8164.43,0.0,8164.43
T108634,2024-04-24,P0036,C00234, East,4.0,4229.62,0.2,13534.78
T101980,06/03/2025,P0003,C00212,South,3.0,10949.99,0.0,32849.97
T103233,06-Jun-2023,P0006,C00114,South,3.0,,0.0,23653.17
T103598,28-Oct-2025,P0017,C00124,West,10.0,382.2,0.0,"₹3,822.00"
T100933,2023-01-22,P0001,C00212,South,4.0,6017.98,0.0,24071.92
T103963,02/10/2024,P0034,C00196,East,3.0,10038.95,0.0,30116.85
T108559,2023-01-14,P0022,C00170,West,2.0,3102.81,0.0,6205.62
T107424,01-Mar-2023,P0040,C00152,North,3.0,12756.37,0.0,38269.11
T105626,2025-08-15,P0024,C00206,,2.0,11884.11,0.15,20202.99
T105506,06/30/2025,P0013,C00051,East,2.0,9164.46,0.0,18328.92
T106072,10/22/2025,P0036,C00153,Central,3.0,4229.62,0.05,12054.42
T101682,2023-12-29,P0031,C00045,West,4.0,1566.84,0.0,6267.36
T104179,2023-05-06,P0029,C00202,,5.0,,0.0,63865.35
T104026,05/29/2024,P0004,C00002,West,4.0,4999.13,0.0,19996.52
T108557,2023-08-29,P0035,C00028,Central,4.0,8930.77,0.0,35723.08
T106446,25-Nov-2024,p0034 ,C00100,East,5.0,10038.95,0.0,50194.75
T104116,23-Apr-2024,P0022,C00004,East,,3102.81,0.0,9308.43
T100988,19-Feb-2025,P0023,C00123,North,2.0,10713.43,0.0,21426.86
T107755,2025-09-11,P0036,C00001,West,1.0,4229.62,0.1,3806.66
T108374,03/22/2025,P0019,C00140,West,4.0,6013.99,0.0,24055.96
T103453,12-Jul-2024,P0020,C00013,Central,5.0,4508.3,0.0,22541.5
T102896,23-Nov-2023,P0015,C00058,East,6.0,4549.66,0.0,27297.96
T103778,14-Mar-2025,P0036,C00128,South,4.0,4229.62,0.05,16072.56
T105658,25-Dec-2025,P0017,C00188,North,5.0,382.2,0.0,1911.0
T108315,08/01/2025,P0029,C00144,West,7.0,12773.07,0.0,89411.49
T103093,26/02/2025,P0032,C00118,Central  ,2.0,5656.65,0.0,11313.3
T103155,25-Aug-2023,P0014,C00110,East,3.0,500.0,0.0,1500.0
T105069,09/01/2025,P0004,C00189,North,8.0,4999.13,0.1,35993.74
T105806,06-Aug-2023,P0021,C00056,South,7.0,359.09,,2513.63
T103201,07/03/2024,P0009,C00136,South,2.0,11247.7,0.15,"₹19,121.09"
T108113,06/25/2024,P0007,C00024,South,3.0,14423.4,0.0,43270.2
T108771,11/10/2023,P0040,C00095,Central,8.0,12756.37,0.0,102050.96
T101098,05/09/2024,P0035,C00163,,4.0,8930.77,0.0,35723.08
T108269,23/12/2024,P0036,C00140,West,10.0,4229.62,0.0,42296.2
T102844,21/06/2023,P0007,C00064,North,5.0,14423.4,0.0,"₹72,117.00"
T100886,03/05/2023,P0016,C00030,North,3.0,2604.21,0.2,6250.1
T103342,30-Oct-2025,P0037,C00082,East,5.0,8484.46,,42422.3
T107797,2025-05-24,P0031,C00179,North,8.0,1566.84,0.0,12534.72
T106540,01/31/2023,P0012,C00242,East,1.0,14484.04,0.1,13035.64
T108522,01-Mar-2025,P0013,C00172,Central,6.0,9164.46,0.0,54986.76
T106096,04/08/2024,P0017,C00142,Central,1.0,382.2,0.0,382.2
T100515,27/04/2025,P0010,C00181,South,6.0,8164.43,0.2,39189.26
T103356,14-Feb-2023,P0039,C00131,West,5.0,14579.92,0.1,65609.64
T104833,17-Aug-2023,P0009,C00220,,2.0,11247.7,0.2,17996.32
T101453,2025-04-10,P0024,C00230,East,7.0,11884.11,0.0,83188.77
T103553,09-Feb-2024,P0026,C00030,North,3.0,13905.57,0.0,41716.71
T103609,09/11/2024,P0024,C00180,Central,3.0,11884.11,0.0,35652.33
T108103,2024-02-09,P0004,C00053,West,2.0,4999.13,0.0,9998.26
T104665,15/04/2024,P0010,C00178,West,unknown,8164.43,0.0,57151.01
T102506,08/16/2023,P0039,C00193,East,4.0,14579.92,0.0,58319.68
T102994,2024-11-12,P0029,C00094,SOUTH ,16.0,12773.07,0.0,204369.12
T103999,2023-08-05,P0029,C00092,SOUTH ,7.0,12773.07,0.0,89411.49
T106222,12/01/2025,P0031,C00207,Central,1.0,1566.84,0.0,1566.84
T108856,21/01/2024,P0023,C00116,Central,3.0,10713.43,0.1,28926.26
T104221,2024-09-20,P0018,C00031,South,2.0,6437.51,0.0,12875.02
T100906,2024-12-15,P0036,C00053,West,1.0,4229.62,0.0,4229.62
T100028,12-Jan-2023,P0038,C00219,West,4.0,5836.46,0.1,21011.26
T108407,10/31/2023,P0019,C00112,South,2.0,6013.99,0.2,9622.38
T102507,04/05/2024,P0033,C00247,,2.0,10082.29,0.0,20164.58
T102428,20/04/2025,P0028,C00233,West,7.0,13737.15,0.0,96160.05
T105043,2025-10-06,P0021,C00199,Central,5.0,359.09,0.0,1795.45
T105346,12/06/2024,P0039,C00120,West,8.0,14579.92,0.0,116639.36
T100762,2025-07-24,P0032,C00109,North,11.0,5656.65,0.0,62223.15
T103747,2025-08-07,P0035,C00102,Central,3.0,8930.77,0.0,26792.31
T104811,26/05/2024,P0035,C00006,East,-3.0,8930.77,0.0,26792.31
T100284,19-Aug-2023,P0018,C00105,West,3.0,6437.51,0.0,19312.53
T100686,10-Feb-2024,P0019,C00201,West,3.0,6013.99,0.0,18041.97
T104799,2024-07-13,P0011,C00101,East,1.0,8863.25,0.0,8863.25
T107437,22/08/2023,P0034,C00018,Central,4.0,10038.95,0.0,40155.8
T102353,2023-02-13,P0001,C00121,East,1.0,6017.98,0.0,6017.98
T106353,08-Mar-2023,P0003,C00127,SOUTH ,2.0,10949.99,0.0,21899.98
T108083,12/31/2024,P0019,C00196,East,8.0,6013.99,0.0,48111.92
T104569,26/10/2023,P0027,C00062,South,4.0,9818.49,0.0,39273.96
T100021,07/11/2023,P0008,C00124,West,3.0,499.0,0.0,1497.0
T102752,01/01/2024,P0029,C00121,East,2.0,12773.07,0.0,25546.14
T100885,13-Jun-2023,P0005,C00007,Central,3.0,8621.09,0.0,25863.27
T108491,07/04/2024,P0027,C00213,South,5.0,9818.49,0.0,49092.45
T100917,07/12/2025,P0010,C00117,West,13.0,8164.43,,84910.07
T107882,21/09/2023,P0025,C00022,North,4.0,9148.51,0.0,36594.04
T101040,2025-07-17,P0018,C00030,North,4.0,6437.51,0.1,23175.04
T106335,2023-05-24,P0001,C00040,North,6.0,6017.98,0.0,36107.88
T107971,04/11/2023,P0012,C00074,East,8.0,14484.04,0.1,104285.09
T107491,2024-02-05,P0037,C00015,South,1.0,8484.46,0.1,7636.01
T101265,17/12/2025,P0035,C00239,East,11.0,8930.77,0.05,93326.55
T104579,16/03/2025,P0038,C00153,Central,9.0,5836.46,0.0,52528.14
T108444,2025-04-14,P0017,C00201,West,1.0,382.2,0.0,382.2
T107059,25-Oct-2025,P0036,C00069,Central,5.0,4229.62,0.0,21148.1
T108774,2025-02-22,P0021,C00165,West,4.0,,0.0,1436.36
T100277,09-May-2023,P0011,C00013,Central,2.0,8863.25,0.05,16840.18
T105084,11/26/2024,P0025,C00163,,3.0,9148.51,0.0,27445.53
T102084,26-Feb-2024,P0032,C00113,East,1.0,5656.65,0.05,5373.82
T101245,01/09/2025,P0017,C00249,West,5.0,382.2,0.0,1911.0
T102382,04/13/2023,P0020,C00016,West,7.0,4508.3,0.0,31558.1
T100571,2023-10-06,P0003,C00111,North,9.0,10949.99,0.1,88694.92
T101435,06/06/2025,P0032,C00208,Central,2.0,5656.65,0.0,11313.3
T103902,01/19/2023,P0001,C00171,East,1.0,6017.98,0.0,6017.98
T105089,01/03/2025,P0017,C00159,North,8.0,382.2,0.15,2598.96
T101247,06/29/2024,P0040,C00057,East,4.0,12756.37,0.0,51025.48
T107549,12/30/2025,P0013,C00232,West,11.0,9164.46,,90728.15
T104681,20-Oct-2025,P0011,C00062,South,3.0,8863.25,0.0,26589.75
T103526,08/26/2023,P0001,C00203,West,2.0,6017.98,0.0,12035.96
T106557,2024-05-16,P0025,C00062,South,,9148.51,0.1,41168.3
T102514,10/12/2023,P0037,C00190,North,4.0,8484.46,0.1,30544.06
T105445,14-Jan-2023,P0011,C00017, East,4.0,8863.25,0.0,35453.0
T101007,12/03/2024,P0027,C00047,Central,6.0,9818.49,0.05,55965.39
T104770,19/02/2024,P0024,C00235,East,6.0,11884.11,0.0,71304.66
T106508,2024-12-10,P0039,C00135,North,6.0,14579.92,0.2,"₹69,983.62"
T106999,2025-10-18,P0026,C00014,Central,5.0,13905.57,0.0,69527.85
T104543,2024-05-11,P0015,C00143,South,10.0,4549.66,0.0,45496.6
T107578,13-Feb-2024,P0001,C00206,North,4.0,6017.98,0.0,24071.92
T107883,2025-03-26,P0039,C00046,South,3.0,14579.92,0.0,43739.76
T108723,06/12/2025,P0003,C00170,West,3.0,10949.99,0.0,32849.97
T104455,09/12/2025,P0029,C00154,West,9.0,12773.07,0.0,114957.63
T102064,04/09/2025,P0024,C00061,West,6.0,11884.11,0.0,71304.66
T105352,11/02/2023,P0033,C00039,,1.0,10082.29,0.0,10082.29
T107936,2023-04-30,P0035,C00174,Central,5.0,8930.77,0.0,44653.85
T101690,2024-03-24,P0011,C00158,East,3.0,8863.25,0.0,26589.75
T103117,27/09/2023,P0004,C00206,North,5.0,4999.13,0.0,24995.65
T108669,10/08/2023,P0006,C00106,West,6.0,7884.39,0.05,44941.02
T105343,07/11/2023,P0003,C00126,West,9.0,10949.99,0.0,98549.91
T101985,12/23/2025,P0001,C00061,West,3.0,6017.98,0.0,18053.94
T100294,08/24/2024,P0023,C00187,North,8.0,10713.43,0.0,85707.44
T101547,22/07/2023,P0038,C00224,Central,2.0,5836.46,0.05,11089.27
T102012,2023-02-08,P0034,C00017, East,1.0,10038.95,0.0,10038.95
T100588,03/29/2024,P0023,C00164,North,4.0,10713.43,0.0,42853.72
T103329,20/06/2023,P0032,C00202,,6.0,5656.65,0.0,33939.9
T102403,01/04/2024,P0028,C00012,East,1.0,13737.15,0.0,13737.15
T102129,19-Feb-2025,P0008,C00106,West,7.0,499.0,0.0,3493.0
T103998,03/29/2023,P0035,C00177,South,5.0,8930.77,0.1,40188.47
T101574,21/07/2024,P0011,C00013,Central,,8863.25,0.1,39884.62
T103741,27-Oct-2023,P0031,C00075,,5.0,1566.84,0.05,7442.49
T103508,12/06/2025,P0022,C00171,East,4.0,3102.81,0.0,12411.24
T108402,2024-01-06,P0027,C00109,North,1.0,9818.49,0.05,9327.57
T102719,11/09/2025,P0001,C00109,North,5.0,6017.98,0.0,30089.9
T108380,11/18/2025,P0032,C00232,West,3.0,5656.65,0.0,16969.95
T104521,03/08/2025,P0026,C00098,,3.0,13905.57,0.0,41716.71
T106678,28-Aug-2023,P0014,C00059,North,5.0,500.0,0.0,"₹2,500.00"
T105150,2025-04-18,P0038,C00110,East,7.0,5836.46,0.0,40855.22
T102808,05/22/2024,P0007,C00087,,5.0,14423.4,0.0,72117.0
T108691,2023-09-03,P0007,C00160,South,5.0,14423.4,0.0,72117.0
T100556,01/04/2024,P0016,C00180,Central,5.0,2604.21,0.05,12370.0
T106276,01/04/2023,P0016,C00006,East,1.0,2604.21,0.1,2343.79
T108069,03/03/2024,P0028,C00005,East,1.0,13737.15,0.0,13737.15
T104795,16-Mar-2023,P0030,C00194,East,1.0,6824.34,0.0,6824.34
T102469,05-May-2024,P0034,C00249,West,1.0,10038.95,0.0,10038.95
T103738,2024-11-01,P0035,C00105,West,7.0,8930.77,0.0,62515.39
T104286,15/02/2023,P0040,C00142,Central,1.0,12756.37,0.0,12756.37
T108233,19/12/2025,P0029,C00228,South,3.0,12773.07,0.1,34487.29
T105289,20-Feb-2023,P0009,C00161,West,6.0,11247.7,0.0,67486.2
T101716,2024-02-20,P0031,C00123,North,3.0,1566.84,0.05,4465.49
T107512,08/10/2025,P0020,C00165,West,6.0,4508.3,0.05,25697.31
T102604,2024-04-12,P0005,C00130,East,4.0,8621.09,0.0,34484.36
T100362,2023-05-04,P0010,C00181,South,6.0,8164.43,0.0,48986.58
T106924,02-Aug-2024,P0005,C00077,South,5.0,8621.09,0.0,43105.45
T101704,05-May-2025,P0022,C00233,,2.0,3102.81,0.0,6205.62
T106959,15-Nov-2023,P0040,C00043,West,6.0,12756.37,0.0,76538.22
T106714,10/26/2023,P0009,C00162,,2.0,11247.7,0.1,20245.86
T106496,13/03/2024,P0029,C00082,East,3.0,12773.07,0.2,30655.37
T102139,15/04/2024,P0003,C00061,West,4.0,10949.99,0.05,41609.96
T103239,2025-06-13,P0026,C00113,East,4.0,13905.57,0.15,47278.94
T102383,2025-09-28,P0013,C00220,,2.0,9164.46,0.0,18328.92
T107314,23/04/2025,P0011,C00189,North,1.0,8863.25,0.0,8863.25
T104311,07/01/2023,P0016,C00129,Central,4.0,2604.21,0.0,10416.84
T101285,03-Jun-2023,P0007,C00123,North,1.0,14423.4,0.0,14423.4
T101312,2024-04-15,P0029,C00159,North,7.0,12773.07,0.0,89411.49
T107967,09/03/2023,P0005,C00135,North,3.0,8621.09,0.15,21983.78
T101996,2025-06-24,P0038,C00106,West,3.0,5836.46,0.0,17509.38
T103930,07/28/2024,P0004,C00019,Central,3.0,4999.13,0.05,14247.52
T106183,2024-04-16,P0031,C00242,East,4.0,1566.84,0.0,6267.36
T105985,14/09/2025,P0004,C00167,East,6.0,,0.05,28495.04
T107614,09/09/2024,P0008,C00033,North,4.0,499.0,,1996.0
T101591,2023-03-29,P0003,C00197,South,4.0,10949.99,0.0,43799.96
T108825,12-Aug-2024,P0037,C00060,,5.0,8484.46,0.0,42422.3
T108560,25/12/2024,P0016,C00074,East,8.0,2604.21,0.0,20833.68
T102162,20/05/2024,P0001,C00093,North,4.0,6017.98,0.0,24071.92
T102396,2024-05-08,P0029,C00078,West,8.0,12773.07,0.0,102184.56
T100317,16/12/2025,P0038,C00147,North,7.0,5836.46,0.0,40855.22
T106367,14/07/2024,P0008,C00058,East,6.0,499.0,0.0,2994.0
T108611,2023-08-05,P0002,C00036,North,3.0,13910.88,0.0,41732.64
T103111,2023-08-04,P0034,C00094,SOUTH ,3.0,10038.95,0.0,30116.85
T105233,2025-12-15,P0039,C00209,East,14.0,14579.92,0.1,183706.99
T108026,07/28/2023,P0014,C00081,,2.0,500.0,0.0,1000.0
T105068,02/06/2024,P0015,C00098,East,1.0,4549.66,0.0,4549.66
T104036,2023-11-21,P0002,C00044,South,8.0,13910.88,0.2,89029.63
T100795,07/14/2023,P0011,C00041,East,6.0,8863.25,0.0,53179.5
T103020,06/11/2025,P0026,C00027,,6.0,13905.57,0.0,83433.42
T101711,07/12/2023,P0008,C00088,,2.0,499.0,0.0,998.0
T103387,2023-09-27,P0002,C00012,East,5.0,13910.88,0.15,59121.24
T100036,05/08/2025,P0003,C00036,North,4.0,10949.99,0.05,41609.96
T104549,10/12/2024,P0036,C00250,north,3.0,4229.62,0.0,12688.86
T100913,10/02/2025,P0007,C00102,Central,3.0,14423.4,0.0,43270.2
T105721,06-May-2023,P0019,C00010,South,3.0,6013.99,0.0,18041.97
T105295,2023-10-29,P0004,C00068,north,5.0,4999.13,0.0,24995.65
T103972,09/11/2024,P0035,C00224,Central,7.0,8930.77,0.0,62515.39
T105370,2025-08-24,P0023,C00187,North,4.0,10713.43,0.0,42853.72
T106471,24-Feb-2024,P0015,C00126,West,4.0,4549.66,0.0,18198.64
T104133,05/07/2024,P0017,C00046,South,3.0,382.2,0.0,1146.6
T100974,25-Mar-2024,P0034,C00014,Central,5.0,10038.95,0.0,50194.75
T107291,16-Sep-2023,P0004,C00164,North,3.0,4999.13,0.0,14997.39
T100983,2025-11-16,P0008,C00218,Central,3.0,499.0,0.0,1497.0
T108035,16/02/2023,P0017,C00055,South,,382.2,0.0,382.2
T100954,2024-10-09,P0015,C00156,South,3.0,4549.66,,13648.98
T101418,02-Jun-2024,P0013,C00067,,,,0.0,36657.84
T107428,2024-06-29,P0035,C00106,West,5.0,8930.77,0.0,44653.85
T101560,2025-04-12,P0035,C00021,Central,3.0,8930.77,0.2,21433.85
T104135,08/05/2023,P0010,C00216,South,2.0,8164.43,0.05,15512.42
T105582,04/06/2024,P0014,C00189,North,3.0,500.0,0.05,1425.0
T108013,21-Dec-2025,P0012,C00090,SOUTH ,7.0,14484.04,0.0,101388.28
T104265,10/26/2024,P0006,C00165,West,10.0,7884.39,0.0,78843.9
T101355,10-Jan-2023,P0040,C00235,East,4.0,12756.37,0.0,51025.48
T108483,03/06/2025,P0019,C00183,South,3.0,6013.99,0.0,18041.97
T105016,25-Oct-2024,P0007,C00140,West,6.0,14423.4,0.0,86540.4
T108871,01-Jul-2025,P0021,C00132,Central,8.0,359.09,0.0,2872.72
T100987,12/03/2024,P0035,C00155,,7.0,8930.77,0.0,62515.39
T102682,02/10/2024,P0032,C00112,South,10.0,5656.65,0.0,56566.5
T107490,29/06/2025,P0034,C00201,West,1.0,10038.95,0.0,10038.95
T105047,12/11/2025,P0005,C00143,South,11.0,8621.09,0.0,94831.99
T101640,2023-09-18,P0040,C00239,East,6.0,12756.37,0.0,76538.22
T101290,01-Mar-2025,P0025,C00038,West,3.0,9148.51,0.0,27445.53
T103681,13/10/2025,P0031,C00011,East,,1566.84,0.0,9401.04
T101380,02/09/2023,P0016,C00183,South,4.0,2604.21,0.2,8333.47
T101933,21/12/2024,P0039,C00229,East,5.0,14579.92,0.1,65609.64
T104675,2025-09-04,P0026,C00155,West,4.0,13905.57,0.1,"₹50,060.05"
T102376,08-Jun-2023,P0026,C00031,South,3.0,13905.57,0.15,35459.2
T103160,24/08/2025,P0015,C00247,North,6.0,4549.66,0.0,27297.96
T102030,2025-09-17,P0004,C00041,East,4.0,4999.13,0.05,18996.69
T100892,2025-11-09,P0012,C00071, East,3.0,14484.04,0.0,43452.12
T107287,03/09/2023,P0039,C00133,East,1.0,14579.92,0.0,14579.92
T104876,14/04/2025,P0005,C00055,South,2.0,8621.09,0.0,17242.18
T104069,15-Aug-2023,P0027,C00044,South,3.0,9818.49,0.0,29455.47
T104255,2025-12-01,P0014,C00063,North,11.0,500.0,0.05,5225.0
T100002,10/02/2024,P0010,C00051,East,3.0,8164.43,0.0,24493.29
T108257,08/24/2025,P0020,C00215,East,6.0,4508.3,0.0,27049.8
T108552,2023-01-13,P0038,C00236,East,3.0,5836.46,0.0,17509.38
T102109,20/07/2025,P0037,C00084,North,2.0,8484.46,0.0,16968.92
T100849,10/04/2025,P0026,C00164,North,10.0,13905.57,0.0,139055.7
T102737,11/01/2024,P0021,C00204,Central,5.0,359.09,0.0,1795.45
T102466,17-Oct-2024,P0019,C00023,West,,6013.99,0.05,34279.74
T107657,14-Jun-2025,P0011,C00208,Central,3.0,8863.25,0.0,"₹26,589.75"
T101914,08/07/2023,P0015,C00023,West,2.0,4549.66,0.05,8644.35
T101596,22/07/2025,P0016,C00182,North,2.0,2604.21,0.1,4687.58
T105872,03-May-2023,P0040,C00091,Central,1.0,12756.37,0.0,12756.37
T101913,15-Oct-2023,P0028,C00110,East,7.0,13737.15,0.0,96160.05
T105139,05/13/2024,P0025,C00034,East,3.0,9148.51,0.0,27445.53
T108840,2024-12-24,P0028,C00006,East,5.0,13737.15,0.0,68685.75
T105640,2023-03-04,P0029,C00129,Central,6.0,12773.07,0.0,76638.42
T102736,02/21/2023,P0010,C00030,North,4.0,8164.43,0.0,"₹32,657.72"
T100726,11/14/2023,P0002,C00039,North,9.0,13910.88,0.1,112678.13
T107214,07/24/2025,P0017,C00188,North,3.0,382.2,0.0,1146.6
T100053,01/16/2024,P0035,C00091,Central,5.0,8930.77,0.1,40188.47
T101796,14/03/2025,P0017,C00133,East,1.0,,0.1,343.98
T107684,31-Jan-2025,P0006,C00155,West,1.0,7884.39,0.0,7884.39
T103845,02/06/2023,P0029,C00148,North,5.0,12773.07,0.0,63865.35
T106007,23/04/2025,P0033,C00167,East,6.0,10082.29,0.0,60493.74
T106402,14-Jul-2023,P0017,C00194,East,3.0,382.2,,1031.94
T102553,19/01/2024,P0002,C00092,SOUTH ,5.0,13910.88,0.05,66076.68
T102800,22-Apr-2024,P0013,C00167,East,4.0,9164.46,0.0,36657.84
T100936,16-Nov-2023,P0034,C00022,North,11.0,10038.95,0.0,110428.45
T102265,05-Oct-2025,P0032,C00114,South,8.0,5656.65,0.0,45253.2
T100824,2023-03-16,P0033,C00234, East,5.0,10082.29,0.05,47890.88
T104321,11/17/2025,P0009,C00203,West,3.0,11247.7,0.05,32055.95
T107274,06/21/2023,P0023,C00106,West,5.0,10713.43,0.0,53567.15
T103401,2024-07-27,P0009,C00117,West,5.0,11247.7,0.0,56238.5
T101389,2024-01-04,P0027,C00140,West,6.0,9818.49,0.0,58910.94
T103564,2023-04-29,P0008,C00123,North,7.0,499.0,0.15,2969.05
T107410,06-Dec-2025,P0003,C00199,Central,9.0,10949.99,0.05,93622.41
T100884,2024-09-04,P0009,C00087,,6.0,11247.7,0.2,53988.96
T105429,2023-11-16,P0038,C00065, East,1.0,5836.46,0.0,5836.46
T105703,07/12/2025,P0013,C00002,West,4.0,9164.46,0.0,36657.84
T105690,2025-06-05,P0037,C00118,Central,3.0,8484.46,0.0,25453.38
T104867,30/09/2024,P0012,C00085,Central,3.0,14484.04,0.1,39106.91
T106707,24/02/2023,P0011,C00126,West,4.0,8863.25,0.0,35453.0
T107982,2024-06-16,P0004,C00215,East,5.0,4999.13,0.1,22496.09
T106369,2025-01-26,P0036,C00173,Central,,4229.62,0.15,17975.88
T101868,02/04/2024,P0006,C00209,East,4.0,7884.39,0.0,31537.56
T105181,01/29/2023,P0023,C00111,North,1.0,10713.43,0.0,10713.43
T100010,23-May-2024,P0024,C00013,Central,2.0,11884.11,0.0,23768.22
T103415,15-Mar-2023,P0036,C00248,North,2.0,4229.62,0.0,8459.24
T105421,29/01/2024,P0001,C00163,,7.0,6017.98,0.15,35806.98
T107486,20/01/2023,P0032,C00064,,4.0,5656.65,0.0,22626.6
T101463,02/29/2024,P0008,C00071, East,3.0,499.0,0.0,1497.0
T100806,01/07/2023,P0030,C00112,South,4.0,6824.34,0.0,27297.36
T104805,2024-01-06,P0008,C00134,East,5.0,499.0,0.0,2495.0
T107547,2024-03-23,P0021,C00134,East,5.0,359.09,0.0,1795.45
T107896,09/10/2025,P0034,C00054,Central,4.0,10038.95,0.0,40155.8
T104068,04/14/2025,P0010,C00016,West,3.0,8164.43,0.2,19594.63
T102108,03-Dec-2023,P0019,C00191,South,4.0,6013.99,0.0,24055.96
T108923,03/04/2025,P0005,C00052,East,6.0,8621.09,0.2,41381.23
T102041,24-Jul-2025,P0012,C00209,East  ,3.0,14484.04,0.0,43452.12
T102234,09-May-2023,P0008,C00195,East,3.0,499.0,0.15,1272.45
T107307,01/16/2024,P0021,C00005,East,6.0,359.09,0.0,2154.54
T100963,2024-02-18,P0024,C00082,East,2.0,11884.11,0.15,20202.99
T107511,12-Apr-2023,P0017,C00077,South,4.0,382.2,0.05,1452.36
T107877,2025-11-15,P0040,C00116,Central,9.0,12756.37,0.0,114807.33
T104494,13/05/2023,P0022,C00235,East,6.0,3102.81,0.0,18616.86
T102632,2023-11-28,P0001,C00171,East,3.0,6017.98,0.15,15345.85
T106094,2023-02-16,P0033,C00107,East,2.0,10082.29,0.0,20164.58
T107092,09/10/2025,P0009,C00222,Central,6.0,11247.7,0.05,64111.89
T100704,19/09/2023,P0023,C00023,West,9.0,10713.43,0.0,96420.87
T100431,10/06/2023,P0036,C00002,West,3.0,4229.62,0.0,12688.86
T104388,11/16/2023,P0011,C00068,north,11.0,8863.25,0.1,87746.18
T106077,07/14/2023,P0011,C00159,North,5.0,8863.25,0.0,44316.25
T100145,02/01/2024,P0016,C00214,Central,6.0,2604.21,0.05,14844.0
T106467,06/02/2025,P0017,C00129,Central,2.0,382.2,0.0,764.4
T102033,30/06/2023,P0019,C00163,,3.0,6013.99,0.05,17139.87
T100375,06/30/2024,P0024,C00049,East,4.0,11884.11,0.1,42782.8
T101165,07/17/2024,P0022,C00052,East,2.0,3102.81,0.0,6205.62
T103500,08/20/2025,P0005,C00011,East,3.0,8621.09,0.0,25863.27
T102050,09/07/2025,P0026,C00010,South,2.0,13905.57,0.0,27811.14
T103760,02/26/2024,P0006,C00056,South,2.0,7884.39,0.0,15768.78
T102624,2023-05-05,P0026,C00053,West,4.0,13905.57,0.0,55622.28
T104484,2023-06-16,P0010,C00249,West,3.0,8164.43,0.0,24493.29
T104435,09/04/2025,P0030,C00134,East,2.0,6824.34,0.0,13648.68
T108008,2023-03-06,P0009,C00136,South,5.0,11247.7,0.0,56238.5
T108237,2025-06-28,P0012,C00133,East,3.0,14484.04,0.0,43452.12
T107069,11/19/2023,P0039,C00108,West,11.0,,0.0,160379.12
T104361,27/09/2023,P0017,C00114,South,4.0,382.2,0.1,1375.92
T102424,08/21/2024,P0012,C00054,,8.0,14484.04,0.0,115872.32
T101262,20-Nov-2023,P0011,C00116,Central,8.0,8863.25,0.0,70906.0
T101771,06/04/2023,P0020,C00156,South,3.0,4508.3,0.0,13524.9
T103511,09-Oct-2023,P0012,C00099,North,9.0,14484.04,0.1,117320.72
T100271,23-Jan-2023,P0025,C00231,north,2.0,9148.51,0.0,18297.02
T104792,05/25/2025,P0005,C00241,South,1.0,8621.09,0.1,7758.98
T104843,2024-10-29,P0013,C00123,north,17.0,9164.46,0.0,155795.82
T100244,10/29/2023,P0032,C00031,South,2.0,5656.65,0.1,10181.97
T108973,02/13/2024,P0036,C00165,West,1.0,4229.62,0.0,4229.62
T104572,08/02/2025,P0005,C00178,West,4.0,8621.09,0.0,34484.36
T102032,04/16/2023,P0029,C00129,Central,5.0,12773.07,0.0,63865.35
T105053,2024-09-26,P0023,C00186,North,4.0,10713.43,0.1,38568.35
T108375,2025-12-07,P0015,C00245,Central,3.0,4549.66,0.0,13648.98
T100813,30/01/2024,P0016,C00046,South,7.0,2604.21,0.0,18229.47
T108810,2023-12-20,P0026,C00121,East,4.0,13905.57,0.0,55622.28
T106010,2024-10-04,P0015,C00035,Central,1.0,4549.66,0.0,4549.66
T103810,2023-07-18,P0004,C00155,West,3.0,4999.13,0.0,14997.39
T105727,2024-03-18,P0018,C00054,Central,3.0,6437.51,0.0,19312.53
T107583,14-Dec-2023,P0034,C00200,North,3.0,10038.95,0.0,30116.85
T104864,17/11/2024,P0017,C00154,West,3.0,382.2,0.1,1031.94
T108163,09/13/2025,P0011,C00173,Central,7.0,8863.25,0.0,62042.75
T101804,12/18/2025,P0032,C00009,Central,9.0,5656.65,0.0,50909.85
T108472,20/12/2025,P0005,C00147,North,7.0,8621.09,0.2,48278.1
T104346,04/23/2024,P0002,C00124,West,3.0,13910.88,0.0,41732.64
T102461,02/22/2025,P0027,C00032,North,4.0,9818.49,0.0,39273.96
T100545,2023-12-19,P0001,C00186,North,1.0,6017.98,0.05,5717.08
T103241,27-May-2024,P0002,C00077,South,11.0,13910.88,0.05,145368.7
T100738,06/25/2025,P0022,C00209,East,2.0,3102.81,0.1,5585.06
T100310,2025-04-01,P0017,C00124,West,8.0,382.2,0.0,3057.6
T103521,2024-07-11,P0038,C00218,Central,5.0,5836.46,0.05,27723.18
T107037,10/10/2024,P0017,C00037,,7.0,382.2,0.15,2274.09
T101131,13-Aug-2023,P0019,C00014,Central,1.0,6013.99,0.2,4811.19
T105545,2023-03-26,P0003,C00045,West,4.0,10949.99,0.0,43799.96
T100492,12/02/2025,P0003,C00080,North,4.0,10949.99,0.0,"₹43,799.96"
T104111,11-Dec-2025,P0003,C00091,Central,3.0,10949.99,0.0,32849.97
T107328,29/02/2024,P0034,C00023,West,4.0,10038.95,0.0,40155.8
T102769,20-Dec-2024,P0036,C00177,South,6.0,4229.62,0.0,25377.72
T107564,19/05/2024,P0023,C00146,Central,5.0,10713.43,0.0,53567.15
T100920,29/07/2025,P0038,C00210,North,6.0,5836.46,0.15,29765.95
T108934,2023-12-12,P0038,C00100,East,9.0,5836.46,0.0,52528.14
T108307,2025-02-02,P0034,C00073,South,4.0,10038.95,0.0,40155.8
T103587,28-Sep-2024,P0019,C00025,South,5.0,6013.99,0.15,25559.46
T106640,11/27/2025,P0012,C00228,South,3.0,14484.04,0.0,43452.12
T103959,05-Mar-2025,P0012,C00010,South,6.0,14484.04,0.05,82559.03
T107694,06-Jun-2023,P0029,C00100,East,3.0,12773.07,0.2,30655.37
T100038,03/02/2024,P0005,C00132,Central,6.0,8621.09,0.05,49140.21
T104459,07-Sep-2024,P0022,C00169,Central,6.0,3102.81,0.0,18616.86
T107126,08/05/2025,P0005,C00008,South,4.0,8621.09,0.0,34484.36
T104278,19/06/2024,P0027,C00216,South,5.0,9818.49,0.0,49092.45
T107129,02/25/2024,P0030,C00065, East,1.0,6824.34,0.0,6824.34
T102983,05/03/2023,P0033,C00032,North,1.0,10082.29,0.15,8569.95
T105290,2023-06-25,P0005,C00081,West,3.0,8621.09,0.1,23276.94
T106948,08-Apr-2024,P0026,C00038,West,1.0,13905.57,0.0,13905.57
T100130,11/05/2024,P0013,C00142,Central,5.0,9164.46,,45822.3
T105217,27-Aug-2024,P0009,C00070,West,3.0,11247.7,0.0,33743.1
T103159,2024-04-08,P0012,C00011,East,12.0,14484.04,0.0,173808.48
T102667,2023-02-12,P0017,C00013,Central,2.0,382.2,0.0,764.4
T107138,02/02/2024,P0014,C00049,East,4.0,500.0,0.0,2000.0
T103223,09/25/2025,P0016,C00069,Central,1.0,2604.21,0.1,2343.79
T101182,08/20/2024,P0002,C00101,East,2.0,13910.88,0.0,27821.76
T107693,17-Nov-2025,P0029,C00229,East,5.0,12773.07,0.05,60672.08
T105392,2023-08-27,P0004,C00135,North,2.0,4999.13,0.0,9998.26
T100614,03/09/2024,P0021,C00011,East,8.0,359.09,0.0,2872.72
T102708,21-Feb-2023,P0030,C00059,North,1.0,6824.34,0.2,5459.47
T101466,02/16/2025,P0035,C00176,East,9.0,8930.77,0.0,80376.93
T104497,2023-09-26,P0012,C00166,Central,7.0,14484.04,0.0,101388.28
T103042,12/29/2025,P0010,C00151,East,7.0,8164.43,0.15,48578.36
T100934,2024-11-13,P0007,C00007,Central,7.0,14423.4,0.1,90867.42
T102419,17-Feb-2025,P0023,C00047,Central,4.0,10713.43,0.0,42853.72
T105085,04/23/2025,P0013,C00121,East,8.0,9164.46,0.0,73315.68
T103294,2025-08-08,P0015,C00122,West,1.0,4549.66,0.0,4549.66
T106737,13-Jul-2023,P0029,C00116,Central,3.0,12773.07,0.15,32571.33
T108412,2023-07-07,P0032,C00013,Central,3.0,5656.65,0.0,16969.95
T104822,11/02/2024,P0012,C00085,central,5.0,14484.04,0.05,68799.19
T100826,29-Dec-2023,P0004,C00136,South,7.0,4999.13,0.0,34993.91
T101521,2024-01-05,P0032,C00174,Central,1.0,5656.65,0.0,"₹5,656.65"
T106831,01/27/2025,P0006,C00197,South,3.0,7884.39,0.0,23653.17
T102930,04/03/2024,P0016,C00216,South,,2604.21,0.0,7812.63
T104232,12/17/2025,P0017,C00084,North,9.0,382.2,0.05,3267.81
T107686,13/01/2025,P0016,C00058,East,3.0,2604.21,0.0,7812.63
T100628,17-Jun-2025,P0002,C00177,South,9.0,13910.88,0.0,125197.92
T104430,29-Jul-2024,P0003,C00037,South,7.0,10949.99,0.0,76649.93
T103853,2025-05-17,p0013 ,C00207,Central,3.0,9164.46,0.0,27493.38
T100390,2025-03-19,P0035,C00233,West,1.0,8930.77,0.2,"₹7,144.62"
T104345,2024-11-01,P0014,C00136,South,1.0,500.0,0.0,500.0
T108988,22-Mar-2024,P0037,C00186,North,6.0,8484.46,0.0,50906.76
T107124,2025-05-06,P0013,C00240,South,8.0,9164.46,0.05,69649.9
T105913,11/02/2025,P0015,C00230,East,3.0,4549.66,0.1,12284.08
T103990,13-Jul-2023,P0017,C00090,SOUTH ,3.0,382.2,0.0,1146.6
T100400,21-Jun-2025,P0010,C00137,South,3.0,8164.43,0.0,24493.29
T104806,11-Apr-2023,P0028,C00120,West,5.0,13737.15,0.0,68685.75
T105135,07/05/2024,P0004,C00159,North,6.0,4999.13,0.2,23995.82
T108122,01/07/2025,P0007,C00130,East,2.0,14423.4,0.0,28846.8
T103359,26-Jan-2024,P0026,C00046,South,1.0,13905.57,0.0,13905.57
T100046,2025-04-01,P0036,C00127,SOUTH ,2.0,4229.62,0.0,8459.24
T105657,11/09/2025,P0005,C00020,North,1.0,8621.09,0.05,8190.04
T100488,07/03/2023,P0011,C00147,North,1.0,8863.25,0.05,8420.09
T103993,03/26/2025,P0033,C00048,South,7.0,10082.29,0.2,56460.82
T103642,29-Jun-2023,P0014,C00043,West,5.0,500.0,0.0,2500.0
T103726,25/08/2023,P0003,C00242,East,5.0,10949.99,0.05,52012.45
T108707,02/12/2023,P0030,C00183,South,6.0,6824.34,0.0,40946.04
T105208,24-Mar-2024,P0021,C00090,SOUTH ,5.0,359.09,0.1,1615.9
T106609,28-Dec-2024,P0005,C00250,north,3.0,8621.09,0.0,25863.27
T107704,30/11/2023,P0010,C00240,South,1.0,8164.43,0.0,8164.43
T105319,2025-06-29,P0032,C00203,West,4.0,5656.65,,22626.6
T100709,04/03/2023,P0003,C00248,North,1.0,10949.99,0.0,10949.99
T107119,23-Aug-2023,P0018,C00081,West,6.0,6437.51,0.0,38625.06
T102421,01-Feb-2025,P0024,C00027,,6.0,11884.11,0.0,"₹71,304.66"
T105604,16/01/2024,P0022,C00109,North,5.0,3102.81,0.0,15514.05
T101750,04-Apr-2025,P0013,C00139,South,1.0,9164.46,0.15,7789.79
T105073,24-Aug-2023,P0027,C00058,East,2.0,9818.49,0.0,19636.98
T108209,2024-11-18,P0019,C00158,East  ,1.0,6013.99,0.0,6013.99
T104062,07/03/2023,P0009,C00034,East,4.0,11247.7,0.1,40491.72
T108860,11/06/2023,P0022,C00123,North,5.0,3102.81,0.05,14738.35
T100338,2024-10-25,P0013,C00191,South,12.0,9164.46,0.0,109973.52
T100215,08-Feb-2025,P0008,C00021,Central,7.0,499.0,0.0,3493.0
T103663,06/24/2025,P0013,C00187,North  ,4.0,9164.46,0.0,36657.84
T101341,11/11/2025,P0002,C00068,north,7.0,13910.88,0.0,97376.16
T108700,09/09/2024,P0008,C00126,West,2.0,499.0,0.0,₹998.00
T105616,31/07/2024,P0023,C00225,SOUTH ,2.0,10713.43,0.15,18212.83
T103894,09/09/2025,P0031,C00036,North,6.0,1566.84,0.0,9401.04
T103640,2025-01-07,P0025,C00131,West,7.0,,,64039.57
T100329,2025-02-04,P0018,C00078,West,6.0,6437.51,0.0,38625.06
T107900,16/01/2023,P0036,C00136,South,2.0,4229.62,0.0,8459.24
T103004,22/04/2023,P0019,C00151,East,5.0,6013.99,0.1,27062.96
T106960,08/05/2023,P0029,C00094,SOUTH ,3.0,12773.07,0.05,36403.25
T104090,2023-06-11,P0008,C00153,Central,6.0,499.0,0.0,2994.0
T103115,08/08/2025,P0006,C00235,East,6.0,7884.39,0.05,44941.02
T108958,25-Mar-2025,P0021,C00113,East,8.0,359.09,0.0,2872.72
T102322,2024-02-19,P0009,C00139,South,6.0,11247.7,0.0,67486.2
T106667,06/20/2025,P0022,C00054,Central,8.0,3102.81,0.0,24822.48
T107009,29/04/2024,P0004,C00160,South,2.0,4999.13,0.0,9998.26
T104197,27-Aug-2025,P0009,C00118,Central,3.0,11247.7,0.0,33743.1
T103549,06/18/2024,P0039,C00088,South,1.0,14579.92,0.1,13121.93
T101458,07/21/2023,P0002,C00236,East,4.0,13910.88,0.05,52861.34
T100171,07/28/2025,P0023,C00190,North,6.0,,0.0,64280.58
T104203,15-Nov-2025,P0012,C00081,West,5.0,14484.04,0.0,"₹72,420.20"
T108487,21/12/2025,P0032,C00198,West,9.0,5656.65,0.0,50909.85
T103569,15/08/2025,P0023,C00186,North,3.0,10713.43,0.0,32140.29
T104226,06-Jan-2024,P0004,C00007,Central,1.0,4999.13,0.2,3999.3
T105158,06/20/2024,P0009,C00136,South,5.0,11247.7,0.0,56238.5
T104120,11/18/2024,P0014,C00111,North,3.0,500.0,0.0,1500.0
T106185,2024-08-11,P0026,C00042,Central,6.0,13905.57,0.0,83433.42
T101639,21-Sep-2024,P0015,C00002,West,5.0,4549.66,0.0,22748.3
T100938,04-Oct-2023,P0029,C00069,Central,1.0,12773.07,0.05,12134.42
T100060,09/20/2025,P0035,C00234, East,7.0,8930.77,0.1,56263.85
T101240,28-Feb-2025,P0015,C00243,West,7.0,4549.66,,31847.62
T105760,12/19/2024,P0001,C00094,SOUTH ,1.0,6017.98,0.0,6017.98
T105136,19-Nov-2023,P0014,C00110,East,4.0,500.0,0.0,2000.0
T102343,2024-07-09,P0016,C00098,East,5.0,2604.21,0.0,13021.05
T106856,03/02/2024,P0036,C00092,SOUTH ,6.0,4229.62,0.1,22839.95
T102120,10/22/2025,P0035,C00132,Central,5.0,8930.77,0.05,42421.16
T101524,2024-01-02,P0029,C00222,Central,1.0,12773.07,0.0,12773.07
T107617,13/05/2025,P0007,C00155,West,7.0,14423.4,0.15,85819.23
T100153,25-Jul-2024,P0005,C00133,East,3.0,8621.09,0.15,21983.78
T106344,28/01/2024,P0029,C00084,North,3.0,12773.07,0.0,38319.21
T100481,20/02/2025,P0020,C00085,Central,3.0,4508.3,0.0,13524.9
T106122,16/02/2025,P0015,C00173,Central,1.0,4549.66,0.0,4549.66
T104460,2025-08-05,P0038,C00096,Central,7.0,5836.46,0.0,40855.22
T107674,21-Nov-2025,P0019,C00121,East,3.0,6013.99,0.15,15335.67
T107101,08-Apr-2024,P0001,C00081,West,2.0,6017.98,0.15,10230.57
T103920,18-May-2024,P0023,C00169,Central,2.0,10713.43,0.0,21426.86
T107658,28-Nov-2023,P0039,C00120,West,6.0,14579.92,0.15,74357.59
T107411,21/08/2024,P0029,C00180,Central,6.0,,0.0,76638.42
T101762,03-Jan-2023,P0012,C00107,East,2.0,14484.04,0.0,28968.08
T107634,09/11/2025,P0020,C00090,SOUTH ,19.0,4508.3,0.0,85657.7
T107315,07/27/2024,P0038,C00209,East,4.0,5836.46,0.0,23345.84
T100750,08/05/2025,P0031,C00215,East,4.0,1566.84,0.0,6267.36
T107715,03/04/2025,P0006,C00135,North,12.0,7884.39,0.0,94612.68
T101785,02/13/2023,P0040,C00095,Central,2.0,12756.37,0.1,22961.47
T108272,03/12/2024,P0003,C00172,Central,,10949.99,0.0,65699.94
T107479,26-Jan-2023,P0015,C00098,East,4.0,4549.66,0.0,18198.64
T106212,10/02/2025,P0033,C00127,SOUTH ,5.0,10082.29,0.0,50411.45
T104501,04/27/2023,P0031,C00062,South,3.0,1566.84,0.0,4700.52
T104853,04/10/2024,P0006,C00026,North,10.0,7884.39,0.0,78843.9
T102711,12/02/2025,P0013,C00099,North,5.0,9164.46,0.05,43531.18
T106766,01/03/2025,P0024,C00014,Central,8.0,11884.11,0.05,90319.24
T108126,09/12/2025,P0032,C00195,East,13.0,5656.65,0.0,73536.45
T104193,2025-04-17,P0038,C00083,South,3.0,5836.46,0.0,17509.38
T101333,2023-11-02,P0004,C00071, East,6.0,4999.13,0.0,29994.78
T101250,08/27/2024,P0028,C00233,West,4.0,13737.15,0.0,54948.6
T106887,18-Mar-2024,P0031,C00137,South,3.0,1566.84,0.1,4230.47
T102854,27/08/2024,P0015,C00129,Central,4.0,4549.66,0.1,16378.78
T100186,11-Mar-2024,P0007,C00037,South,4.0,14423.4,0.0,57693.6
T101136,2024-10-05,P0018,C00099,North,6.0,6437.51,0.0,38625.06
T108562,21-Nov-2024,P0025,C00001,West,3.0,9148.51,0.0,27445.53
T108851,30-Jul-2025,P0024,C00020,North,4.0,11884.11,0.1,42782.8
T102058,17-Feb-2023,P0019,C00250,north,4.0,6013.99,0.1,21650.36
T108310,27/05/2025,P0003,C00040,North,4.0,10949.99,0.2,35039.97
T103850,25/07/2023,P0033,C00035,Central,4.0,10082.29,0.0,40329.16
T100148,11-Jul-2023,P0039,C00060,,5.0,,0.0,72899.6
T104124,16/01/2023,P0011,C00097,west,1.0,8863.25,0.0,8863.25
T104889,02/27/2023,P0012,C00093,North,5.0,14484.04,0.0,72420.2
T108142,05/02/2023,P0019,C00104,South,2.0,6013.99,0.0,12027.98
T103363,01/09/2025,P0009,C00147,North,8.0,11247.7,0.0,89981.6
T104788,07/15/2024,P0028,C00068,north,3.0,13737.15,0.0,41211.45
T102866,08/11/2025,P0038,C00117,West,6.0,5836.46,0.0,35018.76
T103776,05/12/2025,P0014,C00050,East,3.0,500.0,0.0,1500.0
T101386,06/03/2023,P0032,C00068,north,4.0,5656.65,0.0,22626.6
T105941,16-Jan-2025,P0012,C00065, East,1.0,14484.04,0.05,"₹13,759.84"
T103067,14-Sep-2024,P0033,C00225,SOUTH ,2.0,10082.29,0.0,20164.58
T108250,18-Feb-2023,P0037,C00126,West,5.0,8484.46,0.0,42422.3
T105695,07/10/2025,P0022,C00140,West,3.0,3102.81,0.0,9308.43
T103629,01/01/2025,P0039,C00030,North,3.0,14579.92,0.0,43739.76
T108618,18-Jun-2025,P0038,C00013,Central,1.0,5836.46,0.0,5836.46
T104797,21-Jan-2023,P0008,C00028,Central,1.0,499.0,0.0,499.0
T108114,12/26/2023,P0029,C00191,South,10.0,12773.07,0.2,102184.56
T103028,05/05/2024,P0036,C00149,North,4.0,4229.62,0.0,16918.48
T102969,11-Jun-2024,P0031,C00171,East,4.0,1566.84,0.0,6267.36
T108464,06/24/2025,P0029,C00170,West,6.0,12773.07,0.0,76638.42
T101708,2025-10-27,P0012,C00105,West,13.0,14484.04,0.0,"₹188,292.52"
T102953,26/12/2024,P0039,C00174,Central,1.0,14579.92,0.0,14579.92
T100454,16/12/2025,P0013,C00187,North,5.0,9164.46,0.15,38948.95
T106964,13-Feb-2025,P0011,C00250,north,4.0,8863.25,,35453.0
T106136,09/05/2023,P0011,C00226,West,4.0,8863.25,0.05,33680.35
T105868,12/22/2023,P0029,C00170,West,3.0,12773.07,0.05,36403.25
T106411,07-Jun-2025,P0032,C00234, East  ,3.0,5656.65,0.0,16969.95
T100609,2024-02-11,P0016,C00143,South,1.0,2604.21,0.0,2604.21
T104263,21/04/2025,P0024,C00136,South,6.0,11884.11,0.0,71304.66
T104826,10/15/2024,P0021,C00022,North,1.0,359.09,0.0,359.09
T100645,2023-11-16,P0030,C00223,Central,6.0,6824.34,0.2,32756.83
T107454,10/20/2023,P0021,C00174,Central,1.0,359.09,0.05,341.14
T102074,30-Apr-2024,P0006,C00226,West,3.0,7884.39,0.0,23653.17
T104052,2024-09-11,P0036,C00133,East,6.0,4229.62,0.0,25377.72
T108399,24-Nov-2025,P0033,C00240,South,13.0,10082.29,0.0,131069.77
T107796,05/30/2023,P0040,C00137,South,5.0,12756.37,0.0,63781.85
T101622,06/27/2024,P0002,C00195,East,6.0,13910.88,0.0,83465.28
T104683,2025-01-26,P0039,C00079,South,4.0,14579.92,0.0,58319.68
T105497,12/13/2025,P0031,C00051,East,14.0,1566.84,0.0,21935.76
T107141,2023-11-04,P0020,C00188,North,-8.0,4508.3,0.15,30656.44
T107320,28-Oct-2025,P0025,C00169,Central,5.0,9148.51,,45742.55
T105796,2023-11-28,P0021,C00166,Central,1.0,359.09,0.05,341.14
T107184,14-May-2024,P0012,C00115,East,5.0,14484.04,0.0,72420.2
T102081,10-Feb-2024,P0016,C00186,North,,2604.21,0.0,2604.21
T107077,2025-03-30,P0038,C00104,South,2.0,5836.46,0.0,11672.92
T100040,08-May-2025,P0027,C00188,North,3.0,9818.49,0.0,29455.47
T105475,23/06/2024,P0029,C00038,West,3.0,12773.07,0.05,36403.25
T102089,01/06/2023,P0018,C00070,West,3.0,6437.51,0.0,"₹19,312.53"
T103924,26/02/2025,P0018,C00211,West,2.0,6437.51,0.0,12875.02
T102175,05/05/2025,P0012,C00137,South,9.0,14484.04,0.0,130356.36
T107313,28/06/2023,P0001,C00116,Central,6.0,6017.98,0.0,36107.88
T108431,03/11/2025,P0029,C00163,,6.0,12773.07,0.0,76638.42
T100074,12/19/2025,P0015,C00109,North,11.0,4549.66,0.2,40037.01
T108040,05-Sep-2023,P0030,C00102,Central,1.0,6824.34,0.0,6824.34
T103798,13/05/2025,P0035,C00128,South,7.0,8930.77,0.0,62515.39
T102657,2024-05-09,P0017,C00122,West,6.0,382.2,0.0,2293.2
T103180,16-Nov-2025,P0037,C00110,East,5.0,8484.46,0.0,42422.3
T102076,08/08/2023,P0008,C00210,North,4.0,499.0,0.0,1996.0
T100441,2024-07-26,P0023,C00156,South,2.0,10713.43,0.0,21426.86
T108409,09-Aug-2023,P0010,C00243,West,4.0,8164.43,0.0,32657.72
T102051,24/04/2025,P0020,C00078,West,4.0,4508.3,0.0,18033.2
T102541,2025-12-09,P0030,C00167,East,7.0,6824.34,0.2,38216.3
T107402,24-Nov-2023,P0019,C00147,North,6.0,6013.99,0.05,"₹34,279.74"
T101301,04/15/2025,P0030,C00176,East,6.0,6824.34,0.2,32756.83
T105877,02/08/2025,P0007,C00111,North,4.0,14423.4,0.0,57693.6
T107368,06/10/2024,P0038,C00228,South,3.0,5836.46,0.0,17509.38
T103430,09/10/2025,P0026,C00199,Central,1.0,13905.57,0.0,13905.57
T101304,2024-12-07,P0033,C00236,East,8.0,10082.29,0.0,80658.32
T100236,02/05/2023,P0026,C00047,Central,5.0,13905.57,0.0,69527.85
T108284,16-Jan-2023,P0026,C00050,East,4.0,13905.57,0.0,55622.28
T102599,12-Oct-2025,P0002,C00175,East,6.0,13910.88,0.05,79292.02
T104616,01/08/2025,P0017,C00100,East,3.0,382.2,0.15,974.61
T102573,06/26/2025,P0015,C00172,Central,-4.0,4549.66,0.15,15468.84
T103280,21/02/2023,P0012,C00250,north,4.0,14484.04,0.0,57936.16
T103186,02-Dec-2024,P0014,C00195,East,8.0,500.0,,4000.0
T103953,28-Jul-2023,P0018,C00095,Central,6.0,6437.51,0.05,36693.81
T102768,20-Aug-2025,P0012,C00211,West,6.0,14484.04,0.2,69523.39
T104831,29/04/2025,P0013,C00143,South,3.0,9164.46,0.05,26118.71
T104223,30/04/2024,P0025,C00095,Central,4.0,9148.51,0.05,34764.34
T107894,2025-03-17,P0037,C00055,South,2.0,8484.46,0.0,16968.92
T102106,05/14/2024,P0002,C00109,North,4.0,13910.88,0.1,50079.17
T102679,22/05/2024,P0019,C00210,North,4.0,6013.99,0.0,24055.96
T107325,16-Oct-2024,P0019,C00128,South,9.0,6013.99,0.0,54125.91
T102761,2025-12-13,P0010,C00236,East,5.0,8164.43,0.0,40822.15
T104688,2025-09-29,P0010,C00092,south ,4.0,8164.43,0.1,29391.95
T105399,05/01/2024,P0030,C00096,Central,6.0,6824.34,0.0,40946.04
T101387,20/08/2025,P0016,C00081,,6.0,2604.21,0.0,15625.26
T102901,2023-01-01,P0034,C00064,North,6.0,10038.95,0.1,54210.33
T103577,2023-08-02,P0016,C00146,Central,3.0,2604.21,0.05,7422.0
T108078,10/20/2024,P0016,C00071, East,9.0,2604.21,0.05,22266.0
T108805,14/05/2025,P0006,C00083,South,6.0,7884.39,0.05,44941.02
T107083,2024-10-25,P0012,C00034,East,4.0,14484.04,0.0,57936.16
T108948,29/09/2024,P0034,C00200,North,6.0,10038.95,0.15,51198.64
T107393,2024-12-23,P0040,C00017, East,5.0,12756.37,0.0,63781.85
T105000,27/10/2025,P0023,C00133,East,13.0,10713.43,0.0,139274.59
T105853,15/05/2025,P0014,C00189,North,6.0,500.0,0.1,2700.0
T101279,2024-08-10,P0003,C00019,Central,2.0,10949.99,0.0,21899.98
T108588,03/11/2023,P0013,C00168,North,6.0,9164.46,0.0,54986.76
T100804,15/03/2024,P0035,C00086,West,6.0,8930.77,0.0,53584.62
T106404,25/12/2023,P0039,C00102,Central,7.0,14579.92,0.0,102059.44
T101555,11/15/2023,P0021,C00018,Central,6.0,359.09,0.0,2154.54
T108647,29/07/2023,P0005,C00193,East,1.0,8621.09,0.1,7758.98
T103190,2023-12-18,P0035,C00236,East,10.0,8930.77,0.0,89307.7
T104566,04/07/2025,P0040,C00229,East,3.0,12756.37,0.0,38269.11
T104802,2025-12-28,P0002,C00204,Central,11.0,13910.88,0.0,153019.68
T108904,2023-09-03,P0014,C00132,Central,3.0,500.0,0.0,1500.0
T107166,26-May-2025,P0024,C00160,South,3.0,11884.11,0.0,35652.33
T104841,09-Jul-2024,P0011,C00141,South,8.0,8863.25,0.15,60270.1
T103594,09/27/2024,P0025,C00081,West,5.0,9148.51,0.0,45742.55
T106035,2023-02-01,P0037,C00131,West,2.0,8484.46,0.05,16120.47
T106852,28-Mar-2025,P0011,C00240,South,3.0,8863.25,0.0,26589.75
T106958,10/01/2025,P0015,C00188,North,6.0,,0.05,25933.06
T101920,28-Jul-2025,P0025,C00016,West,7.0,9148.51,0.0,64039.57
T100513,2024-01-21,P0029,C00136,South,1.0,12773.07,0.05,12134.42
T104177,10/12/2025,P0002,C00209,East,5.0,13910.88,,59121.24
T106843,2023-11-28,P0016,C00110,East,1.0,2604.21,,2604.21
T101308,06/19/2024,P0007,C00182,North,5.0,14423.4,0.0,72117.0
T105667,09/29/2023,P0004,C00017, East,1.0,4999.13,0.0,4999.13
T100914,21/06/2025,P0004,C00145,North,2.0,4999.13,0.0,9998.26
T103452,15-Oct-2025,P0027,C00238,West,6.0,9818.49,0.0,58910.94
T103695,29-Apr-2024,P0011,C00154,West,2.0,8863.25,0.0,17726.5
T104242,07-Mar-2024,P0022,C00003,North,3.0,3102.81,0.0,9308.43
T103156,07-Sep-2024,P0005,C00118,Central,5.0,8621.09,0.0,43105.45
T102198,22-Mar-2024,P0005,C00096,Central,1.0,8621.09,0.0,8621.09
T107840,19/09/2025,P0025,C00084,North,3.0,9148.51,0.1,24700.98
T100774,02/09/2025,P0016,C00179,North,8.0,2604.21,0.1,18750.31
T104425,05-Nov-2024,P0020,C00188,North,8.0,4508.3,0.15,30656.44
T106150,23-Jan-2024,P0011,C00246,South,1.0,8863.25,0.0,8863.25
T106097,03-May-2023,P0010,C00045,West,3.0,8164.43,0.0,24493.29
T100943,2023-09-21,P0003,C00096,Central,7.0,10949.99,0.0,76649.93
T100822,14/07/2025,P0023,C00030,North,2.0,10713.43,0.0,21426.86
T106878,12/20/2025,P0023,C00247,North,11.0,10713.43,0.0,117847.73
T105005,23-May-2025,P0024,C00110,,11.0,11884.11,0.0,130725.21
T106612,2025-07-19,P0034,C00242,,8.0,10038.95,0.0,80311.6
T104277,08-Feb-2024,P0028,C00101,East,3.0,13737.15,0.05,39150.88
T100164,07/19/2023,P0022,C00202,,4.0,3102.81,0.1,11170.12
T105619,2023-05-22,P0032,C00092,,4.0,5656.65,0.2,18101.28
T104547,13/05/2023,P0015,C00073,South,5.0,4549.66,0.0,22748.3
T103983,2024-08-16,P0001,C00035,Central,6.0,6017.98,0.2,28886.3
T102538,28/05/2023,P0001,C00248,North,3.0,6017.98,0.0,18053.94
T106957,07/21/2023,P0004,C00081,West,6.0,4999.13,0.15,25495.56
T103191,2025-01-22,P0011,C00106,West,2.0,8863.25,0.1,15953.85
T101311,2024-03-08,P0037,C00017, East,5.0,8484.46,0.0,42422.3
T108510,2023-12-10,P0030,C00167,East,4.0,6824.34,0.15,23202.76
T105207,2024-04-25,P0034,C00148,North,4.0,10038.95,0.0,40155.8
T108674,2023-07-15,P0019,C00226,West,9.0,6013.99,0.0,54125.91
T108204,18/03/2024,P0012,C00095,Central,1.0,14484.04,0.1,13035.64
T107585,2025-07-10,P0036,C00042,Central,1.0,4229.62,0.1,3806.66
T105383,05/30/2023,P0008,C00180,Central,5.0,499.0,0.1,2245.5
T103054,01/16/2024,P0001,C00237,Central,2.0,6017.98,0.0,12035.96
T103675,11-May-2025,P0030,C00197,South,4.0,6824.34,0.1,24567.62
T107776,09/19/2025,P0021,C00237,Central,1.0,359.09,0.1,323.18
T107218,2024-01-22,P0033,C00167,East,1.0,10082.29,0.1,9074.06
T106722,09/21/2025,P0024,C00019,Central,3.0,11884.11,,35652.33
T103300,2023-05-06,P0004,C00242,East,,,0.0,14997.39
T103310,11-Sep-2025,P0023,C00078,West,4.0,10713.43,0.1,38568.35
T106904,2023-05-12,P0005,C00070,West,3.0,8621.09,0.0,25863.27
T107221,10/07/2024,P0040,C00092,SOUTH ,5.0,12756.37,0.05,60592.76
T100327,05/14/2024,P0020,C00209,East,2.0,4508.3,0.0,9016.6
T105886,06/17/2025,P0006,C00156,South,6.0,7884.39,0.05,44941.02
T102490,04/09/2024,P0036,C00205,North,3.0,4229.62,0.2,10151.09
T108834,09/06/2023,P0035,C00245,Central,5.0,8930.77,0.1,40188.47
T106103,19/07/2024,P0022,C00170,West,3.0,3102.81,0.0,9308.43
T105954,09/21/2024,P0038,C00236,East  ,5.0,5836.46,0.0,29182.3
T108807,05/08/2025,P0012,C00057,East,2.0,14484.04,0.0,28968.08
T104408,2025-11-21,P0019,C00194,East,11.0,6013.99,0.0,66153.89
T100832,2024-06-25,P0005,C00031,South,3.0,8621.09,0.0,25863.27
T103079,29-Apr-2024,P0022,C00223,Central,5.0,3102.81,0.0,15514.05
T107516,2024-12-04,P0040,C00019,Central,5.0,12756.37,,"₹63,781.85"
T103462,21/06/2024,P0033,C00083,South,7.0,10082.29,0.1,63518.43
T105297,2024-12-16,P0018,C00240,South,3.0,6437.51,0.0,19312.53
T101823,2024-05-19,P0036,C00028,Central,6.0,4229.62,0.0,25377.72
T107643,09/10/2025,P0035,C00200,North,6.0,8930.77,0.0,53584.62
T100054,2025-06-17,P0019,C00047,Central,6.0,6013.99,0.0,36083.94
T106230,25/04/2025,P0033,C00231,north,4.0,10082.29,0.15,34279.79
T104064,20/06/2023,P0017,C00052,East,1.0,382.2,0.0,382.2
T103451,12/05/2023,P0006,C00128,South,3.0,7884.39,0.0,23653.17
T106305,28/07/2025,P0004,C00010,South,6.0,4999.13,0.0,29994.78
T101901,2025-07-27,P0032,C00214,Central,4.0,5656.65,0.1,20363.94
T101481,08/18/2024,P0009,C00128,South,3.0,11247.7,0.1,30368.79
T104873,02/13/2024,P0034,C00061,West,1.0,10038.95,0.0,10038.95
T104895,2023-08-22,P0003,C00018,Central,5.0,10949.99,0.0,54749.95
T107810,08/05/2023,P0029,C00238,West,3.0,12773.07,0.0,38319.21
T108038,05/06/2024,P0002,C00093,North,5.0,13910.88,0.0,69554.4
T104150,28/06/2023,P0011,C00048,South,6.0,8863.25,0.05,50520.52
T107068,2023-05-26,P0035,C00007,Central,4.0,8930.77,0.0,35723.08
T103335,27/03/2024,P0025,C00056,South,6.0,9148.51,0.0,54891.06
T106016,27-Apr-2025,P0035,C00230,East,4.0,8930.77,0.0,35723.08
T107811,01/11/2024,P0032,C00195,East,1.0,5656.65,0.2,4525.32
T104926,2023-08-23,P0040,C00084,North,4.0,12756.37,0.15,43371.66
T100946,2024-06-25,P0006,C00169,Central,4.0,7884.39,0.0,31537.56
T105797,15/04/2025,P0036,C00101,East,2.0,4229.62,0.05,8036.28
T103293,08-Sep-2025,P0034,C00245,Central,3.0,10038.95,0.0,30116.85
T102161,2024-02-20,P0011,C00058,East,2.0,8863.25,0.1,15953.85
T108965,24/01/2025,P0007,C00044,South,4.0,14423.4,0.0,57693.6
T105083,29/01/2024,P0038,C00184,East,4.0,5836.46,0.0,23345.84
T106645,14-Jul-2024,P0033,C00044,South,,10082.29,0.2,24197.5
T108347,2025-12-24,P0027,C00190,North,13.0,9818.49,0.0,127640.37
T103057,30-May-2024,P0032,C00147,North,6.0,5656.65,0.0,"₹33,939.90"
T107342,2025-01-16,P0005,C00069,Central,3.0,8621.09,0.2,20690.62
T105490,11-Nov-2023,P0036,C00096,Central,8.0,4229.62,0.05,32145.11
T106733,07/14/2025,P0003,C00040,North,2.0,10949.99,0.0,21899.98
T100768,21-Jul-2023,P0011,C00052,East,4.0,8863.25,0.0,35453.0
T102065,2024-05-02,P0012,C00180,Central,3.0,14484.04,0.0,43452.12
T108661,10-Oct-2024,P0030,C00011,East,12.0,6824.34,0.1,73702.87
T103495,31-Mar-2023,P0004,C00037,South,2.0,4999.13,0.0,9998.26
T107311,11/21/2023,P0002,C00132,Central,6.0,13910.88,0.2,66772.22
T100285,2025-07-11,P0030,C00209,East,1.0,6824.34,0.0,6824.34
T101500,07/13/2024,P0023,C00114,South,4.0,10713.43,0.0,42853.72
T104524,25/12/2024,P0003,C00150,East,6.0,10949.99,0.1,59129.95
T108577,07/26/2024,P0037,C00162,north,4.0,8484.46,,33937.84
T102332,12-Sep-2025,P0031,C00134,East,2.0,1566.84,0.0,3133.68
T102717,07/12/2025,P0017,C00250,north,3.0,382.2,0.0,1146.6
T102079,01/07/2025,P0028,C00115,East,5.0,13737.15,0.0,68685.75
T103389,30/10/2025,P0036,C00128,South,5.0,4229.62,0.05,20090.69
T100722,05/14/2025,P0024,C00167,East,3.0,11884.11,0.0,35652.33
T100951,01/01/2023,P0001,C00242,East,2.0,6017.98,0.2,9628.77
T108058,06/14/2025,P0006,C00240,South,1.0,7884.39,0.0,7884.39
T102482,28-Jul-2024,P0020,C00117,,4.0,4508.3,0.0,18033.2
T102262,07/11/2023,P0009,C00080,North,3.0,11247.7,0.0,33743.1
T100989,12/12/2025,P0013,C00246,South,11.0,9164.46,0.2,80647.25
T103212,2023-11-02,P0013,C00141,South,6.0,9164.46,0.05,52237.42
T101759,09/08/2023,P0019,C00110,East,3.0,6013.99,0.0,18041.97
T108222,13-Aug-2025,P0022,C00145,North,1.0,3102.81,0.0,3102.81
T104422,05/03/2024,P0027,C00209,East,3.0,9818.49,0.0,29455.47
T106704,25-Jan-2025,P0003,C00134,East,1.0,10949.99,0.05,10402.49
T105479,27/06/2025,P0022,C00186,North,1.0,3102.81,0.1,2792.53
T101724,13-May-2024,P0006,C00003,North,6.0,7884.39,0.0,47306.34
T105182,06-Dec-2024,P0009,C00151,East,10.0,11247.7,0.0,112477.0
T108597,2025-02-11,P0029,C00152,North,4.0,12773.07,0.0,51092.28
T100341,15-Jul-2025,P0025,C00138,Central,3.0,9148.51,0.0,27445.53
T103701,12/09/2025,P0008,C00012,East,6.0,499.0,0.0,2994.0
T104243,11/08/2024,P0025,C00147,North,5.0,9148.51,0.05,43455.42
T100688,2024-06-16,P0033,C00164,North,5.0,10082.29,0.0,50411.45
T103432,27/04/2023,P0006,C00065, East,5.0,7884.39,0.0,39421.95
T105203,2024-06-13,P0012,C00086,West,7.0,14484.04,0.05,96318.87
T104944,17/03/2025,P0011,C00040,North,2.0,8863.25,0.0,17726.5
T100966,14/02/2023,P0007,C00043,West,1.0,14423.4,0.0,14423.4
T103120,04/11/2024,P0035,C00240,South,5.0,8930.77,0.2,35723.08
T108645,09/23/2024,P0014,C00062,South,1.0,500.0,0.0,500.0
T108049,2024-10-04,P0013,C00245,Central,7.0,9164.46,0.0,64151.22
T102203,18-Jun-2025,P0023,C00126,West,3.0,10713.43,0.0,32140.29
T102713,2025-05-07,P0012,C00062,South,2.0,14484.04,0.0,28968.08
T104757,07/04/2025,P0025,C00198,West,13.0,9148.51,0.0,118930.63
T105098,2023-06-11,P0006,C00191,South,4.0,7884.39,0.0,31537.56
T104164,07-Mar-2023,P0009,C00192,Central,2.0,11247.7,0.0,22495.4
T108701,03-Sep-2024,P0039,C00066,West,3.0,14579.92,0.05,41552.77
T106320,10/11/2024,P0022,C00120,West,8.0,3102.81,0.0,24822.48
T105280,18/01/2025,P0016,C00217,North,3.0,2604.21,0.1,7031.37
T105975,28-Apr-2025,P0032,C00026,North,6.0,5656.65,0.0,33939.9
T103572,05/20/2025,P0032,C00243,West,2.0,5656.65,0.0,"₹11,313.30"
T105299,25/09/2023,P0011,C00193,East,2.0,8863.25,0.0,17726.5
T101990,12/30/2023,P0039,C00019,,3.0,14579.92,0.0,43739.76
T101205,2023-11-07,P0014,C00203,West,1.0,500.0,0.0,500.0
T104971,25-Jun-2025,P0029,C00154,West,2.0,12773.07,0.0,25546.14
T106783,06/16/2024,P0004,C00208,Central,10.0,4999.13,0.0,49991.3
T103600,21-Apr-2024,P0008,C00074,East,6.0,499.0,0.0,"₹2,994.00"
T106490,09-Mar-2024,P0019,C00081,West,6.0,6013.99,0.05,34279.74
T108070,2024-05-04,P0012,C00215,East,7.0,14484.04,0.05,96318.87
T107973,16/02/2024,P0035,C00151,East,2.0,8930.77,0.0,17861.54
T101625,11/10/2023,P0017,C00200,North,8.0,382.2,0.0,3057.6
T100536,24-Mar-2025,P0012,C00068,north,2.0,14484.04,0.2,23174.46
T107970,03/05/2024,P0038,C00244,South,1.0,5836.46,0.1,5252.81
T104212,06/06/2025,P0027,C00172,Central,4.0,9818.49,0.0,39273.96
T106456,02/07/2024,P0007,C00151,East,1.0,14423.4,0.0,14423.4
T103507,2025-02-19,P0040,C00166,Central,6.0,12756.37,0.0,76538.22
T107112,2024-02-22,P0008,C00185,Central,4.0,499.0,0.05,1896.2
T102708,21/02/2023,P0030,C00059,North,1.0,6824.34,0.2,5459.47
T105031,26/03/2023,P0030,C00080,North,7.0,6824.34,0.0,47770.38
T106514,29/11/2025,P0016,C00214,Central,3.0,2604.21,0.1,7031.37
T104662,03/25/2025,P0004,C00057,,7.0,4999.13,0.0,34993.91
T104021,14/02/2023,P0007,C00064,North,5.0,14423.4,0.1,64905.3
T101854,01-Jan-2024,P0005,C00075,,3.0,8621.09,0.0,25863.27
T108596,02/19/2023,P0020,C00028,Central,5.0,4508.3,0.0,22541.5
T102872,24-Apr-2024,P0030,C00246,South,3.0,6824.34,0.0,20473.02
T103030,09-Aug-2023,P0009,C00155,West,-1.0,11247.7,0.0,11247.7
T101645,18/02/2024,P0003,C00212,South,1.0,10949.99,0.0,"₹10,949.99"
T103417,04/11/2023,P0030,C00150,East,2.0,6824.34,0.0,13648.68
T103476,07/20/2024,P0011,C00030,North,7.0,8863.25,0.0,62042.75
T108708,20-Feb-2023,P0012,C00086,West,2.0,14484.04,0.0,28968.08
T101792,27-Dec-2024,P0020,C00025,,6.0,4508.3,0.0,27049.8
T103797,2025-01-15,P0034,C00130,East,3.0,10038.95,0.15,25599.32
T103368,04/07/2023,P0027,C00182,North,6.0,9818.49,0.0,58910.94
T107196,10/28/2025,P0012,C00011,East,3.0,14484.04,0.0,43452.12
T108789,18/09/2025,P0033,C00014,Central,4.0,10082.29,0.0,40329.16
T105109,03/04/2025,P0016,C00195,East,2.0,2604.21,0.0,5208.42
T106024,2025-12-24,P0011,C00141,,7.0,8863.25,0.0,"₹62,042.75"
T108471,06/11/2025,P0025,C00089,East,2.0,9148.51,0.05,17382.17
T100126,02-Nov-2024,P0027,C00233,West,5.0,9818.49,0.1,44183.2
T105959,2025-03-15,P0029,C00059,North,2.0,12773.07,0.0,25546.14
T103876,10-Mar-2023,P0036,C00088,South,1.0,4229.62,0.0,4229.62
T104451,20/03/2025,P0024,C00151,East,1.0,11884.11,0.0,11884.11
T107147,2023-06-07,P0021,C00174,Central,4.0,359.09,0.0,1436.36
T103531,03-May-2023,P0029,C00078,West,5.0,12773.07,0.0,63865.35
T100827,23-Mar-2024,P0003,C00075,,5.0,10949.99,0.05,52012.45
T107790,04/01/2025,P0033,C00246,South,8.0,10082.29,0.05,76625.4
T100984,02-Jan-2025,P0010,C00217,North,2.0,8164.43,0.0,16328.86
T107783,2024-10-06,P0015,C00109,North,4.0,4549.66,0.0,18198.64
T102443,01/10/2024,P0006,C00138,Central,-3.0,7884.39,0.0,23653.17
T100345,2025-01-09,P0026,C00125,North,4.0,13905.57,0.0,55622.28
T100814,2025-03-27,P0025,C00221,West,4.0,9148.51,0.0,36594.04
T106166,02/28/2025,P0013,C00093,North,2.0,9164.46,0.0,18328.92
T105779,2023-07-23,P0012,C00116,Central,2.0,14484.04,0.15,24622.87
T102116,2024-11-29,P0039,C00110,East,8.0,14579.92,0.0,116639.36
T100793,2023-03-14,P0036,C00163,,5.0,4229.62,0.05,20090.69
T106898,2024-03-29,P0007,C00115,East,3.0,14423.4,0.0,43270.2
T102674,07/24/2025,P0035,C00125,North,1.0,8930.77,0.0,8930.77
T100094,08/31/2024,P0028,C00065, East,4.0,13737.15,0.0,54948.6
T104225,07/19/2023,P0005,C00223,Central,3.0,8621.09,0.0,25863.27
T103756,01/03/2024,P0011,C00158,East,1.0,8863.25,0.15,7533.76
T102891,07/10/2024,P0020,C00213,South,4.0,4508.3,0.0,18033.2
T102371,09/02/2025,P0034,C00104,South,1.0,10038.95,0.0,10038.95
T108561,03-Jan-2023,P0013,C00222,Central,1.0,9164.46,0.0,9164.46
T103228,09-Dec-2024,P0019,C00142,Central,5.0,6013.99,0.0,30069.95
T107863,14/02/2024,P0003,C00084,North,4.0,10949.99,0.0,43799.96
T106359,2025-07-07,P0024,C00074,East,2.0,11884.11,0.0,23768.22
T108377,2023-03-23,P0031,C00240,South,3.0,1566.84,0.0,4700.52
T107326,02/08/2025,P0027,C00188,North,3.0,9818.49,0.0,29455.47
T106028,06/22/2024,P0025,C00190,North,3.0,9148.51,0.0,27445.53
T101865,09-Mar-2025,P0023,C00014,Central,6.0,10713.43,0.0,64280.58
T104612,08/08/2023,P0013,C00192,Central,2.0,9164.46,0.0,18328.92
T102645,10/24/2024,P0020,C00223,Central,6.0,4508.3,0.0,27049.8
T102243,09/07/2023,P0018,C00167,East,5.0,6437.51,0.0,32187.55
T105373,12-Mar-2025,P0022,C00088,South,2.0,3102.81,0.0,6205.62
T102336,23/01/2025,P0004,C00230,East,3.0,4999.13,0.0,14997.39
T100950,2023-01-25,P0021,C00056,South,1.0,359.09,0.0,359.09
T101120,20-Dec-2024,P0003,C00125,North,10.0,10949.99,0.0,109499.9
T102204,2025-07-11,P0002,C00160,South,2.0,13910.88,0.0,27821.76
T100419,14/06/2025,P0013,C00131,West,7.0,9164.46,0.05,60943.66
T100922,30-May-2025,P0035,C00119,South,4.0,8930.77,0.0,35723.08
T105408,08-Mar-2025,P0033,C00209,East,3.0,10082.29,0.0,30246.87
T105788,10/22/2023,P0005,C00032,North,4.0,8621.09,0.05,32760.14
T105742,27/09/2023,P0016,C00183,South,4.0,2604.21,0.05,9896.0
T107667,05-May-2023,P0032,C00055,South,3.0,5656.65,0.1,15272.95
T105567,03/25/2024,P0032,C00173,Central,2.0,5656.65,0.0,11313.3
T108135,30/09/2023,P0001,C00240,South,4.0,6017.98,0.1,21664.73
T101202,23/12/2023,P0024,C00148,North,4.0,11884.11,0.0,47536.44
T105765,11/01/2023,P0015,C00160,South,2.0,4549.66,0.0,9099.32
T101970,08/01/2025,P0035,C00205,North,4.0,8930.77,0.0,35723.08
T104018,17-May-2024,P0032,C00069,Central,3.0,5656.65,0.0,16969.95
T103687,07-Sep-2024,P0026,C00208,Central,4.0,13905.57,0.0,55622.28
T101997,16/07/2025,P0026,C00029,East,4.0,13905.57,0.0,55622.28
T104033,24-Oct-2025,P0009,C00160,South,5.0,11247.7,0.0,56238.5
T101248,05/09/2023,P0018,C00108,West,5.0,6437.51,0.0,32187.55
T102192,09-Sep-2023,P0034,C00107,East,4.0,10038.95,0.0,40155.8
T102712,2023-07-30,P0030,C00183,South,1.0,6824.34,0.0,6824.34
T102190,30-Nov-2024,P0026,C00021,Central,8.0,13905.57,0.0,111244.56
T104670,10/06/2025,P0033,C00093,North,5.0,10082.29,0.0,50411.45
T105142,09/19/2023,P0020,C00157,Central,6.0,4508.3,0.15,22992.33
T105984,2024-04-05,P0027,C00056,South,3.0,9818.49,0.0,29455.47
T106565,17-Dec-2024,P0033,C00029,East,13.0,10082.29,0.15,111409.3
T107804,06-May-2024,P0033,C00055,South,2.0,10082.29,0.0,20164.58
T106943,2025-06-10,P0021,C00185,Central,6.0,359.09,10.0,1939.09
T102136,12/14/2024,P0027,C00121,East,3.0,9818.49,0.1,26509.92
T101065,01-Feb-2024,P0030,C00053,,2.0,6824.34,0.0,13648.68
T100600,08/15/2023,P0037,C00231,north,,8484.46,0.2,27150.27
T104227,10/10/2025,P0033,C00115,East,12.0,10082.29,0.0,120987.48
T107577,12/03/2024,P0025,C00100,East,13.0,9148.51,0.0,118930.63
T100077,2023-10-14,P0028,C00172,Central,8.0,13737.15,,109897.2
T107546,08/08/2024,P0025,C00061,West,6.0,9148.51,0.2,43912.85
T102898,18/04/2025,P0012,C00073,South,2.0,14484.04,0.0,28968.08
T104820,2025-11-01,P0038,C00119,South,5.0,5836.46,0.0,29182.3
T108479,10/14/2025,P0019,C00187,North,6.0,6013.99,0.0,36083.94
T106413,09/16/2023,P0040,C00237,Central,6.0,12756.37,0.0,76538.22
T108007,01/14/2024,P0015,C00171,East,3.0,4549.66,0.0,13648.98
T105468,2023-12-20,P0020,C00080,North,3.0,4508.3,0.0,13524.9
T105951,2024-04-03,P0025,C00160,South,4.0,9148.51,0.15,31104.93
T103391,14/08/2023,P0024,C00105,West,2.0,11884.11,0.0,23768.22
T105415,05/10/2024,P0003,C00123,North,3.0,10949.99,0.0,32849.97
T102560,07/13/2023,P0023,C00196,East,,10713.43,0.0,10713.43
T108162,16/11/2025,P0026,C00196,East,5.0,13905.57,0.0,69527.85
T102635,25/07/2023,P0027,C00222,Central,2.0,9818.49,0.0,19636.98
T105256,12/03/2024,P0002,C00197,South,1.0,13910.88,0.0,13910.88
T103530,29-Jun-2023,P0023,C00081,West,4.0,10713.43,0.0,"₹42,853.72"
T101908,06/23/2024,P0028,C00074,East,4.0,13737.15,0.05,52201.17
T100235,06-Jun-2025,P0003,C00247,North,7.0,10949.99,0.0,76649.93
T101604,21/01/2023,P0040,C00088,South,4.0,12756.37,0.0,51025.48
T107984,08/29/2024,P0038,C00038,West,6.0,5836.46,0.0,35018.76
T103490,09/05/2025,P0003,C00165,West,3.0,10949.99,0.0,32849.97
T101994,2023-02-19,P0011,C00112,South,5.0,8863.25,0.1,39884.62
T102824,10/09/2023,P0004,C00029,East,7.0,4999.13,0.0,34993.91
T108462,10/22/2024,P0028,C00045,West,1.0,13737.15,0.0,13737.15
T101342,01/08/2023,P0038,C00129,Central,5.0,5836.46,0.0,29182.3
T101619,02-Mar-2023,P0040,C00121,East,7.0,12756.37,0.0,89294.59
T105287,22-May-2025,P0023,C00034,East,2.0,10713.43,0.0,21426.86
T102060,06/30/2025,P0008,C00108,West,3.0,499.0,0.0,1497.0
T101224,28/11/2025,P0039,C00065, East,7.0,14579.92,0.15,"₹86,750.52"
T102219,2025-10-30,P0039,C00092,SOUTH ,10.0,14579.92,0.2,116639.36
T106038,07/11/2024,P0026,C00026,North,6.0,13905.57,0.1,75090.08
T100260,11-Mar-2024,P0006,C00246,South,4.0,7884.39,0.15,26806.93
T108538,13/02/2023,P0039,C00133,East,,14579.92,0.0,43739.76
T103744,04-Oct-2025,P0036,C00155,West,6.0,4229.62,0.2,20302.18
T102026,04/30/2024,P0014,C00012,East,4.0,500.0,0.0,2000.0
T106988,05/05/2025,P0021,C00123,North,9.0,359.09,0.0,3231.81
T104234,27-Aug-2024,P0023,C00128,South,6.0,10713.43,0.0,64280.58
T101917,2025-06-06,P0015,C00037,South,4.0,4549.66,0.0,18198.64
T101828,16/09/2025,P0038,C00189,North,2.0,5836.46,0.0,11672.92
T106233,25/04/2024,P0039,C00145,North,5.0,14579.92,0.05,69254.62
T108507,05/09/2025,P0024,C00018,Central,8.0,11884.11,0.0,95072.88
T106283,31-Oct-2025,P0003,C00115,East,3.0,10949.99,0.0,32849.97
T104208,05/08/2025,P0040,C00009,Central,2.0,12756.37,0.1,22961.47
T100224,30-Sep-2023,P0031,C00083,South,3.0,1566.84,0.0,4700.52
T106469,2025-03-20,P0038,C00202,,4.0,5836.46,0.1,21011.26
T108584,27-Jun-2023,P0012,C00216,South,3.0,14484.04,0.2,34761.7
T100846,06/03/2024,P0017,C00116,Central,2.0,382.2,0.0,764.4
T104289,17/08/2025,P0006,C00121,East,11.0,7884.39,0.0,86728.29
T105560,18-May-2023,P0023,C00115,East,3.0,10713.43,0.05,30533.28
T102551,2024-05-04,P0036,C00016,West,1.0,4229.62,0.0,4229.62
T100117,11/10/2024,P0025,C00230,East,1.0,9148.51,0.0,9148.51
T105966,03/14/2025,P0015,C00149,North,3.0,4549.66,0.0,13648.98
T108195,19/06/2025,P0024,C00126,West,2.0,11884.11,0.0,"₹23,768.22"
T107489,01/08/2025,P0026,C00071, East,6.0,13905.57,0.0,83433.42
T100005,10-Mar-2025,P0008,C00080,North,3.0,499.0,0.1,1347.3
T105342,13-Aug-2025,P0018,C00013,Central,1.0,6437.51,0.05,"₹6,115.63"
T104324,06/30/2024,P0035,C00012,East,4.0,8930.77,0.1,32150.77
T101063,07/29/2023,P0039,C00095,Central,5.0,14579.92,0.0,72899.6
T102590,2025-08-19,P0036,C00011,East,4.0,4229.62,0.0,16918.48
T103735,2023-03-09,P0015,C00079,South,6.0,4549.66,0.0,27297.96
T103517,01-Mar-2025,P0021,C00072,West,2.0,359.09,,718.18
T106986,25-Jan-2024,P0031,C00006,east,2.0,1566.84,,2977.0
T106767,20/02/2024,P0003,C00077,South,5.0,10949.99,0.0,"₹54,749.95"
T105622,28/06/2024,P0003,C00172,Central,4.0,10949.99,0.0,43799.96
T101605,30-Aug-2023,P0007,C00216,South,3.0,14423.4,0.0,43270.2
T101733,19/05/2023,P0019,C00016,West,5.0,6013.99,0.0,30069.95
T108516,10-Jan-2024,P0038,C00047,Central,4.0,5836.46,0.0,23345.84
T103812,16/06/2025,P0040,C00140,West,7.0,12756.37,0.0,89294.59
T108772,10/04/2024,P0013,C00127,SOUTH ,7.0,9164.46,,64151.22
T101761,19-Nov-2023,P0010,C00145,North,6.0,8164.43,0.0,48986.58
T105401,2023-07-11,P0012,C00220,,6.0,14484.04,,86904.24
T102739,2023-09-24,P0011,C00165,West,2.0,8863.25,0.1,15953.85
T102472,31/10/2023,P0011,C00055,South,4.0,8863.25,0.0,35453.0
T106738,26/04/2024,P0026,C00094,SOUTH ,3.0,13905.57,0.1,37545.04
T106891,2023-05-18,P0025,C00052,East,4.0,,0.0,36594.04
T107943,03-Aug-2024,P0035,C00193,,3.0,8930.77,0.0,"₹26,792.31"
T104206,2024-10-17,P0030,C00146,Central,14.0,6824.34,0.15,81209.65
T106371,08-Dec-2023,P0032,C00088,South,3.0,5656.65,0.0,16969.95
T100232,02/18/2024,P0023,C00037,South,2.0,10713.43,0.0,21426.86
T108258,2023-06-30,P0014,C00155,West,5.0,500.0,0.0,2500.0
T107561,06/10/2024,P0009,C00071, East,5.0,11247.7,0.0,56238.5
T106168,09/06/2025,P0010,C00120,West,3.0,8164.43,0.05,23268.63
T103596,13/04/2024,P0006,C00217,North,4.0,7884.39,0.0,31537.56
T106288,2025-11-08,P0029,C00165,West,11.0,12773.07,0.0,140503.77
T104632,29-Mar-2025,P0001,C00002,West,6.0,6017.98,0.0,36107.88
T100125,22/06/2023,P0002,C00074,East,7.0,13910.88,0.05,"₹92,507.35"
T107641,05-Aug-2024,P0006,C00088,South,1.0,7884.39,0.0,7884.39
T106229,11-Jun-2024,P0003,C00178,West,3.0,10949.99,0.0,32849.97
T101296,07/06/2024,P0028,C00048,South,2.0,13737.15,0.0,27474.3
T101976,04/09/2024,P0032,C00050,East,2.0,5656.65,0.0,11313.3
T108641,17-Oct-2023,P0016,C00051,East,8.0,2604.21,0.0,20833.68
T105750,2025-06-28,P0004,C00224,Central,4.0,4999.13,0.2,15997.22
T108152,16/05/2024,P0007,C00216,South,2.0,14423.4,0.0,28846.8
T103086,25/07/2024,P0010,C00179,North,3.0,8164.43,0.0,24493.29
T108453,15/03/2023,P0019,C00212,South,5.0,6013.99,0.15,25559.46
T106882,04/30/2024,P0002,C00246,South,6.0,13910.88,0.0,83465.28
T108482,10/12/2023,P0025,C00246,South,4.0,9148.51,0.1,32934.64
T107673,05/01/2023,P0023,C00126,West,3.0,10713.43,0.0,32140.29
T103345,2024-04-29,P0024,C00181,South,3.0,11884.11,0.0,35652.33
T108172,2024-08-02,P0020,C00024,South,8.0,4508.3,0.0,36066.4
T108592,2023-10-27,P0002,C00192,Central,2.0,13910.88,0.0,"₹27,821.76"
T105870,2025-12-03,P0011,C00067,,1.0,8863.25,0.0,8863.25
T106506,18/05/2023,P0022,C00056,South,4.0,3102.81,0.1,11170.12
T102797,2024-05-16,P0039,C00182,North,4.0,14579.92,0.0,58319.68
T100918,2024-05-25,P0039,C00007,Central,2.0,14579.92,0.1,26243.86
T101646,2025-04-04,P0025,C00182,North,4.0,9148.51,0.1,32934.64
T105122,11-Nov-2023,P0031,C00243,West,8.0,1566.84,0.1,11281.25
T105126,19/05/2025,P0017,C00113,East,4.0,382.2,0.0,1528.8
T104621,2024-11-22,P0027,C00139,South,12.0,9818.49,0.0,117821.88
T106809,24-Jun-2023,P0014,C00115,East,4.0,500.0,0.0,2000.0
T100364,17-May-2023,P0033,C00106,West,4.0,10082.29,0.0,40329.16
T102125,01/13/2023,P0006,C00209,East,3.0,7884.39,0.0,23653.17
T108150,2024-04-10,P0009,C00008,South,7.0,11247.7,0.0,78733.9
T100055,27/04/2024,P0015,C00142,Central,3.0,4549.66,0.1,12284.08
T100638,2024-02-02,P0018,C00059,North,2.0,6437.51,0.0,12875.02
T100302,10/11/2025,P0003,C00018,Central,1.0,10949.99,0.0,10949.99
T105811,06-Oct-2025,P0013,C00066,West,8.0,9164.46,,69649.9
T101276,04-Aug-2025,P0018,C00222,Central,6.0,6437.51,0.0,38625.06
T104432,02/16/2023,P0024,C00131,West,4.0,11884.11,0.15,40405.97
T103644,2023-12-09,P0038,C00105,West,3.0,5836.46,0.0,17509.38
T104143,03-Jun-2023,P0027,C00024,South,3.0,9818.49,0.1,"₹26,509.92"
T102878,2023-01-29,P0027,C00148,North,2.0,9818.49,0.05,18655.13
T106493,30-Oct-2023,P0016,C00250,north,2.0,2604.21,0.0,5208.42
T105240,03-Jun-2024,P0034,C00215,East,3.0,10038.95,0.0,30116.85
T108579,07/01/2025,P0003,C00127,SOUTH ,1.0,10949.99,0.05,10402.49
T106937,06/09/2023,P0027,C00177,South,5.0,9818.49,0.2,39273.96
T107240,17-Oct-2024,P0038,C00113,East,6.0,5836.46,0.0,35018.76
T102593,30-Jan-2023,P0007,C00246,South,1.0,14423.4,0.0,14423.4
T102393,24/10/2024,P0021,C00053,West,7.0,359.09,0.0,2513.63
T100523,08/08/2023,P0006,C00005,East,2.0,7884.39,0.0,15768.78
T106376,2023-09-11,P0037,C00248,North,2.0,8484.46,0.0,16968.92
T106981,2025-01-08,P0034,C00217,North,9.0,10038.95,0.0,90350.55
T106677,31/05/2023,P0032,C00211,West,5.0,5656.65,0.2,22626.6
T103900,23/09/2024,P0003,C00195,East,3.0,10949.99,0.0,"₹32,849.97"
T108782,04/07/2023,P0002,C00004,East,4.0,13910.88,0.0,55643.52
T105585,18-Oct-2023,P0040,C00214,Central,1.0,12756.37,0.15,10842.91
T108534,2025-11-25,P0017,C00198,West,9.0,382.2,0.0,3439.8
T107956,02/07/2024,P0019,C00021,Central,1.0,6013.99,0.0,6013.99
T107570,08/17/2025,P0011,C00038,West,1.0,8863.25,0.05,8420.09
T106777,30/12/2025,P0007,C00089,East,14.0,14423.4,0.1,181734.84
T100671,26-Apr-2024,P0025,C00058,East,5.0,9148.51,0.0,45742.55
T104188,01/10/2023,P0011,C00208,,4.0,8863.25,0.0,35453.0
T100666,08-May-2024,P0008,C00207,Central,6.0,499.0,0.15,2544.9
T103266,19/10/2024,P0002,C00163,,6.0,13910.88,0.0,83465.28
T101887,04/24/2023,P0006,C00085,Central,2.0,7884.39,0.0,15768.78
T107687,05/12/2025,P0023,C00204,Central,3.0,10713.43,0.0,32140.29
T106031,03/02/2023,P0013,C00167,East,1.0,9164.46,0.0,9164.46
T106090,19/01/2024,P0038,C00073,South,3.0,5836.46,0.0,17509.38
T106238,10/11/2025,P0037,C00052,East,9.0,8484.46,0.0,76360.14
T107350,01/17/2024,P0040,C00199,Central,1.0,12756.37,0.0,12756.37
T107830,19-Dec-2024,P0008,C00157,Central,6.0,499.0,0.1,2694.6
T100760,29-Apr-2024,P0011,C00165,West,1.0,8863.25,0.1,"₹7,976.92"
T106254,04/05/2024,P0039,C00076,Central,,14579.92,0.0,"₹43,739.76"
T101906,09/20/2025,P0012,C00245,Central,1.0,14484.04,0.0,14484.04
T103818,07/13/2024,P0013,C00163,,6.0,9164.46,0.15,46738.75
T106269,04/01/2025,P0032,C00184,East,2.0,5656.65,0.0,11313.3
T104300,2023-04-25,P0015,C00119,South,10.0,4549.66,0.0,45496.6
T105569,2023-08-27,P0022,C00115,East,3.0,3102.81,0.05,8843.01
T107941,2024-02-05,P0021,C00065, East,1.0,359.09,0.0,359.09
T104164,2023-03-07,P0009,C00192,Central,2.0,11247.7,0.0,22495.4
T105971,26-Jul-2025,P0018,C00043,West,4.0,6437.51,0.0,25750.04
T103579,07/16/2023,P0026,C00011,East,3.0,13905.57,0.0,41716.71
T102832,2024-08-20,P0002,C00157,Central,4.0,13910.88,0.0,55643.52
T105449,21-Mar-2024,P0002,C00183,South,2.0,13910.88,0.0,27821.76
T103472,26-Jun-2023,P0007,C00163,,8.0,14423.4,0.15,98079.12
T106327,05/09/2024,P0037,C00189,North,4.0,8484.46,0.0,33937.84
T100137,05/24/2024,P0021,C00176,East,3.0,359.09,0.1,969.54
T107043,07/10/2024,P0032,C00066,West,10.0,5656.65,0.15,48081.52
T104892,2025-11-30,P0004,C00080,North,9.0,4999.13,0.0,44992.17
T102180,29/10/2024,P0005,C00147,North,1.0,8621.09,0.0,8621.09
T107730,16-Jun-2025,P0023,C00085,Central,3.0,10713.43,0.0,32140.29
T103177,10/24/2024,P0009,C00126,West,1.0,11247.7,0.0,11247.7
T104854,07-Oct-2023,P0015,C00092,SOUTH ,2.0,4549.66,0.0,9099.32
T104637,04-Apr-2025,P0001,C00225,SOUTH ,12.0,6017.98,0.0,72215.76
T105115,07/06/2023,P0016,C00077,South,5.0,2604.21,0.15,11067.89
T107648,11/03/2023,P0007,C00004,East,3.0,14423.4,0.0,43270.2
T104261,20/06/2024,P0036,C00235,East,4.0,4229.62,0.15,14380.71
T101331,02/24/2024,P0003,C00220,,7.0,10949.99,0.0,76649.93
T107002,24/02/2025,P0036,C00205,North,5.0,4229.62,0.0,21148.1
T106941,2024-06-12,P0003,C00247,North,5.0,10949.99,0.0,54749.95
T108017,01/03/2023,P0022,C00248,North,1.0,3102.81,0.0,3102.81
T106241,22-Jul-2023,P0033,C00199,Central,2.0,10082.29,0.0,20164.58
T103214,16/09/2024,P0017,C00162,,4.0,382.2,0.0,1528.8
T106881,2023-09-15,P0032,C00145,North,2.0,5656.65,,11313.3
T104530,07/09/2025,P0025,C00188,North,4.0,9148.51,0.0,36594.04
T104673,02-Aug-2023,P0030,C00198,West,7.0,6824.34,0.1,42993.34
T106996,13/05/2025,P0026,C00128,South,6.0,13905.57,0.0,83433.42
T101252,06-Sep-2025,P0010,C00094,SOUTH ,1.0,8164.43,0.0,8164.43
T103374,01/08/2024,P0003,C00071, East,7.0,10949.99,0.0,76649.93
T102814,31-Oct-2023,P0036,C00244,South,8.0,4229.62,0.2,27069.57
T104719,16/08/2023,P0031,C00177,South,4.0,1566.84,0.05,5953.99
T106544,20-Mar-2024,P0022,C00242,East,10.0,3102.81,0.15,26373.88
T104858,10/04/2023,P0040,C00030,North,4.0,12756.37,0.0,51025.48
T107901,05/01/2024,P0037,C00219,West,3.0,8484.46,0.05,24180.71
T108427,05-Oct-2025,P0011,C00237,Central,3.0,8863.25,,22601.29
T101077,2023-11-22,P0018,C00070,West,9.0,6437.51,0.2,46350.07
T104363,05/20/2024,P0033,C00146,Central,3.0,10082.29,0.0,30246.87
T100770,28-Jun-2025,P0040,C00053,West,4.0,12756.37,0.0,51025.48
T100249,22-Jul-2023,P0030,C00134,East,5.0,6824.34,0.0,34121.7
T107239,2023-03-29,P0021,C00101,East,5.0,359.09,0.0,1795.45
T103419,02/03/2024,P0023,C00051,East,3.0,10713.43,0.15,27319.25
T104976,08/05/2023,P0015,C00027,,3.0,4549.66,0.0,13648.98
T104544,2023-11-19,P0028,C00088,South,6.0,13737.15,0.0,82422.9
T105565,01-Jul-2025,P0040,C00155,West,7.0,12756.37,0.05,84829.86
T107939,28/05/2024,P0018,C00100,East,3.0,6437.51,0.0,19312.53
T100716,09/24/2025,P0015,C00209,East,4.0,4549.66,0.05,17288.71
T108798,2023-03-19,P0018,C00036,,2.0,6437.51,0.0,12875.02
T102048,09/02/2023,P0002,C00016,,1.0,13910.88,0.0,13910.88
T105997,2023-09-14,P0008,C00220,,4.0,499.0,0.0,1996.0
T106600,2025-09-01,P0018,C00064,North,7.0,6437.51,0.0,45062.57
T107245,29-Nov-2024,P0016,C00174,Central,3.0,2604.21,0.0,7812.63
T104178,29-Jul-2023,P0023,C00048,South,2.0,10713.43,0.0,"₹21,426.86"
T104809,31-Aug-2023,P0026,C00089,East,9.0,13905.57,0.2,100120.1
T108643,2024-09-20,P0021,C00095,Central,2.0,359.09,0.05,682.27
T107140,26/12/2024,P0018,C00020,North,5.0,6437.51,0.0,32187.55
T107190,25/03/2025,P0013,C00065, East,1.0,9164.46,0.15,7789.79
T101460,2023-11-18,P0006,C00226,West,9.0,7884.39,0.1,63863.56
T105989,12/07/2025,P0004,C00051,East,7.0,4999.13,0.0,34993.91
T102000,29-Apr-2024,P0021,C00141,South,6.0,359.09,0.0,2154.54
T108175,2024-05-27,P0015,C00114,South,2.0,4549.66,0.0,9099.32
T100404,06/24/2025,P0034,C00085,Central,,10038.95,0.0,30116.85
T100384,12-Jan-2025,P0036,C00214,Central,1.0,4229.62,0.0,4229.62
T108648,09/27/2024,P0016,C00238,West,2.0,2604.21,0.1,4687.58
T101633,07/10/2025,P0036,C00017, East,6.0,4229.62,0.1,22839.95
T108711,17-Mar-2023,P0012,C00205,North  ,4.0,14484.04,0.0,57936.16
T104784,07/12/2025,P0032,C00112,South,1.0,5656.65,0.2,4525.32
T108619,03-Oct-2024,P0037,C00022,North,3.0,8484.46,0.0,25453.38
T106970,23-Dec-2024,P0003,C00227,Central,10.0,10949.99,0.0,109499.9
T103925,25/11/2023,P0018,C00178,,8.0,6437.51,0.0,51500.08
T104158,01/07/2024,P0017,C00213,South,3.0,382.2,0.0,1146.6
T107449,2025-02-01,P0011,C00097,West,6.0,8863.25,0.05,50520.52
T108415,2024-06-14,P0002,C00223,Central,2.0,13910.88,0.15,23648.5
T102193,06-Mar-2025,P0015,C00105,West,2.0,4549.66,0.1,8189.39
T101015,17/09/2025,P0004,C00019,Central,11.0,4999.13,0.0,54990.43
T105124,16-Aug-2023,P0040,C00234, East,,12756.37,0.0,63781.85
T107418,27/01/2023,P0021,C00227,Central,2.0,359.09,0.1,646.36
T107409,21-Oct-2024,P0021,C00103,West,3.0,359.09,0.0,1077.27
T102871,2025-12-12,P0039,C00057,East,13.0,14579.92,0.0,189538.96
T100009,07-Jan-2025,P0017,C00031,South,2.0,382.2,0.0,764.4
T101838,04/17/2025,P0032,C00162,north,6.0,5656.65,0.0,33939.9
T104804,04-Jun-2024,P0035,C00120,West,5.0,8930.77,0.0,44653.85
T100255,05/09/2025,P0037,C00154,West,3.0,8484.46,0.0,25453.38
T107026,06/16/2023,P0022,C00181,South,6.0,3102.81,,18616.86
T105713,27/09/2025,P0020,C00011,East,4.0,4508.3,0.0,18033.2
T103324,21-Jun-2024,P0034,C00086,West,5.0,10038.95,0.0,50194.75
T107714,11/09/2024,P0003,C00093,North,1.0,10949.99,0.1,9854.99
T101581,2024-11-10,P0020,C00217,North,5.0,4508.3,0.05,21414.42
T100924,04/19/2025,P0028,C00151,East,3.0,13737.15,0.05,39150.88
T102779,01/09/2023,P0009,C00159,North,,11247.7,0.0,"₹56,238.50"
T107891,2025-05-19,P0033,C00250,north,2.0,10082.29,0.0,20164.58
T106132,08/08/2024,P0019,C00153,Central,1.0,6013.99,0.0,6013.99
T105320,08/16/2024,P0023,C00117,West,1.0,10713.43,0.0,10713.43
T107312,04/05/2024,P0006,C00193,East,3.0,7884.39,0.0,23653.17
T107102,04-Sep-2023,P0028,C00242,East,4.0,13737.15,0.0,54948.6
T106042,17/04/2024,P0038,C00141,South,2.0,5836.46,0.05,11089.27
T103775,04-Jan-2023,P0017,C00098,East,7.0,382.2,0.1,2407.86
T104835,2025-12-06,P0005,C00024,South,1.0,8621.09,0.15,7327.93
T104964,04/04/2025,P0021,C00110,East,7.0,359.09,0.0,2513.63
T100539,2025-10-09,P0009,C00162,north,6.0,11247.7,0.0,67486.2
T107483,2024-10-29,P0011,C00114,South,15.0,8863.25,0.0,132948.75
T102745,2024-08-23,P0003,C00177,South,3.0,10949.99,0.0,32849.97
T103719,30/07/2024,P0029,C00133,East,2.0,12773.07,0.15,21714.22
T106819,04-Mar-2025,P0031,C00148,North,4.0,1566.84,0.0,6267.36
T104468,2025-04-04,P0037,C00243,West,3.0,8484.46,0.15,21635.37
T100667,22/10/2024,P0022,C00008,South,7.0,3102.81,0.0,21719.67
T107575,12/13/2025,P0018,C00109,North,13.0,6437.51,0.2,66950.1
T108549,2025-06-28,P0022,C00040,North,4.0,3102.81,0.05,11790.68
T105063,07/01/2025,P0007,C00050,East,6.0,14423.4,0.15,73559.34
T101353,04-Jun-2024,P0014,C00092,SOUTH ,3.0,500.0,0.0,1500.0
T107114,13/11/2024,P0023,C00064,North,3.0,10713.43,0.0,32140.29
T108910,13/09/2025,P0038,C00159,North,7.0,5836.46,0.0,40855.22
T102703,2025-09-13,P0031,C00077,South,7.0,1566.84,0.15,9322.7
T103330,18/06/2024,P0032,C00019,Central,3.0,5656.65,0.0,16969.95
T108053,01/08/2025,P0031,C00053,West,2.0,1566.84,0.0,3133.68
T103584,15/05/2025,P0017,C00132,Central,6.0,382.2,0.1,2063.88
T108608,12-Sep-2023,P0030,C00025,,1.0,6824.34,0.1,6141.91
T105645,2025-04-29,P0013,C00216,South,3.0,9164.46,0.1,24744.04
T103376,2024-06-29,P0017,C00092,SOUTH ,3.0,382.2,0.0,1146.6
T101256,06/11/2025,P0014,C00108,West,9.0,500.0,0.0,4500.0
T106190,06-Jan-2025,P0014,C00177,South,7.0,500.0,0.0,3500.0
T105348,17-Nov-2023,P0014,C00147,North,3.0,500.0,0.2,1200.0
T104175,18/08/2024,P0032,C00136,South,2.0,5656.65,0.15,9616.3
T104910,02/08/2025,P0034,C00045,West,3.0,10038.95,0.0,30116.85
T101852,2025-06-20,P0008,C00205,North,6.0,499.0,0.0,2994.0
T106316,12/05/2023,P0032,C00139,,4.0,5656.65,0.05,21495.27
T108985,25-May-2025,P0024,C00176,East,9.0,11884.11,0.0,106956.99
T102105,03-Oct-2023,P0007,C00248,North,5.0,14423.4,0.15,61299.45
T100133,03-Dec-2024,P0025,C00141,South,10.0,9148.51,0.0,91485.1
T105029,10/26/2024,P0017,C00184,East,7.0,382.2,0.0,2675.4
T100928,11/02/2025,P0032,C00124,West,3.0,5656.65,0.0,848497.5
T100823,18-Mar-2024,P0039,C00227,Central,4.0,14579.92,0.0,58319.68
T107576,23/09/2024,P0025,C00076,Central,4.0,9148.51,0.0,36594.04
T101531,12-Jan-2024,P0035,C00062,South,6.0,8930.77,0.1,48226.16
T101214,09/02/2023,P0001,C00231,north,4.0,6017.98,0.05,22868.32
T100504,13-Jun-2023,P0038,C00103,West,4.0,5836.46,0.0,23345.84
T106530,21-Nov-2023,P0027,C00074,East,11.0,9818.49,0.0,108003.39
T103072,28-Oct-2025,P0005,C00007,Central,6.0,8621.09,0.0,51726.54
T106619,01/28/2025,P0022,C00002,West,5.0,3102.81,0.05,14738.35
T103709,2025-04-24,P0004,C00239,East,4.0,4999.13,,19996.52
T104849,26/04/2023,P0015,C00162,north,6.0,4549.66,0.0,27297.96
T104748,16/05/2024,P0029,C00167,East,4.0,12773.07,,48537.67
T104268,2024-09-28,P0018,C00105,West,5.0,6437.51,0.0,32187.55
T107421,16-Nov-2024,P0030,C00202,,3.0,6824.34,0.0,20473.02
T104186,2023-08-18,P0002,C00203,West,3.0,13910.88,0.0,41732.64
T105301,2024-07-04,P0021,C00005,East,2.0,359.09,0.0,718.18
T102923,2025-12-27,P0033,C00118,Central,7.0,10082.29,0.0,70576.03
T106588,21/07/2023,P0036,C00030,North,8.0,4229.62,0.0,33836.96
T101810,2024-10-11,P0030,C00209,East,10.0,6824.34,0.0,68243.4
T103486,2024-04-08,P0023,C00207,Central,6.0,,0.0,64280.58
T107419,18-Nov-2025,P0033,C00076,Central,7.0,10082.29,0.1,63518.43
T103141,2025-08-04,P0036,C00008,South,12.0,4229.62,0.2,40604.35
T101324,2024-11-10,P0033,C00142,Central,10.0,10082.29,0.0,100822.9
T104312,18-Feb-2023,P0008,C00071, East,5.0,499.0,0.0,2495.0
T107494,04/11/2024,P0027,C00053,West,3.0,9818.49,0.15,25037.15
T108664,2023-11-12,P0021,C00119,South,4.0,359.09,0.0,1436.36
T105541,2024-10-29,P0008,C00150,East,10.0,499.0,0.0,4990.0
T106172,24-Sep-2025,P0004,C00182,North,6.0,4999.13,0.1,26995.3
T101540,20/10/2025,P0034,C00035,Central,10.0,10038.95,0.0,100389.5
T102681,2023-03-13,P0004,C00113,East,4.0,4999.13,0.0,19996.52
T105017,2024-10-18,P0023,C00002,West,9.0,10713.43,0.0,96420.87
T106313,11/19/2024,P0002,C00068,north,7.0,13910.88,0.05,92507.35
T101191,2024-09-11,P0006,C00161,West,3.0,7884.39,0.0,23653.17
T105293,2025-08-23,P0007,C00165,West,3.0,14423.4,0.05,41106.69
T101542,03/10/2023,P0007,C00174,Central,5.0,14423.4,0.0,72117.0
T107056,2023-05-17,P0036,C00203,West,2.0,,0.0,8459.24
T102539,10/29/2025,P0039,C00240,South,8.0,14579.92,0.1,104975.42
T100953,2023-05-21,P0032,C00184,East,3.0,5656.65,0.0,16969.95
T107241,2025-10-28,P0035,C00150,East,5.0,,0.0,44653.85
T106731,07/03/2025,P0009,C00067,,1.0,11247.7,0.0,11247.7
T104846,12/11/2024,P0002,C00088,South,3.0,13910.88,0.0,41732.64
T106801,17/08/2024,P0023,C00108,West,1.0,10713.43,0.0,10713.43
T108010,2025-03-31,P0008,C00050,East,6.0,499.0,0.05,2844.3
T104330,12/23/2023,P0014,C00020,North,3.0,500.0,0.05,1425.0
T105334,11-Apr-2024,P0040,C00041,East,4.0,12756.37,0.0,51025.48
T107330,07/07/2024,P0017,C00016,West,2.0,382.2,0.15,649.74
T104729,19-Sep-2025,P0039,C00051,East,3.0,14579.92,0.05,41552.77
T106541,2025-12-18,P0009,C00206,North,9.0,11247.7,0.1,91106.37
T105305,2023-05-08,P0030,C00191,South,9.0,6824.34,0.05,58348.11
T105161,08/27/2024,P0008,C00113,East,11.0,,0.0,5489.0
T107860,2024-12-11,P0017,C00012,East,1.0,382.2,0.0,382.2
T102156,2025-06-01,P0033,C00122,West,4.0,10082.29,0.15,34279.79
T101062,11/02/2025,P0011,C00128,South,1.0,8863.25,0.0,8863.25
T101167,12/07/2024,P0027,C00024,South,6.0,9818.49,0.0,58910.94
T103636,27/06/2024,P0022,C00249,West,2.0,3102.81,0.0,6205.62
T107651,16-Mar-2025,P0020,C00051,East,2.0,4508.3,0.1,8114.94
T105588,2025-08-05,P0038,C00206,North,1.0,5836.46,0.0,5836.46
T107192,27/12/2024,P0001,C00138,Central,3.0,6017.98,0.0,18053.94
T104491,04/16/2023,P0021,C00066,West,5.0,359.09,0.2,1436.36
T107266,23/03/2025,P0032,C00087,,,5656.65,0.05,32242.9
T104980,2023-02-22,P0019,C00183,South,1.0,6013.99,0.05,5713.29
T108335,2025-08-18,P0034,C00026,North,3.0,10038.95,,28611.01
T107425,08/08/2023,P0016,C00208,Central,3.0,2604.21,0.1,7031.37
T104946,2024-11-05,P0012,C00003,North,8.0,,0.0,115872.32
T102782,2023-08-05,P0029,C00117,West,3.0,12773.07,0.0,38319.21
T100717,18-Feb-2023,P0031,C00218,Central,2.0,1566.84,0.0,3133.68
T102502,27-Aug-2025,P0016,C00054,Central,4.0,2604.21,0.0,10416.84
T104360,06/24/2024,P0026,C00054,Central,6.0,13905.57,0.1,75090.08
T104171,2024-09-06,P0008,C00074,East,4.0,499.0,0.0,1996.0
T108082,01/31/2024,P0032,C00177,South,2.0,5656.65,0.0,11313.3
T108898,11/11/2025,P0027,C00151,East,11.0,9818.49,0.0,108003.39
T100395,25/12/2024,P0018,C00223,Central,8.0,6437.51,0.2,41200.06
T107186,06/13/2024,P0035,C00212,South,2.0,8930.77,0.0,17861.54
T108956,31-Jul-2024,P0040,C00018,Central,5.0,12756.37,0.15,54214.57
T104492,01-Jan-2025,P0029,C00059,North,1.0,12773.07,0.0,12773.07
T101365,03/05/2024,P0014,C00083,South,1.0,500.0,0.0,500.0
T108685,30-Dec-2025,P0009,C00232,West,11.0,,0.0,123724.7
T105917,12/05/2025,P0016,C00208,Central,5.0,2604.21,0.15,11067.89
T104968,04-Jan-2024,P0019,C00102,Central,4.0,6013.99,0.05,22853.16
T102914,28-Jun-2023,P0007,C00044,South,4.0,14423.4,0.0,57693.6
T105644,08/12/2025,P0021,C00199,Central,6.0,359.09,0.0,2154.54
T103766,2024-01-12,P0006,C00016,West,5.0,7884.39,0.15,33508.66
T103440,01/06/2023,P0002,C00008,South,1.0,13910.88,0.0,"₹13,910.88"
T107357,2023-01-27,P0003,C00047,Central,4.0,10949.99,0.0,43799.96
T106806,05/13/2023,P0023,C00095,Central,2.0,10713.43,0.0,21426.86
T102143,04-Nov-2023,P0040,C00074,East,6.0,12756.37,0.0,76538.22
T105104,08-Jun-2025,P0021,C00220,,7.0,359.09,0.0,2513.63
T105073,2023-08-24,P0027,C00058,East,2.0,9818.49,0.0,19636.98
T101571,05/14/2025,P0022,C00118,Central,3.0,3102.81,0.1,8377.59
T104079,16-Dec-2025,P0035,C00079,South,9.0,8930.77,,80376.93
T101122,08/01/2024,P0004,C00036,North,6.0,4999.13,0.0,"₹29,994.78"
T102786,01/26/2024,P0038,C00041,East,2.0,5836.46,0.0,11672.92
T102967,06/11/2023,P0023,C00135,North,8.0,10713.43,0.1,77136.7
T102504,07-Mar-2025,P0040,C00011,East,4.0,12756.37,0.05,48474.21
T105988,2024-07-22,P0008,C00229,East,8.0,499.0,0.0,3992.0
T107164,28/06/2023,P0006,C00016,West,6.0,7884.39,0.0,47306.34
T100728,2024-01-17,P0019,C00105,West,1.0,6013.99,0.0,6013.99
T107587,2024-02-09,P0018,C00103,West,1.0,6437.51,0.1,5793.76
T107543,13-Jan-2023,P0021,C00172,Central,1.0,359.09,0.15,305.23
T100412,20/11/2024,P0019,C00151,East,7.0,6013.99,0.0,42097.93
T105745,2023-03-15,P0039,C00185,Central,1.0,14579.92,0.0,14579.92
T107668,20-Jun-2024,P0018,C00112,South,5.0,6437.51,0.15,27359.42
T100825,2024-07-10,P0019,C00098,East,3.0,6013.99,0.0,18041.97
T103267,2025-07-07,P0022,C00053,West,3.0,3102.81,0.1,8377.59
T103974,2024-03-03,P0028,C00081,West,7.0,13737.15,0.0,96160.05
T108306,31-Oct-2023,P0006,C00080,North,12.0,7884.39,0.0,94612.68
T100417,07/18/2023,P0009,C00208,Central,2.0,11247.7,0.0,22495.4
T106748,2023-10-03,P0019,C00009,Central,5.0,6013.99,0.0,30069.95
T102082,30-Aug-2024,P0007,C00155,West,5.0,14423.4,0.05,68511.15
T103373,20/03/2023,P0017,C00015,South,5.0,382.2,0.0,1911.0
T105726,08-Oct-2023,P0019,C00087,,5.0,6013.99,0.1,27062.96
T104107,03-Oct-2024,P0039,C00029,East,14.0,14579.92,0.0,204118.88
T104380,09/17/2023,P0016,C00098,East,4.0,2604.21,0.05,9896.0
T107723,02/06/2025,P0033,C00135,North,2.0,10082.29,0.1,18148.12
T101066,01/31/2023,P0024,C00083,South,4.0,11884.11,0.0,47536.44
T103913,2024-01-08,P0017,C00118,Central,3.0,382.2,0.0,1146.6
T105536,2023-01-23,P0025,C00035,Central,4.0,9148.51,0.0,36594.04
T108002,2023-07-25,P0011,C00244,South,6.0,8863.25,0.0,53179.5
T105387,2023-10-26,P0025,C00026,North,5.0,9148.51,0.0,45742.55
T105732,04-Jun-2024,P0037,C00133,East,3.0,8484.46,0.0,25453.38
T102738,20/09/2023,P0014,C00243,west,1.0,500.0,0.0,500.0
T105052,30-May-2025,P0026,C00130,East,6.0,13905.57,0.0,83433.42
T104000,01-Jan-2023,P0035,C00030,North,2.0,8930.77,0.0,17861.54
T102427,2023-09-08,P0034,C00153,Central,1.0,10038.95,0.2,8031.16
T106833,14/02/2024,P0012,C00214,Central,4.0,14484.04,0.0,57936.16
T101687,26/11/2023,P0009,C00154,West,4.0,11247.7,0.0,"₹44,990.80"
T100851,28-Dec-2025,P0003,C00122,West,9.0,10949.99,0.1,88694.92
T106303,01/04/2024,P0022,C00100,East,2.0,3102.81,0.0,6205.62
T105878,08-Mar-2024,P0029,C00161,West,3.0,12773.07,0.0,38319.21
T108527,15/01/2025,P0009,C00122,West,1.0,11247.7,0.1,10122.93
T102839,09-Feb-2024,P0018,C00188,North,5.0,6437.51,0.1,28968.8
T104611,25/04/2023,P0022,C00174,Central,7.0,3102.81,0.0,21719.67
T102489,10/09/2023,P0011,C00104,South,3.0,8863.25,0.0,26589.75
T106905,21-May-2025,P0026,C00058,East,6.0,13905.57,0.0,83433.42
T107390,12-Mar-2025,P0003,C00033,North,6.0,10949.99,0.15,55844.95
T102849,13-Jan-2024,P0025,C00108,West,3.0,9148.51,0.2,21956.42
T106665,09-Dec-2024,P0040,C00238,West,1.0,12756.37,0.0,"₹12,756.37"
T105881,12/12/2024,P0037,C00175,East,5.0,8484.46,0.0,42422.3
T104452,16/12/2024,P0036,C00046,South,5.0,4229.62,0.0,21148.1
T107421,16-Nov-2024,P0030,C00202,,3.0,6824.34,0.0,20473.02
T106484,31/03/2024,P0004,C00114,South,7.0,4999.13,0.05,33244.21
T102479,2024-08-13,P0023,C00048,South,6.0,10713.43,0.0,64280.58
T106617,05/29/2025,P0034,C00022,North,4.0,10038.95,0.0,40155.8
T102141,14/07/2025,P0026,C00030,North,4.0,13905.57,0.0,55622.28
T105188,2023-08-17,P0005,C00076,Central,1.0,8621.09,0.0,8621.09
T102744,20/12/2024,P0033,C00044,South,6.0,10082.29,0.0,60493.74
T107253,09/19/2025,P0024,C00209,East,1.0,11884.11,0.0,11884.11
T103506,07/09/2024,P0035,C00181,South,2.0,8930.77,0.1,16075.39
T101679,2023-05-27,P0014,C00066,West,4.0,500.0,0.0,2000.0
T104249,08/25/2024,P0020,C00063,North,1.0,4508.3,0.0,4508.3
T103147,12/18/2025,P0019,C00189,North,5.0,6013.99,0.2,24055.96
T108130,01/16/2023,P0026,C00190,North,1.0,13905.57,0.0,13905.57
T107004,27/06/2025,P0040,C00188,North,4.0,12756.37,0.0,51025.48
T100580,11-Jun-2025,P0020,C00039,North,2.0,4508.3,,7664.11
T104070,17-Mar-2024,P0038,C00216,South,3.0,5836.46,0.0,17509.38
T103343,09/03/2024,P0002,C00214,Central,4.0,13910.88,0.0,55643.52
T107404,03-Feb-2024,P0014,C00135,North,,500.0,0.0,4000.0
T103672,03-Jul-2025,P0011,C00004,East,7.0,8863.25,0.0,62042.75
T100559,08/10/2024,P0035,C00085,Central,1.0,8930.77,0.0,8930.77
T105237,12/05/2025,P0029,C00190,North,1.0,12773.07,0.1,11495.76
T107805,03-Sep-2024,P0004,C00141,South,7.0,4999.13,0.0,34993.91
T100512,04/12/2024,P0036,C00061,West,5.0,,0.1,19033.29
T101081,01-Apr-2025,P0002,C00096,Central,11.0,13910.88,0.15,130066.73
T101664,09/29/2024,P0027,C00003,North,2.0,9818.49,0.0,19636.98
T101931,2024-02-10,P0027,C00147,North,2.0,9818.49,0.05,18655.13
T108812,21/10/2025,P0027,C00141,South,3.0,9818.49,0.0,"₹29,455.47"
T101150,23-Jun-2024,P0038,C00212,South,1.0,5836.46,0.0,5836.46
T102838,2025-06-23,P0002,C00135,North,2.0,13910.88,0.0,27821.76
T105949,2023-05-21,P0020,C00123,North,5.0,4508.3,0.0,22541.5
T108308,26-Mar-2025,P0031,C00150,East,2.0,1566.84,0.2,2506.94
T105177,06/27/2025,P0018,C00040,North,6.0,6437.51,0.0,38625.06
T100830,29-Jun-2025,P0005,C00176,East,7.0,8621.09,0.0,60347.63
T108311,26/10/2025,P0025,C00049,East,8.0,9148.51,0.0,73188.08
T104752,11/26/2025,P0038,C00213,south,5.0,5836.46,0.0,29182.3
T108863,2025-06-13,P0009,C00194,East,4.0,11247.7,0.0,44990.8
T100635,02/25/2025,P0005,C00233,West,5.0,8621.09,0.0,43105.45
T104465,01/16/2024,P0027,C00065, East,3.0,9818.49,0.0,29455.47
T106799,06/09/2025,P0017,C00011,East,4.0,382.2,0.1,1375.92
T107987,2025-04-13,P0009,C00028,Central,2.0,11247.7,0.05,21370.63
T107079,13-Mar-2023,p0011 ,C00105,West,2.0,8863.25,0.0,17726.5
T106966,2025-11-01,P0024,C00227,Central,3.0,11884.11,0.05,33869.71
T104142,12/08/2023,P0040,C00219,West,9.0,12756.37,0.0,114807.33
T107027,04-Apr-2024,P0039,C00229,East,1.0,14579.92,0.1,13121.93
T100876,2023-04-14,P0001,C00148,North,2.0,6017.98,0.0,12035.96
T104869,20/04/2024,P0011,C00007,Central,5.0,8863.25,0.0,44316.25
T105315,2024-08-26,P0007,C00132,Central,4.0,14423.4,0.1,51924.24
T105222,10/18/2024,P0006,C00124,West,4.0,7884.39,0.0,31537.56
T100004,2024-03-31,P0009,C00126,West,6.0,11247.7,0.0,67486.2
T103051,10/01/2023,P0039,C00172,Central,5.0,14579.92,,61964.66
T105691,17-Mar-2023,P0029,C00149,North,2.0,12773.07,0.0,25546.14
T103124,08/20/2023,P0027,C00232,West,1.0,9818.49,0.1,8836.64
T102491,11/01/2024,P0031,C00018,Central,2.0,1566.84,0.15,2663.63
T103854,03/30/2025,P0035,C00178,west,6.0,8930.77,0.05,50905.39
T104777,01-Sep-2023,P0013,C00101,East,4.0,9164.46,0.0,36657.84
T107509,2023-08-21,P0009,C00180,Central,2.0,11247.7,0.0,22495.4
T106457,2024-06-23,P0036,C00058,East,3.0,4229.62,0.05,12054.42
T106293,16/11/2023,P0024,C00203,West,9.0,11884.11,0.2,85565.59
T101148,2025-09-06,P0012,C00188,North,2.0,14484.04,0.0,28968.08
T100574,16/04/2025,P0016,C00189,North,4.0,2604.21,0.0,10416.84
T103769,03/02/2024,P0025,C00009,Central,4.0,9148.51,0.0,36594.04
T104146,2023-12-15,P0009,C00128,South,6.0,11247.7,0.0,67486.2
T100853,04-Nov-2024,P0002,C00169,Central,8.0,13910.88,0.0,111287.04
T105919,27-Jul-2023,P0021,C00148,,1.0,359.09,0.1,323.18
T106614,10-Sep-2024,P0035,C00009,Central,3.0,8930.77,0.0,26792.31
T106002,2023-11-12,P0017,C00021,Central,4.0,382.2,0.0,1528.8
T104495,17/06/2024,P0014,C00179,North,1.0,500.0,0.2,400.0
T108173,21/10/2023,P0032,C00179,North,4.0,5656.65,0.15,19232.61
T106655,12/10/2025,P0039,C00067,,9.0,14579.92,0.0,131219.28
T102368,04/03/2024,P0009,C00127,SOUTH ,5.0,11247.7,0.0,56238.5
T104780,03/28/2025,P0008,C00149,,4.0,,0.0,1996.0
T107992,07-Jul-2024,P0040,C00166,Central,2.0,12756.37,0.0,25512.74
T102950,2024-07-16,P0029,C00045,West,1.0,12773.07,0.0,12773.07
T105625,14/10/2024,P0011,C00010,South,3.0,8863.25,0.0,26589.75
T106971,2025-01-20,P0036,C00084,North,2.0,4229.62,0.0,8459.24
T108716,12/30/2025,P0029,C00160,South,5.0,12773.07,0.0,63865.35
T101841,10-Jun-2023,P0010,C00055,South,8.0,8164.43,0.15,55518.12
T105986,12/23/2023,P0033,C00164,North,3.0,10082.29,0.0,30246.87
T100537,11/05/2025,P0028,C00211,West,7.0,13737.15,0.0,96160.05
T102806,25/01/2025,P0004,C00069,Central,3.0,4999.13,0.0,14997.39
T105801,04/02/2023,P0002,C00030,North,8.0,13910.88,0.0,111287.04
T105596,13/07/2024,P0006,C00096,Central,3.0,7884.39,0.0,23653.17
T107206,10-Dec-2025,P0011,C00044,South,1.0,8863.25,0.0,8863.25
T107343,10/27/2025,P0036,C00142,Central,8.0,4229.62,0.0,33836.96
T107560,10/29/2023,P0033,C00018,Central,4.0,10082.29,0.0,40329.16
T108096,10/28/2024,P0031,C00028,Central,6.0,1566.84,0.0,9401.04
T100784,09/12/2025,P0029,C00026,North,7.0,12773.07,0.0,89411.49
T101409,20-Oct-2024,P0001,C00076,Central,3.0,6017.98,0.0,18053.94
T100154,29/01/2023,p0028 ,C00048,South,1.0,13737.15,0.1,12363.44
T107806,09/09/2023,P0009,C00114,South,1.0,11247.7,0.1,10122.93
T103009,2025-07-25,P0020,C00143,South,6.0,4508.3,0.05,"₹25,697.31"
T101686,14/07/2023,P0002,C00223,Central,2.0,13910.88,0.0,27821.76
T104014,17/01/2023,P0025,C00099,North,3.0,9148.51,0.0,27445.53
T107455,2025-10-21,P0014,C00086,West,6.0,500.0,0.1,2700.0
T103863,02/16/2025,P0020,C00061,West,3.0,,0.05,12848.66
T102733,30/07/2025,P0013,C00197,South,6.0,9164.46,0.0,54986.76
T101895,2023-03-09,P0033,C00010,South,3.0,10082.29,0.0,30246.87
T105442,20/09/2025,P0036,C00233,West,1.0,4229.62,0.0,4229.62
T100569,2023-12-04,P0019,C00070,West,3.0,6013.99,0.0,18041.97
T106709,10/31/2024,P0015,C00217,North,6.0,4549.66,0.0,27297.96
T105854,07/22/2025,P0027,C00133,East,2.0,9818.49,0.0,19636.98
T101816,2024-01-06,P0009,C00202,,2.0,11247.7,0.1,20245.86
T108319,30-Oct-2023,P0017,C00211,West,5.0,382.2,0.0,1911.0
T103394,06/05/2023,P0027,C00127,SOUTH ,5.0,9818.49,0.05,46637.83
T103327,2023-03-06,P0023,C00142,Central,5.0,10713.43,0.0,53567.15
T107350,2024-01-17,P0040,C00199,Central,1.0,12756.37,0.0,12756.37
T106102,23/01/2023,P0032,C00162,north,1.0,5656.65,0.0,"₹5,656.65"
T102975,24/08/2023,P0018,C00188,North,4.0,6437.51,0.0,25750.04
T100980,22-Jun-2025,P0001,C00062,South,6.0,6017.98,0.0,36107.88
T100190,16/07/2024,P0005,C00122,West,3.0,8621.09,0.0,25863.27
T105088,2023-05-13,P0034,C00056,South,4.0,10038.95,0.0,40155.8
T100699,13-Dec-2023,P0037,C00014,Central,3.0,8484.46,0.2,20362.7
T108897,2024-09-05,P0029,C00045,West,2.0,12773.07,0.0,25546.14
T100606,29-Jul-2023,P0014,C00126,West,7.0,500.0,0.0,3500.0
T100301,09-Aug-2024,P0031,C00069,Central,4.0,1566.84,0.15,5327.26
T103420,02/10/2023,P0019,C00189,North,5.0,6013.99,0.1,27062.96
T108939,2025-06-11,P0019,C00116,Central,2.0,6013.99,0.0,12027.98
T101060,22/05/2025,P0009,C00152,North,3.0,11247.7,,33743.1
T103444,10-May-2024,P0039,C00042,Central,6.0,14579.92,0.15,74357.59
T101069,2023-11-25,P0020,C00126,west,3.0,4508.3,0.0,13524.9
T102205,05/17/2023,P0034,C00115,East,4.0,10038.95,0.2,32124.64
T107339,04/07/2025,P0019,C00051,East,8.0,6013.99,0.0,48111.92
T108208,06/08/2023,P0035,C00199,Central,3.0,8930.77,0.0,26792.31
T107679,15-Feb-2023,P0032,C00059,North,1.0,5656.65,0.0,5656.65
T104642,2024-11-17,P0019,C00008,South,7.0,6013.99,0.05,39993.03
T107683,01/02/2025,P0039,C00083,South,3.0,14579.92,0.05,41552.77
T107996,18/09/2023,P0016,C00025,South,2.0,2604.21,0.0,5208.42
T105600,22/05/2024,P0028,C00208,Central,4.0,13737.15,0.0,54948.6
T107022,11-Sep-2024,P0022,C00107,East,5.0,3102.81,0.0,15514.05
T104893,26-Mar-2025,P0011,C00152,North,3.0,8863.25,0.0,26589.75
T100225,07/24/2025,P0003,C00210,North,1.0,10949.99,0.1,9854.99
T103354,07/30/2023,P0021,C00090,SOUTH ,2.0,359.09,0.05,682.27
T105895,05/06/2025,P0010,C00092,SOUTH ,4.0,8164.43,0.0,32657.72
T108754,04/14/2023,P0030,C00002,West,3.0,6824.34,0.0,20473.02
T103436,08/11/2025,P0033,C00225,SOUTH ,6.0,10082.29,0.1,54444.37
T101693,2025-01-27,P0033,C00074,East,6.0,10082.29,0.05,57469.05
T106893,03/11/2023,P0015,C00142,Central,3.0,4549.66,0.05,12966.53
T101045,23-Jan-2023,P0012,C00073,South,4.0,14484.04,0.0,57936.16
T103446,2024-07-10,P0020,C00218,,5.0,4508.3,0.0,22541.5
T108050,2024-05-15,P0035,C00166,Central,3.0,8930.77,0.2,21433.85
T103474,2024-10-04,P0004,C00062,South,7.0,4999.13,0.0,34993.91
T104735,25/08/2023,P0020,C00128,South,5.0,4508.3,0.0,22541.5
T104496,01-Sep-2025,P0026,C00111,North,3.0,13905.57,0.0,41716.71
T101218,2024-06-03,P0033,C00125,North,3.0,10082.29,0.0,30246.87
T106015,2024-02-21,P0026,C00158,East,2.0,13905.57,,"₹27,811.14"
T103987,2023-06-16,P0028,C00053,West,3.0,13737.15,0.0,41211.45
T104911,16-Dec-2024,P0035,C00189,North,8.0,8930.77,0.05,67873.85
T104493,2025-08-22,P0035,C00105,West,1.0,8930.77,0.0,8930.77
T106944,10-Jan-2023,P0028,C00006,east,1.0,13737.15,0.0,13737.15
T105699,01/02/2025,P0021,C00129,,5.0,359.09,0.0,1795.45
T108352,11/25/2023,P0012,C00018,Central,1.0,14484.04,0.0,"₹14,484.04"
T100956,07/20/2023,P0033,C00102,Central,5.0,10082.29,0.0,50411.45
T102869,2024-12-27,P0016,C00161,West,10.0,2604.21,0.0,26042.1
T104433,10/05/2023,P0036,C00078,West,2.0,4229.62,0.0,8459.24
T104973,09/07/2025,P0001,C00027,,3.0,6017.98,0.1,16248.55
T102961,11/26/2025,P0030,C00223,Central,7.0,6824.34,0.0,47770.38
T102200,25/08/2025,P0010,C00135,North,4.0,8164.43,0.0,32657.72
T100098,2025-03-30,P0008,C00110,East,6.0,499.0,0.0,2994.0
T108982,2024-04-09,P0025,C00152,,4.0,9148.51,0.0,36594.04
T102557,10/15/2023,P0020,C00092,SOUTH ,7.0,4508.3,0.0,31558.1
T108445,19/03/2025,P0008,C00248,North,2.0,499.0,0.1,898.2
T104199,2023-08-06,P0002,C00110,East,7.0,13910.88,0.0,97376.16
T105539,29-Dec-2024,P0006,C00245,Central,5.0,7884.39,0.0,39421.95
T101648,26-Dec-2024,P0026,C00111,North,3.0,13905.57,0.0,41716.71
T106197,05/07/2024,P0007,C00231,north,3.0,14423.4,0.0,43270.2
T106295,04/19/2024,P0009,C00135,North,4.0,11247.7,0.0,44990.8
T104499,01/03/2025,P0003,C00106,West,3.0,10949.99,0.0,32849.97
T101154,2023-01-26,P0008,C00026,North,4.0,499.0,0.0,"₹1,996.00"
T102255,2024-04-15,P0018,C00166,Central,5.0,6437.51,0.0,32187.55
T103170,2024-01-07,P0001,C00140,West,1.0,6017.98,0.0,6017.98
T107400,22/01/2024,P0001,C00219,West,1.0,6017.98,0.0,6017.98
T107158,2024-10-13,P0023,C00213,South,3.0,10713.43,0.0,32140.29
T103108,2025-06-12,P0028,C00238,West,4.0,13737.15,0.0,54948.6
T104548,2025-04-14,P0004,C00097,,7.0,4999.13,0.0,34993.91
T105423,01/12/2025,P0004,C00048,South,7.0,4999.13,0.0,34993.91
T102049,10/21/2024,P0023,C00056,South,9.0,10713.43,0.0,96420.87
T108815,20-May-2025,p0006 ,C00108,West,4.0,7884.39,0.05,29960.68
T108932,18-Apr-2023,P0015,C00144,West  ,4.0,4549.66,0.15,15468.84
T100262,2023-03-29,P0007,C00215,East,6.0,14423.4,0.0,86540.4
T104061,29-Jun-2023,P0023,C00053,West,6.0,10713.43,0.1,57852.52
T105534,08-Jun-2023,P0027,C00152,North,5.0,9818.49,0.0,49092.45
T106616,04/11/2023,P0011,C00091,Central,7.0,8863.25,0.0,62042.75
T108120,2023-04-30,P0010,C00247,North,4.0,8164.43,0.1,29391.95
T108155,22/11/2023,P0035,C00144,West,6.0,8930.77,0.0,53584.62
T101802,11-Jun-2024,P0033,C00245,Central,2.0,10082.29,0.0,20164.58
T104736,15-Nov-2025,P0008,C00100,East,9.0,499.0,0.0,"₹4,491.00"
T102385,03/08/2025,P0017,C00249,West,3.0,382.2,0.0,1146.6
T106694,12-Sep-2023,P0023,C00166,Central,3.0,10713.43,0.0,32140.29
T105759,12/12/2023,P0021,C00184,East,3.0,359.09,0.0,1077.27
T101959,01-Oct-2024,P0039,C00050,East,7.0,,0.0,102059.44
T102976,08/02/2023,P0036,C00203,West,8.0,4229.62,0.0,33836.96
T108680,22/12/2024,P0013,C00219,West,10.0,9164.46,0.2,73315.68
T101843,07-Feb-2025,P0034,C00230,East,3.0,10038.95,0.0,30116.85
T101734,30/07/2025,P0029,C00166,Central,2.0,12773.07,0.0,25546.14
T102911,08/22/2025,P0034,C00091,Central,9.0,10038.95,0.0,90350.55
T108338,04-Jun-2024,P0001,C00151,East,1.0,6017.98,0.05,"₹5,717.08"
T101986,03/20/2025,P0020,C00120,West,3.0,4508.3,0.15,11496.16
T106546,01/07/2025,P0011,C00026,North,2.0,8863.25,0.0,17726.5
T107098,2024-09-10,P0019,C00129,Central,5.0,6013.99,0.0,30069.95
T102811,20/11/2025,P0028,C00077,South,5.0,13737.15,0.0,68685.75
T100659,21-Apr-2024,P0035,C00235,East,5.0,8930.77,0.0,44653.85
T102511,06/14/2023,P0001,C00071, East,2.0,6017.98,0.0,12035.96
T104282,19-Sep-2024,P0022,C00112,South,2.0,3102.81,0.0,6205.62
T108800,2023-04-18,P0033,C00116,Central,2.0,10082.29,0.05,19156.35
T106287,12/08/2023,P0023,C00062,South,3.0,10713.43,0.0,32140.29
T101930,09/07/2024,P0025,C00035,Central,7.0,9148.51,0.0,64039.57
T107125,13/11/2025,P0016,C00169,Central,11.0,2604.21,0.0,28646.31
T100197,03/01/2024,P0016,C00031,,3.0,2604.21,0.0,7812.63
T107777,09-Apr-2025,P0031,C00108,West,3.0,1566.84,0.1,4230.47
T102931,28/05/2023,P0005,C00192,Central,2.0,8621.09,0.0,17242.18
T108004,16-May-2025,P0022,C00188,North,4.0,3102.81,0.0,12411.24
T102327,08/09/2025,P0003,C00182,North,1.0,10949.99,0.0,10949.99
T104389,2023-04-12,P0026,C00181,South,1.0,13905.57,0.0,13905.57
T104218,12/24/2023,P0007,C00030,North,7.0,14423.4,0.1,90867.42
T100202,07/04/2024,P0001,C00151,East,2.0,6017.98,0.0,12035.96
T103510,17-Jan-2025,P0009,C00085,Central,2.0,11247.7,0.0,22495.4
T104931,23-Feb-2025,P0013,C00013,Central,4.0,9164.46,0.1,32992.06
T105535,11-Nov-2024,P0011,C00181,South,3.0,8863.25,0.0,26589.75
T105791,22-Sep-2024,P0020,C00154,West,5.0,,0.0,22541.5
T101707,01/11/2023,P0024,C00216,South,8.0,11884.11,0.0,95072.88
T105172,14-Oct-2024,P0039,C00215,East,4.0,14579.92,0.0,58319.68
T105249,30/12/2024,P0003,C00137,South,6.0,10949.99,,65699.94
T106528,15/01/2025,P0020,C00112,South,1.0,4508.3,0.0,4508.3
T108981,03-Oct-2023,P0010,C00154,West,9.0,8164.43,0.0,73479.87
T105855,26-Aug-2024,P0012,C00180,Central,3.0,14484.04,0.0,43452.12
T108164,2024-08-06,P0006,C00181,South,,7884.39,0.0,47306.34
T100854,31-Dec-2023,P0030,C00171,East,12.0,6824.34,0.15,69608.27
T104737,20-May-2024,P0032,C00237,Central,2.0,5656.65,0.0,11313.3
T100698,2023-07-13,P0032,C00036,North,8.0,5656.65,0.0,45253.2
T103696,2025-09-08,P0022,C00041,East,1.0,3102.81,0.0,3102.81
T101636,28-Nov-2025,P0029,C00104,South,7.0,12773.07,0.0,89411.49
T107280,03-Sep-2025,P0020,C00163,,3.0,4508.3,0.2,10819.92
T107554,2025-11-02,P0006,C00219,West,11.0,7884.39,0.1,78055.46
T103581,03-Oct-2024,P0036,C00115,,3.0,4229.62,0.1,11419.97
T101291,2025-05-23,P0017,C00244,South,4.0,382.2,0.0,1528.8
T106585,01/01/2025,P0026,C00122,West,2.0,13905.57,0.0,27811.14
T101853,02/25/2023,P0015,C00183,South,6.0,4549.66,0.0,27297.96
T105232,27/09/2023,P0015,C00139,South,3.0,4549.66,0.0,13648.98
T103763,12/03/2023,P0036,C00004,East,3.0,4229.62,0.05,12054.42
T103304,04/22/2023,P0014,C00114,South,6.0,500.0,0.0,3000.0
T101495,17/08/2024,P0032,C00110,East,2.0,5656.65,0.0,11313.3
T107994,2025-12-27,P0024,C00245,Central,13.0,11884.11,0.0,154493.43
T101998,17-Jul-2024,P0029,C00161,West,7.0,12773.07,0.0,89411.49
T100663,2023-09-25,P0037,C00102,Central,4.0,8484.46,0.0,33937.84
T103748,25-Jan-2025,P0009,C00209,East,4.0,11247.7,0.0,44990.8
T104413,18-Nov-2025,P0029,C00221,West  ,11.0,12773.07,0.0,140503.77
T105530,2024-04-21,P0025,C00133,East,5.0,9148.51,0.0,45742.55
T105575,12/12/2024,P0016,C00247,North,1.0,2604.21,0.0,2604.21
T108901,18/07/2025,P0006,C00238,West,,7884.39,0.0,"₹15,768.78"
T107526,2025-07-03,P0014,C00142,Central,4.0,500.0,0.15,1700.0
T105864,2024-06-21,P0039,C00078,West,1.0,14579.92,0.1,"₹13,121.93"
T106776,2023-05-05,P0031,C00166,Central,2.0,1566.84,0.05,2977.0
T101306,07/08/2023,P0033,C00125,North,5.0,10082.29,0.0,50411.45
T107392,09/16/2023,P0028,C00134,East,4.0,13737.15,0.1,49453.74
T105592,19-May-2025,P0018,C00082,,3.0,6437.51,0.0,19312.53
T101663,21-Dec-2024,P0007,C00078,West,8.0,14423.4,0.0,115387.2
T105450,12/16/2024,P0008,C00204,Central,5.0,499.0,0.0,2495.0
T103627,2025-03-11,P0018,C00232,West,6.0,6437.51,0.1,34762.55
T102693,01/05/2025,P0016,C00217,North,8.0,2604.21,0.2,16666.94
T105915,31-Dec-2023,P0008,C00046,South,3.0,499.0,0.2,1197.6
T103157,2023-10-10,P0007,C00064,North,1.0,14423.4,0.05,13702.23
T106668,2024-11-03,P0019,C00188,North,8.0,6013.99,0.0,48111.92
T101059,15-Aug-2023,P0008,C00036,north,4.0,499.0,0.0,1996.0
T104636,09/07/2025,P0029,C00186,North,2.0,12773.07,,25546.14
T103242,04-Aug-2023,P0008,C00066,West,2.0,499.0,0.0,998.0
T101678,27/01/2025,P0011,C00132,Central,7.0,8863.25,0.0,62042.75
T106892,2025-09-28,P0024,C00025,South,9.0,11884.11,0.05,101609.14
T106374,2023-04-05,P0019,C00090,SOUTH ,8.0,6013.99,0.0,48111.92
T107574,19/04/2024,P0032,C00036,North,1.0,5656.65,0.0,5656.65
T101757,01-Dec-2023,P0011,C00249,West,3.0,8863.25,0.05,25260.26
T106019,18-Aug-2023,P0013,C00208,Central,3.0,9164.46,0.0,27493.38
T105116,06-Apr-2025,P0010,C00242,East,3.0,8164.43,0.0,24493.29
T108755,03-Feb-2023,P0025,C00100,East,4.0,9148.51,0.0,36594.04
T107408,11/26/2023,P0010,C00143,South,4.0,8164.43,0.1,29391.95
T102790,03/11/2024,P0023,C00033,North,3.0,10713.43,0.15,27319.25
T100863,30-Sep-2025,P0039,C00049,East,13.0,14579.92,0.1,170585.06
T107858,22/04/2023,P0008,C00201,West,2.0,499.0,0.0,998.0
T101484,06/07/2025,P0039,C00097,West,4.0,14579.92,0.0,58319.68
T107035,05/04/2023,P0007,C00102,Central,5.0,14423.4,0.0,72117.0
T107721,06/27/2024,P0027,C00200,North,5.0,9818.49,0.0,49092.45
T105977,01-Mar-2023,P0033,C00216,South,2.0,10082.29,0.0,20164.58
T105134,2023-07-23,P0022,C00061,West,2.0,3102.81,0.0,6205.62
T100206,18-Jun-2023,P0003,C00107,East,1.0,10949.99,0.0,10949.99
T104488,11/06/2024,P0018,C00004,East,3.0,6437.51,0.0,19312.53
T106938,08/23/2023,P0011,C00040,North,3.0,8863.25,0.0,26589.75
T106910,08/04/2024,P0035,C00139,South,5.0,8930.77,0.0,44653.85
T100502,22-May-2024,P0017,C00009,Central,5.0,382.2,0.05,1815.45
T107385,09/03/2024,P0035,C00102,,5.0,8930.77,,"₹44,653.85"
T101028,03/03/2024,P0032,C00116,Central,1.0,5656.65,0.0,5656.65
T103840,29-Oct-2024,P0029,C00057,East,6.0,12773.07,0.0,76638.42
T108110,2024-04-23,P0013,C00231,north,3.0,9164.46,0.0,27493.38
T105056,06/11/2024,P0016,C00020,North,1.0,2604.21,0.2,2083.37
T108154,10-Mar-2023,P0005,C00139,South,6.0,8621.09,0.0,51726.54
T102731,03/02/2024,P0010,C00053,West,8.0,8164.43,0.15,55518.12
T108996,2024-02-11,P0004,C00077,South,3.0,4999.13,0.0,"₹14,997.39"
T102454,09/15/2023,P0015,C00208,Central,6.0,4549.66,0.0,27297.96
T107215,01/02/2023,P0011,C00036,North,3.0,8863.25,0.0,26589.75
T103104,2025-05-01,P0015,C00104,South,7.0,4549.66,0.0,"₹31,847.62"
T108392,02/01/2023,P0031,C00051,East,1.0,1566.84,0.0,1566.84
T106278,2025-09-12,P0030,C00158,East,8.0,6824.34,0.1,49135.25
T103099,20-May-2025,P0013,C00236,East,1.0,9164.46,0.0,9164.46
T106184,03/15/2023,P0034,C00023,West,3.0,10038.95,0.0,30116.85
T103561,03/11/2025,P0020,C00118,Central,13.0,4508.3,0.0,58607.9
T105892,12-Sep-2025,P0008,C00107,East,3.0,499.0,0.0,1497.0
T100391,2024-11-16,P0003,C00149,North,1.0,10949.99,0.05,10402.49
T106736,17/02/2025,P0005,C00035,Central,1.0,8621.09,0.0,8621.09
T105618,2024-12-17,P0029,C00188,North,3.0,12773.07,0.0,38319.21
T105258,2023-01-12,P0004,C00028,Central,4.0,4999.13,0.0,19996.52
T102695,01/29/2023,P0020,C00015,South,2.0,4508.3,0.0,9016.6
T102027,26-Aug-2023,P0030,C00102,Central,3.0,6824.34,0.0,20473.02
T105463,15-Apr-2023,P0006,C00043,,2.0,7884.39,0.0,15768.78
T102568,25/06/2025,P0023,C00135,North,3.0,10713.43,0.0,32140.29
T108006,01-Dec-2025,P0006,C00175,East,13.0,7884.39,,102497.07
T100064,08/05/2023,P0016,C00135,,4.0,2604.21,0.0,10416.84
T102062,12/11/2023,P0021,C00072,West,1.0,359.09,0.0,359.09
T105276,06/05/2025,P0025,C00112,South,7.0,9148.51,0.1,57635.61
T107208,08/11/2024,P0020,C00013,Central,2.0,4508.3,0.0,9016.6
T108684,08/03/2023,P0028,C00150,East,,13737.15,0.0,54948.6
T108571,2023-05-22,P0025,C00117,West,2.0,9148.51,0.0,18297.02
T106331,12/11/2023,P0014,C00012,East,7.0,500.0,0.2,2800.0
T104859,09/18/2023,P0010,C00058,East,4.0,8164.43,0.0,32657.72
T104887,01-Jan-2024,P0025,C00206,North,4.0,9148.51,0.0,36594.04
T100878,25-Feb-2025,P0014,C00235,East,1.0,500.0,0.05,475.0
T108529,2025-02-02,P0022,C00153,Central,3.0,3102.81,0.05,8843.01
T107916,05-Jan-2024,P0014,C00176,East,4.0,500.0,0.0,2000.0
T106863,06/16/2023,P0035,C00100,East,8.0,8930.77,0.05,67873.85
T107892,12/05/2025,P0025,C00019,Central,7.0,9148.51,0.0,64039.57
T106439,12/29/2025,P0023,C00218,Central,7.0,10713.43,0.0,74994.01
T107869,2025-06-27,P0038,C00212,South,4.0,5836.46,0.05,22178.55
T101016,2025-10-14,P0027,C00094,SOUTH ,12.0,9818.49,0.15,100148.6
T107629,2024-09-06,P0017,C00146,Central,7.0,382.2,0.0,2675.4
T100995,27-Jun-2024,P0016,C00034,East,11.0,2604.21,0.0,28646.31
T104297,2025-06-30,P0038,C00225,SOUTH ,7.0,5836.46,0.0,40855.22
T100161,12-Mar-2025,P0020,C00213,South,3.0,4508.3,0.0,13524.9
T105675,01/08/2024,P0009,C00150,East,5.0,11247.7,,56238.5
T106873,18/09/2025,P0019,C00160,South,8.0,6013.99,0.05,45706.32
T107989,07/26/2025,P0021,C00070,West,1.0,359.09,0.0,359.09
T103843,2025-07-05,P0038,C00167,East,3.0,5836.46,0.0,17509.38
T101021,11/21/2023,P0037,C00117,West,3.0,8484.46,0.0,25453.38
T103073,2023-03-08,P0026,C00038,West,5.0,13905.57,0.2,55622.28
T107555,25-Dec-2024,P0011,C00170,West,6.0,8863.25,0.0,53179.5
T103943,10/12/2023,P0007,C00100,East,2.0,14423.4,0.0,28846.8
T101585,2024-05-26,P0039,C00044,South,-2.0,14579.92,0.05,27701.85
T103152,2025-11-24,P0039,C00078,West,11.0,14579.92,0.0,160379.12
T108226,31-Jan-2025,P0036,C00063,North,5.0,4229.62,0.0,21148.1
T100775,2024-03-29,P0035,C00008,South,3.0,8930.77,0.0,26792.31
T107099,26-Mar-2025,P0005,C00072,West,4.0,8621.09,0.0,34484.36
T105486,2024-06-05,P0040,C00055,south,6.0,12756.37,0.05,72711.31
T106235,16-Jun-2025,P0013,C00052,East,7.0,9164.46,0.0,64151.22
T107041,2025-09-10,P0030,C00039,North,8.0,6824.34,0.0,54594.72
T102612,05-Jun-2024,P0027,C00176,East,5.0,9818.49,0.0,49092.45
T107513,25-Apr-2024,P0036,C00158,East,1.0,4229.62,0.15,3595.18
T108433,10/11/2024,P0016,C00249,West,3.0,2604.21,0.0,7812.63
T108792,08/04/2024,P0028,C00209,East,7.0,13737.15,0.2,76928.04
T105393,2025-10-27,P0034,C00117,West,6.0,10038.95,0.05,57222.02
T108838,2025-05-23,P0026,C00113,East,4.0,13905.57,0.0,55622.28
T103890,07/08/2023,P0039,C00100,East,4.0,14579.92,0.0,58319.68
T103556,26/02/2024,P0008,C00052,East,2.0,499.0,0.0,998.0
T101528,03/07/2025,P0029,C00062,South,2.0,12773.07,0.0,25546.14
T101267,11/11/2023,P0010,C00122,West,1.0,8164.43,0.0,8164.43
T107734,20-May-2023,P0035,C00069,Central,4.0,8930.77,0.0,35723.08
T101899,15-Mar-2023,P0027,C00217,North,6.0,9818.49,0.0,58910.94
T104658,13/09/2023,P0022,C00163,,3.0,3102.81,0.0,9308.43
T103005,09-Dec-2023,P0036,C00190,North,6.0,4229.62,0.0,25377.72
T102734,11-Jan-2025,P0021,C00139,,4.0,359.09,0.2,1149.09
T100189,23-Jun-2024,P0005,C00233,West,6.0,8621.09,0.1,46553.89
T102747,28/04/2023,P0002,C00019,Central,-3.0,13910.88,0.0,41732.64
T102047,28-Jan-2024,P0031,C00140,West,2.0,1566.84,0.15,2663.63
T107849,12/27/2025,P0021,C00223,Central,5.0,359.09,0.0,1795.45
T102558,06-Jul-2023,P0012,C00150,East,3.0,14484.04,0.0,43452.12
T108666,16-Oct-2025,P0003,C00137,South,6.0,10949.99,0.0,65699.94
T106396,02/07/2025,P0016,C00170,West,3.0,2604.21,0.1,7031.37
T103385,08-Sep-2024,P0035,C00209,East,7.0,8930.77,,62515.39
T104555,22/12/2024,P0026,C00180,Central,8.0,13905.57,0.0,111244.56
T101184,07/29/2023,P0010,C00235,East,5.0,8164.43,0.2,32657.72
T106420,25/04/2024,P0013,C00112,South,4.0,9164.46,0.1,32992.06
T105051,21/01/2025,P0008,C00147,North,6.0,499.0,0.0,2994.0
T105311,2023-07-17,P0032,C00189,North,9.0,5656.65,0.0,50909.85
T102433,06/02/2025,P0021,C00195,East,,359.09,0.2,2585.45
T106949,12/12/2024,P0025,C00045,West,8.0,9148.51,0.0,73188.08
T100769,25/03/2024,P0021,C00067,,2.0,359.09,,₹718.18
T101685,19/01/2023,P0001,C00248,North,2.0,6017.98,0.0,12035.96
T108322,23/01/2025,P0034,C00002,West,7.0,10038.95,0.2,56218.12
T105578,03-May-2025,P0025,C00032,North,4.0,9148.51,0.0,36594.04
T104426,11/07/2023,P0035,C00051,East,3.0,8930.77,,26792.31
T100466,17/08/2025,P0017,C00026,North,2.0,382.2,0.0,764.4
T106265,15/03/2024,P0031,C00222,Central,5.0,1566.84,0.0,7834.2
T105734,03/09/2024,P0031,C00191,South,2.0,1566.84,0.0,3133.68
T105191,09/10/2025,P0010,C00030,North,2.0,8164.43,0.0,16328.86
T105390,2025-12-07,P0008,C00014,Central,3.0,499.0,0.0,1497.0
T100860,07/12/2023,P0034,C00248,North,6.0,10038.95,0.2,48186.96
T107270,04/11/2025,P0007,C00105,West,11.0,14423.4,0.2,126925.92
